day,y,hxb,hpbh,hxa,hpah
2016-01-01,0.37748295097002055,0.29561016210262997,0.002989113302018453,0.3438882028076287,0.0008546517172688578
2016-01-04,0.4034355237698458,0.4145710940454946,0.0004969895642735945,0.41113198213556557,0.0003629631734721788
2016-01-06,0.3665336504473228,0.41556876483819477,0.0007161208113232345,0.3990811629445811,0.0004439149443368675
2016-01-11,0.4124213011239852,0.418806292100318,0.0005380095551580374,0.4169598735025328,0.00041192312744157966
2016-01-13,0.40450506044519924,0.38892063653812625,0.0004913454309916329,0.3904639031281748,0.00043746008535424627
2016-01-18,0.3269880107839332,0.3926585686705575,0.000763381855365875,0.3697825425286677,0.00039767171926236386
2016-01-23,0.3692279419139798,0.3647634842898793,0.0007334159944140705,0.3666432673854672,0.0005026713873723959
2016-01-25,0.39116923078177546,0.35191025554780453,0.0009861673249820042,0.36531112945456357,0.0006353072917280329
2016-01-28,0.3708604365084767,0.35364984023086504,0.0008094466324337687,0.3589089215044652,0.0004761261998836468
2016-01-30,0.35078354166093895,0.35112309590187046,0.0007723927865381976,0.353043027456295,0.0004968924387948512
2016-02-04,0.3676187874134533,0.36420180983462624,0.0007177859978562209,0.36376699751149794,0.0005822545848991862
2016-02-06,0.37141523168955426,0.36002917145151436,0.0008431999589343854,0.3633957752430222,0.0006042661205370984
2016-02-09,0.4003899282071035,0.4220789245794252,0.0004861410939851384,0.41810613268912017,0.00038473784949049223
2016-02-11,0.3585729916106564,0.4012031320450867,0.0005730282821792564,0.39029373153408214,0.0004698423357116424
2016-02-18,0.4007814610053992,0.39354148142457346,0.0007602509328603963,0.394888423732694,0.00046743432660334563
2016-02-23,0.3955028351117356,0.3813409877426619,0.0007798046516484065,0.3879855749076362,0.0004664736966658692
2016-02-28,0.3233705735055692,0.402935324495975,0.0007209931481474217,0.37575179579634216,0.00044991652924258413
2016-03-01,0.3828365465510943,0.35789506904250684,0.0006266576905178519,0.36406114912494153,0.00045281144193779984
2016-03-04,0.4153398268601062,0.4129613076921519,0.0006203414366039743,0.41528424425259053,0.0005017414809152817
2016-03-06,0.3708697790007444,0.39545709532505646,0.0005093956070115729,0.3899191453802453,0.0004019866256481198
2016-03-11,0.2759493167801702,0.3687089895697951,0.000744379705486982,0.3396754508940373,0.0004953824529202525
2016-03-13,0.3940453703251969,0.3407711403047488,0.0007887322686704273,0.357824048545459,0.0005462973454342333
2016-03-16,0.3152500254035483,0.3571343285374061,0.0007938775001860795,0.34389553384927746,0.0005105829886956857
2016-03-18,0.34639745517383075,0.3449494935623202,0.0009407456811858372,0.34470843723946926,0.0006200665727877794
2016-03-23,0.2781486392202317,0.34609178605298974,0.0006819701472086091,0.3265065504069557,0.0005294889600177309
2016-03-25,0.32272138029484687,0.3373979627308987,0.0011687673403195037,0.3318486662080581,0.0007300655228528492
2016-03-28,0.2971412579072595,0.34155311660949833,0.0008997813602217985,0.3277402277643634,0.0006044557793311326
2016-03-30,0.4031244588547624,0.34073618610259326,0.000984958935953256,0.3626425311013019,0.0005739324152508495
2016-04-04,0.3995703422883908,0.36110452649377073,0.0007765844351131646,0.3723314861019436,0.000533880755162326
2016-04-06,0.3703585958949736,0.3553090824815769,0.0006258536933736778,0.35833617346909585,0.0004916851228924392
2016-04-09,0.3246271410625474,0.3620108745267008,0.0009428631296175146,0.34965962201394246,0.0005689602054838343
2016-04-11,0.2793356285797448,0.38115324175683407,0.000890647472498272,0.34802193101595896,0.0005583911801149548
2016-04-16,0.37948192781924284,0.3781508485516595,0.0007600037029223558,0.37919484635102935,0.0005393768096482853
2016-04-18,0.3434927194477715,0.35886487966362357,0.000699945929195809,0.3543836002264702,0.0003747877293736823
2016-04-21,0.4101534498799576,0.3705128939824009,0.0013063858781866729,0.3873630483920366,0.0008059144678014805
2016-04-23,0.3216675349527333,0.376290313003428,0.000824916268413131,0.35728763183961026,0.000560291512528339
2016-04-28,0.27625477550933575,0.31945772400842176,0.0014695825276183829,0.298426464070314,0.0007348949905000598
2016-04-30,0.2795109527996886,0.3468396098026175,0.0011967987806910181,0.31752561525220985,0.0007240095745382558
2016-05-03,0.26301596208872424,0.2858890540366884,0.0014198774381763589,0.2771391540934199,0.0007346475737788345
2016-05-05,0.2580152047879991,0.2516850514123124,0.0013366816333545539,0.2544246599397239,0.0008208544235860333
2016-05-10,0.2802295126881506,0.2956844710712473,0.0019119151234234487,0.28893034700500403,0.0008632489746875644
2016-05-12,0.2998084014661987,0.32766962563417207,0.0011514718795014715,0.31861372802333265,0.0006980536388950339
2016-05-15,0.22545449231018844,0.3457958970829309,0.0008721092495024367,0.29977181692577226,0.0005147018570171533
2016-05-17,0.30272666508098917,0.273159599724054,0.001118395764921233,0.2848660561360517,0.000590177908117631
2016-05-22,0.3378933196862438,0.3154002782234376,0.0029097130147559434,0.328693557775438,0.0008984160929483879
2016-05-24,0.3026637454968839,0.2918541958935165,0.001423672905563253,0.2946987709104565,0.0007325173161050178
2016-05-27,0.3937051460817578,0.2925412286971045,0.0011909004623627862,0.3354189913644603,0.0007681669863416902
2016-05-29,0.267100767068021,0.3909554051702302,0.0005747279206052832,0.35778348434300744,0.00040980738667112664
2016-06-03,0.2953959267631069,0.3158866164654114,0.0008250159671509463,0.31032490884339536,0.0005300442665025755
2016-06-05,0.1427205961721192,0.2796283168344022,0.0012830149859140302,0.21968690566820595,0.0006365357013423367
2016-06-08,0.32199539776989317,0.19987791623054652,0.0011552959749329067,0.25176940399693876,0.0007263320762680686
2016-06-10,0.3590499345989603,0.2497299790574575,0.0016818237339532647,0.30521065951411297,0.0008350115807971028
2016-06-27,0.1690756403194025,0.21508092508230692,0.0021435416678847814,0.19154767283152666,0.0009120481919431517
2016-06-29,0.2184556067484146,0.18071931600224697,0.0010018393751174638,0.193188208565103,0.0006557093806173365
2016-07-02,0.19240495999648238,0.18936638428279085,0.0010967288256644068,0.18903056354122047,0.0007289770643913864
2016-07-04,0.2206326296370975,0.2043282118457389,0.0009293609270630186,0.21128434286765058,0.0006090298158497051
2016-07-09,0.18071756834960642,0.1932446586037418,0.00126938795153411,0.1848705418460095,0.0006244868574246333
2016-07-11,0.12301832912306691,0.18512965300578416,0.0008271194873337968,0.16761209565920535,0.000527996657536482
2016-07-14,0.14400870973827787,0.195925624177832,0.0014777706980449118,0.17033728423294328,0.0007270308284708765
2016-07-16,0.28414756438932093,0.16122560155557206,0.0008050268916988373,0.2018260678110728,0.0005430036511152861
2016-07-21,0.2597995386034676,0.1689660652055009,0.0012978386390060305,0.21199953322196588,0.0007508977042728172
2016-07-23,0.28329404441528994,0.28038296680199887,0.0023491909871206753,0.2800877769477512,0.0010338678595093484
2016-07-26,0.27250073773272654,0.21214753014745985,0.0014823341709517288,0.23708703048555915,0.0006871405492624064
2016-07-28,0.23812523300794933,0.20621264220210345,0.0010172022157799233,0.2164708718935262,0.0006033223374687555
2016-08-02,0.1697563826737607,0.17319639175265877,0.0010115145248077095,0.1729957039834887,0.0005478550486765889
2016-08-04,0.26930362016289977,0.18739811125360376,0.0010580054334959322,0.21851963437193075,0.0006669366111658003
2016-08-07,0.28776745365887574,0.1849327280613202,0.0010124038913819774,0.22361151719051406,0.0006779742005238494
2016-08-09,0.21429531355973327,0.20695740330112156,0.0012077665540942669,0.20869736748359788,0.0006675283080253309
2016-08-14,0.20835577662077281,0.16789780674150595,0.000958061817830538,0.18237013525476314,0.0005301255070579556
2016-08-16,0.14501156521976336,0.17218749149301132,0.0008332040040422233,0.16292108685481885,0.000604935608267397
2016-08-19,0.3439547711704802,0.17335466864163984,0.0010646459298156905,0.23918904881343395,0.0006000065729667864
2016-08-21,0.16548980062692825,0.26589211712885513,0.0014095731388636965,0.2175280756783754,0.0007036766946369249
2016-08-26,0.16856790493596485,0.17069233449714186,0.0007675004642604324,0.16773706820153464,0.0004015669502157415
2016-08-28,0.1313191944755459,0.1684996837789925,0.0008681700104441302,0.153818754773479,0.0005305660819358871
2016-08-31,0.12435673407483884,0.1587632120074631,0.0008792403662144845,0.1475502712628068,0.0005475942923312383
2016-09-02,0.1855459819671345,0.14660557996606546,0.0006514180363317757,0.15747688125969372,0.0004349609458707414
2016-09-07,0.13136684178927907,0.15379153998110354,0.0008790077994404772,0.1472433335124834,0.0005864391098570968
2016-09-09,0.26559539187991155,0.2096647722063177,0.002057084101967593,0.2388519221976443,0.0007865275695963249
2016-09-12,0.1519259193078286,0.1987535541985358,0.0016630999319368275,0.17595106347582806,0.0008478375292168428
2016-09-14,0.39250650482664934,0.3550590058432026,0.002579176031309441,0.38375471497141506,0.0009874756706692589
2016-09-19,0.14038953073212776,0.2934978747293747,0.0012827481777429603,0.22643543076432554,0.0005929904586698342
2016-09-21,0.14659770510916736,0.20338573949899985,0.0011983874268129391,0.18259886585120785,0.0006514601909529791
2016-09-24,0.20087790999275326,0.16928815941244843,0.0012039124412774429,0.18507243710422913,0.0006297002667937269
2016-09-25,0.14556752636993706,0.20133992325237088,0.0009599708089210635,0.18097423728369905,0.0005463674858809287
2016-09-26,0.14699559877531404,0.17574279233263201,0.000778441703333655,0.16563531196355516,0.00042444902443127436
2016-09-27,0.1730592276022646,0.1598373165621812,0.0007357410442733924,0.16204056218431892,0.000507193405712758
2016-09-30,0.28898154375339835,0.1536234329178317,0.0006727179071686494,0.1915890308600135,0.0004357125978709545
2016-10-01,0.22245904764522456,0.2207637021500989,0.0007545876813551797,0.22062928495056092,0.0005936167230629221
2016-10-02,0.185060058858023,0.22258292800533425,0.0010646200669387673,0.2068934805136704,0.0006354249372352525
2016-10-03,0.1661394169372878,0.1977868139745436,0.0010128066437921407,0.18490158233581863,0.0006957825342636393
2016-10-06,0.18649672320878546,0.19377475234300032,0.0012177981178311571,0.18887006614736415,0.0007084186378799675
2016-10-07,0.20725007130614662,0.18155444445064386,0.0009340775167363661,0.1900096359561408,0.0006718714930113877
2016-10-08,0.23987000426213428,0.18542455348050257,0.0010274488479052452,0.20977130815978373,0.0006710182064514635
2016-10-09,0.15075334460851705,0.19951262809648093,0.0008326648174357997,0.18316802020224177,0.0006191591872688763
2016-10-13,0.3249514099582822,0.29190047573083516,0.00323301561178829,0.3137532634498759,0.0011621624768118715
2016-10-14,0.3062451579104873,0.35264618115842716,0.001093322021333082,0.33834971966921534,0.0006687915491201845
2016-10-15,0.30257552579446945,0.3111999807893546,0.000990933960063331,0.3096709962370433,0.0006277413030196812
2016-10-18,0.16125879990245362,0.2615511245847944,0.0017240533828762792,0.21114168740140762,0.0008416490511687926
2016-10-19,0.2242890605203987,0.20251420580957846,0.0007123283191299277,0.20989358787501797,0.0005801473327951529
2016-10-20,0.16476415606798292,0.20187769097270575,0.0008033079391462453,0.18809068077237118,0.0006715891592818102
2016-10-21,0.17310439873526703,0.18413665730303105,0.0008054731981899521,0.18152259480194988,0.0004706510891989814
2016-10-24,0.22328138831740535,0.24874191461620584,0.0026066472389323055,0.23291517745855198,0.0009744666716866119
2016-10-25,0.30868803960281077,0.23675308200679093,0.0014825469687087744,0.26962869223767716,0.0008399232177369024
2016-10-26,0.28948542377464676,0.2609882217322926,0.0012176074024403424,0.2746853876196003,0.0007215514314803228
2016-10-27,0.3081852675831012,0.25853530668915875,0.0011502290621815342,0.2797263275337571,0.0007239888375607231
2016-10-30,0.2568362691754773,0.24306142881979645,0.0018214884948564247,0.25109887039824585,0.0009843340002078727
2016-10-31,0.25002609425054123,0.2401702607248101,0.0012778077465222467,0.24481025205994741,0.0008109804073100957
2016-11-01,0.29325342601501353,0.2325285673759074,0.0011037992869793547,0.2577153290337907,0.0005672315264214211
2016-11-02,0.2751056109424492,0.24858566983032515,0.0008922563623720186,0.2582902019170988,0.0005110051958326161
2016-11-05,0.3249828797343186,0.3095886196877942,0.0017731616516094323,0.31891911381015237,0.0008349322207247014
2016-11-06,0.27661282471835463,0.3370715615916731,0.0009925853276889756,0.3126150333964696,0.0006143558947660001
2016-11-07,0.2900018547185833,0.33564882962502857,0.0010234110833187455,0.3159619332216223,0.0005710736615959055
2016-11-08,0.3935732591071794,0.3149710074829506,0.0008790693075466334,0.3444712107161073,0.000621367318343316
2016-11-11,0.30551643585355687,0.36564132097633506,0.0007025377149935872,0.34674392639697343,0.000547866398677716
2016-11-12,0.29988705079826955,0.33204468373390006,0.0008098302575892396,0.3211068542928944,0.0005096402673456
2016-11-13,0.3549322388592031,0.35143683086969063,0.0008603136549365887,0.3526000603699881,0.0005923436986143577
2016-11-14,0.4065912367882848,0.34387520032655283,0.0007422258813328213,0.3611924517808145,0.0004630346460903057
2016-11-17,0.26422735498821315,0.3132685229616672,0.0011071518265150355,0.29227164011045664,0.0007100847288257422
2016-11-18,0.3318828260780412,0.31566306278468415,0.0012234037255235068,0.32120518768055434,0.0008137807814610098
2016-11-19,0.3558971358055678,0.33655465676114404,0.0010326995115310042,0.34476279981759833,0.0007299829931902988
2016-11-20,0.3755792070774079,0.3457166642500066,0.0008805709612397158,0.3570071331016315,0.00047929244623332273
2016-11-23,0.37717317314109255,0.38948711485838905,0.0008080121320854467,0.3840832901174831,0.0005568059214874552
2016-11-24,0.33974212340435356,0.36019210861847883,0.0004948932290076479,0.3561149906155777,0.00041518913596601427
2016-11-25,0.29157013042345675,0.3495116886288839,0.0006046407267021999,0.3343036273907808,0.0003745505638003528
2016-11-26,0.37574535833118905,0.32994072571579536,0.0006940531503372699,0.3438594720904922,0.0004467720700471202
2016-11-29,0.3100803708321972,0.3150645744970106,0.0010802090695878341,0.3134485773303541,0.0006493573789251211
2016-11-30,0.3063572980373879,0.3041690415670283,0.0008785140648283111,0.30758173643501724,0.000542602540040926
2016-12-01,0.3493814331706784,0.30295900512102003,0.0008160273241986734,0.32150132455695535,0.000569054276455284
2016-12-05,0.28020562638506935,0.29442838442727715,0.0018762471813930709,0.28623519808779735,0.0010398632244995383
2016-12-06,0.3331188703362886,0.28173762683164755,0.0014093636942050527,0.30226144708288477,0.0006136315641539911
2016-12-07,0.29343160104304433,0.29784603508089136,0.0007672741125875122,0.2961056138729286,0.0004570909043671947
2016-12-08,0.33647267185122426,0.2936489768585019,0.0006697414645664391,0.3047911184150466,0.00047959536936424257
2016-12-11,0.24459657116062478,0.295058405223029,0.0013104184049292787,0.27249715636840927,0.0007987317659424131
2016-12-12,0.33675905950027946,0.270220464340783,0.0010682693645062131,0.29655051258052617,0.0006767190801204697
2016-12-13,0.25362582746314144,0.28968779664445465,0.0006713551978420736,0.2793499587642,0.0005003932709081204
2016-12-14,0.3250445634459391,0.27599208799544206,0.0008121325061884282,0.2918433150868994,0.0004951864962348531
2016-12-17,0.2805906715933497,0.282178831482031,0.0013835757825511404,0.2833780348683483,0.0007454849598131577
2016-12-18,0.3248081992229363,0.27937669237061774,0.000951676406719709,0.2958204508307626,0.0005498603057478452
2016-12-19,0.3038074139059928,0.30100322515760897,0.0006680913627525773,0.30181173256040894,0.0005036295475096108
2016-12-20,0.3135471396134188,0.3012977417841125,0.0008944667847819307,0.30534285111270476,0.0005649496246500539
2016-12-23,0.37023905857344697,0.34438762360388026,0.0009853603589248874,0.355237564560886,0.0005876192225018865
2016-12-24,0.36692177557511313,0.3477520494886005,0.0007776567912660408,0.35385559721141585,0.0005300601404705384
2016-12-25,0.3320662987823429,0.34473718021505045,0.0008320084817014043,0.3400129966360754,0.0005597338154187354
2016-12-26,0.29133834535771685,0.3349982876623761,0.0007267930143064726,0.3230179465256295,0.00042219395319453894
2016-12-29,0.3295708526286611,0.3012276825047175,0.0009752563827155258,0.3091963599407675,0.0006573457371858898
2016-12-30,0.3015946218744282,0.30700098095181205,0.0008918781098635069,0.3039096752002391,0.0005202846042485194
2016-12-31,0.34818684154547797,0.3005405599766495,0.0007853553209343815,0.31496303297972683,0.0005702604750978639
2017-01-10,0.3116729682263458,0.3463894535069243,0.001998692456851295,0.32693050071270124,0.0007827037393558824
2017-01-11,0.3686193686140844,0.3267159638356118,0.0009794593730262533,0.34286553321831087,0.0006130334621962329
2017-01-12,0.35113385716400725,0.35828125865018484,0.0007837166544438495,0.3570459645909611,0.0005797105716040156
2017-01-13,0.33243957147808306,0.355424763641078,0.0006443716554633218,0.34817599814902095,0.0004432282157591498
2017-01-28,0.2949314660000997,0.320869368751939,0.0020653161002656315,0.3100660792965823,0.0007838563064662929
2017-01-29,0.3061720244159743,0.3027707508984637,0.0013301089100931603,0.3034871781796442,0.0008886249784229017
2017-01-30,0.2958734133861079,0.3126280945501629,0.0012020933135396682,0.3075333945983144,0.000794428444705369
2017-01-31,0.2964805743093123,0.305492273444596,0.0009486834017587814,0.30222523001581925,0.0005843045554963703
2017-02-03,0.35036758703388027,0.3497260586297049,0.0010723590907041377,0.3523148509857334,0.0006582509578139395
2017-02-04,0.38435585422082974,0.3857008667651961,0.001151740251455371,0.3865525874382726,0.0006250082396740018
2017-02-05,0.3834440183624838,0.40698966686907684,0.0005673524419354251,0.4009439261509345,0.0004348419644101705
2017-02-06,0.3631502921839242,0.37774396003599003,0.00044412877376328306,0.3744644146926606,0.00034195651066767
2017-02-09,0.35567147080875566,0.35370536597946656,0.0007307826514098444,0.3522444659297219,0.0005418495692679535
2017-02-10,0.3408003416133567,0.34276430772995625,0.0008814429489679301,0.33854559012614543,0.0004889875782629559
2017-02-11,0.34428831861230247,0.33152304111777575,0.0007246782818579897,0.33614764820666637,0.00046016228085582505
2017-02-12,0.37213706976483235,0.3376641037905839,0.0008765351023483482,0.3498275902159348,0.0005660677430662811
2017-02-15,0.30103241404611225,0.35352884238021703,0.0006512390785171136,0.34086203644927066,0.0005643116212966892
2017-02-16,0.2995824987213368,0.33074855070649306,0.0006628289026585173,0.3226017546983623,0.00041647486266119233
2017-02-17,0.30580205249263503,0.31633991057080435,0.0008114603779215332,0.31116611648691284,0.0005203547816109224
2017-02-18,0.3348706412639867,0.3084776129509817,0.0007569809996172606,0.3176109926157186,0.00046942927908356414
2017-02-21,0.3001554424843639,0.3040422605248968,0.0014461080822433746,0.3026510538175251,0.0008411315896046632
2017-02-22,0.3215761539534387,0.29820911390852256,0.0011474532913729866,0.3099286965990323,0.000542639724307559
2017-02-23,0.29902824123184807,0.30138624386385937,0.0011137206443375507,0.3034181077416782,0.0006131572016413507
2017-02-24,0.30781110525177213,0.3023375081567051,0.0009335237389950577,0.30174864386974765,0.0005325876172937582
2017-02-27,0.30665827073090735,0.3092570330783153,0.0015444709130030734,0.30793667452186907,0.000738359370029946
2017-02-28,0.3300084932782531,0.3728296401561236,0.0008973530388213853,0.356597481499833,0.0005736574408172876
2017-03-01,0.3730057564832005,0.3522635212161441,0.0006742772793334576,0.3604127983737607,0.0004702626212531423
2017-03-02,0.3549428524014374,0.34625381045729237,0.0005945342616978093,0.34791427933271935,0.00046277030292718625
2017-03-05,0.37557897173004795,0.38733214763673085,0.0005553197704936737,0.38357896094270116,0.0004408118282379159
2017-03-06,0.34572954592667215,0.37709648667147716,0.0005006361166224112,0.36898509357450976,0.00036257604803377523
2017-03-07,0.416928487547174,0.3945396353317895,0.0006538906796944973,0.40065421385601757,0.0004374949107526973
2017-03-08,0.3864865259311044,0.3804635509488881,0.00031811202328979127,0.38104669942164554,0.0002480135936313138
2017-03-11,0.34459552712172686,0.33375209182493015,0.0009958245180743993,0.33737945124690166,0.0006362163113621854
2017-03-12,0.3412796589298301,0.38410070382680184,0.0006208260366702786,0.37332534437292897,0.0004472840976501185
2017-03-13,0.313582196094053,0.3615140789140938,0.0005688251701493993,0.3479632686548662,0.0004032492918549886
2017-03-14,0.3388767893892708,0.33818798464901095,0.0006993627949916405,0.337722652728843,0.0005219389647698317
2017-03-17,0.2882533421074923,0.30639229440575305,0.001233022731462179,0.29910547988761704,0.0007629261959376311
2017-03-18,0.31634676796140876,0.2970088458419493,0.0011444319481158437,0.30442774332136396,0.00062651775926738
2017-03-19,0.27594784877351775,0.2995854876643753,0.0009166686376141778,0.291000716141401,0.0006904969107746952
2017-03-20,0.3118209089939768,0.28915522315102726,0.0009393921440210379,0.2978220515690884,0.0005483128525974428
2017-03-23,0.32627259820229965,0.39181581749394745,0.0008743374716737385,0.3693673308010063,0.000525536148044091
2017-03-24,0.329246180050922,0.3668950672674109,0.0006323117440950859,0.35787514017171185,0.0004313280426644769
2017-03-25,0.3388296551903225,0.3824268925341267,0.0007718996064329831,0.36661235382861745,0.0004848383582308496
2017-03-26,0.35405318092399946,0.34502492532754614,0.0006061002707107786,0.34601378634649804,0.0004785621500292076
2017-03-29,0.28443022966241543,0.31435027191524356,0.0014627944937128027,0.30096943405675647,0.0009251926325702547
2017-03-30,0.2696579831325419,0.28728496345644533,0.001334017562546886,0.27753153400213565,0.0008008365896138932
2017-03-31,0.38201178148217374,0.35429274243411624,0.0014562699792379074,0.367245521235569,0.0006921219505614329
2017-04-01,0.3283522084420187,0.3701323145078147,0.0006560940349039516,0.3594528894112223,0.0004677138158214375
2017-04-04,0.3313032328555893,0.3298860217524051,0.0007043515273351609,0.33132396986982365,0.0004273764404748466
2017-04-05,0.26368891663937233,0.3407678069251485,0.0008468977757742945,0.3128978444820602,0.0005265238333484239
2017-04-06,0.30746454945037777,0.3020456779547573,0.0008401593330246449,0.3052894120359744,0.0005957061241964223
2017-04-07,0.26143514291328696,0.2901984381701049,0.0009025020028352998,0.27761353573658853,0.0005613426053673408
2017-04-10,0.2736027651214013,0.24296982943849618,0.001642703573658402,0.2588693410330353,0.0009919227763598613
2017-04-11,0.25483526334577644,0.2569735694902525,0.0014494293794614893,0.2535881637090306,0.0007181526740170091
2017-04-12,0.26798324191645906,0.24464881584694045,0.0009139984582405847,0.2539120498532527,0.0005372114238117876
2017-04-13,0.278261774610639,0.24489073322458224,0.000777055887528651,0.25525493261258025,0.0006275073731770135
2017-04-16,0.24518011412101925,0.24424009798777951,0.0011816134331757776,0.24367488819734967,0.0006873751638069841
2017-04-17,0.2420100796923863,0.23537283429631561,0.0009936363793485474,0.23799465681577467,0.0007567829668537663
2017-04-18,0.24202147680160946,0.23261948646602765,0.001024348199958894,0.23529058796098593,0.000585846391097602
2017-04-19,0.2826187939991193,0.23274158588710855,0.0010083803445917609,0.2540201317718516,0.0006894393007069627
2017-04-22,0.26990804426208836,0.22660010232369568,0.0012843264343024555,0.24638937078984494,0.000765189273581809
2017-04-23,0.2410630724756554,0.23208524408272901,0.0007275929987019731,0.23456225309604853,0.0004155376760511052
2017-04-24,0.24049906204951674,0.22577704317132646,0.0008050486140127204,0.23070880915974915,0.0004931816714267761
2017-04-25,0.2792123544682813,0.3161263854551901,0.0019219353161619033,0.298831597860217,0.0009233477926587114
2017-04-28,0.29612007511019467,0.27133239802256415,0.0012835443726941127,0.2835227095542626,0.0006881018268022381
2017-04-29,0.26352586973209136,0.2657336200837447,0.001069157811515627,0.26575923044741157,0.0005887852554537788
2017-04-30,0.34414192889477346,0.2978315045165215,0.001276880648051499,0.3174459406156641,0.000937689060295261
2017-05-01,0.25156441809532987,0.32007482174061846,0.0010433263661204627,0.29108556995280904,0.0006764538311046629
2017-05-04,0.2699916592651682,0.3100259614504034,0.0011889459129253632,0.29259590886842196,0.0006711799808233696
2017-05-05,0.38124725375652324,0.31975688847717837,0.000846969690257435,0.3407850819643668,0.0006094993965257622
2017-05-06,0.34043548146471525,0.36202859918092495,0.0009139824483306613,0.3533841003831978,0.0006274243625153126
2017-05-07,0.21830468114357368,0.3283292727162127,0.0007530876069202771,0.2943339857637755,0.00048503286150738484
2017-05-10,0.34681124349346026,0.25954625328631553,0.0015409465058283053,0.2995975268998196,0.0007433633303716202
2017-05-11,0.3138972224978637,0.32887727369341474,0.001411228579561214,0.32378371451695687,0.0007253801470112893
2017-05-12,0.21960900363588945,0.30313413176570314,0.0009441327520059396,0.272806239853297,0.000636123091608529
2017-05-13,0.3323593097810017,0.27712561143845515,0.0010122856929679132,0.2995108599558714,0.0005869065930386192
2017-05-16,0.24366235579261225,0.2364971191562552,0.0016433759723729368,0.23736081404136974,0.0009848921072485519
2017-05-17,0.4018125015627472,0.2751249495738831,0.0018008369063153373,0.3444660951671042,0.0009051062301038733
2017-05-18,0.3678285848081018,0.40090334522188753,0.0005392245463755188,0.39199733479459925,0.000344458501212472
2017-05-19,0.31920848699394316,0.366083449610974,0.000469335438470832,0.35389201797351044,0.0003916661064233061
2017-05-22,0.2650753483498504,0.3057235763510851,0.0013454262696676038,0.2872730323185138,0.0007884733807706906
2017-05-23,0.3384286669470028,0.2720878587708824,0.000999869943882247,0.2966217704413758,0.0004971443377617592
2017-05-24,0.29163470798119084,0.27572294005839043,0.0008423388127126889,0.27887418255791263,0.0004337283478212327
2017-05-25,0.23560651388737816,0.25373982365508085,0.0008867450654033656,0.24615971176985674,0.0006374429640223798
2017-05-28,0.2304881784818909,0.20654881958996232,0.0012839494140273109,0.21659007690401907,0.0006096230463528936
2017-05-29,0.39427556141485204,0.20959579043705154,0.0008468138572357859,0.2726860402434945,0.0006564646097417295
2017-05-30,0.368865627669154,0.34448659033657614,0.0018303238243461886,0.3601699387730809,0.0008115011378880453
2017-05-31,0.23815825448597022,0.3538833679864462,0.0010722030769235486,0.30579035802977655,0.0006197806402179751
2017-06-03,0.29101424026918726,0.3653362261503016,0.0014370056616929475,0.3304642915573148,0.0007962396805987319
2017-06-04,0.283252440174836,0.3296470929851338,0.00123142952559255,0.3122418982982344,0.0006222158563362785
2017-06-05,0.2402194459561725,0.2940060318338306,0.0011275544048346842,0.2739441425002904,0.0006658394119735328
2017-06-06,0.2275007342368552,0.2737398010229412,0.0010110896979383388,0.2559050603281054,0.0005554949972417205
2017-06-09,0.21787924878125836,0.2548157601698247,0.0021022017372111512,0.23475244458662764,0.0009632834467889016
2017-06-10,0.22659986998593762,0.2156186642371489,0.001082185705665712,0.21796727585315484,0.0007071816234413513
2017-06-11,0.24751525237765692,0.20015962703786905,0.0009635473892691815,0.2193289852744294,0.0005259753918962363
2017-06-12,0.27522657969848435,0.20611551764453293,0.0006667661236391746,0.2251746898294087,0.0005752209382784536
2017-06-15,0.10100265876402748,0.18764067320305686,0.0010516903448021626,0.15550152510985824,0.0005353477855162536
2017-06-16,0.1830158686965872,0.1559094831914762,0.0006199572551714836,0.162883275099525,0.00045363742521054023
2017-06-17,0.327387809206804,0.16094176808319496,0.0006721995273714574,0.21103826675399348,0.0004791348219674949
2017-06-18,0.08989264309640838,0.19134141441981675,0.0005921172818996841,0.16471505337288606,0.00042234326378404847
2017-06-21,0.2002594206301832,0.1595140473459323,0.0006124848280939059,0.1703463649333658,0.0003990314330064489
2017-06-22,0.25089856145253975,0.16193535883347931,0.0006909626679457689,0.1867339375381377,0.0004775987837328705
2017-06-23,0.14935204259908888,0.18626673047331688,0.0007036002888037491,0.17327984448079736,0.0005227808400579596
2017-06-24,0.1866002258192065,0.17268197112842007,0.0006709043039261458,0.176110875067503,0.0004773286250401562
2017-06-27,0.3402528678230078,0.2920092243629088,0.0025753825354227645,0.3212240333656624,0.0008802087002189343
2017-06-28,0.24823973779834335,0.352879474026257,0.001214164567067506,0.31047335361916956,0.0006286573394647805
2017-06-29,0.2829123772309147,0.32443414222108863,0.0010783325616786773,0.30750903715083816,0.0007058788542089983
2017-06-30,0.38456575355841405,0.34903164319491453,0.0009528598902295981,0.3628175937947033,0.0005999459327227925
2017-07-03,0.20425025260621832,0.3061946541694384,0.0011100752759438512,0.2651822447870857,0.0007205784480916565
2017-07-04,0.15708021219792712,0.23524716501232018,0.0010809384123909407,0.20665538652626123,0.0008124001073969913
2017-07-05,0.15989971155435503,0.19278506421298863,0.0009087239610660981,0.17981552981166565,0.0005798565146849737
2017-07-06,0.17099586734846373,0.16845149634412387,0.0008102380050830042,0.16962082273911047,0.00042586970614104017
2017-07-09,0.29668167349982766,0.22144579028337968,0.0018075728070244984,0.25758412036493367,0.0007559460207755176
2017-07-10,0.29043743483973733,0.318232705557206,0.0018869750751725136,0.30264338335370594,0.0007865009198642039
2017-07-11,0.2470260781615737,0.28807621920795423,0.001110482047552073,0.2715910413645807,0.0007132997519213994
2017-07-12,0.2760150867311296,0.24938281052572264,0.001103497765300812,0.2621082401654347,0.000627069162386079
2017-07-15,0.16547655394318145,0.2066507484577091,0.0010767292451374963,0.19135701121998505,0.0006215797087883677
2017-07-16,0.16784592758784145,0.17970399702552808,0.0007015797743260708,0.17631675878576358,0.0005564652261131371
2017-07-17,0.14143026558278615,0.16166286925481121,0.0007879181957203623,0.1549116347843049,0.0005740804586139899
2017-07-18,0.23946989209781863,0.1504552590932846,0.0005103871270403643,0.1706849042505013,0.0004649400501985288
2017-07-21,0.23428532452749046,0.2521357906834318,0.0026814303151474674,0.24556393941085763,0.0009306788723638209
2017-07-22,0.17927329283597276,0.22753844917969776,0.0010935374095465402,0.20632505248304395,0.0006494405346762105
2017-07-23,0.22563501944738856,0.1977445888823453,0.0008390355381947669,0.20878503948489732,0.0005926755266078345
2017-07-24,0.21403654708705225,0.2243785333313286,0.0010336747845774432,0.22220888466288222,0.000648905919624286
2017-07-27,0.16368802199241306,0.20002863088593362,0.0013418048741676801,0.1866116202266998,0.0008689438168296181
2017-07-28,0.2002340278225841,0.18455917129477217,0.0009941596370969094,0.19174923986121148,0.0006669794391757242
2017-07-29,0.2184699111603557,0.17925090176449865,0.0007324563637680126,0.1915629458322736,0.0005138790309719162
2017-07-30,0.1525781593713151,0.18395490637798378,0.000694385685594798,0.1745494840307039,0.0004511956307769311
2017-08-02,0.11159906490227653,0.16789852813323375,0.0008098156244802867,0.1485685239907508,0.0005253427595929658
2017-08-03,0.21363345901017736,0.1469171819716075,0.0005209517038322609,0.16356752094179203,0.00033478368311448106
2017-08-04,0.11279695873186116,0.15947587395910717,0.000702736858769621,0.14505107136896597,0.00044212202720272204
2017-08-05,0.11285098203350286,0.1528098930007028,0.0005403586318541755,0.14396621202416568,0.00044526005984961274
2017-08-08,0.19517608547563742,0.33862040303131447,0.002779563361085914,0.24912378911656902,0.0008771513626983586
2017-08-09,0.14961631040680773,0.2627821925523679,0.0011458972627884651,0.2154353632986162,0.0006829366578008211
2017-08-10,0.16513519684677913,0.23830312104938087,0.0012306695644578353,0.20884100579520165,0.0006463558680012674
2017-08-11,0.11541713961726416,0.2002285104192163,0.0008665602995871625,0.17018133652793396,0.0005357637769251969
2017-08-14,0.17547574603125138,0.15079609032913432,0.0006410543139198973,0.15658947384856792,0.0004360985770606225
2017-08-15,0.23598242944467976,0.15771130542501063,0.0007404967439491869,0.18001665670307834,0.00047944142980563167
2017-08-16,0.13073011331583784,0.1800406515542505,0.0008500808356975167,0.16354373467740405,0.0005828506203722682
2017-08-17,0.12026303368882502,0.15768995431741334,0.0006096620645368695,0.1471773592473018,0.000429254315498947
2017-08-20,0.1466317611207178,0.1509251094104039,0.0007581683251177814,0.14979445736704436,0.0004356740908554849
2017-08-21,0.1235936720794671,0.1455358989944071,0.0007025494856537916,0.14053939033242643,0.0004249933758819735
2017-08-22,0.12117177267388789,0.1405426124641435,0.0005606829359561926,0.13504843463144017,0.0003416323981359459
2017-08-23,0.12157470644284489,0.1421735268128725,0.0005821941750411453,0.13742570990139982,0.00042383166272723594
2017-08-26,0.278175279914018,0.141541676508921,0.0005400897669964353,0.1766029584661006,0.0003882763719234117
2017-08-27,0.2622991839797397,0.1765716362578103,0.0005988053764427696,0.1994588927885908,0.00048438679997869164
2017-08-28,0.14100133507071816,0.19873779957537419,0.0007274520513867262,0.1812172341162112,0.0004957193714340212
2017-08-29,0.1260220104091113,0.17150350571352876,0.0007018873186968137,0.15935005066102134,0.00047258195994010643
2017-09-01,0.2691984985880362,0.25915132227527915,0.0027643531166474914,0.26524957298814167,0.0012359567942202881
2017-09-02,0.18738294294573155,0.24783471984275388,0.0015692657781195573,0.22003070806001757,0.000731877317130185
2017-09-03,0.17743789194661164,0.20953517323745255,0.0010439058352715253,0.19694169931776706,0.0005319994975633631
2017-09-04,0.24082441195262952,0.21060818173714677,0.0010254508111670147,0.22316193268717477,0.0006118550833844476
2017-09-07,0.18916433367580465,0.1927878587862929,0.0010194900825820123,0.19414752918743733,0.0008043303659386578
2017-09-08,0.3228227553362073,0.18872342252347757,0.0009214738489588916,0.23873782435555504,0.0005398808791175691
2017-09-09,0.17441850736857495,0.35273116491668716,0.0016544578630355137,0.2575797737985111,0.0006564305624140636
2017-09-10,0.21087303560098986,0.2459685823941404,0.001136608808411697,0.22870562553347665,0.0006578929625939338
2017-09-13,0.2137580544200824,0.20311693990270577,0.0013376940005661068,0.2080190663098009,0.0006750499149493704
2017-09-14,0.31473602463147443,0.2196295542279511,0.0013081695715742637,0.2613406587833513,0.0008081330288476212
2017-09-15,0.2725677521527209,0.26879698628795445,0.001385582307819757,0.270906588776864,0.0007169829440450277
2017-09-16,0.2531415481395618,0.26671690193711606,0.0011851932666919075,0.2590911520502418,0.0008943378363112494
2017-09-19,0.2648730825525523,0.30684687454439247,0.0016685836922384586,0.2860515236124019,0.0009276181373395984
2017-09-20,0.24968860650192864,0.26406204408439565,0.0012153401478043773,0.25405486978471525,0.000630701845764612
2017-09-21,0.2494939541094799,0.23379780889294965,0.0008201204456535629,0.24077434277530368,0.0005304938061244994
2017-09-22,0.19035434621603492,0.2318054876399405,0.0008057490533386522,0.21735955163887655,0.0004951354678034311
2017-09-25,0.2895474365005732,0.22240769687517564,0.00156513555618102,0.2556622963161182,0.0008002649162532837
2017-09-26,0.32272160051232923,0.2512451411536858,0.0011784933230353275,0.27897690644200795,0.0007578180521768318
2017-09-27,0.3526524393399928,0.25631304031278274,0.0010531730042827245,0.29220077509403386,0.0005468473587201409
2017-09-28,0.18029314858890366,0.27349605942278016,0.0008209804228568007,0.24057025254129652,0.0006124689819662633
2017-10-01,0.34130765134704893,0.28397726246983196,0.002413510685431796,0.3196196976170511,0.0009683698625803558
2017-10-02,0.41448654053978473,0.32067944400354315,0.0009307063486435655,0.353498207642792,0.00061272406254591
2017-10-03,0.33271685493198055,0.3417836347044594,0.0007897726837471243,0.33720671022363313,0.0005300597569214551
2017-10-04,0.30286640447472635,0.3150244346207124,0.0007298738506157058,0.3103793208588045,0.0005850939355715343
2017-10-07,0.20218034310449035,0.2845313968972599,0.0014383323250601304,0.24671414064715627,0.0007898970142828362
2017-10-08,0.26416823267653006,0.23872937992445395,0.0007415945047145104,0.2468505583806514,0.0006572343740532696
2017-10-09,0.1980583536204433,0.23951225728008374,0.0009569030746823353,0.22626736908556605,0.0005784341696635399
2017-10-10,0.19964826678174777,0.21963360746241986,0.0009424227210471769,0.21315233300722208,0.0006824816719802757
2017-10-13,0.25636885874097964,0.19764658230070153,0.001324473953831049,0.22094562512770627,0.0006606025365583755
2017-10-14,0.3375138869204224,0.20946591408856036,0.0011375675431198374,0.26006403119836585,0.0007341995513455666
2017-10-15,0.25084010458933903,0.24783741844597695,0.0011057404604237983,0.25128571184860254,0.000667783002511647
2017-10-16,0.2255272322483775,0.24433814561395725,0.000905798478771665,0.23682091170306696,0.0006655199372919452
2017-10-19,0.3390213985593928,0.3072387102922657,0.001739455765966788,0.3248493453141659,0.0008679894065329478
2017-10-20,0.3513239543435626,0.31113786146178485,0.0010060499205212714,0.32523321088241597,0.0006751976651004953
2017-10-22,0.3216123261691176,0.3050936580908233,0.0011043450995344348,0.3111034706483595,0.0006503883093484633
2017-10-25,0.2785409215787308,0.27836563180775004,0.0014835939876890489,0.28065855288405045,0.000867417967283419
2017-10-26,0.274556060570568,0.26794509045646286,0.001323712383091786,0.26846566926067744,0.0008013918508022149
2017-10-27,0.17434374501396416,0.2613534765879709,0.0009313350298736503,0.23103254119312452,0.0005225231264528634
2017-10-28,0.29835339773952096,0.22640081888588948,0.0010449990202192948,0.25371629869980045,0.0006485051545154653
2017-10-31,0.20878983148908709,0.23794521901750681,0.0014002204577811125,0.22438067073340026,0.0006167103705741941
2017-11-01,0.32615709563941303,0.22312102579594256,0.0009728085153761777,0.25958714243970304,0.0006893995703698468
2017-11-02,0.23502823299569064,0.2562290852822834,0.0008268925552726957,0.24907576165840553,0.000521219510417537
2017-11-03,0.2843927616699,0.24426304016215578,0.000992921444001015,0.25942245784775797,0.0005956083338352695
2017-11-06,0.19251971751546543,0.33514587931030954,0.0011333341037788264,0.2782081535655209,0.0006907887389642252
2017-11-07,0.2720405664507973,0.26855939297778897,0.0009429303507841924,0.2689290923857955,0.000547701402375626
2017-11-08,0.3105778607982701,0.299587789191673,0.001149126956514437,0.303936051390075,0.0007426881996648544
2017-11-09,0.28656406292329306,0.3249051628637776,0.0008169968318509297,0.31135328984754224,0.0005689371132449747
2017-11-12,0.3473455347770892,0.32068022066266466,0.0015090854181716716,0.3329941380772254,0.0006844948604643643
2017-11-13,0.23569684107349168,0.3233156297246441,0.0007873666076228115,0.2942869164578424,0.0004910407097931167
2017-11-14,0.2721390900292655,0.28312998841420006,0.0007532252500633183,0.27842580619898455,0.0006168997240791556
2017-11-19,0.35537128496937354,0.25814044225073796,0.0017584903360156475,0.3074191556236212,0.0009514231802505303
2017-11-20,0.29294255513001644,0.29505368252519143,0.0012149870971834016,0.2925280115439207,0.0006655925887531666
2017-11-21,0.25668323242758284,0.2869578530369899,0.0008145300734481372,0.2752300847504496,0.0004927074809182119
2017-11-24,0.3602360996387962,0.28604065964179054,0.001501813597472967,0.32357103497663386,0.0010358281572140251
2017-11-25,0.2795237059693609,0.3641439896047953,0.0012541921814233736,0.32714686841704127,0.0007416474265789413
2017-11-26,0.33759515194930634,0.31961042524534056,0.0010650971518872912,0.3273731109658188,0.0006309648775297089
2017-11-30,0.3416530812007391,0.33265671516459383,0.0010276101454525146,0.3342062387236978,0.0005379781202054033
2017-12-07,0.36640875223470726,0.31908781863430213,0.0019014138928394313,0.3425167195510639,0.0007363414532033449
2017-12-08,0.41463061494750153,0.35475368736190516,0.0007987787745065221,0.3743689741334995,0.0004847401897116281
2017-12-09,0.3403037127252789,0.38096474847855755,0.0006021311035614577,0.36924702992383557,0.00048204712953862916
2017-12-12,0.3691580328913141,0.3810667379684596,0.0007288087806591631,0.3768894590805706,0.00045793498603743243
2017-12-13,0.40709311653529756,0.37238324564067654,0.0006084657334731783,0.3803788085003474,0.0004711528925308293
2017-12-14,0.3996129716802945,0.3757346362210429,0.0005807436454797333,0.38241614699550897,0.000490270071259535
2017-12-15,0.4173733696239641,0.4028482179007159,0.0007029881938430715,0.408610273372782,0.0004486301871607386
2017-12-21,0.38974038954496015,0.35010562798839734,0.0008504164659567105,0.36410586615661605,0.0005236274443355589
2017-12-24,0.354766370751055,0.349701101872698,0.0008799801055754303,0.3549610000717351,0.0005971770013208272
2017-12-25,0.3219097652508779,0.3499849671401231,0.000670587093803424,0.3435795141253275,0.0004890879921457686
2017-12-26,0.34306084600391024,0.3688228014356048,0.0008225115518234677,0.35924692593536073,0.0005494984914664834
2017-12-27,0.41460070758703915,0.40275031848014026,0.0006775039461290907,0.40740888204069653,0.0004321906310587572
2017-12-30,0.36743888452503526,0.3746480408183855,0.00048757509501796303,0.3697110852556129,0.0003567523232292606
2017-12-31,0.35752911441579593,0.3676894611186855,0.0005549838944681198,0.36524093717910283,0.0004750590235655331
2018-01-01,0.3697248147365313,0.3955894500583954,0.0008581366843417158,0.3867816298605939,0.0005392863346435677
2018-01-02,0.4148007283829338,0.39776745833510896,0.0005636621558430442,0.4013949568526598,0.00044943437771926414
2018-01-05,0.4083436615152594,0.38234923141097754,0.0007875745515541455,0.38966581276566536,0.0005648266943184611
2018-01-06,0.37869501136209754,0.42101788926856565,0.0005720646956825699,0.41013468961780847,0.0005097907728143641
2018-01-07,0.32654033761684714,0.4218585234011137,0.0005348443000459975,0.3980212918110309,0.0003566699030207014
2018-01-08,0.3383754695116869,0.39514117690795864,0.0005660388983489748,0.380420534176236,0.00047677749421699286
2018-01-11,0.3732943209658548,0.37824662720432334,0.00047494034812832573,0.37824267257132455,0.00040292933095145684
2018-01-12,0.3432451896333752,0.3686621263648586,0.000545802120811124,0.3616401032139705,0.00041585570178585645
2018-01-13,0.34469729962981066,0.3596933540036841,0.00043916997260203455,0.35742301433386986,0.00035422413391419764
2018-01-14,0.3770888852783372,0.3762234138062558,0.0005796075408719034,0.3767550679446912,0.0004026626836070663
2018-01-17,0.40381504757224407,0.3776615745768071,0.0005680074804412766,0.38419289748051944,0.00042841527079743664
2018-01-18,0.3871815081186654,0.3729450993655836,0.000586640621395665,0.3755861105002745,0.0004775876526734188
2018-01-19,0.35398939242811445,0.386951110231199,0.0007222257173299202,0.3753225559744328,0.00048269472464954483
2018-01-20,0.41455098612918717,0.4053355444790331,0.0007085465249659437,0.40858032872846,0.0005178384057827215
2018-01-23,0.3877330337341552,0.37316257825963184,0.0005559607459983837,0.377276692035415,0.000378913035828066
2018-01-24,0.36752703375922274,0.36723858823964434,0.0005039733027315785,0.3663269211198454,0.00037427121335599365
2018-01-25,0.37043989198523125,0.3836444465777618,0.0004983321355903325,0.3801048290120035,0.00040378018602274215
2018-01-26,0.3588042067299954,0.38355488144935795,0.0003639708376241126,0.37858822960281946,0.0002898686321044195
2018-01-29,0.34221314624960664,0.3606398249136453,0.000801551158690364,0.35493207156898043,0.0005944544764555045
2018-01-30,0.3730589948321637,0.35133007310540315,0.0008108278692210501,0.3591574029146157,0.0005582116947823512
2018-01-31,0.35860032814214177,0.35692489534552574,0.000556732402744045,0.3581082655883507,0.000494923092132808
2018-02-01,0.3866157957440929,0.39664935915385063,0.0007409342540011826,0.3965291774444229,0.0004549634605352456
2018-02-04,0.3862175600442129,0.3750095260275138,0.0005479277523309771,0.3773452966054273,0.00042891699992527544
2018-02-10,0.36852194469201904,0.36006634025375006,0.0006892711795089861,0.36282458785207,0.00045804089140477833
2018-02-16,0.3735201439571063,0.38638379039096554,0.0005169489299151155,0.3828888723402656,0.0003968973023676268
2018-02-17,0.33550914354623423,0.38648488120338825,0.0007570927865945022,0.36833876657475145,0.0005156927059657675
2018-02-18,0.38774607340425105,0.37935456473382295,0.0005611612789058821,0.38199561883251326,0.0004312849670308282
2018-02-19,0.34953239456183927,0.373925568163718,0.000431191313763321,0.3671573448363429,0.00030603128526789867
2018-02-28,0.38801761827521175,0.3864809742705804,0.0007642982474157665,0.3870845886484265,0.000478633391623054
2018-03-01,0.3577607785039765,0.38070721715380834,0.000503777867676729,0.3761239793411368,0.00038966633344165004
2018-03-02,0.37645446391080034,0.3987540703101366,0.000605680295638518,0.3954486528602302,0.00044306953800001393
2018-03-03,0.41174280454853424,0.3850347776145238,0.0005506747897082784,0.3887459234459763,0.00040206044774158956
2018-03-06,0.3423248041531988,0.3713866291796634,0.0005630022674601115,0.36370443562712373,0.00038190818199385887
2018-03-07,0.36915783548476594,0.36556473164276837,0.0006399195628556566,0.3657832932815641,0.00041705936692791937
2018-03-08,0.3667683053453019,0.3563148532560114,0.0006131514219847898,0.3597157391118298,0.0004753738935891854
2018-03-09,0.42144094337029725,0.36031737478371617,0.00044600559607701817,0.3740416022596559,0.00037426525264373854
2018-03-12,0.32509823708747915,0.3811214715868559,0.0005419015058733366,0.36883623785086816,0.00048109882155843734
2018-03-13,0.3580402119125699,0.3592953974713549,0.0006398030443292538,0.359048109979521,0.0004631977818177036
2018-03-14,0.3813618741067157,0.3620667329045558,0.0005245085838089139,0.3657051792518773,0.0003873857484174136
2018-03-15,0.40600444192023677,0.3645108690957184,0.0005594951723193971,0.3730519978468659,0.000419294486333401
2018-03-18,0.34578028698518676,0.38823630827113875,0.0005452679356799734,0.37467490994579633,0.0003647154279299397
2018-03-19,0.3400729522685999,0.38968854353169474,0.0005486234197915639,0.37678056001654087,0.0004252255662652549
2018-03-20,0.3437223544665405,0.366358728859117,0.0005247519787621138,0.3613469524850824,0.00040374432473778765
2018-03-21,0.381711606760524,0.352874173878652,0.0007146185103099142,0.36410294836615487,0.0005018362531354503
2018-03-24,0.34070724858004015,0.3846084276085741,0.0008973573552774697,0.3689117327622714,0.000529054194174669
2018-03-25,0.3558780907520684,0.36358609829881305,0.0005803015403270827,0.36187812339201997,0.0004082167727745207
2018-03-26,0.323636676685682,0.37557010761763343,0.0007543507407514131,0.361504476915627,0.0005170408774476886
2018-03-27,0.4161398374527581,0.38542395122605105,0.0008093450042001734,0.3965499879078053,0.0006062989823990362
2018-03-30,0.33752427009800223,0.36724066898829216,0.0006444569255302365,0.3574431145124288,0.0003991394723098427
2018-03-31,0.3625129499949234,0.3906213793593156,0.0006949836414755709,0.3825160397127851,0.0004456549938488756
2018-04-01,0.3676297040184673,0.36188565842325643,0.0004780663922145354,0.36247438457749004,0.00033388615917359475
2018-04-02,0.4060983712589622,0.3511495128162355,0.0005159912618574442,0.3648043148955207,0.0003900652668745129
2018-04-05,0.3063256914450965,0.35924191707400815,0.0006013204085830835,0.3435289994392292,0.00042610487494464946
2018-04-06,0.2969823678720016,0.3388556042785462,0.0006657007397261676,0.32804063407516115,0.0004404078837601785
2018-04-07,0.30131091389877346,0.3417464619029287,0.0008904924229784715,0.326809280107419,0.0006302350911255304
2018-04-08,0.3788404011490604,0.3931547857518671,0.0009924067537738983,0.3882705503139649,0.0005809231450283218
2018-04-11,0.31340012676869694,0.3971887557615573,0.0004947845681184824,0.37840347520546475,0.00035385413828300323
2018-04-12,0.28096239702624265,0.35794372119198764,0.00046183173042169595,0.3401877120544766,0.0003954623783220484
2018-04-13,0.3455739918461568,0.35596181935691107,0.0006927218409255605,0.3540717946919466,0.00046119854052011793
2018-04-14,0.3244295367109663,0.3492936211847176,0.0007447125981810688,0.34229498473831177,0.0005417789822540117
2018-04-17,0.30268770696560193,0.3252822864437477,0.0009499189616564578,0.31604612907847623,0.0007231786016099022
2018-04-18,0.28518781346914723,0.3026035143592711,0.0010620315435245504,0.2959844611642042,0.000672483318594565
2018-04-19,0.2799016572921691,0.2879326432176506,0.0010909367263914576,0.28148722911138246,0.0007021294309902326
2018-04-23,0.2949267587242514,0.2565730522945764,0.0017032260921772111,0.2722283798342878,0.0008654588573909303
2018-04-24,0.24049906204951674,0.26678225650933174,0.001301820601852918,0.25439194396592435,0.0007944002982032077
2018-04-25,0.2512629109433203,0.257380016513309,0.0012326695537898948,0.25577328295174345,0.0008005876718612498
2018-04-26,0.24085655566156022,0.2505746773810934,0.0008554166695960683,0.24683918668054247,0.00047673340993431546
2018-04-29,0.32469640563818425,0.40641510361138194,0.0005730327230566835,0.3860600047979767,0.0004707538819916653
2018-04-30,0.23613239092030647,0.3758999991111625,0.0005527127574232997,0.341585891759065,0.0004860166965926577
2018-05-01,0.2501997161223974,0.337810327145124,0.0008455757491904811,0.3081339893102992,0.0005403511290558598
2018-05-05,0.3222118488616592,0.30749068717896105,0.001485959504759851,0.31095640255085827,0.0007420621347424368
2018-05-06,0.3363521559728321,0.28831304578262,0.0011514884645824272,0.3072708218133918,0.0006225396657587178
2018-05-07,0.2695965844024046,0.3010192489720715,0.0007260374252244622,0.2898337366131333,0.0004334154010630783
2018-05-08,0.34943021765038096,0.28307558040915337,0.0006392753276672299,0.303223524401532,0.00047872854671639144
2018-05-11,0.4057348656984019,0.2777584417053069,0.0013607584228943579,0.33419462334003586,0.0006780597072671649
2018-05-12,0.3468723764291782,0.375967323724063,0.0009420742099192941,0.3674414524078612,0.0005938721291080797
2018-05-13,0.40442341479517785,0.38660376859808265,0.0008006877455516605,0.3906076949438453,0.0006040115984045046
2018-05-17,0.32085000267175634,0.3402701653049443,0.0007354200485783055,0.3317714933822123,0.00047602195275093617
2018-05-18,0.3361055492478999,0.3150815805735972,0.0006606559851988803,0.3202358896527614,0.00044030478256508563
2018-05-19,0.19419740956753115,0.3042882445765107,0.0008568572897038405,0.2656997267483384,0.000590779116811398
2018-05-20,0.27292927583544685,0.2547285690290782,0.0010405157797817647,0.2623843277682996,0.0005325853741187538
2018-05-23,0.22696374225673435,0.2681594911288407,0.0020970924263673824,0.24889151963523035,0.0009239721439055229
2018-05-24,0.201501243937717,0.24260993124838015,0.0011237691902101143,0.22902539887756107,0.0006163496375493749
2018-05-25,0.2978486080072564,0.21862465920048402,0.0008643410429807921,0.24376869592198885,0.000512956794635031
2018-05-29,0.3772036960158177,0.391802987274894,0.0006402719205325481,0.38706249257472725,0.00048594187189090045
2018-05-30,0.38021975605672975,0.4029230010478354,0.0005732264831205446,0.3961224068638524,0.00039469521638466873
2018-05-31,0.39421812828150155,0.3658584626996956,0.0005387828639465553,0.3730418930215397,0.0003923304762791425
2018-06-01,0.34541236847568874,0.3415405852262991,0.0006412723548767272,0.3442118865379711,0.0005135166212096545
2018-06-04,0.3963087718084599,0.3529487304735969,0.001037047597974059,0.37154175327107675,0.0006977161731298443
2018-06-05,0.39744044756995695,0.4194394683885612,0.00038306790978812706,0.4171663258026496,0.0003125162955769759
2018-06-06,0.2677148459458743,0.40432574527073706,0.00043963371816245196,0.37584704502062316,0.00029982754463183303
2018-06-10,0.3414448550626259,0.40586597353114684,0.0008700883628198398,0.38169029535179466,0.0006348596410991714
2018-06-11,0.36639425632029016,0.39316291236061174,0.00048028158247048834,0.38689689840433616,0.0003759880702416301
2018-06-12,0.36597338580734795,0.41220104971829996,0.0004945808057532042,0.4010313383250792,0.00041525220214646457
2018-06-13,0.26452285333568876,0.37144921943314313,0.00046102862647133487,0.34654086194451234,0.00039940225215892306
2018-06-16,0.3091186712094637,0.32367429944983267,0.0011508646890086554,0.3191403408175107,0.00047117918221756955
2018-06-17,0.21399549168952928,0.31147906150722937,0.0009349804416991747,0.27803593925125497,0.000539833035097876
2018-06-18,0.18058927048706588,0.2688028009887241,0.0008059914987461323,0.24141737296245241,0.0006392143922083315
2018-06-22,0.15676975521654352,0.21063157748865574,0.0015814148239668797,0.18373105281006072,0.00071693808455667
2018-06-23,0.1943180406236312,0.18530828785935133,0.0008534737870417692,0.18899845055774897,0.0005139531056524306
2018-06-24,0.17575668963559038,0.18669570660608134,0.000899318490949426,0.18390514006028283,0.0005045420977111126
2018-06-25,0.24708894024821162,0.1802770600764781,0.0007238312516832231,0.19920724165540718,0.00053935047000209
2018-06-28,0.24342841586260092,0.1836544842479299,0.0010106075419031768,0.2067881453185283,0.0006675759062433537
2018-06-29,0.2460676430552404,0.19764450891942714,0.0008775138704556735,0.21546280955574423,0.0004965770800548601
2018-06-30,0.24991904222599104,0.20414014847861506,0.0005940491812829517,0.21760193005760325,0.00042344694337450765
2018-07-04,0.3763641554137167,0.30008574006086913,0.001969124361053212,0.3431066723691506,0.0009820722023899556
2018-07-05,0.3754998978597816,0.3424372660520384,0.0009243042355427098,0.35622323728917604,0.0005452297624718004
2018-07-06,0.37353341331648793,0.33031308927013137,0.0006464346702280106,0.34531790673275947,0.000484846516002155
2018-07-10,0.16160352766379904,0.24290532489270109,0.0019581480914228656,0.19749533587162812,0.0008065326415033711
2018-07-11,0.2801058233835833,0.18968452022665908,0.0008715870743246278,0.22182291153004666,0.0005232503138943013
2018-07-12,0.22933511403049586,0.20719251713030584,0.0007500159901057551,0.2145617879522574,0.0005582829359665908
2018-07-16,0.2288964422904435,0.3366834286374187,0.0024312886060223675,0.27101277114091465,0.0010058615257114991
2018-07-17,0.2185767312218897,0.25162569876919705,0.0011318440271111873,0.23876010714227533,0.0007355767671616994
2018-07-18,0.2774842500515562,0.22345038015745441,0.0008781181073240495,0.24177489139406463,0.0005328036659231041
2018-07-19,0.25829255996665734,0.221313262698064,0.0009087862288923595,0.23420198166359388,0.0006888709806480801
2018-07-22,0.1787587326762637,0.2278528216930776,0.0016483219660527047,0.2012257797129806,0.0008901789451342683
2018-07-23,0.2046302179221082,0.19207301778840402,0.0010026495800373224,0.19845265015833433,0.0005995407702054812
2018-07-24,0.20421055280534564,0.1873702751531166,0.0008361855382467495,0.1939673664564818,0.0005100287445219508
2018-07-28,0.26493053295533475,0.28511489491800474,0.004111531258728145,0.27112477577132965,0.0012026370894077062
2018-07-29,0.20045292901724024,0.24753619185393322,0.0013172723224083073,0.223273237222835,0.0006727589692754212
2018-07-30,0.17473454012850637,0.2027478930760499,0.0008590913180743567,0.19605193010436128,0.0005017609347148057
2018-07-31,0.2495696044890462,0.19197127150189935,0.0008194470227922495,0.21348401547851062,0.0005741816955269371
2018-08-03,0.23625533141716226,0.1753020947831367,0.0007183604086135985,0.19450890420539055,0.0004565342328211664
2018-08-04,0.18507521658191103,0.183837603601996,0.0008362936173647249,0.1828909718200221,0.0005038346564056634
2018-08-05,0.15788863380659413,0.17180682256305513,0.0008506104927846548,0.16713833884605997,0.0005565883790543188
2018-08-09,0.2523942336799565,0.18297007452333555,0.00126314976853406,0.21351864120598155,0.000671814850957607
2018-08-10,0.2296941306821033,0.1998067537200227,0.0008013960371220665,0.20955737077392275,0.0005190161089494965
2018-08-11,0.15369521184510754,0.19436447329978307,0.0007569007928318552,0.18073704137249916,0.0005843322616474872
2018-08-12,0.1632028335344326,0.2333660864893861,0.002084929523950149,0.1929475228967152,0.00076852499382947
2018-08-15,0.20387680332575214,0.2091969873915977,0.001414523291188302,0.20706332517536272,0.0008538790682704979
2018-08-16,0.2248107562584094,0.20130018343262226,0.0010142109439560184,0.2129874479102968,0.0007098685243428649
2018-08-17,0.1883161681387891,0.2085672315091876,0.0008632697859740085,0.2010860005063906,0.0004789564796532276
2018-08-21,0.14044801863302206,0.16604397553269504,0.0010130472052965484,0.15461621803580855,0.0005138481458471199
2018-08-22,0.1616369485178048,0.15190562174907235,0.000501078514842885,0.15279348041765028,0.0004026156484358085
2018-08-23,0.17703946543133914,0.17016110401172743,0.0008986189444916755,0.170029338351831,0.000572157429692687
2018-08-24,0.26386014665694124,0.1748942058573018,0.0008439157847259296,0.2064275844505004,0.0005318163033261773
2018-08-27,0.12550531611210033,0.18732400103198402,0.00124832670271459,0.16184206796087128,0.0006655076162628415
2018-08-29,0.22315472889053897,0.17000297681084361,0.0007096441465064096,0.1890774968718552,0.0005318762960995213
2018-09-02,0.18844424052069086,0.16008752509779892,0.0008492918031945505,0.1707543737736542,0.0004655591204419994
2018-09-03,0.16242840061073366,0.1650609918929124,0.000749486204211123,0.16157522028027282,0.0005649352490497765
2018-09-04,0.18028190882137957,0.1572329193029819,0.0005856330469243347,0.16302760898073348,0.0004008381433899439
2018-09-05,0.22602920681639935,0.16985360444816355,0.0005916076871088794,0.18407560377720222,0.0004659205090482726
2018-09-08,0.2754726775030143,0.2570317901611844,0.0028280215016016574,0.27130736471055866,0.001023524545340369
2018-09-09,0.22302814159359355,0.2540029760117121,0.0013333253746388586,0.241610460494073,0.0006927939553167691
2018-09-10,0.286227330465881,0.22723539060920386,0.0007786032176394814,0.24579410590921083,0.000541016410892267
2018-09-14,0.1743879356927273,0.19610559745647183,0.001429760893778671,0.18665622344613933,0.0008210405264447711
2018-09-15,0.13688874737962026,0.1811554422777319,0.0009114124243085748,0.1659983602237559,0.0006724042984439099
2018-09-16,0.20483310478127448,0.16268727633383737,0.0008109165690131771,0.17683310791808077,0.0006239154227008387
2018-09-17,0.13849796477639836,0.17463103469431815,0.000813937700209504,0.16198928873544674,0.0005005958616464549
2018-09-20,0.16845897332203497,0.15838794940769274,0.0009122968954745003,0.163800642433164,0.0006659208585617816
2018-09-21,0.27388872881938153,0.1656102771875892,0.0007984364388540596,0.20146750143552342,0.0006606237298637109
2018-09-22,0.21195253181531312,0.19796520264347062,0.0009089106468657669,0.20320287495709993,0.0006702711196410956
2018-09-26,0.1716592241546958,0.19934276816880764,0.001311623199846278,0.18758413989544234,0.0006918895030152284
2018-09-27,0.2793265160544091,0.18290480301353196,0.0007841886047408875,0.21450641620852842,0.0005714873643410254
2018-09-28,0.14579775976074935,0.2053777877927571,0.0008442644998032925,0.1868620905595159,0.0005736326999729518
2018-09-29,0.14648283829272318,0.18459069631385938,0.0010019462893593209,0.1717201090544232,0.0006099062822028718
2018-10-02,0.14764070346030617,0.17086828290058864,0.0013708186682233454,0.15947109057176184,0.0006465580368973015
2018-10-03,0.22231215001681184,0.15892660258306335,0.0008212413001026061,0.18055783705981834,0.0005615443509308601
2018-10-04,0.14802196955520802,0.1787041841894114,0.0007802806750502331,0.16811125770973467,0.0006073616410043883
2018-10-08,0.28438638201319477,0.28132490638989593,0.0024144881157752806,0.2832587026343767,0.0008774496355485726
2018-10-09,0.3080036765424929,0.2680621969454049,0.0012543276131076787,0.28601082134632366,0.0007817327110284094
2018-10-10,0.21501481081538232,0.33787836778229796,0.0010886244998141639,0.2874731407749478,0.0006085215066317898
2018-10-11,0.24967931034772492,0.28047505275402623,0.0008350774464759922,0.2717562244989338,0.00047957670143014
2018-10-14,0.42308112040650137,0.3639897356691464,0.0013692896631702168,0.3910585746687845,0.000730858791264972
2018-10-15,0.2163303466829895,0.40307840506361237,0.000543560397701593,0.35775202682710644,0.00048240786518317143
2018-10-16,0.375396293942027,0.33747259471440133,0.000726811274722126,0.34630921976120277,0.0005398728580188617
2018-10-20,0.25732247357423965,0.29460252061022296,0.0012398576360137716,0.2785389551852287,0.0006849054146684906
2018-10-21,0.385696367952912,0.2690751111632796,0.0008965857320339718,0.3117379980760622,0.0006878574026395214
2018-10-22,0.24609176262336935,0.2986270369314257,0.001110923687859279,0.2792362949618161,0.0005834320804136796
2018-10-23,0.2264777021640996,0.27013794322278156,0.0011477667439447627,0.2536395780634,0.0005400169184745331
2018-10-26,0.29599486925896223,0.23753128200295873,0.0011726221757627968,0.2606197321923503,0.000742560110027209
2018-10-27,0.23650371145416646,0.26059224904690526,0.00116183273184032,0.24782656625948443,0.0005741149259227167
2018-10-28,0.30208700632498353,0.31843267543740017,0.0019595373783427633,0.3083979697775475,0.0008422450698883816
2018-10-29,0.3410874189835136,0.30723454512577947,0.0010382281324087031,0.3220877697430069,0.0005643923748954985
2018-11-01,0.3949217480991081,0.3358988925541852,0.0012760959487432832,0.36388555949377377,0.0006931316814391252
2018-11-02,0.32103006895630415,0.35903408996698394,0.000735004503967725,0.3478604298164537,0.000571684511738252
2018-11-03,0.36342384879350736,0.33157602227335725,0.0010153944700417702,0.3436133635561999,0.0006282947667564847
2018-11-04,0.32661296940101614,0.3291462946261914,0.0007312251114579699,0.3295162184499291,0.0004495791840881221
2018-11-07,0.40932502792960573,0.3636872947981915,0.0006565605103724159,0.3741061207139291,0.00035975421049857094
2018-11-08,0.306171211932818,0.358384032145643,0.0004249745788490656,0.34731372977526137,0.0003207621484246386
2018-11-09,0.3701437924098695,0.3441835767641333,0.0005088230199699092,0.34874900931451813,0.0004458387233606932
2018-11-13,0.3629764654611537,0.3426793482046462,0.0009111741639311342,0.35158791639062703,0.0006124860431512055
2018-11-14,0.35021456411354285,0.33762791387892854,0.0007484546735204456,0.3427644135187753,0.0006517420790917838
2018-11-15,0.307763817618016,0.3323232395242911,0.0010593941768699347,0.32564482408654327,0.0005411397632480615
2018-11-16,0.21505875551408515,0.314635734269811,0.0009035169905357264,0.2813202234710656,0.0005815080076673594
2018-11-19,0.23312816086790458,0.2699690708592279,0.0013807178203901942,0.2541625296557763,0.000819365653025328
2018-11-25,0.3549046155397036,0.2892592814901282,0.002888874713863513,0.33123319097451664,0.0010179129781495385
2018-11-26,0.32997779982199604,0.32487705916899146,0.0010727461731548683,0.32479626043237,0.0007050597813370791
2018-11-27,0.30179982594331317,0.31446763316791854,0.0008925228625029849,0.30958460212956307,0.0006074570857618675
2018-11-28,0.2267882470570058,0.30476664395930114,0.000801109667497532,0.279971380574449,0.0005352416473600869
2018-12-01,0.3578230318126942,0.37242509605484453,0.0010342655898465207,0.36596753089953304,0.0006811466549644455
2018-12-02,0.30843405294288306,0.3854660626042395,0.0008135327161715465,0.35862912678988124,0.0005372608800253818
2018-12-03,0.3621751368645516,0.3823726760830332,0.0007035076613105157,0.3772429285304717,0.0004809210519885395
2018-12-07,0.39131505342062994,0.3304674900544433,0.0009300897730724656,0.34875680108001644,0.0006440660114224774
2018-12-08,0.3344158128821502,0.33971345871966124,0.0007980471858733905,0.3359810848442231,0.0005788285412172763
2018-12-09,0.29673207898321236,0.33586149014921396,0.0007555620953697751,0.3226468454570135,0.0005447253958537799
2018-12-13,0.38308473147228217,0.38447312279910556,0.0010247843907191865,0.3840004468257587,0.0005281524892557758
2018-12-14,0.29002336883137564,0.36143051938854165,0.0007212564769157394,0.33878750172068584,0.0004859865180309274
2018-12-15,0.35892082386012353,0.3727418845673274,0.0009882978899255262,0.3673049721690412,0.0006000751986470262
2018-12-19,0.3536350383895448,0.3556326384867021,0.0007562514294175632,0.35541376942051,0.0004778581789774853
2018-12-20,0.33295613759695064,0.34669681933524776,0.0008353939882438765,0.34437948856411504,0.00044297976622254004
2018-12-21,0.34461182056358697,0.35230425965772894,0.0006885387396776635,0.34905506750955795,0.00040686924152716645
2018-12-25,0.389449345902028,0.3407734014667731,0.0007539197144625173,0.3557482834998222,0.0005455291280511738
2018-12-26,0.2685614722627176,0.3456515332458778,0.0009067658673064809,0.32140101058407033,0.0006083526041296757
2018-12-27,0.36271900293227166,0.3203713648232551,0.0009063157357746686,0.33309920242362184,0.0005717723864714743
2019-01-01,0.3079821695172224,0.3192525807852001,0.0012629478494661744,0.31571688261863345,0.0005854798125021746
2019-01-02,0.34268715138288747,0.31064191922122397,0.000992369923236611,0.320772023359814,0.0004997423203590497
2019-01-07,0.30285248409747034,0.3100585977051749,0.0016309210206896748,0.3019884571495927,0.0007752117011393751
2019-01-08,0.30916295821257167,0.3052899240994552,0.0008284761442653119,0.3090118750507091,0.0005362348405801949
2019-01-12,0.3484923494012104,0.3075384552346174,0.0015140941724866603,0.3263149059250933,0.0006380567026440898
2019-01-13,0.3683161602099343,0.3249423080048613,0.0008843430417449837,0.3400125840725973,0.0005359903837679947
2019-01-14,0.3511372616880445,0.33865869762999007,0.0009144539639167926,0.3428430924213568,0.000496936730349485
2019-01-19,0.32071750922749914,0.3522230526164548,0.0009326516879876211,0.34079869960226267,0.0007218440896979049
2019-01-20,0.33821301828306544,0.34567220777311874,0.0008012480820759319,0.34653076737229455,0.0005228744604467485
2019-01-24,0.3339671890281082,0.3718412485988173,0.0006857922509181216,0.35999391466921915,0.00044950398104739704
2019-01-25,0.35476634260417544,0.3555475246403859,0.0006845745220053709,0.35524733838557154,0.0004940025953176016
2019-01-26,0.3417860309752055,0.3505075681437439,0.0007638454442217482,0.3481642162844873,0.0005230638873908135
2019-01-27,0.35645120229706007,0.369685581863046,0.000817316374408093,0.3660693194590053,0.0004876514465818397
2019-01-30,0.3876385313166984,0.4075186827852114,0.0006920739526172102,0.4016608674892567,0.000509678505303743
2019-02-01,0.33777584933583293,0.42347586503025775,0.00040521308617813106,0.40676551667671346,0.00031564606977149755
2019-02-05,0.40952484288901125,0.410529506041699,0.0006025387147798211,0.4109853731321399,0.00048064546581033787
2019-02-07,0.3795540410837041,0.3768291589089418,0.000628719291328423,0.37932275642660124,0.00044154271855476073
2019-02-08,0.38490015157957685,0.36635516085868614,0.0006737884395286355,0.37056337895260083,0.0005534122230848833
2019-02-11,0.3432286631636398,0.35122231065656373,0.0010925335648918715,0.34647182699645707,0.0006592889438183694
2019-02-17,0.33096640324018156,0.3238605663881684,0.0015993478373280013,0.3237874838299672,0.0007782034254802141
2019-02-18,0.3047160261626813,0.3216351658218775,0.0009867052519451744,0.3145846784548606,0.0006725682848178656
2019-02-19,0.31844858580139906,0.3161240127527061,0.0009440808929569391,0.3166254899725232,0.0005399314833782119
2019-02-23,0.29902824123184807,0.30649784924300316,0.0014809601810648093,0.3042423050166538,0.0006712267857952799
2019-02-24,0.30317752439108986,0.3031262244604643,0.0010617557337965053,0.30288596796766987,0.0005354522564752748
2019-03-01,0.29254139026411735,0.29330876294078356,0.0016221657734547955,0.2883044833128643,0.0008121264901768318
2019-03-02,0.30522827756485016,0.2892617950930034,0.0013135342637423976,0.29415702017155554,0.0007219331642039882
2019-03-04,0.30903219986743946,0.29224773306134333,0.0013528819266336554,0.2990023841533851,0.0006052892252004886
2019-03-07,0.33824933440975924,0.3225434180193158,0.0011291624677893521,0.326742958716806,0.0007582504701768797
2019-03-08,0.30246858437415197,0.3269947884866945,0.0009448121623780802,0.3194965192942572,0.0006573542523003915
2019-03-09,0.32809196987345446,0.3122046509367571,0.0009632486450626312,0.3196276648725074,0.0006416610925967662
2019-03-13,0.38756102803770515,0.3410272580389889,0.0008757965524250738,0.35727409901404295,0.0005286748569305512
2019-03-14,0.36556682277172214,0.36087069569479013,0.0005199446089521093,0.360360215013226,0.0003924846363405437
2019-03-15,0.3937102001276742,0.35077688262795675,0.0004439105810173494,0.36071899185424455,0.00037101687277670095
2019-03-16,0.34555223043769256,0.3489049034030936,0.0004346723106245849,0.34792786652763175,0.00037670165413892804
2019-03-19,0.29029044460111253,0.35126537415567016,0.0010582125093084919,0.3276369877803668,0.0006865254558280906
2019-03-20,0.27334339169102523,0.3174532517686684,0.0008936641540057717,0.3011314629023911,0.0006962177703655119
2019-03-25,0.31748809782289555,0.2677805429520198,0.0020205221043961405,0.29532057083701596,0.0008289489382124687
2019-03-26,0.2760010045548103,0.2864655132920999,0.0011664155044809426,0.28528140882081066,0.000565571898108334
2019-03-27,0.3246297751547483,0.2818531992615324,0.0009561183473682712,0.29669177790269313,0.0005382231565979163
2019-03-31,0.2776554675561143,0.26802511351264796,0.0014911557206615576,0.2740344598221134,0.0006506623167650377
2019-04-01,0.3988959398045267,0.28272815745121216,0.0008477072071492214,0.32363519457552475,0.0005812379142883118
2019-04-02,0.3572673001547933,0.3297500793127977,0.0007259013777853307,0.3379912089995474,0.00040779794198150284
2019-04-06,0.40670214289441514,0.38588672011873176,0.0007296757038235633,0.39065048675382963,0.0004511231930187873
2019-04-07,0.3234209585470907,0.3746806749298394,0.0006325043656030085,0.3612318649068188,0.00045588322377769996
2019-04-08,0.4122429733410754,0.35876422399606966,0.0006404487914406087,0.37356799433790067,0.00046135201379821837
2019-04-09,0.2704140551797782,0.3537552642002632,0.0005355869613818492,0.33494819008715504,0.0004063609387878901
2019-04-12,0.30686601258258756,0.31799280669198754,0.001088276132840372,0.3147252107639162,0.0005614251730617464
2019-04-13,0.2605251769083834,0.3019836944851485,0.0009417477301606342,0.28817701691251424,0.0005834812000581705
2019-04-14,0.30331303206776,0.2809659098173634,0.0008423391254752613,0.2878675418826231,0.00047581440082252477
2019-04-18,0.2557422604824592,0.31066813245490194,0.001631848373980554,0.28482488447995546,0.0007962410762292282
2019-04-19,0.2456359890625862,0.27507145931526455,0.0011099993020060844,0.26228324594407537,0.0007960507956682796
2019-04-20,0.36645179523415816,0.2539829427407047,0.0011524126206632543,0.29824207084923204,0.0007610716710613417
2019-04-21,0.27742753924751623,0.292711086287905,0.0011711720941500745,0.28807113398390416,0.0006045266050208925
2019-04-24,0.37067568114250965,0.38576296599533827,0.0006277295443271138,0.38223294675749264,0.0005347232916050833
2019-04-25,0.40899544467781546,0.39804097925380894,0.0009183774392281831,0.40177500916372616,0.0005784944823463507
2019-04-26,0.38338798947680375,0.3812125165517741,0.0006939466116875056,0.37922851079621955,0.00046572152907953533
2019-04-30,0.28228737351775923,0.30440631301146936,0.0012599204216798428,0.29851232776786396,0.0006880037965583262
2019-05-01,0.3119038102527908,0.28671344253279635,0.0008020906842414442,0.2936798757876075,0.0005690108650315383
2019-05-02,0.32196355603432397,0.28846368939140554,0.0010764602899146249,0.30397189845246353,0.0006309336661887273
2019-05-03,0.3134238791074422,0.3235234053371264,0.0008857336011695261,0.3217028940966701,0.0004483122879129327
2019-05-07,0.4076608958341352,0.28315335889409804,0.0009329655851517039,0.32835331039853427,0.0007668270959711593
2019-05-08,0.3801497376751963,0.3434469549999796,0.0008114965875147239,0.3556271934778678,0.0005125711035975689
2019-05-12,0.25815882717456523,0.3121663588341712,0.0010278192372552128,0.2900604023699546,0.0007331091365014141
2019-05-13,0.24146898104204975,0.27744328563056586,0.0012679373928223508,0.26190251463116615,0.0006937846143664648
2019-05-14,0.2946126756838036,0.24850322600414917,0.0010456018741414384,0.26778938803191316,0.000531760228833166
2019-05-15,0.28222594650880584,0.25387572046672424,0.00112923625928943,0.26705045880440254,0.0005623508669077138
2019-05-18,0.3203491054854034,0.3688571224063296,0.0007516863264194398,0.3531870886730007,0.0005453092600579284
2019-05-19,0.35109600311854555,0.3718408091491013,0.0006351273951095907,0.3649307953731564,0.00045293899940365885
2019-05-25,0.36742750116126544,0.35443943245607057,0.0007434310223294228,0.35755415632971127,0.0005336407763691697
2019-05-26,0.3120860431685167,0.3410605342587489,0.000836452936554783,0.33282204525642906,0.0005921070385995704
2019-05-30,0.2884159777138887,0.2933328985299261,0.0018256003156371,0.2910906888556,0.0008926675735238963
2019-05-31,0.23666862846746842,0.2679609481828145,0.0013141130839570759,0.25087920557227883,0.000726049370273112
2019-06-01,0.3185917114082469,0.22855527903873404,0.0012831638198084843,0.27167168866541025,0.0007327354554341164
2019-06-05,0.39744044756995695,0.3802636366897331,0.0018260977398894443,0.39095980637525046,0.0008552877924380405
2019-06-07,0.299750642302691,0.34136905627414554,0.0007237665258596043,0.3303752619597521,0.0005530259469363083
2019-06-08,0.21991502763058884,0.30842501485869106,0.0007299717318441974,0.2824029696556994,0.0005154165477605361
2019-06-11,0.3279324396895992,0.2835726578962665,0.001644560436899456,0.30545933134858055,0.000773209031107849
2019-06-12,0.2797204532827959,0.2954749771398659,0.0011692989145328425,0.28775404450923053,0.0006936170620528833
2019-06-13,0.23631624568949747,0.26283983451335147,0.0011746114756536789,0.25324775261176513,0.0006228624841062921
2019-06-17,0.25921870866740604,0.24710063677849167,0.002096457588787461,0.2529912008343715,0.0007078388536103541
2019-06-18,0.3221188816389982,0.23259754675642744,0.0012148869884785233,0.27468443541282545,0.0008572536872210039
2019-06-19,0.314087498799007,0.26309564688343695,0.001298996216886986,0.28598588811326175,0.0007090316434484812
2019-06-20,0.22201800627184837,0.3062274520531147,0.0011406769494063558,0.27295586320977416,0.0006435001241481671
2019-06-23,0.23982382870442565,0.25711695544728164,0.0017146750798323744,0.2506187619417857,0.0010396678450880705
2019-06-24,0.31915306605332916,0.22959695906646285,0.0011775490789525617,0.26482933860044644,0.0007098402183204449
2019-06-25,0.3274612863600346,0.24390444769467837,0.001084203316219235,0.2798967474479924,0.0005269974026574197
2019-06-29,0.35618584287672084,0.20271541724802575,0.0012326380543279639,0.268015979852398,0.000530699013519031
2019-06-30,0.38456575355841405,0.24987519014838674,0.0008436559905735805,0.2957288542930723,0.0005557228696457812
2019-07-01,0.30553486833875326,0.27706588208507354,0.0009464044281434356,0.2863024957017102,0.00046907823584685127
2019-07-02,0.20751282711205693,0.2737964599774495,0.0007753867327188372,0.25452714775635615,0.0005536821215104694
2019-07-05,0.2512322932850021,0.19891359582525123,0.0009755011263681235,0.21893194756267229,0.0006774378094592445
2019-07-06,0.2947113085199591,0.2122392589280831,0.0008636981378105076,0.2416514600766056,0.0006195908772253273
2019-07-07,0.37203741179545935,0.22669542304574494,0.0009516189474929883,0.28149438178046016,0.00048326845864122365
2019-07-11,0.31652521186726995,0.2580664675670457,0.0014327321360322867,0.28715685267075786,0.0007993766549690684
2019-07-12,0.32049321631241035,0.2561599662221016,0.0012539653246975238,0.2848673845695833,0.0007580605778910068
2019-07-13,0.2176679399685208,0.2646501241370932,0.0010842853350382948,0.2439190374481611,0.0007603239301322213
2019-07-14,0.17994528808298807,0.2229804158594762,0.0009385018572173132,0.20973406612274711,0.000665050632759739
2019-07-17,0.27538548040706057,0.17813754288272546,0.0009185573912108274,0.2123859373929443,0.0006526425361837258
2019-07-18,0.2723601620080469,0.2040455621527654,0.0010055026583391518,0.22889287836519895,0.0007375369197175425
2019-07-23,0.1867915224083898,0.17028451775471903,0.000663642501356803,0.17614045067895595,0.0004353852338507614
2019-07-24,0.22019180278267006,0.1683790449984997,0.0005823899100091729,0.18153668530265887,0.0003802320566029129
2019-07-25,0.20540444563151677,0.18518617451471922,0.0007073974066234398,0.1903282293402294,0.0005902092916961773
2019-07-29,0.22683590183967112,0.27449776867333453,0.0020788606173754963,0.24439355761925985,0.0008581145030390614
2019-07-30,0.2936609676562736,0.23811795835496125,0.0009149528603799685,0.25734185990636216,0.0005956919518471599
2019-07-31,0.15515992288056038,0.23937794928501532,0.001054307140349632,0.2065637307109392,0.0005629259088107524
2019-08-04,0.2617420877781595,0.18392198585429495,0.0009526841038072867,0.2118513121760432,0.000691949434662946
2019-08-05,0.26663817427540804,0.1986710221496488,0.000824026015338364,0.22182510358125704,0.0006185780700299844
2019-08-06,0.277718265747561,0.20688302157052932,0.0008461783414240399,0.23200264476214208,0.0005194852163277299
2019-08-07,0.28319768361538994,0.35880907441555476,0.0018969930249965203,0.3156182494535414,0.0009146660691249908
2019-08-10,0.3167790561759446,0.2972989665936187,0.002081226711155411,0.30905955696624177,0.0007835314908481358
2019-08-11,0.3360241553589434,0.3580357262631799,0.001339056777681597,0.34824550704864776,0.0006681026583962903
2019-08-12,0.2905211131428273,0.34300506120994007,0.0006063360092011832,0.32750364800442466,0.00042843813742454164
2019-08-16,0.2485928491194064,0.24266861704223308,0.0014561714141814628,0.24788047563189575,0.0006726865239347445
2019-08-17,0.20514752174030126,0.22676061156241403,0.0012117336803806184,0.21836399893789424,0.0006463241149363429
2019-08-18,0.2849420240250077,0.26948453080318535,0.002266706135767572,0.27803966087592075,0.0010449348029132996
2019-08-19,0.2048327314546982,0.2666953901940702,0.0013127922189302412,0.2369530708343832,0.0007727047305491886
2019-08-23,0.3162013380950226,0.2088810784011261,0.0014833509522835144,0.2611618385560144,0.0007522395326256289
2019-08-24,0.28244752819374563,0.2396252058429817,0.001074520376299199,0.2560112826437515,0.0006693593766202418
2019-08-28,0.2254128015325096,0.22415504987181792,0.0015462096115578243,0.2243262626809604,0.0007866644970074479
2019-08-29,0.2676725778666412,0.21056932573879789,0.0010464245831220407,0.2328479654809158,0.0006004864291269627
2019-08-30,0.2202520026525277,0.21657930449507326,0.0007041425436294307,0.21830853437784814,0.0005157646317604967
2019-08-31,0.19305431700154294,0.2096090881381632,0.000681141845513003,0.20436108532117228,0.0005242099695012311
2019-09-03,0.153067483524925,0.1927257783675531,0.0010979270977363239,0.17711301772585406,0.0005564053821477619
2019-09-04,0.3766541071858383,0.1757536981149697,0.0007792037138297866,0.24113871122405595,0.0005853903291930486
2019-09-05,0.1496747478838268,0.23269492489203455,0.0009586337940987248,0.20298574110593265,0.0007730409073067859
2019-09-09,0.27409553706682227,0.18955666900760917,0.0014464444748943882,0.2281458253269256,0.0007063552178539615
2019-09-10,0.2740816753513883,0.24923706087463915,0.0011018444829942787,0.2590220313166382,0.0007937200302354522
2019-09-11,0.21054924829867822,0.24054184770879364,0.0010157299101379387,0.22799574436759207,0.0006088623380911115
2019-09-12,0.2832455476136945,0.2128991861345115,0.0009734950589029071,0.24291430892774252,0.0006184615910463493
2019-09-15,0.26122547249806094,0.20398155908651322,0.001102513850232816,0.228308152716923,0.0006474628232953116
2019-09-16,0.2255293327374087,0.2195453877100325,0.0008171128339183927,0.22126702343824342,0.0005388882446241897
2019-09-21,0.2319371659244548,0.2055893166012101,0.0013826714806581693,0.21996358682451778,0.0006919259719465667
2019-09-22,0.32229217233714225,0.3055821645165807,0.0022261351904957535,0.31345322777852147,0.0009423546704835521
2019-09-23,0.38740405516858534,0.2929708801286027,0.0011102432431165563,0.3324601992506498,0.0006900866696240571
2019-09-27,0.2431617912804554,0.30585109260259885,0.0010084893522809718,0.28273774862484863,0.0005607078932187913
2019-09-28,0.36294106690778516,0.2698863443552253,0.0010496465645086386,0.30589029831499276,0.000647293846711637
2019-09-29,0.23943515532197035,0.28923796084111664,0.001000172239267427,0.2718491271392528,0.0006790395662067325
2019-10-03,0.24692575718664303,0.2582371057879064,0.001846046822697315,0.2514520682531656,0.0009346897456322806
2019-10-04,0.36421384665450585,0.24756481679890732,0.0011364380420349296,0.29755030440625313,0.0008088882155132953
2019-10-05,0.19618502847240854,0.29085084736174655,0.0011726896530558097,0.2498965232936714,0.0005705738175085064
2019-10-06,0.24460269501127094,0.25014302813817924,0.0010046710578645536,0.24672381592994938,0.0005580270824539188
2019-10-09,0.30397634582702066,0.2458457495522359,0.0011741630788392162,0.26953715634431585,0.000677926138854501
2019-10-10,0.25791663400527826,0.2616875126977846,0.0008628171123793624,0.2592849708197931,0.0004569832048761435
2019-10-11,0.27385101504664633,0.24690855313969778,0.0007652023007950736,0.25537173210691927,0.0005961465854990945
2019-10-15,0.27886744309197614,0.3823316278870842,0.0006917255401277154,0.35174932824553085,0.0005122491627749848
2019-10-16,0.2791406722745326,0.3347004713506376,0.0007466651943735711,0.31473443373241433,0.0004781880900696196
2019-10-17,0.35080969265815864,0.3099791305183931,0.0008942336547165821,0.32660908016138746,0.0006276418007960265
2019-10-18,0.3086904085123604,0.3443561696677003,0.0008835747688449139,0.3316933584942211,0.0005130291045335764
2019-10-21,0.35859144540770443,0.3318455159770937,0.0008845317811850669,0.34203473421601066,0.0005932754160383348
2019-10-22,0.33619481722108835,0.3821818098250263,0.000769598013264275,0.36604309610769503,0.0005127737146175009
2019-10-23,0.3568426206235913,0.40412011732311354,0.0006366341785846397,0.38996396446014037,0.0005029169177944928
2019-10-27,0.3703448740966679,0.32605613196383826,0.0009121897299681165,0.3427360690688169,0.0005660008724992924
2019-10-28,0.36645709290914663,0.3312227998554522,0.0008687451354725522,0.34468728543113836,0.0006231746566797934
2019-10-29,0.3153046261558307,0.3294622337985825,0.0008344625424846361,0.32363917467975517,0.0005699773011318009
2019-10-30,0.28225558329494277,0.3202456704730327,0.0008649024053169963,0.3088571326333115,0.0005738426771931682
2019-11-02,0.3233025656660919,0.4120204063832796,0.0006359040372775425,0.38639008279281806,0.0005129166588431923
2019-11-03,0.3864204151719853,0.4084228119994021,0.0004851109244598951,0.4045426493180809,0.0003227262966617297
2019-11-04,0.3921925845308535,0.41103664592807754,0.0004698802810498578,0.4077887657204461,0.0003087329356745359
2019-11-08,0.42111410102973695,0.401506632066355,0.0006211976825194275,0.4059766967563647,0.00047631695891522214
2019-11-09,0.3621449723541421,0.3871091262322926,0.0006737824008065247,0.3809124928982854,0.00045646007821592734
2019-11-10,0.29632742808201656,0.37047084885963794,0.0005417258658497724,0.3517213658866645,0.0004172965481110685
2019-11-11,0.3729149337281975,0.3682930926227435,0.0005569978799746399,0.36937156346624717,0.00040263711260310817
2019-11-14,0.33501813464865526,0.3933777589272269,0.0008365353211850755,0.3749742880925942,0.0004457420256956822
2019-11-15,0.39240005390844507,0.4015462884668417,0.0006728687498595483,0.3990859061787657,0.00038399580547122855
2019-11-16,0.38396263459221835,0.4079315736190992,0.0006332819837534461,0.40127074137239177,0.0004986014594196826
2019-11-20,0.33053103075422324,0.35490676981387936,0.0007817776477019863,0.34651509319785717,0.0003944344805264056
2019-11-21,0.3582968787187949,0.34680284429748526,0.0008177348720137654,0.35207431332345235,0.0005430540228486576
2019-11-22,0.32226571074057614,0.3570221625593259,0.0006691232773962946,0.34722940321941764,0.0005111186471334686
2019-11-23,0.41833481983518045,0.37332062035602676,0.0007683172165366113,0.38728484768397997,0.0005696796691460548
2019-11-26,0.41659464424515424,0.36202477720243936,0.0006425406853731232,0.3777045030269106,0.0005022492308120924
2019-11-27,0.41230471471017643,0.3795995872417366,0.0005078275116775651,0.3871528125849656,0.0004251378723987598
2019-11-28,0.40579312486127234,0.39199067937823906,0.0006359799190576375,0.3958253126786043,0.00047900134167589234
2019-12-03,0.378800081158464,0.3582095989814637,0.0007898358131220183,0.36392105048933815,0.0006247010168161106
2019-12-04,0.39281849545104175,0.35922562779627226,0.0006728088577700465,0.37071927531931337,0.00043434736314849773
2019-12-05,0.32138145887429603,0.36619697761457654,0.0007091893075947561,0.35038728132970415,0.000502226869965013
2019-12-08,0.34500563172342685,0.37677533729621954,0.0009042979599574574,0.3653977213301055,0.0005914979788432356
2019-12-09,0.3709437168702287,0.38054215368157834,0.0005375874804885222,0.3771255425052318,0.0004236771374439047
2019-12-10,0.36409424357976494,0.36560563786111794,0.0004981912220992821,0.3651497341230976,0.00031892050558684267
2019-12-14,0.3604207804013158,0.39533991497976695,0.0005027792483278457,0.3881991648198728,0.0003668861501783365
2019-12-15,0.38954849650776124,0.37047267090883507,0.000495601463279244,0.374661094335513,0.00032444025390349833
2019-12-16,0.41625005938459914,0.365867652163412,0.0005429834200097723,0.38108211701617295,0.0004349119816357105
2019-12-17,0.3785841139062969,0.37993442801654803,0.0005073114749110241,0.38108996918816623,0.0004306525296458959
2019-12-20,0.35173700707638395,0.40534382289895193,0.0007667245847102,0.3895924619141035,0.0005495388434038326
2019-12-21,0.3880702114877078,0.4252769485708463,0.0004989511073082597,0.41650289764961634,0.000436112836310873
2019-12-22,0.4124145724226778,0.429240333957924,0.0004409564814443983,0.42553684792313773,0.00031683961916016684
2019-12-23,0.41314726676731456,0.3997389251283356,0.0006225375344196905,0.40189038194017146,0.0005316042087231978
2019-12-26,0.3603888605282242,0.36544355945932094,0.0005095773646966329,0.36393819557239226,0.0003449455292485997
2019-12-27,0.3871692554226421,0.3622622288264475,0.0007169275371762584,0.36904135243797404,0.0005869999856779255
2019-12-28,0.35814016035171004,0.3647032882269917,0.0008485238017988556,0.3631753008875305,0.0005761593409551932
2019-12-29,0.3414836753433835,0.35973696130406224,0.0007521351609021667,0.3534183936949741,0.0005786239405189232
2020-01-01,0.3329163063627361,0.35724842150338615,0.000815284288532881,0.3495898465405922,0.0005838285663661718
2020-01-02,0.3565624260551157,0.3503048720819233,0.000725194207859979,0.3519918159206801,0.0005579123034269785
2020-01-03,0.38883690149615197,0.3541126434428003,0.0008482728158696439,0.36675474597830676,0.0005640292402309085
2020-01-04,0.3624175223979858,0.360987695807569,0.0006097221957818151,0.3626278918038469,0.0003947148141420178
2020-01-07,0.31881477642878586,0.35747585973579044,0.0008825906679752949,0.3424952771165617,0.0006306001909303859
2020-01-08,0.3719832360328799,0.3455520068411835,0.0009602512526841305,0.35411454267301884,0.0007503908054836944
2020-01-09,0.39104147567711933,0.36063254517851606,0.0006909647440589725,0.3683327455824349,0.0004732026464500091
2020-01-10,0.37405170043660113,0.3669521300392802,0.0005493947397349246,0.36732573637731114,0.00037859042323470514
2020-01-13,0.33950555487841766,0.3523506491415515,0.0008300242687421885,0.3496883954473868,0.0005158281335257399
2020-01-14,0.3621042517846875,0.348919503379787,0.0008125612634517728,0.35401162182348833,0.0006401860878751008
2020-01-15,0.3558680762931502,0.35178027274235235,0.0007405624722971037,0.354296583771818,0.000514151699070847
2020-01-16,0.3633108031141715,0.3499978382882536,0.0007552530994882433,0.3549242596407916,0.000539551434457971
2020-01-19,0.28672368117176,0.36726337306776435,0.0005726125759866282,0.3459640496675576,0.00044299055213594855
2020-01-20,0.3625046814093761,0.3464493278769709,0.0005901484641125209,0.3507786855035113,0.0004729772817122006
2020-01-21,0.3212887208069656,0.34915217053257896,0.000740545577066986,0.34094699693043595,0.00048285663728956784
2020-01-22,0.3877139693121767,0.3921635428833817,0.0008088242014313486,0.3931600236711579,0.0005507796078228297
2020-01-25,0.34881014340566685,0.36512178291566516,0.0005312141891024306,0.36001424105321533,0.0003659247895371147
2020-01-26,0.3569075550242706,0.3733563524811595,0.0006540260893129465,0.3687287024666503,0.00039655086624955274
2020-01-27,0.39845590033057215,0.3663928030641371,0.00038729795836718405,0.37183871744964314,0.000293415760657818
2020-01-28,0.38581781299927703,0.3759650348882625,0.00044742276563285117,0.37777663616614826,0.00037645711266533633
2020-01-31,0.3972289414854815,0.38728758688248877,0.00046418190576097364,0.3884936562163738,0.00039214493277285264
2020-02-01,0.3624185434671441,0.3861711131203306,0.0004859239634026196,0.38107549829646215,0.00033616130953379846
2020-02-03,0.3802069900047536,0.3586462890759951,0.0006633975716454699,0.3658206864518728,0.0004527556978335703
2020-02-06,0.343000995715386,0.3481845212075651,0.0007896406383711814,0.3449813821384954,0.000479859572195933
2020-02-07,0.3662363713677019,0.34284356254843623,0.0006777756804552083,0.3487207438734001,0.0004574112539569663
2020-02-08,0.35376445752810537,0.34737037008833105,0.000707294572554478,0.34754074820376774,0.0004944553231259227
2020-02-09,0.37780406917727516,0.3422381715198246,0.0007892353294301467,0.35279384804499025,0.0004716263226330794
2020-02-12,0.3675130376114968,0.3575420653137865,0.0006924373968357974,0.3603483764309786,0.0005340702050640164
2020-02-13,0.3552859133789138,0.3527479878672884,0.0007047130886458536,0.3517392604176352,0.00043762708914697024
2020-02-14,0.32188411146753315,0.34553869717444463,0.0007429791651583286,0.3391504445751872,0.00045571281602455423
2020-02-15,0.3742986261152616,0.33450171009590995,0.0006424016140399515,0.34559615962894946,0.0005227698342183353
2020-02-18,0.3502528275420611,0.3463415812658557,0.0007772547246959113,0.3478770837708495,0.0004810784782644354
2020-02-19,0.32828343580533603,0.3452406275465927,0.0007394281079857101,0.337357383615717,0.00048442638535163134
2020-02-20,0.3179801677212714,0.33237925386663214,0.0007416003863600459,0.3275807973699338,0.00047959325788519676
2020-02-21,0.3816663308679843,0.326430643877893,0.0006549616710303069,0.34238946311707497,0.0004517998901050106
2020-02-24,0.30953074235944145,0.33175532383020895,0.0008797427902222545,0.3238245960311352,0.0005965092788033891
2020-02-25,0.4058092334789314,0.3488883449326676,0.0007728348588712997,0.36569171255677574,0.0005288751565659998
2020-02-26,0.3903965330034143,0.3713908886902725,0.0005207991516415762,0.3747142427132069,0.00038834558707659535
2020-02-27,0.40613213222525135,0.4079802769100468,0.0005924783766084456,0.4086822729996456,0.000441514708668401
2020-03-01,0.41836240116626133,0.3850704274789789,0.0005085091631484794,0.3939269049123769,0.00036572503806095127
2020-03-02,0.41892057272067607,0.4124311576766171,0.0005374406600159269,0.4132265200126698,0.00038707281104628956
2020-03-03,0.41504466758209196,0.4228133745691428,0.000471513642146575,0.41955445576053335,0.0003632175708950302
2020-03-04,0.4111146499118639,0.41107445050127417,0.0006007440192633588,0.41170428461919956,0.0004251616232132149
2020-03-07,0.39147486050720326,0.3853035438428634,0.000569249558207218,0.3874338696154897,0.00041723025058191274
2020-03-08,0.4191532717563505,0.378712720447355,0.0006142127063587554,0.38708359514716767,0.00036748196756705373
2020-03-09,0.3907801934218617,0.3812766315468135,0.00046891496196002175,0.3834497275210871,0.00033956395508728376
2020-03-10,0.36453978978827595,0.3738721958216339,0.0005163556969155651,0.373090250042541,0.00037120847691028317
2020-03-13,0.3843845077163974,0.3620901538284597,0.000607050819712179,0.3680308798365452,0.0005581924720336283
2020-03-14,0.3453826749656503,0.3550529296983456,0.000834109970368495,0.3514810480766882,0.0004856514492951622
2020-03-15,0.3728201698919032,0.3539065823485625,0.0006814974897854638,0.3591987424436221,0.0004369540937731168
2020-03-16,0.4181791897000155,0.3951204808235609,0.0006542301993200926,0.4046757496219272,0.00035424604629660816
2020-03-19,0.3603822290808447,0.3534966610656666,0.0006537528968058251,0.3578384473795875,0.000488596822932563
2020-03-20,0.32926823942744904,0.3476914311337115,0.0005842370694476102,0.34321072907631367,0.0004596523284166273
2020-03-21,0.3336883937946498,0.34000987102208585,0.000820352815132665,0.33904803838644526,0.0005071616917502439
2020-03-22,0.3662265160824839,0.33044129343645523,0.0008425552806218007,0.34357501411025054,0.0005880021769049782
2020-03-26,0.3273601815086472,0.35175731304018854,0.0010584902171585136,0.34366167716146556,0.0005460211718317246
2020-03-27,0.3566170579086865,0.33649687893604957,0.0007506120159355202,0.34406706893488226,0.0005540682815006588
2020-03-28,0.3536020688825677,0.3326713464442803,0.0006689863094349788,0.33805121403767807,0.000495072018908935
2020-03-31,0.31967533277477134,0.3325071142445995,0.000882124072049111,0.3279807563964618,0.0005700076364843191
2020-04-01,0.3421623774554865,0.3180451869971484,0.0007238181882928696,0.3261885651291695,0.0005793399894413355
2020-04-02,0.29958784243246045,0.3224373573852803,0.0007259332693836508,0.3149238495061992,0.0005627021162481393
2020-04-03,0.30955232792565657,0.3093131014793544,0.0009914891098060442,0.309518660403384,0.0005858703980322843
2020-04-06,0.30986828252518256,0.2902812352312809,0.0016616878637562235,0.30248670128753596,0.0007137124357915019
2020-04-07,0.31364486163829003,0.30948343158478236,0.0010133839191735783,0.31016304440646836,0.0006389768652424742
2020-04-08,0.2601585759367124,0.3027042827445583,0.0009003601416817395,0.2856449345052232,0.000541510068874337
2020-04-09,0.3096267955804165,0.28038050730534075,0.0009369436066346391,0.2896307175139737,0.0006498909924301359
2020-04-12,0.3936169502096724,0.27715437540156185,0.001368380015288824,0.33444194901365415,0.0007876620365376544
2020-04-13,0.3543545364387255,0.33490800770219276,0.0010983260863771979,0.34488510872472256,0.0007449862058218469
2020-04-14,0.24786749396511593,0.3279308190876155,0.0011470315995240708,0.2914119846469793,0.000674628589117037
2020-04-15,0.25584375546704724,0.28098790038945665,0.0009202114648681008,0.27232800027664117,0.0005710768943151723
2020-04-18,0.39025966121323075,0.2695090479395887,0.0016856690070510346,0.33011316772561367,0.0008213233058752762
2020-04-19,0.4012351087390539,0.3525228474920202,0.0009412904787176145,0.3729274819390204,0.0006137072981916747
2020-04-20,0.34987698424028313,0.3824618281750376,0.0006377505343158778,0.3717087611444819,0.0004123872169154071
2020-04-21,0.4101534498799576,0.40799962481338214,0.0005965267118379449,0.40703904746722985,0.0004139400648003749
2020-04-24,0.3474111803294922,0.33921171602643113,0.0008647724748554219,0.34018771824393623,0.0005827411182431703
2020-04-25,0.35036345415357273,0.33206520091717195,0.0008573031649144405,0.33897026504113775,0.0007077811039330488
2020-04-26,0.3437366381138068,0.33852140231236855,0.0008863905822436447,0.34200516168403966,0.0005198897106880725
2020-04-27,0.39765901140485543,0.3697630294061343,0.000822298400580176,0.3777708070659376,0.0006037043553265492
2020-04-30,0.39108793117461127,0.37228381925489706,0.0005944448584417162,0.37674728287332465,0.0004838727510269068
2020-05-01,0.3798423621796471,0.3943500299965603,0.0005737529786902024,0.39130081065741,0.0004168626130739693
2020-05-02,0.40903056736154514,0.3886436574430478,0.0007148377931573711,0.392856009359908,0.0004522778452972146
2020-05-03,0.3588693375142735,0.3596180420113523,0.0005554524711886313,0.3594788403368351,0.000365791677266636
2020-05-06,0.28759303115006757,0.31689014253976117,0.0011484996046005355,0.30357114374816124,0.0005738524943310168
2020-05-07,0.3262208732706213,0.28593377803704906,0.0008832791398991525,0.2993652273536853,0.0005651850500709251
2020-05-08,0.2125296090869213,0.2921863743957547,0.0010873913218409491,0.26066516853582816,0.0007143838597904161
2020-05-09,0.2770758195898248,0.2639602841228407,0.0010483204190040395,0.2698661629512067,0.0006816415765437337
2020-05-12,0.40442341479517785,0.3896100627872764,0.0005374161108873084,0.39302045977349226,0.0003468389842910525
2020-05-13,0.39469250431719405,0.40399620180411266,0.000615324724105354,0.40232259209390425,0.0004897559109022373
2020-05-14,0.40429032981729807,0.39190703127693655,0.0005815829358086931,0.3971698837160432,0.00041070642337191716
2020-05-15,0.3745972332006312,0.3736151255331224,0.00040379383996475796,0.374557924388198,0.0003259750564672907
2020-05-18,0.29041520171643265,0.32130454792487556,0.000844501419465063,0.3115673402147446,0.0005499611360262761
2020-05-19,0.2415189849772984,0.3004212656702297,0.0011391889528636688,0.2768030025276035,0.000764089567146271
2020-05-20,0.30754071514383957,0.26414657515489803,0.0012640534757632597,0.28176722896738676,0.0007763475433902778
2020-05-21,0.3308573068492612,0.2734228506173543,0.0010409125254955463,0.2947038996566018,0.0006387439071761222
2020-05-24,0.2750569114380071,0.2864312366766966,0.001450655336729845,0.2814311799121183,0.0007729291039328918
2020-05-25,0.3363558483440808,0.26814861115732985,0.0011584958317616225,0.29448156951626236,0.0005718043406148532
2020-05-26,0.21922587441094543,0.2800501244821276,0.0011960634881214621,0.25424507540924696,0.0007029864959970785
2020-05-27,0.2937876310483919,0.2416658617585662,0.0008703068950217922,0.25864475366304474,0.000603708129153275
2020-05-30,0.30375405167133707,0.22077588237546053,0.0012477596185209926,0.25600248976367057,0.0007742960008078245
2020-05-31,0.31815809633617637,0.2411155527188141,0.000987854369472562,0.2691013349942892,0.0005813161879002864
2020-06-01,0.15793615719225734,0.3337162721764818,0.0011968471372803965,0.2594414107761127,0.000586850758669888
2020-06-02,0.33974124590168253,0.24953875644961424,0.001167389599518047,0.28468537594414767,0.000686511370677976
2020-06-05,0.31826309083452753,0.31851316168988886,0.0016726703364907927,0.31937836197948116,0.0007851584623561058
2020-06-06,0.3462601190456284,0.3330426369801717,0.000826408133877074,0.33769657785374163,0.0005232036848346526
2020-06-07,0.34461369127328345,0.3335048464254363,0.0007811297141087052,0.33764354243277167,0.00045645709823737246
2020-06-08,0.3801907697639197,0.36244518756484045,0.0007245489516940656,0.3675960158008207,0.0005312661358231964
2020-06-11,0.37296466783033144,0.3968425143826461,0.0009072419329530466,0.38678482346831333,0.0005882402703943213
2020-06-12,0.3133059844928043,0.3536435902362555,0.000748554740099062,0.3382363930129803,0.0005236710111368798
2020-06-13,0.3198596039091795,0.3319667512113382,0.0009312495721238026,0.325244541943135,0.0005804115265201743
2020-06-14,0.29003204172863545,0.3105719011463864,0.0006823712089530599,0.3050451089341444,0.0004391254637763103
2020-06-17,0.27006165295750195,0.31344585197380004,0.001431113400910961,0.294765020078925,0.0009429430897191027
2020-06-18,0.34452487190766035,0.29722376210998047,0.0013795679390133338,0.3218920530228438,0.000694063518538129
2020-06-19,0.2903810874459641,0.302955701884613,0.0010396653442079889,0.2984947872091875,0.0006286330897374981
2020-06-20,0.274395786003392,0.2838030578948767,0.0009999124503097007,0.28063216650551237,0.0007181456736020072
2020-06-23,0.2766212417422217,0.23596910811187077,0.001651810742386219,0.25618924888257427,0.0007613044371587874
2020-06-24,0.24583079954554776,0.2332280992049445,0.0009813161290021773,0.2364637624031384,0.000714758348063927
2020-06-25,0.29414050166558614,0.2356660282807298,0.001013646727498402,0.2579292433492844,0.0006289374206636573
2020-06-26,0.34177950307759186,0.28086536493068903,0.0011453817491827078,0.30671110787526357,0.000782479704125512
2020-06-29,0.21222349852245104,0.29831566037994756,0.0014884751605067908,0.26019380650557555,0.000713118554738498
2020-06-30,0.3528076359037567,0.24167649162291163,0.001057214048763139,0.28561608107761816,0.0005966521039721149
2020-07-01,0.3835057138340519,0.26826881940019404,0.0009257843378303953,0.31066433737581467,0.000663619388972872
2020-07-02,0.2847288214988912,0.3037449807764759,0.000880613825836692,0.29704486061263735,0.0005853999810616238
2020-07-05,0.3159082005358441,0.24510656631419647,0.0015781464790267706,0.2795571570353578,0.000872185608268746
2020-07-06,0.29402021453895877,0.2688115063587256,0.0012663642620998597,0.27698414738059285,0.0008061251633641188
2020-07-07,0.21695756542120143,0.2569673294388,0.0009535537584301613,0.23984981427769647,0.0005113820375295182
2020-07-08,0.22247286855900325,0.2223467943755068,0.0008216521605271557,0.22185939770008806,0.0005368599647178353
2020-07-11,0.23888690746333216,0.19773149128040385,0.0010691155713200705,0.21336953148768498,0.0005897977042301819
2020-07-12,0.2469427548521192,0.19783727689963893,0.0007001744545427347,0.21134089295476768,0.0005252757511297468
2020-07-13,0.2416859174217236,0.1969627803252882,0.0006594182905919947,0.2104723234451538,0.0004345880868011349
2020-07-14,0.1879253743821575,0.1992271837867511,0.0007750923556459448,0.19220778585818565,0.0004537516225877453
2020-07-17,0.23069511959083336,0.20273749267039623,0.0011498888030974114,0.21353058984220855,0.000671694800979301
2020-07-18,0.2717953606525361,0.19848889746854026,0.0009837829644765556,0.22522672904227686,0.0005514661706557861
2020-07-20,0.2124228659436378,0.19148004859231416,0.0008699508097221808,0.20081404738191946,0.0005795505737373313
2020-07-23,0.24556464770882225,0.18821052508659217,0.0010987851186176974,0.2081157348163876,0.0006122250535791321
2020-07-24,0.2933651535329521,0.19899469806972916,0.0009695071857690718,0.23256747667866898,0.0007445455760079428
2020-07-25,0.1994656003201753,0.21488918114740196,0.0009662685226778821,0.21108432978462952,0.0005716169169587834
2020-07-26,0.2402737071867543,0.20395565925149023,0.000738936815832884,0.215827407659448,0.0004478007452130977
2020-07-29,0.20174634364730074,0.1867935474527762,0.0008649457791485628,0.19132739849281918,0.0006360019823762394
2020-07-30,0.1857468999828924,0.17963463317827633,0.0007315807626904302,0.18357411770463,0.0004229310125278011
2020-07-31,0.19029820927743366,0.18207128927173283,0.0006753710744660788,0.1833662906524408,0.0004980061301767207
2020-08-01,0.20727551093926758,0.18012349539687167,0.0007736724045253663,0.18988017324822304,0.0005978685226840654
2020-08-04,0.14275260657322955,0.183946034821257,0.0009623166283087402,0.16937791415691378,0.0006603557290074199
2020-08-05,0.20295347032035194,0.16509002281404,0.0006802520007190857,0.1774024883045831,0.0005240014286054887
2020-08-06,0.18736612121065646,0.16506483337611852,0.000722231699538471,0.17277457451318134,0.0006020514042904778
2020-08-07,0.2249311043073643,0.16932685317974744,0.0007831544507678113,0.18865723739128598,0.0004965639361929259
2020-08-10,0.11536285190362365,0.17655884679785508,0.0005481001206506349,0.16084026197778456,0.0004106170232605501
2020-08-11,0.2187504397477081,0.17033282653415893,0.0005678185325458312,0.18313219349959126,0.00041439938584933233
2020-08-12,0.33487199105888277,0.2162998395263012,0.0012328562231400007,0.263717526577903,0.0006740644665238
2020-08-13,0.2804514963436556,0.26673770073165104,0.0009083013024419222,0.2704873742158216,0.0006735284468833783
2020-08-16,0.19184817563811474,0.3033843711944472,0.0023901353219289347,0.2344526704778696,0.0008283611425163083
2020-08-17,0.2575167375662176,0.21456514362451565,0.0010201952138400292,0.23189325193011798,0.0005414197697355242
2020-08-18,0.16383269202969183,0.21940955094698272,0.0008462043855111615,0.1997138143627874,0.0005480399192830451
2020-08-19,0.21228660033429012,0.18531308438811284,0.0008528191964349641,0.19189272958632447,0.0005927773492634603
2020-08-22,0.21274875475504468,0.29069942676856037,0.0024136821159103346,0.24648085216062554,0.0008286974707075988
2020-08-23,0.2735760657513006,0.23375470042601174,0.0010921498543249853,0.25103485146130816,0.0005442652281186585
2020-08-24,0.12270036458780126,0.23213344985952575,0.0006951529499357408,0.19825194033311533,0.0005326208920980107
2020-08-25,0.15561751292404832,0.18434451847553412,0.000889441800385072,0.17339096874360813,0.0006799018079527828
2020-08-28,0.3604987853140946,0.2061066119189373,0.0015851746384007801,0.28030980826168256,0.0009187783564281365
2020-08-29,0.25228066486016015,0.3415874058470194,0.0015411227401488238,0.30014799412307935,0.000721756637388085
2020-08-30,0.2555574657669083,0.30382861078401047,0.0011211476681099028,0.28246958070128286,0.0005056222144416704
2020-08-31,0.27327964798653254,0.2629791229022875,0.0007017525462031095,0.26645513998900033,0.0004515112250920913
2020-09-03,0.23980778940994385,0.21484452956685324,0.0009732679489414197,0.22526962378689253,0.0004965071092387361
2020-09-04,0.13935967823027773,0.2087572567216054,0.0006924303906939495,0.1886479965516098,0.0005181535808400244
2020-09-05,0.14953939933626004,0.18399001181615635,0.0007566184315078162,0.17336822808792046,0.0004936816495150765
2020-09-06,0.2517812312923565,0.1723980951614866,0.0007720697680328008,0.19891539201949363,0.0005408794136480176
2020-09-09,0.2691606711456228,0.17807549860769384,0.0009347590042571418,0.213764873121277,0.0006851344960355235
2020-09-10,0.22448612310400812,0.20585977902384286,0.0010221950632046954,0.2118982472554576,0.0006753763616707456
2020-09-11,0.14693313709948647,0.2020769272838531,0.0011981768808428663,0.17913442820560305,0.0005541446612493534
2020-09-12,0.21174922933753973,0.17428516075050574,0.0006576410170143797,0.18572004235762607,0.000351706322005474
2020-09-15,0.14495095766438787,0.17199218286497117,0.0008198029782505477,0.16296898288638662,0.00045743928435718284
2020-09-16,0.14197544336700912,0.1601944632282663,0.0007582393405474001,0.1547287648139339,0.0004604248423375643
2020-09-17,0.20013311457864386,0.15480713324890197,0.0005945061712855876,0.16847590186509845,0.0005178948599716302
2020-09-18,0.1473737385321216,0.1699561788314493,0.0007093474674660816,0.16499333449089415,0.0003798179370866876
2020-09-21,0.3829260738063154,0.29684534610512014,0.002977281842191914,0.3503812999745194,0.0011519318305779013
2020-09-22,0.39187932968099504,0.3752431008883216,0.0009418976021593802,0.3833697563097163,0.0005868750764458434
2020-09-23,0.23529870488009613,0.34797661114013434,0.0005643407678100705,0.32064236492472936,0.000380491549604747
2020-09-24,0.4028029512993586,0.35622852547530476,0.0009511336622735746,0.37406745779759787,0.0006079451865638758
2020-09-27,0.3007203068508307,0.3703877212672629,0.00045426168284212255,0.35504195585603404,0.0003867021544489206
2020-09-28,0.2566538726847973,0.3355086385483353,0.0007252307624974382,0.31240709293242214,0.0005841628414567452
2020-09-29,0.32133213358957013,0.29751692520341844,0.000984217068200497,0.30529943178428287,0.0006557597147300131
2020-09-30,0.35740498824315414,0.28952859002895687,0.0010376275844185211,0.31605962776762697,0.0006012595588796433
2020-10-03,0.35110424811980245,0.4032309877549768,0.0005518793947560801,0.3910069727876649,0.0004105448814383979
2020-10-04,0.41806452954696144,0.38846153598732835,0.0005449351136939133,0.3954346447883387,0.00043920910128065777
2020-10-05,0.33809950912472475,0.37029414263137495,0.00045352268962812114,0.36177970965741274,0.00030737149840939353
2020-10-06,0.40642355285673454,0.4034081229818585,0.0006152121776760979,0.40408332206054787,0.0004414601270016511
2020-10-09,0.4224201235258366,0.3323922924677637,0.0008179788298914578,0.3638167389424351,0.0004496134851970104
2020-10-10,0.36769550818262237,0.3470307078678831,0.0006154375791165036,0.3523513237698072,0.00036937336385610523
2020-10-11,0.3018562336882275,0.3504739704011801,0.0005602394765900159,0.3385657992354198,0.0004032901615544454
2020-10-12,0.33520770936022587,0.34040097060638375,0.0006406375530621215,0.3390605915833607,0.0005002524697714043
2020-10-15,0.42150756499307207,0.3656819056668443,0.000744892317834992,0.3813602277795386,0.0004998079263816895
2020-10-16,0.34256684207311516,0.3566862748324269,0.0005328474355906237,0.35409902133551086,0.000376825502583349
2020-10-17,0.42387753711042647,0.34035888973247913,0.0005877311580543448,0.36038681914875703,0.00041908208913815376
2020-10-18,0.30977638291743403,0.34672160070218316,0.0005992134960568317,0.3357212375947046,0.00043672617022240314
2020-10-21,0.30811440628452524,0.3257112897883418,0.0011821543856334014,0.3145797438340181,0.0006002382037770757
2020-10-22,0.3331740299177723,0.3147744202609925,0.0010629333240968917,0.32376059889798414,0.0004893400586868492
2020-10-23,0.32035411950945025,0.35502403270521016,0.0007522283282886006,0.34569212182901937,0.00045694625778415287
2020-10-24,0.23955291313237748,0.33316718686932617,0.0006068049020868236,0.3085342063302609,0.0004659768443453837
2020-10-27,0.39169830001679806,0.3784857394424133,0.001025266086229892,0.38331399978562003,0.0005613459248487039
2020-10-28,0.34963843087398333,0.3618013769960603,0.0006545405306233094,0.3573331105913692,0.0005153944513683135
2020-10-29,0.326827249384508,0.3472096151672687,0.0006827457568023892,0.3398785446089602,0.0004799317615366544
2020-10-30,0.2922359018461072,0.33082916307617816,0.0006266042020041555,0.3209915508830947,0.0004343917666954555
2020-11-02,0.386991244908688,0.30786576079274897,0.0012756017624257915,0.3407415712949085,0.0008789146910313301
2020-11-03,0.3423211166965107,0.34825136946855656,0.000843444182015047,0.3459609482285649,0.0004921733454905143
2020-11-04,0.2483574760016184,0.339575457045227,0.0007102588915769003,0.30922554301121286,0.0003946701623943435
2020-11-05,0.3425529146762293,0.3033943518912142,0.000695436009303882,0.31398457664802654,0.0005228905449173479
2020-11-08,0.4202228692843403,0.3256430818984679,0.001279202898046944,0.36813060405683745,0.0006352101910984159
2020-11-09,0.3476895594261502,0.36770239290149753,0.0007674676297572935,0.3619207945385059,0.0004907266411366745
2020-11-10,0.336773754732255,0.3673090220956334,0.0007355062903702122,0.359801715609051,0.000525740189748755
2020-11-11,0.3032983887000052,0.3513575993043534,0.0007704811742194898,0.334926900137906,0.0005176982923286447
2020-11-14,0.3635413983818836,0.31878251523778767,0.0011877249955991817,0.3363849045133869,0.0006575411366487867
2020-11-15,0.4138846439836351,0.3825419966543042,0.0008142704359405696,0.3941543833528903,0.0004616646835528732
2020-11-16,0.284164190177577,0.37361868208243704,0.0006341763516902498,0.34844076125084295,0.0004418859825065786
2020-11-17,0.3556875813886582,0.34227251881292764,0.0009269081386259122,0.34844532915351367,0.0005172946802255344
2020-11-20,0.3501041085730777,0.3367985071468697,0.001024541820859264,0.3395151524448972,0.000640494361817651
2020-11-21,0.2865816293835068,0.33593645504127123,0.001031298576084202,0.3161083222572645,0.0006543375681299722
2020-11-22,0.2926407594769861,0.3134625590580055,0.0010053465235295052,0.3056202156699514,0.0006445372626765124
2020-11-23,0.2872604554007384,0.3038773106379453,0.0011007391858662027,0.2969316113175798,0.0007720716307899354
2020-11-26,0.3029796612521678,0.2918163206141064,0.001386129105506458,0.2956751467074824,0.0007275504603630531
2020-11-27,0.39305605376167174,0.2966854565995387,0.000842672728734692,0.32639478895257334,0.0006439854900748202
2020-11-28,0.37332029600022765,0.3229494242510076,0.000978872407187705,0.3405639255348759,0.0007540492342747698
2020-11-29,0.34366198110347296,0.3323311104471178,0.0008495126496760205,0.3352647955734897,0.0005810441471263892
2020-12-02,0.3416732989060025,0.3395003295366949,0.0008982389701678101,0.3390099969579146,0.0005113764837535897
2020-12-03,0.397873029247706,0.355067124308947,0.000524221481381975,0.36522422957333023,0.000389208074557431
2020-12-04,0.3959135216180309,0.3779241886870044,0.0006986467127239992,0.38439805759767104,0.0004676709837056741
2020-12-08,0.3883044047590276,0.39209484752975227,0.0006822295692140879,0.39206827483297857,0.00042368220284748153
2020-12-09,0.417818972166112,0.38151271393557346,0.0006432663331001113,0.3929655508800964,0.0004862148138497786
2020-12-10,0.4026151613185555,0.41742942800352667,0.00046576318277485916,0.41412050016589014,0.00032348211848016767
2020-12-11,0.4122384100000447,0.42023137116414644,0.0005484137709352929,0.41751218262827444,0.00037997838800864697
2020-12-14,0.4000660688427243,0.368868973222528,0.0006456527933904143,0.3772131161861155,0.00043423521157341405
2020-12-15,0.38555670494947186,0.3887495007335293,0.0007698630073017955,0.3878396549028396,0.0005809318023275549
2020-12-16,0.3863443974545919,0.3761212723038664,0.0005219442359190365,0.38053878406680747,0.0004427573722624752
2020-12-17,0.3721600852942541,0.36680476724447425,0.0005804200882296529,0.36796237105546636,0.0004039024786601569
2020-12-20,0.37123616471132453,0.3729493913076009,0.0007596690341774086,0.3749273083197641,0.0005836566249520011
2020-12-21,0.3687597415018696,0.37292422579856244,0.0005970378802800073,0.37111830264769097,0.0003509528087182829
2020-12-22,0.3364631071825219,0.36442002405184765,0.0005733949275376558,0.35829447012922855,0.00040242620895582974
2020-12-23,0.4133284175154583,0.3604605438955176,0.0006573666541622628,0.37745074457020267,0.0005423941644634127
2020-12-26,0.3307343504040136,0.36343416070979445,0.0005670542196468611,0.3557199315543054,0.00045776068655380955
2020-12-27,0.4145978298942666,0.4015554789559498,0.0008086101081177217,0.40534340861060747,0.0005174596009850139
2020-12-28,0.4154086777989196,0.42745883746697383,0.00037069926529112733,0.4259508905137553,0.0003225611012372603
2020-12-29,0.40695145469718186,0.3990096786130162,0.000507021073653439,0.40064767703325393,0.00036441622274533525
2021-01-13,0.34751543341225194,0.3562475372033188,0.0007877186495760341,0.3537034589274034,0.00052150063390617
2021-01-14,0.3192757471183819,0.36681257055835503,0.0007396725736170643,0.3529142834030802,0.0004942069176382758
2021-01-15,0.3405778963364888,0.3559564235346426,0.000755984321179839,0.3527452471605621,0.0004927570124887438
2021-01-19,0.3692360364610776,0.3546500552750033,0.0006736111916269735,0.3576945931216182,0.0005363950100873916
2021-01-20,0.3341758581125139,0.3534620807891033,0.0006771620951210847,0.34759583395203497,0.000495502590450131
2021-01-21,0.3296382437732555,0.36683133042966626,0.0006676199111401897,0.35654528908773586,0.0005258619896499359
2021-01-22,0.37759685621966105,0.38902752708231747,0.000861233029767452,0.38374730955880965,0.0006593927810557488
2021-01-26,0.38036601781613527,0.38799102746348635,0.0004777507143996948,0.386848300759098,0.00030597910700837634
2021-01-27,0.4135723006830487,0.39139128357735026,0.00046003449846833275,0.39528222006641633,0.00036395146883395213
2021-01-28,0.3993216914953652,0.387510618816896,0.0004909006022305525,0.38977412914231985,0.0003554321208400717
2021-02-01,0.39523880600408146,0.42579294698828185,0.0003251418468302972,0.42141674762231607,0.0002734736178813462
2021-02-02,0.4020106502703172,0.4002506884032859,0.00046817098531248754,0.4003388045281983,0.0003531649121356966
2021-02-03,0.4106590487006701,0.38303823550549687,0.0005935451668120476,0.3901721089533388,0.00044344565444650143
2021-02-06,0.3964468283635715,0.3996770849204056,0.0007480229810585274,0.3969580629947352,0.0005354120270646566
2021-02-07,0.3652889625295081,0.3896351628816476,0.000640326846915088,0.382197863133516,0.0004556799195121737
2021-02-08,0.400357510710528,0.411062074917866,0.0005238058669074806,0.40875267067310156,0.0003780099012111896
2021-02-09,0.41254630671617065,0.40516645743002155,0.0004957960153188177,0.4082412966062773,0.0003601409158137099
2021-02-13,0.34700876795924657,0.3790934287411675,0.0005606587137426854,0.3712560912465437,0.0004486294581308167
2021-02-14,0.38426032317443964,0.36478630632689646,0.0005400460374239385,0.3705067355388959,0.0004380340251350038
2021-02-15,0.39521306405910717,0.3628567204207564,0.000467939031529402,0.37082248383809424,0.00040139863081352074
2021-02-18,0.368736226398162,0.3591732205370836,0.0008975016716439226,0.363423293295664,0.0006309311200929494
2021-02-19,0.3445717316561006,0.3557291559076829,0.0008447971525415629,0.35257071990143524,0.000527177686049014
2021-02-20,0.37802216670081434,0.3466929390445713,0.0006406526736494907,0.357954499410327,0.0004637012642539982
2021-02-21,0.3742529497779766,0.3529513093475506,0.0006415803298069876,0.3580578376035033,0.00042394962944703607
2021-02-24,0.3700071071487277,0.3493135717959135,0.0007572582525730666,0.35528240733497446,0.0004628277646526564
2021-02-25,0.40977970530877095,0.348968436599365,0.0007204164643164814,0.36681604345494423,0.0004456864205072561
2021-02-26,0.29739034556620003,0.3589467526364603,0.0006159179432216384,0.3423576987274412,0.0005086284664078603
2021-02-27,0.35697251216423015,0.3373518585711784,0.0006862525324600302,0.342490023519169,0.00044645168708298556
2021-03-02,0.319094626063909,0.3342838771318902,0.0011912408103140076,0.32706849964195933,0.0008141543766933286
2021-03-03,0.3742111400757488,0.32630079646307036,0.0010785789354265359,0.34334998166458286,0.0006389742490573799
2021-03-04,0.3538187847458048,0.34044483778065787,0.0007410429210415694,0.344606882112634,0.0004718054145283151
2021-03-05,0.3488678868859921,0.34193107257689415,0.0007328806227450247,0.34430172938692394,0.00045574920341758245
2021-03-08,0.3097029759530847,0.3551768948947418,0.0009101852933882361,0.3398762144292673,0.0004959262274491372
2021-03-09,0.3007485401382046,0.33500768167417716,0.0005886449108311644,0.3263173860520942,0.00036878664322905104
2021-03-10,0.32737359292164747,0.32314561208381426,0.000660109737185619,0.32440978020414946,0.00046736183945135344
2021-03-11,0.35070859207364774,0.33303847690247873,0.0008612953351939305,0.33825490636928734,0.0005182388131958803
2021-03-14,0.3433422184771588,0.35418516211958695,0.0007252139927388691,0.3514154202311373,0.00048213036358321344
2021-03-15,0.35106567929401317,0.3554040451997606,0.0006927376397594387,0.35586272807368446,0.0004904593880793319
2021-03-16,0.3758102880435516,0.35239345143891115,0.0005542552848572796,0.3583674551868528,0.00040493003672024513
2021-03-17,0.319711167722004,0.3561528846884112,0.0004900170183484667,0.34737427443256297,0.0003453964607991914
2021-03-20,0.3213697742975996,0.3507246416141915,0.0006202207912074844,0.3426214966951961,0.00046594655369178195
2021-03-21,0.32148715891847485,0.333947486674803,0.0008091340221242695,0.32537964649636386,0.000504034226259784
2021-03-22,0.3337205413510498,0.31920794749585746,0.0008978190150651607,0.3245271953691195,0.0005139626806291961
2021-03-23,0.30154409799878995,0.3169982674914194,0.0009005348285512632,0.3119724077963289,0.0005293391970235205
2021-03-26,0.30579492500249117,0.3052669606158078,0.0009337536488190648,0.3070595900070378,0.0005811929714609621
2021-03-27,0.32060174389496426,0.3070482100015747,0.0008627538335686432,0.31253844517116003,0.0005248370796011816
2021-03-28,0.3431128470746261,0.30491556193802516,0.0007450895102134883,0.31851215892870316,0.0004906792950223097
2021-03-29,0.2968893119131311,0.3107174958284552,0.0007281228161512194,0.3070252216042934,0.000565553955839798
2021-04-01,0.27162002388397655,0.2818635848455997,0.001359078336759456,0.277035230950828,0.000671536364775199
2021-04-02,0.3221170347184833,0.2705807641198666,0.0007667994671766789,0.28720734981331775,0.0005815872696371162
2021-04-03,0.3188168573074531,0.2823866490324766,0.0010946643319398504,0.29468572650880787,0.0006227360652137335
2021-04-04,0.27119264545721183,0.29014689816717315,0.0010019035165242172,0.2850800927901106,0.0006213241609676388
2021-04-07,0.26143514291328696,0.28099319596543404,0.0017296490335664476,0.27049000625435227,0.0008743952199078663
2021-04-08,0.28238264861543505,0.26092401346332533,0.0012618547046321222,0.27056076207144364,0.0007378819647134617
2021-04-09,0.366329688448382,0.29110967579737473,0.0014671241997654407,0.32606405118444476,0.0009088892470438609
2021-04-10,0.30726025499927384,0.31669170910088285,0.0010280644969357564,0.3107152948142114,0.0006056166905700613
2021-04-13,0.2507468774026283,0.3232262257940649,0.0011944426536619251,0.29162302720889277,0.0006981831676768816
2021-04-14,0.24889858281916424,0.2846396186471598,0.00099736181752475,0.2727223997450753,0.0005904842444339618
2021-04-15,0.24786749396511593,0.2673924973402922,0.0009764204874220145,0.2603259300332155,0.0007677839372241205
2021-04-16,0.24518011412101925,0.2556984415801653,0.0012012631151846849,0.25062799867748103,0.000765753646907882
2021-04-19,0.26276701614055076,0.22816797300965685,0.0013606337042376836,0.2420370208363599,0.00064037273068173
2021-04-20,0.28735297223213463,0.23940737249484279,0.0010559659375647423,0.2585864855133928,0.0006400437147137089
2021-04-21,0.28363526569058733,0.25091498828190617,0.0007993219826483816,0.25985911666056194,0.0005919525056635454
2021-04-22,0.2794634159111683,0.25105632410330214,0.001163292044337679,0.26361494155946164,0.0005997710825962286
2021-04-25,0.3332412619313682,0.22621320306984227,0.0014305427554716927,0.2771456948722672,0.0008556773152550624
2021-04-26,0.39449815810114874,0.3352790339013697,0.0015364322138372657,0.3639182442818209,0.000746101472780848
2021-04-27,0.31329545585006213,0.35280109332163806,0.00054784669293947,0.3424461992335531,0.0004333380464345852
2021-04-28,0.3548227637765253,0.3345670980819856,0.000700670416939493,0.3399550917192487,0.00041108065892942266
2021-05-01,0.32087452199706007,0.3670443011347369,0.001008933312219373,0.3475746907306636,0.0006790610244628841
2021-05-02,0.24432532390798045,0.328549427627213,0.0009016525964406769,0.30040255692554696,0.0005421283447834095
2021-05-03,0.24728881054795415,0.28576811589740575,0.000907847202639701,0.2721506705147888,0.0005451786680112824
2021-05-04,0.2875714774221628,0.2584216376570157,0.0007776647054844691,0.26814666208837923,0.00041765186255693837
2021-05-07,0.3308476884883311,0.30366726955327505,0.001550248982131991,0.3151058428795148,0.0008026941702931038
2021-05-08,0.3127543967758782,0.2895652169832619,0.0011732189468145755,0.3012371883672899,0.0005639173954211148
2021-05-09,0.3764819346992648,0.33839693805113913,0.0013775565335099364,0.3560258368756087,0.0006873984542375849
2021-05-10,0.37220596883564405,0.3456860276168288,0.0007002561619111206,0.35328341534524943,0.00047900364302320416
2021-05-13,0.40442341479517785,0.3725437617926409,0.0006047455259146935,0.3823745752665813,0.00047463077270036113
2021-05-14,0.40457384197614443,0.3624248706417004,0.0004924747089215531,0.37327946879733837,0.00045103149103715496
2021-05-15,0.40429032981729807,0.39734020919353646,0.000755448208889555,0.39817815218648134,0.0005397605489367171
2021-05-16,0.3624494393261317,0.3877185679887382,0.0006198385577664021,0.3806492748685318,0.0003995718809859754
2021-05-19,0.337100082278149,0.3321367696398447,0.0006392315192373951,0.33366432100709065,0.0004681754108915703
2021-05-20,0.25871439962949316,0.315386470788973,0.0007170246421853632,0.29699906136014836,0.0005052034400601312
2021-05-21,0.3741013605806113,0.3203459347687282,0.0011600254865449904,0.34195462002667126,0.0007276009264331006
2021-05-22,0.3312825272246119,0.33057014594124395,0.0007873691728797072,0.3282338281107039,0.0005346942979231875
2021-05-25,0.2500522374132317,0.2940345168261813,0.0015814474481596562,0.2728794015685879,0.0007140663942821415
2021-05-26,0.21803045586704906,0.25566127196781435,0.0009967898587765625,0.24418223705035438,0.0004449624266980609
2021-05-27,0.24275210823428897,0.22689675626182038,0.0008835852158153284,0.2348521399002739,0.0006048782037411587
2021-05-28,0.25541979841994117,0.21894209919486607,0.0008314831696268134,0.23295564098333238,0.0005163880837491065
2021-05-31,0.30826397557043556,0.2264867824643373,0.0015766006941070774,0.2671464966454689,0.0006781910772083866
2021-06-01,0.34935566891323977,0.27560727459858425,0.0011087774551491254,0.30527762728973185,0.0007212258546085423
2021-06-02,0.22685738894369542,0.2887586525542406,0.0010851392943005205,0.2624573163292087,0.0005595411430985566
2021-06-03,0.2610882572315244,0.2479287904603745,0.0008506130200710066,0.25157218489489963,0.0004910832182634632
2021-06-06,0.23010255226753837,0.31141002573345206,0.0013420508344784653,0.2738777284543078,0.0007279389708990933
2021-06-07,0.2918271487252553,0.25949747471098467,0.0008881085998416319,0.27185212254088303,0.0006405752567540475
2021-06-08,0.1438099118750631,0.2481388796002075,0.0009209131633521698,0.21031531584958502,0.0005898839275081315
2021-06-09,0.30091527115542954,0.1949251580916272,0.000798813526150265,0.229824690726286,0.0005655180113494819
2021-06-12,0.21981277354534123,0.19573503865372746,0.0013014770197215648,0.20852295365040738,0.0006500590551564462
2021-06-13,0.39798467627284184,0.19525351769664517,0.0008282186388784691,0.2632146162170421,0.0004974615944969267
2021-06-14,0.3551063443378818,0.2363571050412129,0.0007732736719806581,0.2754278508467487,0.0004907818097677611
2021-06-15,0.25319100081141205,0.2560553236306065,0.0009049876622657563,0.25313073243535344,0.0005550879326085906
2021-06-18,0.19148251492412527,0.3110063267452361,0.0018995406453232609,0.24884922448917213,0.0008760040852111348
2021-06-19,0.3917565058875562,0.31414039733975313,0.002031052858425312,0.35707818815745873,0.0007000397958813872
2021-06-20,0.27382445701987934,0.3393194029755773,0.0007867984244626383,0.3201466171365762,0.0005139605287510547
2021-06-21,0.3874512340364584,0.3244825484658782,0.0010012583726954807,0.3471629075286632,0.0005985985922095318
2021-06-24,0.2713513906625341,0.3220705831929574,0.0009675539634854464,0.30151458235071293,0.0007429203753387034
2021-06-25,0.15278713603833788,0.27988244084005576,0.0011062973438948165,0.2244538145582396,0.0007168156370815574
2021-06-26,0.2249807804515373,0.3323488964614908,0.0021910751624545474,0.27112870629747643,0.0008514904869187976
2021-06-27,0.2936811267202756,0.3547705346384335,0.0014239019988608916,0.328740636079388,0.0006869657021969972
2021-06-30,0.2260437656689676,0.3139128653523216,0.001055624437126341,0.27492557520298666,0.0004714288083752083
2021-07-01,0.2419278341538315,0.2497626561103247,0.0008761026619190227,0.24759312876830472,0.0006079012356614712
2021-07-02,0.2831531023786331,0.22447759972872983,0.000824937705439018,0.24282248419936228,0.0004722083571933704
2021-07-06,0.36162052914720016,0.2903078995212807,0.0015652337760382264,0.3249115989913233,0.0008327357203659087
2021-07-07,0.31832727482392104,0.3496292734953091,0.0008236540195807957,0.33867854997859664,0.00047399156406421894
2021-07-08,0.22938870941800282,0.3224564367572591,0.0007691466392636273,0.291197089486693,0.0005202586157129308
2021-07-09,0.19652594119080818,0.268415001269801,0.001094530350752464,0.24466021184758283,0.0006658671883016458
2021-07-12,0.36582473110298586,0.237773369060455,0.0019811792758350193,0.30669251099619393,0.0009115832449295233
2021-07-13,0.31614109876823,0.326578934584805,0.0011527189501000102,0.3223977464481962,0.0007835313695051683
2021-07-14,0.36635475247103855,0.31973244113122534,0.0010381050789772153,0.3399890634363215,0.0006910953579184707
2021-07-15,0.31570072654244963,0.3203310477700629,0.0010781855528438104,0.3162770724645558,0.0006894483492883774
2021-07-18,0.16535388148085883,0.24417953627700326,0.0015355984930775562,0.20554677943867194,0.000880707619549013
2021-07-19,0.23335848270617449,0.19131083218157535,0.0008386053753964568,0.2042728905432362,0.0005731502083877882
2021-07-20,0.21232398729504506,0.18812911873018834,0.0008119314834425632,0.19860205543113602,0.0005467811413002935
2021-07-21,0.14597975849331268,0.18817127657916646,0.0007411951538511524,0.17391182016146722,0.0005039171670010676
2021-07-24,0.20054684381928972,0.2551166610304405,0.0024089669430911033,0.22178374575458257,0.0008250566149770188
2021-07-25,0.2668807738801918,0.2082717695408571,0.0009970691483259305,0.23205920516505515,0.0005679626767162052
2021-07-26,0.22608818068699113,0.22484270607408846,0.0006576073905467469,0.2246337740242168,0.0004876349715746293
2021-07-27,0.21742852818504402,0.22989971135739043,0.0009365253359925077,0.2245458638873798,0.0005650098308414334
2021-07-30,0.1642225184462218,0.2123401976068461,0.001168399977027479,0.1896092804155896,0.0006517338455210651
2021-07-31,0.32652227213246593,0.23538078766318307,0.0017757499277486612,0.2805473815351944,0.0008236250585663148
2021-08-01,0.3237762970270539,0.3008536478601681,0.0014047290133028581,0.3114312493888942,0.0006934230056122958
2021-08-02,0.2477016345199904,0.2917762287615204,0.0009306884309725287,0.275980026164405,0.0004902081291100973
2021-08-05,0.18783468102031117,0.3128988718498879,0.0014696396875634467,0.25386187810620264,0.0008085374733448623
2021-08-06,0.2781695412626697,0.23612791327279595,0.0011675782175730512,0.24910516862344056,0.0007069082848831008
2021-08-07,0.28708293670503177,0.26797160006566967,0.0014029831448380263,0.2720010972786253,0.0007201124496062165
2021-08-08,0.22421451186514418,0.2529963080201156,0.0011349879568792736,0.2411248171727226,0.0006872883535324134
2021-08-11,0.24221191650552876,0.19358326884823243,0.0013366150057663342,0.21726343648081312,0.0008877151962958793
2021-08-12,0.22164639525807028,0.2613661398809436,0.001680243335400893,0.2406703557869283,0.000714205621801346
2021-08-13,0.19882536645879362,0.21971398706207088,0.0009318293461927165,0.2109941550749917,0.0005790741697117923
2021-08-14,0.211413313608132,0.19635764317821927,0.0007342622091717065,0.19956863801580516,0.0004439068669375101
2021-08-17,0.12686019060217094,0.182553386699886,0.0008631096066528127,0.16362447658943557,0.0004665876532989898
2021-08-18,0.15501058289459968,0.16184764772053759,0.0007701907521016508,0.16010818912551683,0.0005072265504453798
2021-08-19,0.20109399084216023,0.16438433994814072,0.0006888635470670319,0.17387284687528062,0.00048597771651678716
2021-08-20,0.2507332543394055,0.16494075836303043,0.0007241155632669333,0.19305131605013565,0.0005045047277645765
2021-08-23,0.2520596672421736,0.17839027361587123,0.0010127049943896489,0.20760467606521132,0.0006094025096061661
2021-08-24,0.20452095705070647,0.1971293286066763,0.0007679601872967217,0.20183334464967473,0.0006079451131896986
2021-08-25,0.2908197085703006,0.18682401267947324,0.000781896698420188,0.2201944001780537,0.0004729399337692697
2021-08-26,0.13437562207308368,0.2051574019901167,0.000680167080591668,0.18426955793202382,0.00045828380709301284
2021-08-29,0.12598868692408693,0.16880047466780254,0.0007490410575593198,0.156280644494727,0.0005262356468138058
2021-08-30,0.18583411602268787,0.15673159378041554,0.0005440118849018877,0.16334674970109467,0.00035118701476865276
2021-08-31,0.1815950905967823,0.1612917007540815,0.0004999971214164429,0.16465891124848675,0.0003039582824172563
2021-09-01,0.18451378535285215,0.17886570198696286,0.0005770713744331835,0.179159297696878,0.0004507053986759113
2021-09-04,0.3766541071858383,0.19544594309084232,0.0011586858996289035,0.26927869370655566,0.0006218967642914948
2021-09-05,0.26299774469582793,0.24729363585104985,0.0011066024669574976,0.25390965920891617,0.0006216241195054424
2021-09-06,0.30523639828891297,0.23399647055862613,0.0009202272180528006,0.26278391346360713,0.0005202389537424805
2021-09-07,0.19466147959834004,0.24379877575975617,0.0006688644647686411,0.23038599867740267,0.00047846836902685065
2021-09-10,0.2668307459311476,0.38965351091389083,0.0006122633620612016,0.35571326554948823,0.0003927411973523084
2021-09-11,0.3328332037637161,0.32799328834606156,0.0005452984490411667,0.3298455103752997,0.000479240208422545
2021-09-12,0.2854263663715046,0.3066866278544116,0.0009015495738178935,0.29845596084184395,0.0005358776931791899
2021-09-13,0.16610680114707696,0.28841179537259,0.0009962997027258376,0.24204346482795353,0.0006176748442296796
2021-09-16,0.35223883076426854,0.27880603322804215,0.0015455075824566413,0.3121956221280648,0.0009289973730766469
2021-09-17,0.3395900712072852,0.30019446780970527,0.0011375537231957792,0.3180196986802861,0.0005170800495059957
2021-09-18,0.39575288274658765,0.3832949933992279,0.0008852016528315826,0.3885590621098305,0.0006235681527401199
2021-09-19,0.29147203689190804,0.3569425260932859,0.0005220640133730825,0.3406655850319237,0.00040143337886514794
2021-09-22,0.23718733938657693,0.3245683954689097,0.0008296882395873392,0.2961084776027789,0.0005515594505310689
2021-09-23,0.35774174044855617,0.28038762981851684,0.0009618667643996355,0.31021843846219566,0.0005782355225343365
2021-09-24,0.2372439407187062,0.29091467551591266,0.0008089664554335557,0.27395644576897543,0.0005406495361385591
2021-09-25,0.2700791005988947,0.2825984062344807,0.0009664934823606577,0.2784035231635634,0.00046055010972300173
2021-09-28,0.36789491628580795,0.2605040117255974,0.0013114857708360313,0.30719208452127517,0.0007246764292202125
2021-09-29,0.34541945776321875,0.29956378481269647,0.0009325188706604418,0.3174728394491689,0.0005953593677740504
2021-09-30,0.33552974913578115,0.30184491381665096,0.0009448255900983205,0.3174894206258416,0.0005262088383260936
2021-10-01,0.21730148884868228,0.3059704855649771,0.0007589706221309527,0.2784894601944197,0.0004970913890735044
2021-10-04,0.3930686863916773,0.3258600968998897,0.0011744740113424324,0.35082405576892695,0.0006366165374984172
2021-10-05,0.41806452954696144,0.3700095928306345,0.0009705313909792487,0.3875791926531611,0.0006513066468532874
2021-10-06,0.3797921004009154,0.35470816590597015,0.0006197259341072035,0.36088776940773426,0.00046901133346938115
2021-10-07,0.2876463487777619,0.33911062803360276,0.0005568673471901488,0.3262463527606355,0.00045221430747784694
2021-10-10,0.2539301918566976,0.29088681096298513,0.001352457517242647,0.27324329229419975,0.0005640799323618401
2021-10-11,0.3195736420684227,0.2648161282957635,0.0009164699418029648,0.28492639758703303,0.0005210005693692288
2021-10-12,0.26868558806367854,0.27511667990321703,0.0009014658217756732,0.27307834788098484,0.0005949715909022682
2021-10-13,0.29661523303548903,0.2631301460205499,0.0008876896479629929,0.2741613685077966,0.0004986302601451628
2021-10-16,0.30688873588860505,0.250221774940399,0.0011796034840474443,0.27612154463531785,0.0005320114698937376
2021-10-17,0.2391202893112052,0.26592278620819987,0.0008565545227540976,0.25783817790259916,0.0005120520383650375
2021-10-18,0.2695749840862881,0.25216998400055607,0.0007251179288411394,0.2593729503953841,0.0004499123300235218
2021-10-19,0.37068020808726054,0.2537070382386881,0.000700142661524662,0.2894393398074364,0.0006112100872944171
2021-10-22,0.3321397373339086,0.286989477159041,0.0014627325806911532,0.3077594604241185,0.0007814498323775354
2021-10-23,0.23644083627075763,0.3001192975091646,0.0009138225684827016,0.2789438492644562,0.0006223810958558746
2021-10-24,0.3318499493595146,0.27382322608438325,0.0008084302468671573,0.29288160951089204,0.0005648005848664423
2021-10-25,0.2968606620983424,0.2871567586191916,0.0009205232782757867,0.29107638460653595,0.0006089500134449963
2021-10-28,0.28046556060208205,0.2798433249495536,0.0014104617830765496,0.28128089830049163,0.0006754144883912472
2021-10-29,0.388135729023221,0.2887349330038069,0.0010398082739357596,0.32810242000125994,0.0005604547019364397
2021-10-30,0.4211204635613443,0.336897610498302,0.0007101918310460911,0.3622546299274005,0.0005140169928386061
2021-10-31,0.4167123886275036,0.3851712591570707,0.0007952584808541977,0.39630810352834417,0.000564835593366825
2021-11-03,0.4063886014859583,0.3850733716797936,0.0005566811762683908,0.3921664951943232,0.0004576645474116867
2021-11-04,0.379128914198547,0.37710441908672815,0.0005906138568408644,0.3790313169583758,0.0004156906555022297
2021-11-05,0.41609295951464564,0.36985115250618406,0.0006347320441357385,0.3825547890240781,0.0004306899908350509
2021-11-06,0.259879938972237,0.35992056284669116,0.000405833182848162,0.3388641144708695,0.0003500689223268458
2021-11-09,0.3264321829403568,0.33711903766146295,0.0009245234051299776,0.3358724686373032,0.0006155042348599866
2021-11-10,0.3782487535376131,0.33655819846985674,0.000830434735260957,0.35181698328718936,0.0006123487194407947
2021-11-11,0.296248361754306,0.360604071583765,0.000611375650660627,0.34316824831751747,0.0004125810763214396
2021-11-12,0.3139740425628195,0.33809109887467165,0.0007673974408215575,0.3301843827132973,0.0004941118857501131
2021-11-15,0.34497128008651257,0.3495272105999223,0.000997908578199456,0.34781685610894153,0.000655912610183776
2021-11-16,0.36374304409693403,0.34700186491583596,0.0009740474045984989,0.3498224476085994,0.0006185526318974129
2021-11-17,0.38834200466757124,0.34676350564791747,0.0007936258901475098,0.3615719870020686,0.0004957236162268574
2021-11-18,0.3089094036441482,0.3485815947107944,0.0006556241456028149,0.33790249071506345,0.00048176903111744743
2021-11-21,0.2698106181296073,0.32861019955531534,0.001049150928532309,0.3051836049829526,0.0007168944041691714
2021-11-22,0.2884048644379842,0.3011592289441037,0.0008972679503418898,0.2972292570085674,0.0006617181731772738
2021-11-23,0.34838025836468356,0.2978734715321649,0.0009008406577645296,0.3181327347380971,0.0006666072081766706
2021-11-24,0.38649259861962626,0.37653592160068405,0.0011288896615838785,0.37915643273484617,0.0006450336895097871
2021-11-27,0.37703428982250203,0.416112695184866,0.0005177991072003611,0.4052438205820831,0.0003455438235122643
2021-12-03,0.36314712805514054,0.36876744349020685,0.0005828540913414253,0.3674349269335279,0.0004392963347643586
2021-12-04,0.25570312726546607,0.3967809853364922,0.0007086080014444345,0.35267319935178754,0.0004676142583716735
2021-12-05,0.34896601827981744,0.392252110185461,0.0008376348987471562,0.3794722066352231,0.0005569813485922616
2021-12-06,0.3689073046388801,0.36999129313458745,0.000632508604578969,0.3720142336823698,0.000436307110338891
2021-12-09,0.41805202028823996,0.4262247640819558,0.0003406943406015426,0.4246815907380322,0.00030581300533548606
2021-12-10,0.315822150387447,0.4249672857641926,0.0004312640793353136,0.4020918581599927,0.00031658951231077197
2021-12-11,0.3772265090469147,0.3849069760300089,0.0004502461162252842,0.38364337006595023,0.000395822663156436
2021-12-12,0.35784848640876754,0.37040131710912433,0.00040670587339057014,0.36842108888310576,0.0003705277573723681
2021-12-15,0.3977977424525465,0.3604436262772793,0.0007086579820532779,0.3702815596359859,0.0004910330645314737
2021-12-18,0.3621181382325372,0.3575085611151821,0.0007916005399015253,0.3571646412435687,0.0005866556307623076
2021-12-21,0.40630338728093474,0.350956304295934,0.0010520055122179538,0.37437448064376416,0.0005270257757680609
2021-12-22,0.3470564189597107,0.3651691652250673,0.000587172672997371,0.3616972795590938,0.0004506060397394061
2021-12-24,0.37960217917088634,0.35633933736246154,0.0009135247738995917,0.3634263430644849,0.0005063560204049067
2021-12-27,0.3915343073612696,0.3948815802638073,0.0008966597394378839,0.3954708712521371,0.0006213260076347084
2021-12-29,0.40255932246277937,0.37592960198734937,0.0005906161751331478,0.38286599346483763,0.0004304392977748283
2022-01-03,0.3408853232203275,0.346778672242533,0.0010401168280044595,0.34394581708093186,0.0006273973108645357
2022-01-05,0.3640454102541656,0.3599770916474462,0.0007688091260559932,0.3625485859571061,0.0005067216290232672
2022-01-08,0.36988425593698004,0.37401464880251944,0.0006734929991102931,0.3707189840089974,0.0005259022125744094
2022-01-10,0.412429061173229,0.4249426916774866,0.0003316047200430671,0.42269831963436744,0.000275310683626413
2022-01-29,0.3384190663586111,0.3434151143082977,0.0014770630795185096,0.3398011892787844,0.000807815966145921
2022-02-01,0.3594362931683569,0.3474627227385231,0.0011181813954471058,0.351586098819702,0.0007797005550797678
2022-02-03,0.3570275618690138,0.34099263723165046,0.0009361981010192291,0.34563709351258304,0.0005624322186592156
2022-02-08,0.30370780180120355,0.3442330911639136,0.0013484691306784185,0.32813734682389517,0.0008012003372210212
2022-02-10,0.3619112373030708,0.32411329009775086,0.0012921495257891488,0.3399451834079794,0.0007336023932377283
2022-02-13,0.3425536415484491,0.34964293192909124,0.0007202546946482993,0.3473968189151584,0.0005897440691002909
2022-02-15,0.4135046646026889,0.3919148651899355,0.0006767906786409907,0.3972431854545844,0.00044563615846064956
2022-02-20,0.3492511607416018,0.3442744590914234,0.0008573753198541084,0.34836105992451216,0.0005712418058833536
2022-02-22,0.39927568623622156,0.3474560224646113,0.0006100022424090292,0.36147333216897215,0.0004481959555553656
2022-02-25,0.3079962455665461,0.34298526223214604,0.0008248705896164758,0.3318985660564813,0.0006009263184971849
2022-02-27,0.3275354943225764,0.32500809176290424,0.0010895583909919292,0.32488387258873097,0.0006780263340904404
2022-03-04,0.35966572936286784,0.37276087887383835,0.0009089757223134931,0.3676080132905373,0.0006661789764859416
2022-03-06,0.36997956080650224,0.3557415721715362,0.0007952750305969536,0.3596989097855275,0.00047442913364277497
2022-03-09,0.3274330467640356,0.34416943961180896,0.0007603565193946158,0.3406976156931954,0.000551203986089113
2022-03-11,0.3772474992440018,0.39777551320093063,0.000775681794614967,0.3920626067346952,0.0005577567967837838
2022-03-16,0.353809893888644,0.3571196730367079,0.0005231148467916268,0.35519515439545657,0.00038111567170325005
2022-03-18,0.36509310586737725,0.37516662992523786,0.000555288263422623,0.3739315142512752,0.00039312377552764443
2022-03-21,0.3126709457268501,0.34126660722555824,0.0010478124249857976,0.33061545136122084,0.0007606770174314604
2022-03-23,0.3278134561216576,0.32273959726575546,0.0011748131915739206,0.32533925255400425,0.0007009044594890243
2022-03-28,0.30718594578650593,0.2904558024319852,0.0019072516167058138,0.3023882406473475,0.001027081578099942
2022-03-30,0.3568556023298416,0.34232469944127575,0.001144598729585019,0.34631085478805057,0.000718891331458338
2022-04-09,0.2601585759367124,0.34129101224224334,0.0008409537320722364,0.31488306848353953,0.0006258432469715693
2022-04-11,0.2764546440155048,0.2976156191583594,0.0012994719552234305,0.2886561489829442,0.0007438199126891624
2022-04-14,0.27233251853859386,0.35789271728283245,0.0007658759678551692,0.3293060184317711,0.0005625263004262866
2022-04-16,0.3287631004762777,0.2999144053090342,0.0012035634274652693,0.31326824663737585,0.0005408164968239028
2022-04-21,0.35526209989180924,0.36686076469449913,0.0008579594649818413,0.36340746148625946,0.0005623912534776338
2022-04-23,0.33534032575727235,0.4016403506409389,0.0008628029698935001,0.38044422524852217,0.000564579290080158
2022-04-26,0.2811008561653123,0.3235678488231855,0.000930474799911369,0.3072154532377014,0.0006416653099308394
2022-04-28,0.2694133611575922,0.35479637242217804,0.0010639404642069543,0.3206349062472282,0.0006453925443399542
2022-05-03,0.24638380716755776,0.3198745598265587,0.0021942423044675427,0.27849317933176726,0.0010435286587254413
2022-05-05,0.2966065892347891,0.2593562762857664,0.001607766245102039,0.28123162669194784,0.0008838765972401178
2022-05-08,0.26860637697569734,0.24162135796397957,0.0018728265540782776,0.26190044067468843,0.0009620991712281163
2022-05-10,0.269477243063249,0.23140839651931827,0.0014417566634093613,0.24896314481921736,0.0008487121476079757
2022-05-15,0.3892316284281769,0.27865972298288766,0.0031267443689434664,0.35095578194692606,0.0012402596161183684
2022-05-17,0.3269434323025533,0.303840026408505,0.0015154506043644832,0.3149966522365116,0.0007623834377959028
2022-05-20,0.24023874419120456,0.26670095820470563,0.002049544833576313,0.24922584029705072,0.000864557929872017
2022-05-22,0.23859850699336996,0.21743493335244574,0.0011892154707120574,0.22728705912156136,0.0006204857793347603
2022-05-27,0.23286214525732346,0.22193493076644547,0.0011941478525911357,0.2248436618992237,0.0007079527447136725
2022-05-29,0.23888264230081346,0.20287740010316446,0.0009545100674929762,0.21636018949560726,0.0006320978906789005
2022-06-01,0.3116179812746521,0.19279262568941186,0.0010063269934115038,0.23735853529550094,0.0006023026215282728
2022-06-03,0.12910508705180812,0.258348198248947,0.0015626934129645096,0.19380297553964224,0.0006395330424045369
2022-06-08,0.354122584426138,0.31585773360390434,0.0029230382510072677,0.3412921891710974,0.0008761290366849175
2022-06-10,0.2565795358798944,0.29336505094784987,0.0012663961284638317,0.27955310121876464,0.0006876126928354934
2022-06-13,0.25346283658619395,0.2311260322468629,0.0015826508790186351,0.24179769302691775,0.0008760206122426866
2022-06-15,0.17623459938405733,0.19584591077975472,0.0010586065800631977,0.18534659127504718,0.0007038456229576035
2022-06-20,0.19978623986172242,0.19718093790380664,0.0013008046014626041,0.19519618458886184,0.0008041666795175886
2022-06-22,0.10661263915160935,0.2596257532205357,0.002693423622038049,0.16676537374742,0.0010274880565945116
2022-06-25,0.3898769979992116,0.2650365626170177,0.002615972449173556,0.34312127369664336,0.0007615204614306282
2022-06-27,0.3145729499622377,0.34095688129773755,0.0005713973044205616,0.3316118910508154,0.000414670056861102
2022-07-02,0.1334147229880001,0.28488647106491166,0.0012379522559797821,0.22037513022363148,0.0008764549514007788
2022-07-04,0.15190021225158853,0.24689792022058646,0.0017339090171964017,0.19767623669539133,0.0008989016561525825
2022-07-07,0.1683362769253117,0.17364751673351397,0.0009054093470782838,0.1727470920875898,0.00045092637720994686
2022-07-09,0.22755324173271735,0.16031536670998595,0.0007710062456452268,0.18082315269803945,0.0004620204904823358
2022-07-14,0.14244309131216026,0.14775441384120336,0.0006994968240155032,0.14438257359438184,0.0004947082382700498
2022-07-16,0.2127505412693796,0.1458204045480951,0.0006499649582137546,0.16506210094703608,0.0004868373261827573
2022-07-19,0.1696996713475502,0.15270846522591858,0.0008726172524335963,0.15828720738642843,0.0005780530199702327
2022-07-21,0.20788447690783177,0.1557640802755799,0.0006356763386806848,0.1720407002039072,0.00041439992176846795
2022-07-26,0.21831566775684602,0.16033939747269513,0.0009556020200782583,0.1837007036521564,0.0004749825200246447
2022-07-28,0.14018454385549795,0.16957240957163655,0.0007858582718824962,0.1602488831620768,0.0005113973373460275
2022-07-31,0.1779218339090509,0.15472536433412257,0.0007875969901997229,0.1642581168499332,0.0004695078821170989
2022-08-02,0.16917687896383218,0.15526703128375482,0.0007253777110357463,0.1596783143559059,0.00044298491404025267
2022-08-07,0.12720354289970318,0.16318086117910963,0.0009289649192805564,0.14939429332644277,0.0005621413732555271
2022-08-09,0.1542246910489966,0.1434461153156733,0.0006566766374899295,0.1461320870388929,0.0004987732587502141
2022-08-12,0.17498147056140967,0.14874130820563855,0.0006737661815038504,0.15780853021183672,0.0005624839408579079
2022-08-14,0.13382511814276105,0.3018879990029581,0.003458076510228247,0.18491706483812123,0.0010573700247639665
2022-08-19,0.21846066744453488,0.2519478255864456,0.0027500966512545165,0.23100959252670275,0.0008549043877747114
2022-08-21,0.1829737510360706,0.19390639092304032,0.001310563495021041,0.1910164146299994,0.0008135942311745558
2022-08-24,0.1827020113462467,0.16865492962475895,0.0011175748937973277,0.17410293352668266,0.0007595469823758707
2022-08-26,0.18889016198045974,0.17244466002588865,0.0007914419269651944,0.17749273516772004,0.0004983624143088322
2022-08-31,0.24519785276563166,0.19783675911497972,0.001285459833270369,0.21958001043925487,0.0006576078617895909
2022-09-05,0.15829496120573366,0.17621192625013726,0.0016357536293461876,0.16848665461035656,0.0008658193200309939
2022-09-07,0.13015670221861694,0.164961892395498,0.0011745750336011693,0.1528168476150538,0.0005695234413239963
2022-09-12,0.25311350364056007,0.17948191499046295,0.0010004851810083016,0.20818681177417336,0.000622927785647784
2022-09-14,0.2388126048345755,0.2064758026159305,0.0011085552935892376,0.21834491108007792,0.0005966525327822683
2022-09-17,0.18667920365417856,0.18989265240841122,0.0009233101574478995,0.19118954798478086,0.000505480365022198
2022-09-19,0.13954863239986237,0.17669753393477655,0.0008900697076465501,0.1637752075667696,0.000619538176321418
2022-09-24,0.37567430960205783,0.22482161954969773,0.0019752177559900826,0.30969237965014407,0.000945509655311134
2022-09-26,0.22039267207132932,0.2956213285874021,0.0011516069717499267,0.2639919743713768,0.0006972792617829428
2022-09-29,0.4108982442278171,0.3865632252157449,0.0009508127165713794,0.3955882672953113,0.0005543088269621504
2022-10-01,0.1952476764536904,0.33228283617719706,0.0006041866234055737,0.29407984529707837,0.0005050781883415998
2022-10-06,0.16702285938073458,0.22638336152814084,0.0016184483069431735,0.19791973837011803,0.0007799522871906276
2022-10-08,0.21213156585002993,0.21461304601895187,0.0011197192094714176,0.21217864344097273,0.000593305397267584
2022-10-11,0.2752994805060079,0.19762730147845142,0.0013401971379468222,0.23456000560690649,0.0006991241205033911
2022-10-13,0.16970916409057618,0.25572388283118536,0.001283395686910584,0.22047423219001414,0.000738088555985454
2022-10-18,0.23698267253826,0.23443589328005632,0.0023660085805495452,0.23430649312014482,0.0007257483578749917
2022-10-20,0.2861374803606556,0.237961068408703,0.0015896199935791883,0.2617145572042466,0.0007147621663620616
2022-10-23,0.2813222663510925,0.23426636585692798,0.0017675000013797236,0.25623238179838487,0.0007961193929848804
2022-10-25,0.2538332699437758,0.23579293232284593,0.0015178337302239643,0.24008077268210012,0.0008126337824563884
2022-10-30,0.18929095582072034,0.2020778980662166,0.0015042477870808024,0.19665938544756156,0.0007021463043156348
2022-11-01,0.24850732792004143,0.22582354297313909,0.0018705822396209398,0.23952745084235563,0.0007629445947843047
2022-11-04,0.313675742521948,0.3080344120939518,0.002962685435246807,0.30847416734516814,0.001204607038943064
2022-11-06,0.289648114954191,0.2812696456527901,0.0016019055086465804,0.2890792566812447,0.0008779771414700862
2022-11-11,0.2561176230362046,0.2827720325555652,0.001914914726505421,0.2697524578669808,0.000995758974608455
2022-11-13,0.21761387061180992,0.25562858905459335,0.0015987935825646287,0.23536621649696227,0.0007909044961591545
2022-11-16,0.35368970765198626,0.32314207798050004,0.001679393226807471,0.33760097260624194,0.0007670274943078831
2022-11-18,0.38119921905136367,0.3702107078260836,0.0008326740140989802,0.37584946951672393,0.0005636732335391422
2022-11-23,0.41833481983518045,0.4078359375127451,0.0005351344280279443,0.4113321194285322,0.0003975393676743688
2022-11-25,0.41845123322370736,0.40225678916364976,0.0005824120728645226,0.4058670093781486,0.00042721884386551104
2022-11-28,0.37025087708033433,0.40492493816129665,0.0006577023352922825,0.39439489618597245,0.00041034416544756584
2022-11-30,0.27800937322306474,0.35813902729925745,0.0006005651642433703,0.3392587887869204,0.0004574549628494183
2022-12-05,0.3221187975713743,0.34547954558304594,0.0008076688779309033,0.336387496111327,0.0005246174601600329
2022-12-07,0.3484498384649752,0.32562672156828953,0.0011383507175619673,0.3356999800995451,0.0007593171200460537
2022-12-17,0.3492072422523124,0.3719289924463801,0.0005800206077366226,0.3665746693928132,0.00034654801724683814
2022-12-19,0.40525020725060845,0.34390336062876464,0.0006938333574825934,0.36235583659333576,0.0004585593106579818
2022-12-22,0.40117432126719055,0.368843169728829,0.0006918127940639219,0.37854511677854724,0.0004887304018075573
2022-12-24,0.31259608568739505,0.35204036120852406,0.0006002919636244422,0.34065590736689594,0.0004079765432599545
2022-12-29,0.3555150315481732,0.38714111621703184,0.000712433841263547,0.37573295729564066,0.0005399480456542816
2022-12-31,0.3813289193867498,0.3607326602980618,0.0007759892254988892,0.3679667649512226,0.0005322665902537877
2023-01-03,0.4035646655252648,0.35386341959196294,0.0006574479564671226,0.3664508768742219,0.0005043303140717639
2023-01-05,0.38373833254701795,0.3550729091495138,0.0010054738498577688,0.36733937989831816,0.0005318449766811018
2023-01-10,0.39369331354829445,0.37691916288371524,0.0005406793451580955,0.37964950521762325,0.0004355168351817909
2023-01-12,0.41294618109941833,0.3716204687660282,0.0006496286202823601,0.3837194366656146,0.00042716858990909603
2023-01-15,0.3964153199158153,0.3751613368935582,0.0006241278152733187,0.3817757658935094,0.0005655838457298612
2023-01-17,0.4128456866974473,0.42596340897588464,0.00044483715190720265,0.4226169414459941,0.0004008588673588573
2023-01-27,0.38621731092444106,0.37621707182230174,0.0006231358226592763,0.3784430343935177,0.000427541521845992
2023-02-05,0.34349186694408645,0.34695533445476073,0.0011839709495397059,0.3445611363732571,0.0006585232586459476
2023-02-15,0.33598613570154745,0.32192468071684743,0.001366291994615006,0.3331867794305894,0.0006348427895158954
2023-02-17,0.35403249105826357,0.32601260072538757,0.0009874170050930694,0.33663115096358986,0.0006457379373703845
2023-02-20,0.3607299738779137,0.322906884339051,0.0009804532290918152,0.3385636863617639,0.0006401825683985766
2023-02-22,0.34214119581404273,0.35581330524071125,0.0009262979149599783,0.3513548587662689,0.0007043274102294725
2023-03-04,0.29194880873516543,0.34096076236735817,0.0010500563708216771,0.32401700776070674,0.0006391846781791849
2023-03-11,0.380422204562693,0.4090351557956417,0.0005806358244669587,0.40159501694727473,0.00048118772513606637
2023-03-13,0.3797912324395622,0.37002459571421,0.000540240053676366,0.37270538073624865,0.00035597383751373104
2023-03-16,0.3702046474354334,0.35259422362606485,0.0007372009113138443,0.3562643261507604,0.0004602179633806252
2023-03-18,0.4195081390178913,0.3597081985563715,0.0007301890309920028,0.3786430040437314,0.0005312451872664916
2023-03-23,0.3481995032271625,0.3279368311421422,0.001569248879279856,0.34049817043947384,0.0006939837610425479
2023-03-25,0.34229650895468966,0.3323509473426249,0.0013271625653540654,0.3376849768948408,0.0005795105996234385
2023-03-28,0.3413265869726218,0.3428365237805056,0.0010146104831309753,0.3399791816320169,0.0005974678142328477
2023-03-30,0.28336761901314345,0.3172439438541926,0.0009149304159432913,0.3062198111814781,0.0006049309522325978
2023-04-04,0.31551677799356936,0.3388362374256524,0.0011868051444194354,0.3304163212309821,0.0005344798685326784
2023-04-06,0.3586780845906296,0.3137446202716989,0.0013317904568409,0.33181571021430123,0.0006667202437559215
2023-04-09,0.3402527542237671,0.29722897244763424,0.0012041863361492375,0.31834517870158874,0.0007551895381019443
2023-04-11,0.2930270832213526,0.30470985700226605,0.0011754596143006542,0.2992284938604754,0.000821187976052464
2023-04-16,0.26114695254891007,0.3480854611884755,0.0008679991295154146,0.3176975600387303,0.0006140338816408935
2023-04-18,0.2961070214832225,0.2944284480254417,0.001101890593844776,0.29769233292488134,0.0005516577006238777
2023-04-21,0.3705996456771336,0.2556064663812535,0.0011212556105999708,0.30232139324438917,0.0006486585796491297
2023-04-23,0.3716546422921015,0.37360842484374984,0.0009226932530937755,0.37376398324835547,0.000717912726122108
2023-04-28,0.37512963752857575,0.32597745622840807,0.0009023604075103757,0.34453633939112654,0.0006470411559797067
2023-04-30,0.33172421893363885,0.3881994912969568,0.0006135652493034218,0.3712262317558504,0.0005040096312840737
2023-05-03,0.3526848002623002,0.32129006635966983,0.0009652824940600417,0.3323154788379011,0.0005776367601939902
2023-05-05,0.30286314382588025,0.30716500532053914,0.0013086186155204535,0.3047468537707124,0.0006422992841200791
2023-05-10,0.34223481467987504,0.3517081474312598,0.0009027867630930654,0.34695193701582233,0.000619771672935145
2023-05-12,0.38095308893144936,0.37328692650938294,0.0007456273793350069,0.3772353726749006,0.0005451432073045232
2023-05-15,0.3443096537716003,0.37813177837687706,0.0006403790614964821,0.3660349282534506,0.00042965029120763223
2023-05-17,0.33064787517558264,0.3421448977432081,0.0007346359076964818,0.33746907706028084,0.00048267594833907264
2023-05-22,0.39941295451854897,0.31557036213212347,0.0015917979037317622,0.3585778352472163,0.0009383484700031316
2023-05-24,0.3973520321778808,0.37384457251669195,0.0009964710736303896,0.38094061951900654,0.0007880402436302036
2023-05-27,0.30829954575084345,0.30082209199062887,0.0012615630074453309,0.3074437331663155,0.0008946547908590247
2023-05-29,0.39427556141485204,0.3247007657165387,0.0014361492035170052,0.35741473842680144,0.0008124372175546152
2023-06-03,0.3897726060717967,0.3532489366122142,0.0009136881987975208,0.3663150463124695,0.000566115035135264
2023-06-05,0.3258174738502728,0.32125422831349654,0.0010378125761459317,0.3204113695817795,0.0006091553866247604
2023-06-08,0.29948441019125244,0.27928876648810613,0.001653719931835174,0.2887398356975095,0.0008225840849503022
2023-06-10,0.2693930897658451,0.3485918348292562,0.0009245825581558256,0.3193492248204403,0.000605290650420307
2023-06-15,0.28172474414197013,0.3362903680526723,0.0008994125958250413,0.31557565195863746,0.0006601500144440973
2023-06-17,0.194412469538912,0.2809474682522544,0.0011886820472744846,0.24145452817848156,0.0006972536417787093
2023-06-20,0.390272673310528,0.3257620541455078,0.002368063846000756,0.3637461046492691,0.0009465108236138242
2023-06-22,0.38691624941754454,0.4053898521038816,0.0005538738603557259,0.4009991273780092,0.0003983274423487879
2023-06-27,0.30787578641935753,0.26892104527389715,0.0015947716825903823,0.28392978235034205,0.0009319507580553888
2023-06-29,0.25185328364364556,0.25283619204192875,0.0017747771920050626,0.2485338344720904,0.0007262434636494397
2023-07-02,0.2653705628433377,0.27294548187118983,0.0019604266244833447,0.26997147643553665,0.0009878019549678988
2023-07-04,0.3763641554137167,0.24149576378775253,0.0014422749041308452,0.3043599914371447,0.0007897214858267203
2023-07-09,0.28186122233425676,0.223995795624257,0.001909667856394151,0.25756453778530547,0.0009413035166597099
2023-07-11,0.22740032345345645,0.22503398096373264,0.0012923349820952923,0.2234381876366141,0.0008354143608951776
2023-07-14,0.28343821073005815,0.20185278741881924,0.0014679409521543767,0.24379637706027904,0.0007099214357253487
2023-07-16,0.22302265241426186,0.2266354895645161,0.0011928210239439058,0.225486875359342,0.0006408999525961219
2023-07-21,0.2536674206458336,0.18896454593699438,0.0011814868648019985,0.21569747815989276,0.000698500224357802
2023-07-23,0.27333575038911034,0.2596580331917968,0.002081901395722237,0.266732103559246,0.000803938276216201
2023-07-26,0.3095477740237241,0.261636822232859,0.0017286235457454249,0.2852089818895871,0.000682611891032093
2023-07-28,0.18896603100053505,0.2540876945666315,0.0014881067266656021,0.22571621405203993,0.0007241489240146411
2023-08-02,0.20942763983869878,0.20091637661400913,0.0010951085535964385,0.20663437255766698,0.0006640671638142505
2023-08-04,0.2861317102739863,0.2214517802175765,0.001128309473549746,0.2493070216079363,0.0007223042649667215
2023-08-07,0.2340761363494426,0.2207956029549386,0.0013127617183689684,0.22978389379146463,0.0007909360785041541
2023-08-09,0.21704026093680756,0.19374737127139188,0.0010774332766845646,0.20199500840639717,0.0006467977853168818
2023-08-14,0.22308778822509637,0.18516874697698768,0.001174271435275982,0.19855537359860542,0.0007461394894890792
2023-08-16,0.28064911509155954,0.19339638456016914,0.000840334768205073,0.22192381744242615,0.0006354075826619932
2023-08-19,0.1962114678902539,0.1844262355978576,0.001198322832614152,0.18763696426611506,0.0005696861456878405
2023-08-21,0.1943565602009163,0.1732272461325064,0.0008621581064928332,0.17894064232687334,0.0005377618375202558
2023-08-26,0.33628340583756394,0.2369811499929462,0.0022811109807407705,0.29493320783872146,0.0010554655435412747
2023-08-28,0.20921604503256444,0.27581305746074775,0.0014628302048778046,0.24238746872007152,0.0007709308134666116
2023-08-31,0.2363983162425159,0.22744507009478984,0.0014011911900685492,0.23043834847730646,0.0007865994005757061
2023-09-02,0.2877467193764002,0.29351619298717746,0.0029495384182720128,0.2884320250329942,0.001279425938660455
2023-09-07,0.2814861121568392,0.20767994626801817,0.0015781055477690229,0.24430113843737214,0.0009486514402611788
2023-09-09,0.2865731844037934,0.21119043132368712,0.0010124840042445567,0.2401333081401053,0.0005374061222292488
2023-09-12,0.3880695703545275,0.26375752038790573,0.0014625294796404439,0.32203902457738304,0.0007979590645727957
2023-09-14,0.24519283905637798,0.3021689757905521,0.0011325921035199697,0.2781017566255557,0.0008786739349875076
2023-09-19,0.331058349029383,0.2559960503216175,0.001330408994452565,0.28896154714353506,0.0007134212394306157
2023-09-21,0.38962061786706004,0.313584702510759,0.0013766310613105245,0.34897570522542454,0.0005341028592716991
2023-09-24,0.3313289007612831,0.31422946242528205,0.001078388152694048,0.31928932341085076,0.0006137407477599588
2023-09-26,0.25271939783932207,0.2789252383780854,0.0012157806421692256,0.2681065041790418,0.0005341544461729841
2023-10-01,0.27744674461030977,0.20922896630788956,0.001574597031632009,0.2446984806722136,0.0007267671301567382
2023-10-03,0.3008378603871623,0.2289931641998903,0.001283288731184496,0.26084224156150393,0.0006459019891926842
2023-10-06,0.2587788226511447,0.2301490280517544,0.0014613943623945518,0.24229873515817635,0.0006655937087622916
2023-10-08,0.2038618337500597,0.21973186952873042,0.0009950902230413169,0.2131719977806491,0.00073819260648863
2023-10-13,0.3585906282629468,0.19320444238866805,0.0014681706871632293,0.2674355356893465,0.0008145342939570205
2023-10-15,0.29673288134134235,0.25514307965299204,0.0015076055230872814,0.2738166725845785,0.0007951572062005346
2023-10-18,0.3150066453490375,0.304428120845284,0.002369682352573569,0.30857128437910014,0.000983043876248463
2023-10-20,0.423533845923343,0.38086278076988234,0.0009546977315258628,0.3964755785659453,0.0006070178353286251
2023-10-25,0.4231930867334651,0.3820509129137215,0.0006901062217791089,0.39580580311750685,0.00041754739514104965
2023-10-27,0.3318019835737741,0.3981309791299921,0.0005501492154645702,0.38174389219555116,0.0003807604556327342
2023-10-30,0.39081506471947836,0.40058366114157823,0.0006056590666500453,0.39666805462953575,0.0003921492806514014
2023-11-01,0.313309173372158,0.36579184946364085,0.0005155985752154086,0.35125958133067514,0.00038370831159685354
2023-11-06,0.41858105672577417,0.38604986790062784,0.0005549496246601407,0.3949051515872582,0.0003654107092463515
2023-11-08,0.3740078918184949,0.37740370340227386,0.000549837902217502,0.37757467518228394,0.00043535347224049565
2023-11-11,0.38391691469084166,0.41678796883930824,0.0005792674498201637,0.40763558257902477,0.0003807953925008032
2023-11-13,0.3553592250602139,0.37292161355607334,0.0005807985831185894,0.3684073080683687,0.000481490496761894
2023-11-18,0.41885866234099955,0.3590800762430147,0.00057426634125317,0.37671115132410227,0.0004015554659951535
2023-11-20,0.3804797755041376,0.36719813738742313,0.0005352718624154691,0.3699985287365004,0.0003452695017728364
2023-11-23,0.3536929505700848,0.3615875802774858,0.0005679599746290145,0.36037389089214966,0.0004679078812922264
2023-11-25,0.2226959788045435,0.35607982601007954,0.0007311178968041734,0.3158748339555854,0.000564997063068613
2023-11-30,0.4158600942813624,0.4192159259500802,0.0005085830502401861,0.41960515327814135,0.0003746574440974458
2023-12-02,0.37627234993746334,0.389133089581814,0.0004984844239145667,0.3849558457495828,0.0003806835347612893
2023-12-05,0.4174066312963023,0.3747296834680079,0.0004593926847024426,0.3828089170384827,0.0003413402493717901
2023-12-07,0.41002272966209097,0.4127164282646875,0.0006666813193751815,0.41237269387779923,0.0004928202980946561
2023-12-12,0.4174772498119452,0.40772983835245546,0.0009187647015792378,0.4102233536788944,0.0005617138063781986
2023-12-14,0.38934486659428585,0.3991006290343087,0.0004985613111649065,0.3976767378271821,0.00039794862834980157
2023-12-17,0.36324145398251884,0.3649289829796419,0.0005991719292017662,0.36688088953767095,0.0004255392429504817
2023-12-19,0.34133202061230916,0.3592179015172832,0.0006603764302164127,0.35420796267278987,0.000454502340797791
2023-12-24,0.3944475012026829,0.3634851851896007,0.0005210597889719991,0.3731315740065177,0.0004187235988970988
2023-12-29,0.4055470481172692,0.3501810122413498,0.0007950474517909815,0.3678560757022343,0.0005698046895920834
2023-12-31,0.35989410558859225,0.37492289060522443,0.0007962959266633393,0.370034917536503,0.0006960939007919665
2024-01-05,0.4023794088924162,0.3787540413781846,0.0006655456093562133,0.3847035126944924,0.0005047869155705198
2024-01-07,0.4035199643545163,0.37126060496746566,0.0006267854624812759,0.3808910941834721,0.0004010709133547964
2024-01-10,0.3784227282611265,0.37007659225254774,0.0006282671122383372,0.3728886868012065,0.0005371284771312577
2024-01-12,0.3048043622218973,0.3660704674494154,0.0007098972266108316,0.34481967093366295,0.0004548957128232736
2024-01-17,0.35883237925144673,0.3699535507619852,0.0006051016986806251,0.3664559614884471,0.0005134623709497859
2024-01-22,0.38573592001249535,0.35842281019786687,0.0009918778723737303,0.3688616539080593,0.0005774764736326829
2024-01-24,0.3277505626563949,0.3548562644690474,0.0006801573564049306,0.34910791839454186,0.0005342487817930948
2024-01-29,0.3424325569187909,0.3375966744535651,0.0011198469591927403,0.33890463260036086,0.0006827916867709003
2024-01-31,0.3489036670182456,0.33355696002088725,0.001118941964930994,0.34195437394594286,0.0006273193127343227
2024-02-03,0.3651889407860231,0.3395714338355573,0.0007118294284738,0.3466456261743759,0.00045931943490409117
2024-02-05,0.3356882635918173,0.34374986284583436,0.0007471897126029905,0.3407822347764249,0.00046797315876436727
2024-02-10,0.37365045416427695,0.40821948178971595,0.0005829081764308471,0.3989781780550385,0.00043339539999324756
2024-02-12,0.40468639289376085,0.4011125398260099,0.0004908360394912377,0.4026763017600439,0.00033123996067451514
2024-02-15,0.4059263503454125,0.3688966343591639,0.0005973016440971335,0.37853846681781284,0.0004986422697874784
2024-02-17,0.35382577578681584,0.3786986767257794,0.0006344065578352352,0.372392443039801,0.00039156525381975387
2024-02-22,0.38988551446883246,0.36412174554774057,0.0008622117732606731,0.3737411368130582,0.0004694422881221281
2024-02-24,0.3889010168555446,0.3711099191689942,0.0006990327875558538,0.3782532424161925,0.0005382113939099071
2024-02-27,0.3884382261019365,0.4043563678833053,0.0007088847050412883,0.40033374075485134,0.0005986904198354054
2024-02-29,0.361896135906764,0.38247148170241524,0.0006632942438225038,0.37542537219049044,0.0003689547185050511
2024-03-05,0.4078734471671214,0.3848517321829387,0.0005705527915456363,0.3920431489791346,0.00038293908131084114
2024-03-07,0.36434951212720984,0.3619949685140802,0.0007766646248930042,0.3621462775259662,0.0005222321928037286
2024-03-10,0.4103759600455611,0.3883016378418007,0.0007052270619662352,0.39658739267669296,0.0004345961911086715
2024-03-12,0.4024199235747501,0.3803239559420086,0.0005513135387089441,0.3850245896928539,0.0004037780328196691
2024-03-17,0.4224275018554628,0.34868646867286995,0.0009150515262239408,0.3736960747796325,0.0006029726839015862
2024-03-19,0.36565265587620666,0.35561807936788187,0.0005845692537851991,0.3585547277453721,0.0005506937609727412
2024-03-22,0.36148934415853035,0.3310188526866791,0.0010756696721898455,0.3399411158287067,0.0006898979729569324
2024-03-24,0.3414840610472128,0.3420438463086553,0.0007405062967434728,0.34062761400757496,0.0004947912065107745
2024-03-29,0.396812612637863,0.40756369908068935,0.0005717369429165489,0.40439927614463705,0.0003345649602714298
2024-03-31,0.405316588349951,0.4076080644054064,0.0006606668905352126,0.4055253174830879,0.0004901682228638508
2024-04-03,0.32036190957277233,0.3504260077036678,0.0007331912027984631,0.3415071650124782,0.000529169006326204
2024-04-05,0.39235772733725444,0.32640272769196754,0.001045257951933549,0.3503660435965006,0.0007100325449643666
2024-04-10,0.3652249284395304,0.3749808482517971,0.0005642379914703553,0.37496056623266255,0.0005238947314118445
2024-04-12,0.33522645412665614,0.3373864543555729,0.0007065462258040051,0.3371448424791077,0.0004971623002793432
2024-04-15,0.40996019342114637,0.305898069396493,0.001024381703800078,0.348476780412245,0.0008294008950765767
2024-04-17,0.3187135998880672,0.34687263479664615,0.0009117894517857281,0.3354130327306856,0.0007417528834284786
2024-04-22,0.24281123614620465,0.3024420961967933,0.0013125993422821885,0.27892893277152286,0.000717332350332794
2024-04-24,0.3354103627444287,0.2869295089974572,0.0014949829996540073,0.3119359622687679,0.0005375336293201681
2024-04-27,0.31127161922111435,0.3856651249648453,0.0008687813813252756,0.36031617153176526,0.0006231347249517708
2024-04-29,0.34494448970391756,0.3632828655923831,0.0008063882264657994,0.3583345760371801,0.0005785824694488611
2024-05-04,0.35341218554997317,0.36340253086304203,0.0006717262486749503,0.3604081525964926,0.0005601965319671358
2024-05-06,0.33729355109916603,0.3907013423378847,0.0005462488521436183,0.3770261474787173,0.000412754215099925
2024-05-09,0.2907746997132567,0.33622987838459295,0.000791367954422322,0.3207911153873822,0.000575911216130947
2024-05-11,0.28529416382829886,0.2852723073209367,0.0012350530806561524,0.28614866166185726,0.0007966013657020733
2024-05-18,0.34080846312234125,0.3527078562936669,0.0007326719626187874,0.34971919222662473,0.00046074010871130716
2024-05-21,0.3428849862539727,0.36333639512498794,0.0006275408744407901,0.3581895553079573,0.00042909900752999736
2024-05-23,0.24064890248849027,0.3518050388936536,0.0007187593644496953,0.3193039937081015,0.0005034787572812204
2024-05-28,0.32434630794751024,0.2626205314403365,0.001979478618862619,0.296696466433685,0.000692594923966011
2024-05-30,0.30931161596288853,0.289555666604254,0.0013117406531592817,0.2946105558594178,0.0006486445082384412
2024-06-02,0.32181688508372874,0.2820500763211644,0.001505736738109628,0.3013000172292097,0.0007638123277961478
2024-06-04,0.33335706873343474,0.2704156778609571,0.0012791314538695235,0.2969589019419327,0.0007651641369124939
2024-06-09,0.35798048598951315,0.4048120366252347,0.0006583808966462832,0.39176340191548825,0.0005017935790988523
2024-06-11,0.36340506618067486,0.34937157770348487,0.0007402348748646974,0.3559422825665501,0.0005297301019662563
2024-06-14,0.3955405780975822,0.33975513329552937,0.0011350099091139887,0.36250266522319596,0.0007585439283299593
2024-06-16,0.2729377498467137,0.3153351957527727,0.0011568377957883234,0.29782262256658787,0.0007156694565998107
2024-06-21,0.3415904665522141,0.38061325503493265,0.0007281389101243675,0.3688892217418851,0.0005233713904348145
2024-06-23,0.37907001888018077,0.3392545564146876,0.0005728014514032295,0.34921399866350256,0.0004528879697561606
2024-06-26,0.22518945787770436,0.27675944394796087,0.0015418130809803459,0.2515974240893669,0.0009056517591751554
2024-06-28,0.3139969951407956,0.255105533336063,0.0016736410586721338,0.2844357068114015,0.0008039509487827922
2024-07-03,0.2842274528377434,0.31948931793520163,0.0010270221763347097,0.3044549896014829,0.0006183626131215764
2024-07-05,0.3397264325765531,0.3021173663997851,0.001011389819081384,0.3186234398976952,0.0007160214284952553
2024-07-08,0.1743233835893978,0.30338118897647837,0.001130767646602951,0.2524662453175791,0.0007652539268002076
2024-07-10,0.32505497055923555,0.294685330119852,0.0019230818762473812,0.31174696972250654,0.0007786925012599609
2024-07-15,0.21192428189509246,0.25547166354940837,0.0020343623398307695,0.2331101020585617,0.0010329961481928206
2024-07-17,0.22793512175326944,0.21622073350642312,0.00146200434877446,0.22520320655453405,0.0007153556685879088
2024-07-20,0.24211842393802205,0.20738554409458448,0.0011879998686304476,0.22373350103269132,0.0006000086859723624
2024-07-22,0.29233918131472414,0.29823378995140454,0.0019884385510002454,0.2940062145979684,0.0008689833540626125
2024-07-27,0.2649670063116063,0.20922219025720876,0.0013046639592799731,0.23504000277007195,0.0005843678881872745
2024-07-29,0.24358302518631642,0.20694032512382265,0.0008126594219268014,0.21776424997627356,0.0004257787150517237
2024-08-01,0.11854302321526347,0.19066466062853965,0.0009612900488891523,0.16373589678533182,0.0006575148571526945
2024-08-03,0.2982717210945405,0.1659810114642424,0.0008564026693515985,0.210259117353838,0.0005434749024816276
2024-08-08,0.18064256637936804,0.17561259452891811,0.001073022170149236,0.17787059503467476,0.0006789844849649438
2024-08-10,0.19780191044485024,0.167997740047888,0.0006601018829862962,0.17739088687675064,0.0004313161107117157
2024-08-13,0.2730803493407787,0.1793619818604129,0.000898287920158539,0.21148257937621676,0.0005576567036706996
2024-08-15,0.2606873791066781,0.3339709522368157,0.0015416507483235326,0.29892682164660367,0.0007716593865223712
2024-08-20,0.262660997227791,0.22383879091461822,0.0015210544363066774,0.24277838480473032,0.0008057676551204942
2024-08-22,0.2515785711669727,0.2142630699830378,0.0013129381323143112,0.23007700679224397,0.0005587183099269313
2024-08-25,0.14282951313734324,0.2219214910663654,0.0013339224065704253,0.18397925065599727,0.0006164773195768853
2024-08-27,0.2199443596812354,0.17155534477798046,0.000804889197319025,0.1885001937371122,0.0005456273267663858
2024-09-01,0.37450088537962845,0.2934817171293125,0.002622234487286308,0.34539638676340934,0.0011108581847311786
2024-09-03,0.3766541071858383,0.37060646866515407,0.0009095398900843665,0.3729027157300278,0.0005850200373875115
2024-09-06,0.37073528399469546,0.3813271588236781,0.000986701035674529,0.3767968328802352,0.0005711675818791109
2024-09-08,0.30489818748202263,0.3693325835709318,0.0006807813102477025,0.3491683727241914,0.0004918740724400812
2024-09-13,0.3017567881657874,0.3186588021160178,0.0012145942106792404,0.31001851913333317,0.0007300383787467275
2024-09-15,0.24965184811031924,0.2792121917407629,0.0014990150166805287,0.2643990958779963,0.0007345484497627103
2024-09-18,0.2716690802171029,0.23630460413496235,0.001515872612572093,0.2555974113516574,0.0008239538832503228
2024-09-20,0.24949625175701381,0.23800922731791696,0.0013502275418887876,0.24048754005363462,0.0006584618528930267
2024-09-25,0.40453610739782486,0.31739811323368783,0.001859218333088956,0.36168149297805613,0.0010246892724292064
2024-09-27,0.40203824767743956,0.39406326797839925,0.0006582872421051452,0.39648342783115476,0.0005465852337327696
2024-09-30,0.3106658065490153,0.3334233789042786,0.0007813951387778645,0.3252608647901832,0.0005372922670484726
2024-10-02,0.293506689389816,0.3389956814260718,0.0010919106884645328,0.32106182590465593,0.0007798157313227401
2024-10-07,0.4119625150890095,0.41111741477839564,0.0005890942627038306,0.4122923991260481,0.00043584247588412614
2024-10-09,0.4224201235258366,0.39025406761571557,0.0008732886783143375,0.40151038907937014,0.0005818855447388871
2024-10-12,0.4080566952862177,0.3438568375840924,0.0007035863256377508,0.3638629453742591,0.0004701235302370106
2024-10-14,0.31318307216299907,0.34508890826699207,0.0006527293067690104,0.33686172137068354,0.0004857502353325401
2024-10-19,0.383628402491506,0.3855357626676403,0.0005918241065415577,0.38742322524857203,0.00042547167981173833
2024-10-21,0.310751561886829,0.35048914180039076,0.0006526318279839191,0.33960600194868157,0.0004720567678676575
2024-10-24,0.34775290234668343,0.32481206400996404,0.0013871530461336467,0.3341627649482299,0.0007465562629410532
2024-10-26,0.42185478865767295,0.4135757952428765,0.0006201041454245085,0.4164807145200235,0.000516529144993982
2024-10-31,0.3249924642140153,0.34626448422299866,0.0009095454994392409,0.3382983906003054,0.0005881113976517496
2024-11-02,0.27171187030934374,0.3281782953450992,0.0010383412937942742,0.3068082968923641,0.0005345742648119451
2024-11-05,0.32225647213208425,0.30403783315825855,0.0012982368661531773,0.3087927079785361,0.0007049185633138626
2024-11-07,0.28811444256168517,0.30615929448443313,0.0012633718576100564,0.2987172108461982,0.0008654573007547842
2024-11-12,0.4204517188729191,0.3364339390760495,0.0012279215040087782,0.3718908494118987,0.0007152277789066221
2024-11-14,0.22250139346373782,0.35757296454555254,0.0004438224866565146,0.3287206176580625,0.00040297285936533554
2024-11-17,0.3899282388812974,0.31797921600379153,0.001347214557428877,0.3508741723401812,0.0006739801799280866
2024-11-19,0.3211421964288656,0.3468573088771316,0.0007698328386042324,0.33886802765706486,0.0005403032159121183
2024-11-24,0.3982973912084846,0.35456712308467886,0.0007393938989451334,0.3672740871851691,0.0004235069418765413
2024-11-26,0.3585453988240195,0.3728896725329095,0.0006627206898959339,0.36860099391515505,0.0004654678229991078
2024-11-29,0.40770207743372283,0.3420718516868053,0.001158786295709906,0.36876294424889094,0.0006971512668173925
2024-12-01,0.389802332067266,0.35555895560552253,0.0008923327769540939,0.3665434619100634,0.0006758989656482628
2024-12-06,0.3850115440083479,0.3816518569906545,0.0007977179083746993,0.3820080643742393,0.0005106703207156682
2024-12-08,0.41805202028823996,0.3923721744557281,0.0005521855251027025,0.3993798990067266,0.00035239793847068805
2024-12-11,0.3658499906186051,0.3650820423963955,0.000495846877540034,0.36303249127354725,0.00030935286048461687
2024-12-13,0.3727583273723563,0.3579651292222282,0.0007720165230647658,0.36342953922256854,0.0005347918634492464
2024-12-18,0.3754509941028126,0.3560417984681595,0.0006348101445801683,0.36273158733139815,0.0004559311181530988
2024-12-20,0.3376600746673527,0.37779513802431064,0.0004850368065063617,0.36867447566990824,0.00036955178353217043
2024-12-23,0.4133284175154583,0.37976067789994894,0.000585394507135161,0.38800902734195913,0.0005320246225435075
2024-12-25,0.4005810886299352,0.3713110068777707,0.0004119297769694441,0.3757463335603331,0.00029554569592311967
2024-12-30,0.3897176167868272,0.3513171028586372,0.0009038923315953332,0.36541088849692754,0.0005264496309560648
