day,y,hxb,hpbh,hxa,hpah
2016-01-01,0.37748295097002055,0.28122539113563016,0.002905134027615632,0.33819588260624583,0.0008388205098811012
2016-01-04,0.4034355237698458,0.4115392626797786,0.0005052691729334114,0.40876851504504635,0.00036377940852116644
2016-01-06,0.3665336504473228,0.4125044480227596,0.0007054715929679727,0.3971079269606388,0.00043796696175215066
2016-01-11,0.4124213011239852,0.4153453438547108,0.0005282439292857455,0.4143652832057609,0.00040045511750962
2016-01-13,0.40450506044519924,0.3833057428682222,0.0004649894035318631,0.3860214614367208,0.0004244846441923852
2016-01-18,0.3269880107839332,0.38289265658360966,0.0008128512026635068,0.36225320833657293,0.00042190029937492997
2016-01-23,0.3692279419139798,0.35261545583716475,0.0007400667985949965,0.3582753881643564,0.0005176197958295495
2016-01-25,0.39116923078177546,0.33750925867146925,0.0010137212301389302,0.356631302262102,0.0006744315873724312
2016-01-28,0.3708604365084767,0.3361078662338354,0.0009409452090587125,0.3482918641904197,0.0005507136270778411
2016-01-30,0.35078354166093895,0.33412075625335363,0.000877298246527308,0.34212293155709533,0.000557774646188206
2016-02-04,0.3676187874134533,0.34666963477729335,0.0008736283184821758,0.35225288881678557,0.0006822370088806048
2016-02-06,0.37141523168955426,0.34280199287867447,0.0009688369407746324,0.3528680988317117,0.0006579467449440692
2016-02-09,0.4003899282071035,0.41425144382197543,0.000484184330520725,0.4120704534209251,0.000382121055501157
2016-02-11,0.3585729916106564,0.39050790067916913,0.0005677722526637655,0.3824163535244535,0.00046062171143634666
2016-02-18,0.4007814610053992,0.378983587102196,0.0008348595421297974,0.38531792239160256,0.0005090769856300986
2016-02-23,0.3955028351117356,0.3608603724459786,0.0009515360108691797,0.3759356383988292,0.0005350126498147357
2016-02-28,0.3233705735055692,0.3870240361415485,0.0007892713486036582,0.36325823095993603,0.0004822003517419422
2016-03-01,0.3828365465510943,0.3385454706430577,0.0007770851817014071,0.35192324962182014,0.0005475294796047805
2016-03-04,0.4153398268601062,0.40025421024406804,0.0007061037647806179,0.4066171042458598,0.0005460563937008034
2016-03-06,0.3708697790007444,0.382254750812598,0.0005116541987519439,0.3798292937918915,0.0004030146507895512
2016-03-11,0.2759493167801702,0.3525126952343766,0.0008059247727024135,0.32719210694505385,0.0005249819403651965
2016-03-13,0.3940453703251969,0.31713851871331367,0.0009333747910664358,0.34473975559655734,0.0006032890049842864
2016-03-16,0.3152500254035483,0.33350296392971396,0.0009988572493216153,0.32706278281756335,0.000619678196001204
2016-03-18,0.34639745517383075,0.32064631790264064,0.0011587249196586132,0.3304141488400147,0.0007175259055679185
2016-03-23,0.2781486392202317,0.3218123410856043,0.0009269527215601268,0.30647483141027837,0.0006324407205280174
2016-03-25,0.32272138029484687,0.30814517702018124,0.0013505206935338773,0.31530751110367267,0.0007992456904844486
2016-03-28,0.2971412579072595,0.31646293961475697,0.0011521997824537067,0.3107033509132189,0.0006809352178322432
2016-03-30,0.4031244588547624,0.31990688498711534,0.001257231181966741,0.3542672471408867,0.0006698340481762411
2016-04-04,0.3995703422883908,0.344598200831515,0.0009685251586703175,0.3636873657872844,0.0006121958842769283
2016-04-06,0.3703585958949736,0.34200258123702093,0.0006833024043397132,0.34913005311042833,0.0005122697693646912
2016-04-09,0.3246271410625474,0.3473830293025473,0.0011083619546768213,0.3396233050876839,0.0006188325348715401
2016-04-11,0.2793356285797448,0.3686160447785936,0.0010068669818088388,0.3375614945073997,0.0006120587539743855
2016-04-16,0.37948192781924284,0.36445956171775024,0.0009396095222215771,0.3706366716797065,0.0006281283708037521
2016-04-18,0.3434927194477715,0.34716086164879023,0.0007580839733855871,0.346115922251959,0.00039161307358507024
2016-04-21,0.4101534498799576,0.35608230231382804,0.0014497668115774345,0.3806743372180233,0.0008682622336509181
2016-04-23,0.3216675349527333,0.3654144510602353,0.0008845803622339207,0.349320090924531,0.0005786847524090493
2016-04-28,0.27625477550933575,0.2959287744072732,0.0016264671756674824,0.28546380623177225,0.0007839025437930131
2016-04-30,0.2795109527996886,0.3297945302862812,0.0014489326522630613,0.30517714464125695,0.000806730133729577
2016-05-03,0.26301596208872424,0.2637974804245873,0.001408636088813443,0.26527349961098323,0.000736584548473497
2016-05-05,0.2580152047879991,0.23402065234337194,0.0012441671290905655,0.24425739481044592,0.0007727194740055905
2016-05-10,0.2802295126881506,0.27616370802873846,0.0019976829877712803,0.27997616434620515,0.0008707179617631292
2016-05-12,0.2998084014661987,0.316600743168415,0.0012775694966820073,0.31182410088592805,0.0007331777036758078
2016-05-15,0.22545449231018844,0.33629585701274506,0.0009750888323601457,0.29039384981851035,0.0005485379314002352
2016-05-17,0.30272666508098917,0.2596080973098569,0.0011464609734763663,0.2770520205425659,0.0005977124534254999
2016-05-22,0.3378933196862438,0.3022969002553309,0.0030010378482137516,0.32420066884112514,0.0009214501012500332
2016-05-24,0.3026637454968839,0.28324624658301223,0.0014838784416052685,0.29023555785500077,0.0007546106851886063
2016-05-27,0.3937051460817578,0.2824571273092104,0.0012077406524630785,0.3299528106834485,0.0007666360108202658
2016-05-29,0.267100767068021,0.3862839307576717,0.0005907524740236508,0.35366540305414135,0.0004181260086373731
2016-06-03,0.2953959267631069,0.307900510984723,0.0008894491225166038,0.30485877987587423,0.0005589228530185176
2016-06-05,0.1427205961721192,0.27058514351364893,0.0012976154520183717,0.21424924567419454,0.0006408209856998912
2016-06-08,0.32199539776989317,0.19245653544185246,0.0010799907619725763,0.24524641516369083,0.0007003382440765217
2016-06-10,0.3590499345989603,0.24055722708639585,0.0015988871944200378,0.29917047387651685,0.0008103769985114431
2016-06-27,0.1690756403194025,0.20220652541438416,0.0019331415072326977,0.18670429833578314,0.0008749151496493706
2016-06-29,0.2184556067484146,0.17457192770148874,0.0009530121718889186,0.18891041416669763,0.0006313436901204587
2016-07-02,0.19240495999648238,0.18297294038789477,0.0010537705315292617,0.18514093237563137,0.0007099133783066472
2016-07-04,0.2206326296370975,0.19890552981875056,0.0008875633901659126,0.20755836510214365,0.0005938609083835425
2016-07-09,0.18071756834960642,0.1864507428720947,0.0012158909114237872,0.1811872387115536,0.0006095313281352561
2016-07-11,0.12301832912306691,0.1805139326754487,0.0008003410575089395,0.16488822641974354,0.0005162827668009997
2016-07-14,0.14400870973827787,0.19126924756145428,0.0014425333241089358,0.16821440632138746,0.0007155960725488189
2016-07-16,0.28414756438932093,0.15829707072501675,0.0007769271985118549,0.198874038647725,0.0005297518866861963
2016-07-21,0.2597995386034676,0.165389655030239,0.001252839715995319,0.20912184172607567,0.0007370204246904093
2016-07-23,0.28329404441528994,0.27643631229947474,0.0023767209915446647,0.2784716830553067,0.0010389913662079303
2016-07-26,0.27250073773272654,0.20850922196569602,0.001461975491748454,0.23497896554670117,0.0006829765592644326
2016-07-28,0.23812523300794933,0.20294752511726355,0.0010041021159718536,0.21436099067304157,0.0006008815363940664
2016-08-02,0.1697563826737607,0.16956667641218953,0.000999817418063763,0.17073922703442246,0.0005447730761223818
2016-08-04,0.26930362016289977,0.18447849775696765,0.0010404671987300608,0.21641486634635698,0.000658086110899326
2016-08-07,0.28776745365887574,0.181906638890339,0.0009932601592582348,0.22126831460445515,0.0006675989735199428
2016-08-09,0.21429531355973327,0.2038377538365753,0.0011823497570000287,0.20686069014781572,0.0006593549245529623
2016-08-14,0.20835577662077281,0.16497440666962312,0.000924618204358556,0.18017492523360662,0.000521616683187808
2016-08-16,0.14501156521976336,0.16956360318816216,0.0008207639506166597,0.1612686729691738,0.0005981881640729417
2016-08-19,0.3439547711704802,0.17072222413059682,0.001041297884825083,0.2366925213240042,0.000591106225186072
2016-08-21,0.16548980062692825,0.26234621393334634,0.0014125825448868905,0.21556443931630948,0.0007038358132358449
2016-08-26,0.16856790493596485,0.16788951059281496,0.0007573806222198876,0.16584431204782019,0.00039971884901895196
2016-08-28,0.1313191944755459,0.16614730924483528,0.0008561654243225958,0.15246262254062187,0.0005234978019823165
2016-08-31,0.12435673407483884,0.15681644648393805,0.0008536683779111847,0.14648317137429115,0.0005367941609556578
2016-09-02,0.1855459819671345,0.14508251615991674,0.0006358125188604765,0.15619041674290335,0.0004285390953927058
2016-09-07,0.13136684178927907,0.15179738148904703,0.000858573260533409,0.14608868633551403,0.0005739781049528374
2016-09-09,0.26559539187991155,0.20792948686978527,0.002035109225115885,0.23793668004986945,0.0007837809603061916
2016-09-12,0.1519259193078286,0.1969171404136312,0.0016481569177337696,0.17514913022091189,0.0008427747501998137
2016-09-14,0.39250650482664934,0.35399082997570835,0.0026072811731094976,0.38346238459797893,0.000989602762745057
2016-09-19,0.14038953073212776,0.29153399945782305,0.0012894382894008474,0.22513821387703975,0.0005920703259380091
2016-09-21,0.14659770510916736,0.20165503700728568,0.0011917983157971456,0.18166138560130402,0.0006495689297123035
2016-09-24,0.20087790999275326,0.16790161064757364,0.0011973474562576316,0.18422001798600882,0.0006287922046943776
2016-09-25,0.14556752636993706,0.2002583100024548,0.0009573735403541081,0.18033171775867612,0.0005453558619671811
2016-09-26,0.14699559877531404,0.17487921466714784,0.0007756145279264924,0.16507331653182625,0.0004229176605313424
2016-09-27,0.1730592276022646,0.1590803966203352,0.0007319746508165068,0.16150885977193818,0.0005050856735850463
2016-09-30,0.28898154375339835,0.1525970806302508,0.0006697453514075737,0.19074032320258588,0.00043608064111432817
2016-10-01,0.22245904764522456,0.21967818620429216,0.0007537847325118789,0.2198848814976201,0.0005943487771788524
2016-10-02,0.185060058858023,0.22159929124948127,0.0010643534180501306,0.2062985517300113,0.0006352708637564108
2016-10-03,0.1661394169372878,0.19696744771043748,0.0010102706534751845,0.1844138800501346,0.0006951759936936739
2016-10-06,0.18649672320878546,0.1927098582352012,0.001212925818787163,0.18826831380205775,0.0007065760673479304
2016-10-07,0.20725007130614662,0.18076295272267398,0.000928711814958748,0.18947262886153532,0.0006693876527430498
2016-10-08,0.23987000426213428,0.18468755968506445,0.0010231640557627083,0.20925425216983842,0.0006686043865470213
2016-10-09,0.15075334460851705,0.19876664717332201,0.0008283712325322781,0.18273193054014217,0.0006165280248788403
2016-10-13,0.3249514099582822,0.29090736037427706,0.0032491935044317408,0.31345613981852644,0.0011639220739795668
2016-10-14,0.3062451579104873,0.3522314229828507,0.0010965801921494621,0.3380752494173289,0.0006703358789547492
2016-10-15,0.30257552579446945,0.31072363861107555,0.0009941288518125417,0.30937096850961987,0.0006287901658541306
2016-10-18,0.16125879990245362,0.2606969788765708,0.0017188084355373608,0.21079891085161528,0.0008394481385351956
2016-10-19,0.2242890605203987,0.20202617549339302,0.0007102198350927769,0.2095374245435655,0.0005779514623260161
2016-10-20,0.16476415606798292,0.2013760883038891,0.0007994517181454807,0.187797343707034,0.000669160276119111
2016-10-21,0.17310439873526703,0.1837179082210238,0.0008015819702515952,0.1812494969734005,0.00046908627581402376
2016-10-24,0.22328138831740535,0.2481672834565045,0.0026034732583346903,0.23270009042048134,0.0009734391207806354
2016-10-25,0.30868803960281077,0.2364182355756973,0.0014801445245418582,0.26942435603400144,0.0008398279622662413
2016-10-26,0.28948542377464676,0.2606438117367207,0.001216739189564416,0.27448176313626194,0.0007212801635558948
2016-10-27,0.3081852675831012,0.25818908967761056,0.001147873679923159,0.2794968091956465,0.0007223609758711769
2016-10-30,0.2568362691754773,0.24243724830482097,0.001816324854587457,0.25079133430987505,0.0009836349819232356
2016-10-31,0.25002609425054123,0.2397302073643223,0.0012757946546464926,0.24455825156551067,0.0008102005223037795
2016-11-01,0.29325342601501353,0.2321406509149181,0.0011026396455943279,0.2574672030856347,0.0005671809395978701
2016-11-02,0.2751056109424492,0.24819414337374351,0.0008915618566423599,0.2580313556745784,0.000510932117321273
2016-11-05,0.3249828797343186,0.30899351206109626,0.001779415974662972,0.31864899273969205,0.0008369236328853965
2016-11-06,0.27661282471835463,0.33671903087524735,0.0009963108791816422,0.3123382670558908,0.0006155684766239807
2016-11-07,0.2900018547185833,0.3352971492122537,0.001025835688207683,0.31571656440635454,0.0005718152836928222
2016-11-08,0.3935732591071794,0.3146070224386706,0.0008805359754230765,0.3442661602061205,0.0006221124038505095
2016-11-11,0.30551643585355687,0.36534214740399507,0.0007029175327239886,0.3465271351223814,0.0005483869189312284
2016-11-12,0.29988705079826955,0.3317476552721013,0.0008117027402402459,0.32089100205993004,0.0005099382967259535
2016-11-13,0.3549322388592031,0.3511716229733415,0.0008614536902260649,0.3524269906836038,0.000592680608264087
2016-11-14,0.4065912367882848,0.343617636283058,0.0007431579982794481,0.361029997561882,0.0004635397726345166
2016-11-17,0.26422735498821315,0.31279677652306626,0.0011081543264930055,0.29197836618956985,0.0007100240023568741
2016-11-18,0.3318828260780412,0.3152864358093972,0.0012228211767914775,0.3209876011343889,0.0008128437994101576
2016-11-19,0.3558971358055678,0.33625787261263895,0.001031505473122505,0.3445745320388721,0.0007296722416920588
2016-11-20,0.3755792070774079,0.3454467171237824,0.0008814752623988112,0.35683889507785255,0.00047938267695670666
2016-11-23,0.37717317314109255,0.38923121208109634,0.0008074121092376162,0.3839143080314674,0.0005567820989209044
2016-11-24,0.33974212340435356,0.3599409141505693,0.000494664994506968,0.3559232971064972,0.000415201012481174
2016-11-25,0.29157013042345675,0.3492254060792795,0.000604674680286737,0.33409364565473887,0.0003747877216606015
2016-11-26,0.37574535833118905,0.32961121853342995,0.0006928487442877737,0.34361059326540627,0.0004456457985621632
2016-11-29,0.3100803708321972,0.3144450161855786,0.0010767705461848752,0.3130771749842917,0.0006472487588717232
2016-11-30,0.3063572980373879,0.30365190421105803,0.00087720662501017,0.3072410959537801,0.0005418727664865475
2016-12-01,0.3493814331706784,0.30245723574149463,0.000814666580014863,0.32114502012778234,0.0005678505818116884
2016-12-05,0.28020562638506935,0.29342498544281936,0.0018858288341180038,0.2857481202152598,0.0010452089270281256
2016-12-06,0.3331188703362886,0.28106522599571937,0.0014149156793541084,0.30194337272866223,0.0006140327094895175
2016-12-07,0.29343160104304433,0.29732507175403716,0.0007727183571028511,0.2957427048640129,0.0004609346480154577
2016-12-08,0.33647267185122426,0.2930843106952834,0.0006679654294092911,0.3043684601660491,0.0004795621099793031
2016-12-11,0.24459657116062478,0.29407329921031516,0.001317693404615464,0.27188053309230514,0.0008003417016799991
2016-12-12,0.33675905950027946,0.2694061567094653,0.0010702272799968857,0.2960863334503645,0.0006785823778320151
2016-12-13,0.25362582746314144,0.2890106843682694,0.00067490047627371,0.2788310598602386,0.0005036330052210145
2016-12-14,0.3250445634459391,0.2752625206220644,0.0008135455319741221,0.29137355626192174,0.0004983126260895812
2016-12-17,0.2805906715933497,0.28111779841409684,0.0013844242907127748,0.2828021797269395,0.0007456245070451054
2016-12-18,0.3248081992229363,0.27859417055933505,0.0009482340496578002,0.29528625472270187,0.0005472105238787926
2016-12-19,0.3038074139059928,0.30024627780166185,0.0006655428614650599,0.30127056261854146,0.0005043393967654193
2016-12-20,0.3135471396134188,0.30053364504035174,0.0008949355716369604,0.30484928388037974,0.0005651461486172784
2016-12-23,0.37023905857344697,0.34350911838150416,0.0009943200655686722,0.3547514374653214,0.0005893512464300467
2016-12-24,0.36692177557511313,0.34712103316078136,0.0007772620996911307,0.3534249039033176,0.0005300880063185999
2016-12-25,0.3320662987823429,0.34413187963992603,0.0008379989657735255,0.33958938979176634,0.0005617650837181459
2016-12-26,0.29133834535771685,0.3343355106837641,0.0007316734610709173,0.32250346398206614,0.00042412234996958774
2016-12-29,0.3295708526286611,0.29999206636855197,0.0009821130120038005,0.3084576329136738,0.0006612259199312663
2016-12-30,0.3015946218744282,0.306007853495584,0.0008970843518513432,0.30325524586566954,0.0005217410446108887
2016-12-31,0.34818684154547797,0.2996131839024276,0.0007863561564120215,0.31434794691029655,0.0005675661231634759
2017-01-10,0.3116729682263458,0.3444144872611454,0.0020459562408363047,0.32584496575897914,0.0007927880524992971
2017-01-11,0.3686193686140844,0.3254324667642321,0.0009994546045244664,0.3422721191089002,0.0006180829903322869
2017-01-12,0.35113385716400725,0.35756468894181204,0.0007945347952105185,0.35655121258450345,0.0005891671929971414
2017-01-13,0.33243957147808306,0.35475564957383243,0.0006516415978866466,0.34763809751464914,0.0004489478655907761
2017-01-28,0.2949314660000997,0.3183854251053835,0.002074699625328031,0.3089456225370623,0.0007919108993455104
2017-01-29,0.3061720244159743,0.30134503966072623,0.0013321316291658083,0.30269986878473454,0.0008949476578221851
2017-01-30,0.2958734133861079,0.31151988078717074,0.0012103295731986303,0.3068747129004413,0.0007965948814825747
2017-01-31,0.2964805743093123,0.3044951374984416,0.0009457670445519811,0.3015983865431373,0.000577604384996643
2017-02-03,0.35036758703388027,0.3485554506864139,0.0010752216327020424,0.35161101641375664,0.0006608623422539876
2017-02-04,0.38435585422082974,0.3849479563714748,0.0011560805963660042,0.38611223526728755,0.0006263548888877764
2017-02-05,0.3834440183624838,0.40639311837768416,0.0005659834005842759,0.40051089603060047,0.00043452382318452204
2017-02-06,0.3631502921839242,0.37705863268552264,0.0004471913017197147,0.37390774281405165,0.00034212752741042833
2017-02-09,0.35567147080875566,0.35251579204743805,0.0007406990520842237,0.35141045161926043,0.0005458939781641955
2017-02-10,0.3408003416133567,0.3415412866565228,0.0008871188671706428,0.3377332875826523,0.0004881570292470618
2017-02-11,0.34428831861230247,0.3302326580712885,0.0007143975019110911,0.3352021203429527,0.00045245777595056543
2017-02-12,0.37213706976483235,0.33626474006226503,0.0008946388605347966,0.34908379928330147,0.0005752228330347302
2017-02-15,0.30103241404611225,0.351774139848724,0.0006598458418292062,0.33949004490365037,0.000575983631496855
2017-02-16,0.2995824987213368,0.32886868136664726,0.0006798553381150865,0.3211233662377457,0.0004205237995145676
2017-02-17,0.30580205249263503,0.3143121393183921,0.0008033327157540589,0.3098383288473759,0.0005167295414857236
2017-02-18,0.3348706412639867,0.30659812224510324,0.0007515359408301952,0.316275632952374,0.0004688440682313486
2017-02-21,0.3001554424843639,0.3011152997586137,0.0014318576003076596,0.3010932327500371,0.0008220669615385793
2017-02-22,0.3215761539534387,0.2960660049552332,0.0011287553253025728,0.30854422277439686,0.0005376190888358527
2017-02-23,0.29902824123184807,0.29934976953671233,0.001095396235538361,0.30217538947937933,0.0006095048637155831
2017-02-24,0.30781110525177213,0.3004316181298427,0.0009297446985661754,0.30053232072008174,0.0005277166766490467
2017-02-27,0.30665827073090735,0.30633549863690807,0.0015263977964703854,0.3064290013065487,0.0007310160656442837
2017-02-28,0.3300084932782531,0.3713922454495427,0.0008917565152976143,0.35573090537525287,0.0005676734596919494
2017-03-01,0.3730057564832005,0.35111562533691587,0.0006714005534809905,0.3595728277896302,0.0004667612361834484
2017-03-02,0.3549428524014374,0.34501624009170223,0.00059479151461104,0.34700578485691047,0.00046255264255874625
2017-03-05,0.37557897173004795,0.38609044467885234,0.0005561209146121382,0.3826468374801904,0.0004392178823490766
2017-03-06,0.34572954592667215,0.37585520201091205,0.000497253049614974,0.3680739371391477,0.000359162231305056
2017-03-07,0.416928487547174,0.39332218266896357,0.0006545796262269868,0.399787820936834,0.00043267767009585084
2017-03-08,0.3864865259311044,0.37914221165740414,0.0003124914122308413,0.3799275667163567,0.0002446585462644627
2017-03-11,0.34459552712172686,0.3310052372182728,0.0009784401933943519,0.3356170953905923,0.0006337747522731273
2017-03-12,0.3412796589298301,0.3821136980260392,0.0006234145929547602,0.3718516718697746,0.00044932081350791545
2017-03-13,0.313582196094053,0.35953302953384636,0.0005819840148344014,0.3462682003258163,0.0004106410298968607
2017-03-14,0.3388767893892708,0.3355746092006293,0.0007205738625344723,0.3358952960763088,0.0005294012467384157
2017-03-17,0.2882533421074923,0.3017944841236849,0.0012373804345853787,0.2964663168664967,0.000763215266294675
2017-03-18,0.31634676796140876,0.29338761353309717,0.0011358667488511947,0.30225242979671135,0.000623298363147529
2017-03-19,0.27594784877351775,0.296386273132094,0.0009193638733174846,0.28893197958963873,0.0006936190633941512
2017-03-20,0.3118209089939768,0.2860895981646754,0.0009491300014365014,0.29593475878320386,0.0005463752798359515
2017-03-23,0.32627259820229965,0.3894350531993641,0.0008903767142718063,0.3675552038922884,0.0005352709058891457
2017-03-24,0.329246180050922,0.36484093828453645,0.0006377742228762453,0.35633858103469096,0.00042943964287593667
2017-03-25,0.3388296551903225,0.3806078609324646,0.0007638871253776268,0.36548211691305227,0.00047959067915408796
2017-03-26,0.35405318092399946,0.3432625478009486,0.0006045477518494134,0.34472304205964527,0.00047757930196362707
2017-03-29,0.28443022966241543,0.3111177246314534,0.0014380891163339048,0.2993649683326871,0.0009236318120847303
2017-03-30,0.2696579831325419,0.2849085808181973,0.0013208263634125722,0.2762667371876129,0.0007895695090991011
2017-03-31,0.38201178148217374,0.3527066427214144,0.0014596484077129583,0.36642089135806083,0.000690810278492894
2017-04-01,0.3283522084420187,0.3687650108924979,0.0006573116186896006,0.3584616777602798,0.00047018275996963966
2017-04-04,0.3313032328555893,0.3273333686410773,0.0007089202118994313,0.3295463917393399,0.0004261230690794337
2017-04-05,0.26368891663937233,0.338482147480802,0.0008510177901303873,0.3113019070102139,0.000524564417879259
2017-04-06,0.30746454945037777,0.29984065613378713,0.0008361298827829727,0.30381695930526176,0.0006005404066279245
2017-04-07,0.26143514291328696,0.2880580999748734,0.0009118336614298536,0.276152569957673,0.0005651928362994654
2017-04-10,0.2736027651214013,0.23982320155814263,0.001632151921927417,0.2572382686770295,0.0009849349144661072
2017-04-11,0.25483526334577644,0.2546767891684216,0.0014337264093356459,0.252380338063573,0.0007098356081236374
2017-04-12,0.26798324191645906,0.2427551628366134,0.0008979625613465022,0.252581756482651,0.0005334842953221375
2017-04-13,0.278261774610639,0.2428472579726718,0.0007694311080305706,0.2537931966607413,0.0006226229153786508
2017-04-16,0.24518011412101925,0.24085633588564406,0.001144558388034334,0.2416896122136075,0.0006699083023489639
2017-04-17,0.2420100796923863,0.2327911333703456,0.00098152734429103,0.23635747514012603,0.000745975924244726
2017-04-18,0.24202147680160946,0.2303344186202071,0.0010223293825422457,0.23387787305082253,0.0005868662878017748
2017-04-19,0.2826187939991193,0.23067619511179047,0.000997063682166853,0.25258528011837506,0.0006812236285333937
2017-04-22,0.26990804426208836,0.22334033289812255,0.0012554321251734848,0.24428770017332396,0.0007495793414823755
2017-04-23,0.2410630724756554,0.22929972083110584,0.0007113352911963153,0.23257874984283192,0.0004109533060959458
2017-04-24,0.24049906204951674,0.22315802278782962,0.0008002282854487209,0.22892679273607855,0.0004951816057389031
2017-04-25,0.2792123544682813,0.3137748744724755,0.0019383057326226162,0.2976842061521174,0.000923025188442094
2017-04-28,0.29612007511019467,0.26790719762881804,0.0012817707529829672,0.28158775800009883,0.0006897930285840345
2017-04-29,0.26352586973209136,0.26300177240683476,0.0010731800204096815,0.26410575530781727,0.0005897122782730756
2017-04-30,0.34414192889477346,0.2954026189544293,0.0012906988883979499,0.31620365230019887,0.000941629225297015
2017-05-01,0.25156441809532987,0.31815474063839255,0.0010551805862607229,0.2897149450732625,0.000686953957648279
2017-05-04,0.2699916592651682,0.3071665695674155,0.0012112228787230627,0.2907606810690496,0.0006792685329009136
2017-05-05,0.38124725375652324,0.3172843341986975,0.0008464847337884317,0.33914440748010116,0.0006126800651383259
2017-05-06,0.34043548146471525,0.36014818421878786,0.0009263112249829849,0.35210631847239254,0.0006318784075138925
2017-05-07,0.21830468114357368,0.3263755175143138,0.0007623384568070203,0.29271337184798496,0.00048796904373501755
2017-05-10,0.34681124349346026,0.25572413709825087,0.0015375149132604955,0.29757543135486425,0.0007407358416192467
2017-05-11,0.3138972224978637,0.3263660876324048,0.001433764624487763,0.3223982556270233,0.0007328009692522245
2017-05-12,0.21960900363588945,0.3009122413285525,0.0009569180063607924,0.2711416059385974,0.0006417132621092323
2017-05-13,0.3323593097810017,0.27458106328077975,0.0010133318714179874,0.29795034760984224,0.0005883231042028751
2017-05-16,0.24366235579261225,0.2326909904645039,0.0016205703165079102,0.23543709204476668,0.000975484932888482
2017-05-17,0.4018125015627472,0.2724240484631079,0.0018055681918221292,0.34326508429768127,0.0009083461190461716
2017-05-18,0.3678285848081018,0.3996274976770849,0.0005429116150510492,0.3909921920325378,0.00034633840089004
2017-05-19,0.31920848699394316,0.3645719682524501,0.0004686132704814998,0.3527301465791222,0.0003917117028398267
2017-05-22,0.2650753483498504,0.3025113408959669,0.001372546804654906,0.28531879274598354,0.0007965224126036979
2017-05-23,0.3384286669470028,0.26928920718027427,0.0010013064674567601,0.2949037195804401,0.000496277860283045
2017-05-24,0.29163470798119084,0.27309882616677494,0.0008421342368272707,0.27713784155318355,0.00043209584703675006
2017-05-25,0.23560651388737816,0.25110308377670887,0.0008868119007524039,0.24444592455193923,0.000636442418317219
2017-05-28,0.2304881784818909,0.2029202533101375,0.0012578679607274843,0.21441787230397402,0.0006008718915830847
2017-05-29,0.39427556141485204,0.20678836875312065,0.0008339413460194777,0.2701863162445604,0.000650672978921321
2017-05-30,0.368865627669154,0.3418214494515772,0.0018642105121736323,0.35905648488447617,0.0008169418023082186
2017-05-31,0.23815825448597022,0.35221608788364256,0.0010834170015957903,0.30448166165663876,0.0006232033316685533
2017-06-03,0.29101424026918726,0.3627548656599913,0.0014867932279846576,0.3284734151492149,0.00080922763808653
2017-06-04,0.283252440174836,0.32718220976487183,0.0012550720388485698,0.310653925083585,0.0006259117670364216
2017-06-05,0.2402194459561725,0.2915346799748818,0.0011321939809675666,0.2724311568492384,0.0006685669008331745
2017-06-06,0.2275007342368552,0.27136226942474745,0.0010123385378627008,0.25441940849546296,0.0005545723889731288
2017-06-09,0.21787924878125836,0.25132392913047097,0.0020686463471300326,0.2333472446419334,0.0009572979306869629
2017-06-10,0.22659986998593762,0.21356081688217665,0.0010689293027928725,0.216702310074787,0.0007035051538663502
2017-06-11,0.24751525237765692,0.19830806094981823,0.0009563096405515572,0.21806686053495905,0.000524698939584707
2017-06-12,0.27522657969848435,0.20420378498646274,0.0006643653065898059,0.2237638838486324,0.0005729380754858544
2017-06-15,0.10100265876402748,0.18490108031954366,0.0010295642173291017,0.15425749253797405,0.0005290219551950715
2017-06-16,0.1830158686965872,0.15420297402098224,0.0006132000058816809,0.16158464545159437,0.0004512397813364875
2017-06-17,0.327387809206804,0.15926760864283016,0.0006643258240318668,0.2094275353923193,0.0004751181217056542
2017-06-18,0.08989264309640838,0.18937061203814282,0.0005897644328376078,0.163350426267022,0.00041971061975859975
2017-06-21,0.2002594206301832,0.15744534246487107,0.0005987256926331668,0.16865109327161892,0.00039285296020242583
2017-06-22,0.25089856145253975,0.1599547801325737,0.0006848369053569067,0.1851801218284887,0.0004726987127489163
2017-06-23,0.14935204259908888,0.18420620113682287,0.0006980090608620881,0.1719054625919585,0.0005216075054351444
2017-06-24,0.1866002258192065,0.17082392640888283,0.0006663392608088956,0.1747717286329439,0.00047494200615572134
2017-06-27,0.3402528678230078,0.2894015634556338,0.0025814947630283876,0.3202358462355564,0.0008822826365892499
2017-06-28,0.24823973779834335,0.35155121638344766,0.0012240562867663776,0.3095135363488625,0.0006299724669205215
2017-06-29,0.2829123772309147,0.32298706895217594,0.0010852176372933506,0.30657189151131925,0.0007075157821550515
2017-06-30,0.38456575355841405,0.34772654183274243,0.000960195903654762,0.3620604193495946,0.0006020154195236496
2017-07-03,0.20425025260621832,0.3041907001076832,0.0011263612253229886,0.26363535481079825,0.0007284016400896624
2017-07-04,0.15708021219792712,0.23315453463237154,0.0010816688111327428,0.20538104361471576,0.0008130058633293015
2017-07-05,0.15989971155435503,0.19112200952870181,0.0009037338653488181,0.17879628183952337,0.0005769726327691572
2017-07-06,0.17099586734846373,0.16708309734726698,0.0008044975757474207,0.16869616661537915,0.00042410101770278295
2017-07-09,0.29668167349982766,0.21940423237413054,0.0018014361041065279,0.2565508982587959,0.0007556162771734708
2017-07-10,0.29043743483973733,0.3168483308778544,0.0019046242017854945,0.30193409860946224,0.0007905353522488676
2017-07-11,0.2470260781615737,0.2867902111410255,0.0011157692893074007,0.27077787579280055,0.0007144521165750185
2017-07-12,0.2760150867311296,0.24801559588561772,0.0011052430572880982,0.26130237779795246,0.0006280029574829676
2017-07-15,0.16547655394318145,0.20462586735141694,0.001059436894601331,0.19027458731259841,0.0006161000025509313
2017-07-16,0.16784592758784145,0.17836642023757718,0.0006952050589985684,0.1753980608308332,0.000553263034765136
2017-07-17,0.14143026558278615,0.16050481078131326,0.0007767186163632058,0.15420636286340444,0.0005667856294648254
2017-07-18,0.23946989209781863,0.14944611074204214,0.0005025470815459846,0.16967378229329835,0.00045931767302905143
2017-07-21,0.23428532452749046,0.2500800008894744,0.0026914201398738563,0.24477460106771626,0.000929699277523886
2017-07-22,0.17927329283597276,0.22630097586556575,0.0010879859541513522,0.20564492193204326,0.0006464634089495558
2017-07-23,0.22563501944738856,0.19668182987884633,0.0008324659193267198,0.20802188155649365,0.0005888792634998661
2017-07-24,0.21403654708705225,0.2231814199499344,0.0010263465838255238,0.22148106877237791,0.0006467278688015554
2017-07-27,0.16368802199241306,0.19837463298065136,0.0013215144112529522,0.18581375178658655,0.0008600500415830593
2017-07-28,0.2002340278225841,0.18344480113326206,0.0009823114940624511,0.19099775140115643,0.0006617614484757828
2017-07-29,0.2184699111603557,0.1782265676054699,0.0007217454050779216,0.19072574413272225,0.0005065340414558469
2017-07-30,0.1525781593713151,0.18278989396362214,0.0006857068609714655,0.17381010657888588,0.0004471414149231127
2017-08-02,0.11159906490227653,0.16655154415748766,0.0007972617795166555,0.1478967919386746,0.0005179908726749467
2017-08-03,0.21363345901017736,0.14602895020171971,0.0005158326634968695,0.16276669623833434,0.0003327153527992649
2017-08-04,0.11279695873186116,0.15845224639166117,0.0006978038028289466,0.14443552237755136,0.00043811854118591605
2017-08-05,0.11285098203350286,0.1519088900573775,0.0005350848384373862,0.14337743400978623,0.0004402813660274379
2017-08-08,0.19517608547563742,0.33764046904965084,0.0027997948565937334,0.2485198808654846,0.0008798716251748609
2017-08-09,0.14961631040680773,0.26189473737516705,0.0011463187848884994,0.21490200981832758,0.0006834126049679414
2017-08-10,0.16513519684677913,0.23754115335362871,0.0012345847507353681,0.2083520937631554,0.0006481170035279735
2017-08-11,0.11541713961726416,0.19952473139460658,0.0008690271700756913,0.16966479314504895,0.0005364444515181952
2017-08-14,0.17547574603125138,0.14999388751457596,0.0006317692123620528,0.1559491712558695,0.0004308267400095016
2017-08-15,0.23598242944467976,0.15696079493438306,0.0007301309985604587,0.17928051297154496,0.00047573224293884225
2017-08-16,0.13073011331583784,0.17912303541881328,0.0008468070695798374,0.16297982239754893,0.000581603969439206
2017-08-17,0.12026303368882502,0.1569762256319846,0.0006060403297872058,0.14671023158705604,0.0004263021002316692
2017-08-20,0.1466317611207178,0.1501390930554058,0.000745615597661163,0.1492736617586399,0.00043130959553531393
2017-08-21,0.1235936720794671,0.14493033347093331,0.000696043104423389,0.1401651380181158,0.00042194433044943306
2017-08-22,0.12117177267388789,0.14008217623264432,0.0005546383422111566,0.13475539113186985,0.00033861368969946706
2017-08-23,0.12157470644284489,0.14174200571625337,0.0005774529026759386,0.13714852131041122,0.0004213861426078917
2017-08-26,0.278175279914018,0.1409890112247185,0.00053385265805442,0.1758799422495511,0.0003848014453152762
2017-08-27,0.2622991839797397,0.17576219013505978,0.0005959012279105173,0.19878313916852652,0.0004828513649951353
2017-08-28,0.14100133507071816,0.19794746395901192,0.0007239347873904854,0.18072718600668986,0.0004939792358369619
2017-08-29,0.1260220104091113,0.17088760851282636,0.0006993765746196307,0.15895260956257964,0.000471629766485993
2017-09-01,0.2691984985880362,0.2583448121045211,0.002765690147544081,0.2649498035787853,0.00123508074799199
2017-09-02,0.18738294294573155,0.24735465882508986,0.0015654303084779021,0.2198195073988518,0.0007303678486108397
2017-09-03,0.17743789194661164,0.20916485309506266,0.0010411629858146033,0.19673514773470074,0.0005308701798099442
2017-09-04,0.24082441195262952,0.2102533200851175,0.001023284802760605,0.22292677641944475,0.0006106838711026249
2017-09-07,0.18916433367580465,0.1921891364566877,0.0010183244433227916,0.19377671177679454,0.0008047495487116806
2017-09-08,0.3228227553362073,0.1882487318313093,0.0009207123321358029,0.23840692973718475,0.0005403605486661752
2017-09-09,0.17441850736857495,0.3523676998023823,0.0016614258710595455,0.2571994903161353,0.0006569579572984452
2017-09-10,0.21087303560098986,0.2454391283371335,0.0011359169216679967,0.22839860252917887,0.0006578018996344848
2017-09-13,0.2137580544200824,0.20247925390767765,0.0013362130421062453,0.20766413983612886,0.0006746287648884448
2017-09-14,0.31473602463147443,0.21915714355804097,0.0013064702180301101,0.26104710941622616,0.0008077899894795303
2017-09-15,0.2725677521527209,0.2683613389838704,0.0013871447096174706,0.27067148867098995,0.0007176307980876953
2017-09-16,0.2531415481395618,0.2663358140191903,0.0011861647211743797,0.2588660578079416,0.0008947975867623001
2017-09-19,0.2648730825525523,0.30632495969618384,0.0016769769208399572,0.2857412168329507,0.0009309265532338252
2017-09-20,0.24968860650192864,0.26362462216689464,0.001219126034968655,0.253785687964436,0.0006313529409963063
2017-09-21,0.2494939541094799,0.23340006761973267,0.0008204611339384738,0.2405108611473196,0.0005299811011072106
2017-09-22,0.19035434621603492,0.23141548649343122,0.0008029765499121583,0.21713084949180972,0.0004943675517624094
2017-09-25,0.2895474365005732,0.22191463395626268,0.001555862712918588,0.25530757642880514,0.0007976361203779189
2017-09-26,0.32272160051232923,0.25075284025939565,0.0011727716574651003,0.27861084078518916,0.0007568211145641449
2017-09-27,0.3526524393399928,0.2557750308043058,0.0010509772235388988,0.2918267855572261,0.0005468644843363297
2017-09-28,0.18029314858890366,0.27292299398903036,0.0008206969915180583,0.2401954631293263,0.0006122942442245384
2017-10-01,0.34130765134704893,0.28316892388223236,0.0024141557060819246,0.3192958960180087,0.0009679446352676189
2017-10-02,0.41448654053978473,0.3201716030369635,0.0009311621683358573,0.3531841453778332,0.0006139376950564112
2017-10-03,0.33271685493198055,0.3413011324917665,0.0007929711819738882,0.33686859483058723,0.0005317119561841615
2017-10-04,0.30286640447472635,0.31445982544109496,0.0007311420158969891,0.3099828061940978,0.0005856105718072742
2017-10-07,0.20218034310449035,0.2835106072393963,0.0014335978287077099,0.24623512301603465,0.0007872519135154513
2017-10-08,0.26416823267653006,0.23808454553767674,0.0007373204857091052,0.2463729200614396,0.0006545123175172463
2017-10-09,0.1980583536204433,0.23885164016386962,0.0009518209909818891,0.22589339512233284,0.0005767859317386573
2017-10-10,0.19964826678174777,0.2190968559685805,0.0009372221378770053,0.21283313440564314,0.0006801655001834223
2017-10-13,0.25636885874097964,0.19692505153998624,0.0013162420257194485,0.22046427860726125,0.0006576303884491598
2017-10-14,0.3375138869204224,0.20882849309774554,0.0011321098500438412,0.2595425809330689,0.0007308910471376475
2017-10-15,0.25084010458933903,0.24708133107715533,0.0010990107252867851,0.2508197906634911,0.0006661696589207265
2017-10-16,0.2255272322483775,0.24362894149045317,0.0009020121451576788,0.23638310118360026,0.000662679097440633
2017-10-19,0.3390213985593928,0.30631764001584666,0.001753142010537923,0.32447046422185033,0.0008722696373599293
2017-10-20,0.3513239543435626,0.3105049930645867,0.0010099131943275342,0.3248745643533264,0.0006761953936999666
2017-10-22,0.3216123261691176,0.30426943511366256,0.0011051889561998235,0.31061313705108196,0.0006505436980565494
2017-10-25,0.2785409215787308,0.2771463952882488,0.0014794443519376217,0.2800131334107452,0.0008673413340243585
2017-10-26,0.274556060570568,0.2670379470737143,0.001320404230133369,0.26796163743403656,0.0007988476437476118
2017-10-27,0.17434374501396416,0.2605740436036801,0.0009263644714428914,0.230637375757264,0.0005211534580629086
2017-10-28,0.29835339773952096,0.2257834190014925,0.0010377477225372459,0.253221422565776,0.000646198954118703
2017-10-31,0.20878983148908709,0.2367233709085789,0.00138853569689908,0.2237793694849283,0.0006132190708364504
2017-11-01,0.32615709563941303,0.22230241480013838,0.0009660782662396497,0.2589123685967777,0.000686886067444206
2017-11-02,0.23502823299569064,0.2552729878435986,0.0008245110064913282,0.24845252267329226,0.0005197572470479403
2017-11-03,0.2843927616699,0.24336805823740248,0.0009870915317954849,0.2588073928824645,0.0005935642641857567
2017-11-06,0.19251971751546543,0.33413839737856255,0.001144454132022244,0.2772844141413756,0.0006956951281562345
2017-11-07,0.2720405664507973,0.267412847472597,0.0009452344921925053,0.2682014141309632,0.0005482680099583402
2017-11-08,0.3105778607982701,0.29863456353356554,0.0011487123334440429,0.3033737543021843,0.0007425814764812632
2017-11-09,0.28656406292329306,0.3241564629367144,0.0008180177030453951,0.310841870426652,0.000568896186770039
2017-11-12,0.3473455347770892,0.31961408033606165,0.0015118920967245192,0.332450420788432,0.0006848319767530358
2017-11-13,0.23569684107349168,0.3225538858664443,0.0007873513763635297,0.29377206173704623,0.0004909229711136544
2017-11-14,0.2721390900292655,0.28239757827004175,0.0007500637013363558,0.27793626540950683,0.0006136299861653398
2017-11-19,0.35537128496937354,0.25677942657782393,0.0017472458022161528,0.306606185294814,0.000949514884475865
2017-11-20,0.29294255513001644,0.2940208134140773,0.0012148622930829172,0.2919339505791761,0.0006664693466879898
2017-11-21,0.25668323242758284,0.2861167418989339,0.0008125983423112311,0.2746856295299772,0.0004925090428718186
2017-11-24,0.3602360996387962,0.2848402705455094,0.0014986183809346657,0.3229009810094561,0.001034173733633044
2017-11-25,0.2795237059693609,0.36346014285900563,0.0012594731729674436,0.326671246568147,0.0007434079299098298
2017-11-26,0.33759515194930634,0.31890216032771307,0.0010679868387548687,0.32695636382747734,0.0006320684609568532
2017-11-30,0.3416530812007391,0.3315429611852342,0.001032758361270333,0.3335267013429053,0.0005408795389509553
2017-12-07,0.36640875223470726,0.31743727087928997,0.0019257248362205162,0.3418941950651358,0.0007390836777699919
2017-12-08,0.41463061494750153,0.3540283850530506,0.0008018620978181255,0.37393220650158,0.0004859619545195685
2017-12-09,0.3403037127252789,0.38040083071821684,0.0006008777832962367,0.36885180883430135,0.0004816753955437074
2017-12-12,0.3691580328913141,0.3803805071006674,0.000726644080313747,0.37642202972462147,0.0004568200371471204
2017-12-13,0.40709311653529756,0.3717093521700639,0.0006100350439819734,0.3799022088317737,0.00047165063734668015
2017-12-14,0.3996129716802945,0.37501254049076194,0.0005760619181021857,0.3818413831124289,0.00048691163040046027
2017-12-15,0.4173733696239641,0.40208116848058917,0.0007038293353794549,0.4080778356458224,0.00044883273165048334
2017-12-21,0.38974038954496015,0.3477800125570477,0.0008334290526988853,0.36237644112429224,0.0005181939981546371
2017-12-24,0.354766370751055,0.34633256646812227,0.0008780349167373308,0.3527568515050988,0.0005934537869444697
2017-12-25,0.3219097652508779,0.34694044087800324,0.000665600032527976,0.34144567283759514,0.0004857330388109197
2017-12-26,0.34306084600391024,0.3662773014875667,0.0008285473777196589,0.35750710846086425,0.0005506243125843614
2017-12-27,0.41460070758703915,0.400739857162332,0.0006836930736717776,0.4060185810424934,0.0004339187338240675
2017-12-30,0.36743888452503526,0.37166786166088606,0.0005036468209772682,0.36730464987091305,0.00036838397114477507
2017-12-31,0.35752911441579593,0.3646483244739596,0.0005793619342436999,0.3629121183098773,0.0004948219109571514
2018-01-01,0.3697248147365313,0.3926567702142656,0.0008770848796153993,0.3847416907456057,0.0005375922904612443
2018-01-02,0.4148007283829338,0.39488708821888663,0.0005553967241723666,0.39920162505714296,0.0004439430328221622
2018-01-05,0.4083436615152594,0.3781910983311185,0.0007408041740871618,0.386498822297832,0.0005323247178964148
2018-01-06,0.37869501136209754,0.4178047418109943,0.0005559891370383744,0.4079615643603111,0.0004978666733552133
2018-01-07,0.32654033761684714,0.4187878881286731,0.000536080861681859,0.3956635795429317,0.0003576528490006851
2018-01-08,0.3383754695116869,0.39140212574720457,0.000564823697592749,0.37766041450173415,0.0004788257185738975
2018-01-11,0.3732943209658548,0.3726037153472885,0.0004884162788356763,0.3738911413438165,0.00041007166811974185
2018-01-12,0.3432451896333752,0.3631030248678899,0.0005501601930655801,0.35743180698778276,0.00041959344111971964
2018-01-13,0.34469729962981066,0.35352710692153866,0.0004309103083984603,0.3525701672113234,0.0003489929792308217
2018-01-14,0.3770888852783372,0.37077676230230333,0.0005989734672533679,0.37277486169306046,0.00041366986038460316
2018-01-17,0.40381504757224407,0.3711986319019407,0.0005900188320904411,0.3796218970784503,0.0004382517242485715
2018-01-18,0.3871815081186654,0.3669848283712214,0.0006010292648163592,0.3712677651817939,0.0004849856271735897
2018-01-19,0.35398939242811445,0.38129544831565865,0.0007285682591434315,0.37133163631224314,0.0004885398839893649
2018-01-20,0.41455098612918717,0.3999804015943436,0.0007218551042523166,0.40490033198795916,0.0005177192271065732
2018-01-23,0.3877330337341552,0.3657520595271598,0.0005553934126326486,0.37173293559474696,0.00038242513134870897
2018-01-24,0.36752703375922274,0.3599451262818036,0.0005284116591493127,0.36077268343788627,0.0003886481149725902
2018-01-25,0.37043989198523125,0.3768730294851848,0.0005235417865429542,0.3748318632459231,0.00042484327512403596
2018-01-26,0.3588042067299954,0.37673205670355336,0.00036667182814862823,0.372978466690193,0.0002924341319017157
2018-01-29,0.34221314624960664,0.35020195061895243,0.000856817382610489,0.3478091963319482,0.000622233596933677
2018-01-30,0.3730589948321637,0.3418415514625594,0.0008492672007280412,0.3531435120420285,0.0005773473007642386
2018-01-31,0.35860032814214177,0.3482903705616398,0.0005751791271751111,0.3517390661835039,0.0005075377054065417
2018-02-01,0.3866157957440929,0.38964781391622866,0.0007557836800887783,0.3917295113931303,0.00046162779638101104
2018-02-04,0.3862175600442129,0.3665962738754,0.000567382105300677,0.3711507126372323,0.0004407402738922212
2018-02-10,0.36852194469201904,0.34723071190167987,0.000815946012518604,0.3545824583731216,0.0005188728839798243
2018-02-16,0.3735201439571063,0.37743684608317607,0.0005244590510031824,0.376065659064769,0.0004033808037795828
2018-02-17,0.33550914354623423,0.37853932689871805,0.0007548949536186497,0.36292793774310894,0.0005148192414116058
2018-02-18,0.38774607340425105,0.3719237312466148,0.0005656409308969961,0.3764812491877778,0.0004342031010858505
2018-02-19,0.34953239456183927,0.3663808751790231,0.0004437343945794147,0.3610598827104656,0.0003102417482783177
2018-02-28,0.38801761827521175,0.3726203286380965,0.0008874692059313338,0.378143146084189,0.0005214295743127385
2018-03-01,0.3577607785039765,0.3715201216326751,0.0005335922484533742,0.36898152439568593,0.0004040138811330788
2018-03-02,0.37645446391080034,0.3909349715517065,0.0006239485936157064,0.38970684961564556,0.00045319358237130944
2018-03-03,0.41174280454853424,0.3775046751178548,0.0005493708572688952,0.38309386137493284,0.000400763951174539
2018-03-06,0.3423248041531988,0.3618555038337295,0.0005857572152609132,0.3564462870006379,0.00039446606929898794
2018-03-07,0.36915783548476594,0.3565410737971068,0.0006732527932722309,0.3593875640131655,0.0004377455280859004
2018-03-08,0.3667683053453019,0.3472489865130409,0.000649519978075656,0.35336008425097754,0.0004970729018874124
2018-03-09,0.42144094337029725,0.3519593605345404,0.0004632016864389809,0.3679323099460674,0.00038989983548176025
2018-03-12,0.32509823708747915,0.3723584569438055,0.0005501578309651161,0.36212849947579245,0.0004900003317552272
2018-03-13,0.3580402119125699,0.3504195693862414,0.0006773065883703101,0.3527499346710703,0.00048358746905860083
2018-03-14,0.3813618741067157,0.3539234730466776,0.0005534052954335418,0.35976121703972175,0.000399775474742484
2018-03-15,0.40600444192023677,0.35670631976279543,0.000575938713258118,0.3674566865775649,0.0004266693088655119
2018-03-18,0.34578028698518676,0.3797769337133473,0.0005643404405460505,0.36802247679373873,0.0003733299204270194
2018-03-19,0.3400729522685999,0.3823038060013129,0.0005563185903556103,0.3711262283069127,0.0004299223222194596
2018-03-20,0.3437223544665405,0.3588905306281528,0.0005358112212799244,0.3556334059744063,0.00040500974862383145
2018-03-21,0.381711606760524,0.344586908218073,0.0007519772042930985,0.3588177474721188,0.0005208695092738594
2018-03-24,0.34070724858004015,0.37548151115779377,0.000986517406418122,0.36223043017519785,0.0005532842091284413
2018-03-25,0.3558780907520684,0.35546615766698386,0.0006140329630111152,0.3558923350108271,0.0004229724111232874
2018-03-26,0.323636676685682,0.3684195223767516,0.0007739046028686957,0.3563930435325135,0.0005292545253398295
2018-03-27,0.4161398374527581,0.37916077323360986,0.0008296216336756377,0.39257131026898506,0.000616979647311043
2018-03-30,0.33752427009800223,0.359409634714424,0.0006615976438876064,0.35167173539637525,0.0004034669420327179
2018-03-31,0.3625129499949234,0.3841627336556879,0.0007138308371356716,0.37785805809856393,0.0004521732816220257
2018-04-01,0.3676297040184673,0.35545162963171945,0.0004976800991016052,0.3575528718324968,0.0003447871379186664
2018-04-02,0.4060983712589622,0.3437934408560847,0.0005329763034811945,0.35958733395416936,0.00039959826425961514
2018-04-05,0.3063256914450965,0.35097367126144724,0.000642049143647574,0.33681566825819453,0.0004478674458374635
2018-04-06,0.2969823678720016,0.32950493608756504,0.0006913320126345688,0.3211628682455512,0.00045316557353963994
2018-04-07,0.30131091389877346,0.33282768676059865,0.0009343729890837768,0.3206509982095011,0.000646559019642247
2018-04-08,0.3788404011490604,0.3868133893760525,0.0010293671149387627,0.38425745596026156,0.0005990418172635736
2018-04-11,0.31340012676869694,0.3912088909888018,0.0005075619053937255,0.3734624358630835,0.00036350597553270493
2018-04-12,0.28096239702624265,0.35155783882720437,0.0004709668188381866,0.33494967294977057,0.0004030573777913905
2018-04-13,0.3455739918461568,0.3492522546746767,0.0007281262134029395,0.3493533286415554,0.0004771552585525373
2018-04-14,0.3244295367109663,0.3422359676949013,0.0007811204843406587,0.3372769921731805,0.0005579672155551714
2018-04-17,0.30268770696560193,0.3139541764389936,0.0010452480629491094,0.30855142013226994,0.0007749263075555619
2018-04-18,0.28518781346914723,0.2924902394727276,0.0011107020962406703,0.28976532083710715,0.0006837413548714689
2018-04-19,0.2799016572921691,0.278991277573718,0.0010963413232685647,0.2761017476733654,0.0006974310003647106
2018-04-23,0.2949267587242514,0.24296236290232845,0.0015697707442632605,0.2646346092865261,0.0008254317374981379
2018-04-24,0.24049906204951674,0.2569625679002079,0.0012333186572173057,0.249151566891776,0.000769338208097589
2018-04-25,0.2512629109433203,0.2498400277694525,0.001192608837082462,0.2514317889667174,0.0007909443838822588
2018-04-26,0.24085655566156022,0.243962345601116,0.0008503524805285274,0.2424941532153473,0.0004738852938360892
2018-04-29,0.32469640563818425,0.4027854392859911,0.000606623657000253,0.38253611146261024,0.0004922082858222667
2018-04-30,0.23613239092030647,0.37153949195190294,0.00055629731978589,0.3381606941318674,0.0004903066697333194
2018-05-01,0.2501997161223974,0.33268278816970115,0.0008727306172678402,0.30416060007487244,0.000548056990708479
2018-05-05,0.3222118488616592,0.29830784024773555,0.0015720244335260334,0.3063625671515618,0.000763460176260919
2018-05-06,0.3363521559728321,0.28187467891672885,0.0011494072518277423,0.3034599111037213,0.0006252166288114293
2018-05-07,0.2695965844024046,0.2953985383709679,0.000741037157279723,0.2857988408196587,0.0004380347408307732
2018-05-08,0.34943021765038096,0.2771573949287211,0.0006487964091582473,0.2991940291279983,0.0004887458509463993
2018-05-11,0.4057348656984019,0.2689235019668569,0.001371381543788163,0.32961588055364693,0.0006720193963563695
2018-05-12,0.3468723764291782,0.37172288854544605,0.0009767482455833368,0.36458098544446643,0.000607207534982214
2018-05-13,0.40442341479517785,0.38317494830906795,0.0008147654743078811,0.388361407432024,0.000609887304465491
2018-05-17,0.32085000267175634,0.33534139863674206,0.0007589605478112461,0.3282121963824315,0.00048327422524246266
2018-05-18,0.3361055492478999,0.3097665098317386,0.0006564505130827039,0.3164129652049883,0.00043559290995488374
2018-05-19,0.19419740956753115,0.2986867511361167,0.0008491110693834207,0.26223485369077265,0.0005920327441002295
2018-05-20,0.27292927583544685,0.24981030482020003,0.0010207189600644172,0.2592589297709888,0.0005320321346499713
2018-05-23,0.22696374225673435,0.26130862611046324,0.00206956726449865,0.2459689502988517,0.0009201725502644683
2018-05-24,0.201501243937717,0.2384557793721678,0.0010953744727857616,0.22673740994941752,0.0006051463674580768
2018-05-25,0.2978486080072564,0.21519131072644826,0.0008430691321995269,0.24108922654410647,0.0005063193582168074
2018-05-29,0.3772036960158177,0.3893011947003665,0.0006468191272053101,0.3852317787665976,0.0004875685022128522
2018-05-30,0.38021975605672975,0.4008891603696598,0.0005750897704022398,0.394598872478492,0.0003957828519356438
2018-05-31,0.39421812828150155,0.363525540854845,0.0005366759127546858,0.37126149559879723,0.0003897923019328708
2018-06-01,0.34541236847568874,0.3388746450587547,0.0006454807192883612,0.34230961043803404,0.0005172405655435436
2018-06-04,0.3963087718084599,0.34882038613878374,0.001077218333447136,0.36948193826725445,0.0007085583227683298
2018-06-05,0.39744044756995695,0.4175310213404418,0.00038138053838969455,0.41562507530566106,0.0003116815666118389
2018-06-06,0.2677148459458743,0.4018688717879251,0.0004427962411542748,0.37374965226087037,0.00030099683057104173
2018-06-10,0.3414448550626259,0.4029058422171029,0.0008874887206093624,0.37945315677321956,0.0006465658392152212
2018-06-11,0.36639425632029016,0.39036735773658626,0.0004877665557337872,0.3846651663681983,0.0003808622039640241
2018-06-12,0.36597338580734795,0.4098053837481162,0.0005015051934121356,0.3990753625419113,0.00041834384711718397
2018-06-13,0.26452285333568876,0.3683307527492717,0.0004531167144758736,0.34443083415197817,0.0003936718692681356
2018-06-16,0.3091186712094637,0.31811645472123323,0.001138225524180943,0.3158843230274253,0.0004603128981998517
2018-06-17,0.21399549168952928,0.3066202879500367,0.000906801660198167,0.2755531616583743,0.0005288141512606558
2018-06-18,0.18058927048706588,0.26509495263299265,0.0007928213241486797,0.2392170500039211,0.0006319661855007405
2018-06-22,0.15676975521654352,0.20603302353311037,0.0014608260323423646,0.1823816274079144,0.0006879551744138887
2018-06-23,0.1943180406236312,0.18337959942330603,0.0008261957749264107,0.1876358880693384,0.0004994922570098255
2018-06-24,0.17575668963559038,0.1847407613391473,0.0008770568490097958,0.1826749197151715,0.0004999631958089154
2018-06-25,0.24708894024821162,0.17842113735004406,0.0007229339930888511,0.19790147343769685,0.0005375586445256694
2018-06-28,0.24342841586260092,0.1807903797127163,0.000995139270716239,0.20478267631457917,0.000667267418398541
2018-06-29,0.2460676430552404,0.19502368191013686,0.0008699939910624902,0.21364846079120256,0.000492994393374565
2018-06-30,0.24991904222599104,0.20163813581943377,0.0006011815281380755,0.2158877547999764,0.0004267259363327677
2018-07-04,0.3763641554137167,0.2956766468645073,0.0020287703928676525,0.34171561110867055,0.000991232423418802
2018-07-05,0.3754998978597816,0.34045270452478993,0.000943880278101671,0.3551475944760589,0.0005521986787479674
2018-07-06,0.37353341331648793,0.3284297310015512,0.0006661606970221846,0.3443031813555308,0.0004936745561729862
2018-07-10,0.16160352766379904,0.23874217453764549,0.0019764645086303534,0.1954108834615331,0.0008185285172695277
2018-07-11,0.2801058233835833,0.1870100098405117,0.0008746840243382192,0.22015115212679212,0.0005249559321234987
2018-07-12,0.22933511403049586,0.20482692155624924,0.0007515086764984327,0.21294787128055617,0.0005586861265630292
2018-07-16,0.2288964422904435,0.3333288938388778,0.0025055410148627274,0.2688878513779595,0.001021635531560924
2018-07-17,0.2185767312218897,0.2487122836360703,0.0011363713510642232,0.23700628798506634,0.000738122015714068
2018-07-18,0.2774842500515562,0.22096916875055894,0.0008761504337541987,0.24012892958139898,0.0005339844186515098
2018-07-19,0.25829255996665734,0.21896619177261983,0.0009102622544344048,0.23270427112835204,0.0006882882598205227
2018-07-22,0.1787587326762637,0.22456757975596445,0.0016150350157060204,0.19983911515060818,0.0008837474059959287
2018-07-23,0.2046302179221082,0.19014681592592914,0.000998165605646032,0.19723591891446948,0.0005983463409241432
2018-07-24,0.20421055280534564,0.18561414819250735,0.0008303004430207517,0.19276928714592753,0.0005064843163040214
2018-07-28,0.26493053295533475,0.282405946483906,0.0041363580304541545,0.2703297195731534,0.0012073457206531553
2018-07-29,0.20045292901724024,0.24602847720116341,0.0013151361543366242,0.22245709342676598,0.0006718869943654735
2018-07-30,0.17473454012850637,0.2013444254188746,0.000852875007412061,0.19515944861430548,0.0004973557117551302
2018-07-31,0.2495696044890462,0.1905523591528052,0.0008177255947757943,0.21250592314460245,0.0005733563036013736
2018-08-03,0.23625533141716226,0.1733627299425506,0.0007017564105551312,0.19283808354224963,0.00045004841917991906
2018-08-04,0.18507521658191103,0.18190986116281352,0.0008329435349375868,0.1816135717065105,0.0005018622197327982
2018-08-05,0.15788863380659413,0.17019686271219175,0.0008429000924294174,0.16610783589351844,0.0005542458447417754
2018-08-09,0.2523942336799565,0.18082483764856813,0.0012422092327463228,0.21200757867709885,0.0006660371268055029
2018-08-10,0.2296941306821033,0.1979679060690387,0.0007941955427129568,0.2082579936655499,0.0005142467175106618
2018-08-11,0.15369521184510754,0.19272717144614526,0.0007504349223292797,0.17969248095602364,0.000581814851158939
2018-08-12,0.1632028335344326,0.23185039652096204,0.002080184546344457,0.19231869033769086,0.0007675779142778307
2018-08-15,0.20387680332575214,0.20729587886023704,0.0014108582131941172,0.2060427257245604,0.0008515922922773016
2018-08-16,0.2248107562584094,0.19992132772913312,0.0010095573668406977,0.2120996195456029,0.0007074464449570204
2018-08-17,0.1883161681387891,0.20724977460087785,0.0008574791587712553,0.20025284545653568,0.0004768511279541051
2018-08-21,0.14044801863302206,0.16437353894558757,0.001003431242724117,0.1536521188527144,0.00050788393841627
2018-08-22,0.1616369485178048,0.15068736196041022,0.0004973871140825397,0.15185294793362597,0.0004004300351311444
2018-08-23,0.17703946543133914,0.16896127029276706,0.0008964347494445354,0.16925281674798878,0.0005720842230889357
2018-08-24,0.26386014665694124,0.1737762824283916,0.000847110221824886,0.2057683608688781,0.0005322032537208115
2018-08-27,0.12550531611210033,0.1858982947037627,0.001238459146666011,0.1611627384455931,0.0006610170821822267
2018-08-29,0.22315472889053897,0.16889896008797117,0.0007039584198405419,0.18819721054617372,0.000528488307045027
2018-09-02,0.18844424052069086,0.15870784904163365,0.0008354916561547253,0.16972432264011553,0.0004605548556581822
2018-09-03,0.16242840061073366,0.1639044884407431,0.0007399202264827532,0.16080811305192239,0.0005603614286105453
2018-09-04,0.18028190882137957,0.15627525146824853,0.0005773616482083177,0.1622580788452316,0.0003957975014537475
2018-09-05,0.22602920681639935,0.16886027626504405,0.0005871420730605611,0.18326436096921805,0.00046385704015200675
2018-09-08,0.2754726775030143,0.25554868105065703,0.0028351334860666497,0.27077584867830545,0.001022162265020238
2018-09-09,0.22302814159359355,0.25314053346719567,0.001329191108770708,0.24115462197099322,0.0006920274359995144
2018-09-10,0.286227330465881,0.22647658649368196,0.0007771356738289507,0.24525493568829965,0.0005398589293538044
2018-09-14,0.1743879356927273,0.19469174412021875,0.0014216879142230701,0.1859263035369893,0.0008193667031308631
2018-09-15,0.13688874737962026,0.18024564809361443,0.0009096526860069511,0.1654361721173153,0.0006707044018982865
2018-09-16,0.20483310478127448,0.1619371350691717,0.0008058541484851313,0.176270269621144,0.0006204596017920506
2018-09-17,0.13849796477639836,0.17386175385140468,0.0008104017515583355,0.16151317335611012,0.000499412041875305
2018-09-20,0.16845897332203497,0.15748621974081428,0.0009006331761179692,0.16317313322570115,0.0006583879765167081
2018-09-21,0.27388872881938153,0.16478491574143345,0.000789919301295291,0.20065138047064096,0.0006565816633061111
2018-09-22,0.21195253181531312,0.19693424215868416,0.0009033877538568097,0.20251674203539743,0.0006667038879822787
2018-09-26,0.1716592241546958,0.19786850657820002,0.0012970420911758466,0.18683278457770566,0.0006890809088226751
2018-09-27,0.2793265160544091,0.18197117793892326,0.0007764877235750447,0.213661243305697,0.0005670015167183284
2018-09-28,0.14579775976074935,0.20429799134899185,0.0008375821822772471,0.18624362292641272,0.0005697989742596708
2018-09-29,0.14648283829272318,0.18375124404516135,0.0009938061625102076,0.17126191973594307,0.0006058696077001327
2018-10-02,0.14764070346030617,0.1698043283546734,0.001357012895831753,0.15896047116178902,0.0006427190343612117
2018-10-03,0.22231215001681184,0.1582073613254286,0.0008194557686530533,0.1800462900433998,0.0005607725971413208
2018-10-04,0.14802196955520802,0.17798321382480123,0.0007774278604168694,0.1676479079927044,0.0006054695384545802
2018-10-08,0.28438638201319477,0.28021970382445166,0.002423727915884959,0.2828147514453945,0.0008778684685241215
2018-10-09,0.3080036765424929,0.26738374152863886,0.0012535083602796242,0.2856190541291369,0.0007812243905724676
2018-10-10,0.21501481081538232,0.33734165787658354,0.0010933828086905613,0.28701830641568,0.0006097541447242468
2018-10-11,0.24967931034772492,0.2797873916272351,0.0008370826500296455,0.2712865383844628,0.00048047349997286495
2018-10-14,0.42308112040650137,0.36331653574930717,0.0013818996975842755,0.39082814975524144,0.0007356351969310258
2018-10-15,0.2163303466829895,0.40273558463083003,0.0005452471877305685,0.35738887083901466,0.00048378465464979923
2018-10-16,0.375396293942027,0.3369350906920255,0.0007302465398426915,0.3459658493678715,0.0005412768601948083
2018-10-20,0.25732247357423965,0.2934903866024135,0.001246661032868819,0.2778560258772555,0.0006879253188280632
2018-10-21,0.385696367952912,0.2681800550792401,0.0008965757591199565,0.31115829610372026,0.0006884187737166862
2018-10-22,0.24609176262336935,0.2977907540405521,0.0011087684231563986,0.2787591255990227,0.0005819603470326282
2018-10-23,0.2264777021640996,0.26941030642914354,0.001143314566692057,0.25324799128677045,0.0005388072007064554
2018-10-26,0.29599486925896223,0.23651782848816325,0.0011674163467550382,0.25996689483626606,0.000739867031563108
2018-10-27,0.23650371145416646,0.2597093701966096,0.0011580602827980602,0.24733268458390115,0.0005728540785981082
2018-10-28,0.30208700632498353,0.31776912276362146,0.001959378078277438,0.30809543766697844,0.0008421883576515764
2018-10-29,0.3410874189835136,0.3067015906170867,0.0010373655918847445,0.32175330811891956,0.0005640840294777386
2018-11-01,0.3949217480991081,0.3350506907126287,0.0012818852384871543,0.3634801323251918,0.000695546517399164
2018-11-02,0.32103006895630415,0.35851961039486535,0.0007373577007010163,0.34748043689647057,0.0005733994086590125
2018-11-03,0.36342384879350736,0.33097947363573454,0.0010176837699215312,0.3432615297832164,0.0006293746827180946
2018-11-04,0.32661296940101614,0.3285511706226948,0.0007327351740607427,0.32910496859341676,0.0004506640919781875
2018-11-07,0.40932502792960573,0.363094686081461,0.0006562336777953833,0.3736787475192195,0.00035961754088938906
2018-11-08,0.306171211932818,0.35780976846840906,0.00042572813064226404,0.346841898196829,0.00032108192605619345
2018-11-09,0.3701437924098695,0.3435219686438997,0.0005114359280567422,0.3482621507812993,0.0004476196576217223
2018-11-13,0.3629764654611537,0.3417761333884317,0.0009193226743208708,0.35105953935584755,0.0006159542097599738
2018-11-14,0.35021456411354285,0.33686697120042963,0.0007553909663735927,0.3422754961148762,0.0006564392546145992
2018-11-15,0.307763817618016,0.33156249029028706,0.001064730480865585,0.3251624969858147,0.0005437917688463471
2018-11-16,0.21505875551408515,0.3138524843922145,0.0009048922531594062,0.2807821380568639,0.0005819981507306037
2018-11-19,0.23312816086790458,0.2686760183846157,0.001373725885860144,0.25350140196154985,0.0008188435080400518
2018-11-25,0.3549046155397036,0.28759221510698324,0.002888386785109685,0.33062554580522147,0.0010176744075672027
2018-11-26,0.32997779982199604,0.32408952072220615,0.0010755158660044272,0.3243198619819644,0.0007057216692321411
2018-11-27,0.30179982594331317,0.3137481204796114,0.0008925337240702093,0.30911806124027286,0.0006063094357276691
2018-11-28,0.2267882470570058,0.3040512403946097,0.0008005615694522108,0.2795015156453782,0.0005341964314076769
2018-12-01,0.3578230318126942,0.37185549384612765,0.001042151315560122,0.3655886365280413,0.0006852781107563203
2018-12-02,0.30843405294288306,0.3850113439836494,0.0008151414183154436,0.3582895445846912,0.0005377563884774699
2018-12-03,0.3621751368645516,0.3819283911313442,0.0007033361347028679,0.37693254752563005,0.0004808497702181358
2018-12-07,0.39131505342062994,0.32947868298210664,0.0009380673644190872,0.3482269142493918,0.0006483502851997007
2018-12-08,0.3344158128821502,0.33895880631837566,0.0007988614877842669,0.3354704864661073,0.0005785816523658801
2018-12-09,0.29673207898321236,0.335121527768629,0.0007536563975716415,0.3221621756426678,0.0005453269930803077
2018-12-13,0.38308473147228217,0.3837006991809734,0.0010329856580775785,0.3835235745055763,0.0005307673197261935
2018-12-14,0.29002336883137564,0.36084405064125635,0.0007195515180049146,0.33841669179321004,0.0004847292694603143
2018-12-15,0.35892082386012353,0.37228503492796894,0.0009829750676651075,0.36703729317070627,0.0005980526370417407
2018-12-19,0.3536350383895448,0.354755831053078,0.0007523233091488973,0.3548128243794775,0.0004765773869917471
2018-12-20,0.33295613759695064,0.3457908958753896,0.000834626618778934,0.343779824348654,0.000445955452814908
2018-12-21,0.34461182056358697,0.351409406271309,0.0006926346629592282,0.34841167865041994,0.000407727160020817
2018-12-25,0.389449345902028,0.3391694827749269,0.0007495539397383704,0.3545867128315035,0.0005463676573483653
2018-12-26,0.2685614722627176,0.3439959106933629,0.0009028472299375557,0.3203995902360458,0.0006016242845822701
2018-12-27,0.36271900293227166,0.3188418885254693,0.0008804926791094089,0.33186658092962756,0.0005623434252900488
2019-01-01,0.3079821695172224,0.315568673385205,0.0012078954085317634,0.31368123743606524,0.0005732148993269326
2019-01-02,0.34268715138288747,0.30797243853456946,0.0009471140955566692,0.3187844589547619,0.0004870242845057302
2019-01-07,0.30285248409747034,0.30527071231801955,0.001611125401587473,0.29961862481120677,0.0007693757351360243
2019-01-08,0.30916295821257167,0.3022300030884118,0.0008015290595148688,0.3068727618226285,0.000525227630050677
2019-01-12,0.3484923494012104,0.3029067125277957,0.001522259509323147,0.3239614255522363,0.0006448940159682055
2019-01-13,0.3683161602099343,0.3218147060620676,0.0009063570829410925,0.33823767148964246,0.0005401821226874594
2019-01-14,0.3511372616880445,0.336165408287465,0.0009224361434661898,0.3412687748354574,0.0005059595681904983
2019-01-19,0.32071750922749914,0.34890818288709574,0.0009480204235457961,0.3385760065338402,0.0007332364074360822
2019-01-20,0.33821301828306544,0.3430707874973459,0.0008092310327215773,0.3447926141417142,0.0005339096889075189
2019-01-24,0.3339671890281082,0.36958442467606306,0.0006880486737533453,0.3583749833845981,0.00045201442347703245
2019-01-25,0.35476634260417544,0.35345030496067165,0.0006906428369340317,0.35376821085181076,0.0004955288893855079
2019-01-26,0.3417860309752055,0.34824599311805016,0.0007783841944358428,0.3465985746877701,0.0005298376175758358
2019-01-27,0.35645120229706007,0.36771367051561255,0.0008154390156403999,0.36475631812873366,0.00048809549614825765
2019-01-30,0.3876385313166984,0.4055377024780967,0.0006970415798944833,0.40023976675374384,0.0005116771964101123
2019-02-01,0.33777584933583293,0.42158681607414267,0.0004077495767159429,0.40516774973046155,0.0003161529306844772
2019-02-05,0.40952484288901125,0.40685506916319775,0.0006094971352182404,0.4083078610263907,0.00048297059307384214
2019-02-07,0.3795540410837041,0.3724019690887394,0.0006270655169551486,0.37611231865602607,0.00043787526870525954
2019-02-08,0.38490015157957685,0.36188364850616417,0.00066894506101113,0.3673626728425654,0.0005494824664866976
2019-02-11,0.3432286631636398,0.3441894857368806,0.001153778120706368,0.3421810092971448,0.0006857147999453524
2019-02-17,0.33096640324018156,0.30986544208689953,0.0018487031586120854,0.3171911543151462,0.0008334998687619647
2019-02-18,0.3047160261626813,0.3126052308959639,0.001044262981999359,0.3088086662645033,0.000680710699837967
2019-02-19,0.31844858580139906,0.3077331936871976,0.0009275864748105274,0.311253732824812,0.0005322308271127033
2019-02-23,0.29902824123184807,0.29219493538963526,0.0014588123901262654,0.2966783062522942,0.0006658758233332775
2019-02-24,0.30317752439108986,0.2932058920232319,0.001022884024502234,0.2967736382997442,0.0005262256283466698
2019-03-01,0.29254139026411735,0.27758581597927806,0.001642918595548436,0.28040441805073013,0.000814801302686268
2019-03-02,0.30522827756485016,0.27921244831692155,0.001319730478629435,0.2885928933185313,0.0007228006013856301
2019-03-04,0.30903219986743946,0.2822538717691911,0.0013208973767964993,0.2933698288026782,0.00060255695414554
2019-03-07,0.33824933440975924,0.3115529916879877,0.0011624632442528888,0.32037475876667093,0.0007704060140114796
2019-03-08,0.30246858437415197,0.31894357884270885,0.0009737051224427314,0.31429414874611783,0.0006668885803004051
2019-03-09,0.32809196987345446,0.3049585957119485,0.0009724478123526787,0.31511758239872856,0.0006449467021076442
2019-03-13,0.38756102803770515,0.3314818412991663,0.0009673017688984775,0.35233143480839146,0.0005609878524456295
2019-03-14,0.36556682277172214,0.3553484830086475,0.0005563873301404796,0.3562065504825878,0.00041256074000188054
2019-03-15,0.3937102001276742,0.34551063284101846,0.0004731862344985049,0.3571380635418936,0.0003906152744605379
2019-03-16,0.34555223043769256,0.3439128087905496,0.0004492456768580742,0.3439805774097326,0.000387222005840186
2019-03-19,0.29029044460111253,0.34433675659035956,0.001120057390525964,0.3226926444456774,0.0007082435304367843
2019-03-20,0.27334339169102523,0.3107460887846674,0.0009301838821078826,0.29642024806076267,0.0007217511703998349
2019-03-25,0.31748809782289555,0.255952852031812,0.001969904017348426,0.2896230489910683,0.000827423697809238
2019-03-26,0.2760010045548103,0.27913352643497885,0.001165763026781291,0.2809900344120897,0.0005635079945153425
2019-03-27,0.3246297751547483,0.27581977162420146,0.0009442784501826114,0.29274135103571225,0.0005339361944089502
2019-03-31,0.2776554675561143,0.25814866153257715,0.0014394478207452371,0.2686550009116724,0.0006461827161955646
2019-04-01,0.3988959398045267,0.2758186247468623,0.0008387164091296528,0.3187709034811654,0.0005838758362672858
2019-04-02,0.3572673001547933,0.32366884124507095,0.0007445327001950029,0.333949877953559,0.0004162969008978476
2019-04-06,0.40670214289441514,0.3815306452228456,0.0007553691423067274,0.3877798127786912,0.0004569394687686062
2019-04-07,0.3234209585470907,0.3711770598168889,0.000639515723324356,0.35860139041966765,0.0004585728282644549
2019-04-08,0.4122429733410754,0.3552529524266298,0.0006463910715627003,0.37114556936494913,0.00046444909453189904
2019-04-09,0.2704140551797782,0.3502167716529967,0.0005442184034259374,0.33206129801444456,0.0004090559394004651
2019-04-12,0.30686601258258756,0.31138606821948844,0.0011123506544279287,0.31073994601478827,0.0005675588725182518
2019-04-13,0.2605251769083834,0.29639783673727715,0.0009408762551963624,0.28463119461739605,0.0005829951795432668
2019-04-14,0.30331303206776,0.2759185544750345,0.0008346183264438674,0.2844766581143017,0.0004729454520283224
2019-04-18,0.2557422604824592,0.3042031726122855,0.001715152505959989,0.28101324720384707,0.0008106860661852635
2019-04-19,0.2456359890625862,0.2699795816702153,0.001108852454800069,0.25924904052309883,0.0007907080867599232
2019-04-20,0.36645179523415816,0.24972435148667468,0.001125027237552247,0.29508797188603336,0.0007496906009857062
2019-04-21,0.27742753924751623,0.288157768105903,0.0011549078486044907,0.2854333920894425,0.0006019520507340023
2019-04-24,0.37067568114250965,0.3827805352724337,0.000639924687639321,0.3800361674636067,0.0005412019347070293
2019-04-25,0.40899544467781546,0.39572400173830713,0.0009356813866981645,0.400342740118469,0.0005864015649592477
2019-04-26,0.38338798947680375,0.37889151239305685,0.000699800826602281,0.3775882668451228,0.000469363757210107
2019-04-30,0.28228737351775923,0.29885541188108333,0.0012761457616347293,0.29534312057795903,0.0006959307908713931
2019-05-01,0.3119038102527908,0.28225116815900864,0.0008103666116804689,0.2907380924119085,0.000571524268474986
2019-05-02,0.32196355603432397,0.2842112362395311,0.001059215933963308,0.3012335361263857,0.0006210570124098105
2019-05-03,0.3134238791074422,0.31973392977525894,0.0008851332942245264,0.3192395722344709,0.00044745937333560135
2019-05-07,0.4076608958341352,0.2763400544094006,0.00092655933841778,0.32379571192551476,0.0007615824819295202
2019-05-08,0.3801497376751963,0.3386672887231197,0.0008383082886336815,0.3527272214432775,0.0005208563101154797
2019-05-12,0.25815882717456523,0.30568561402252825,0.0010765860475220061,0.28550858442791077,0.0007573626052425002
2019-05-13,0.24146898104204975,0.2716081736494128,0.0012776757481618736,0.25855050887839165,0.0007034036003088443
2019-05-14,0.2946126756838036,0.2439572935916132,0.0010433790408999695,0.2649822393546339,0.0005323616061864879
2019-05-15,0.28222594650880584,0.24976766475130904,0.0011218259976041192,0.26455623137860246,0.0005570829520201895
2019-05-18,0.3203491054854034,0.3656747753257042,0.0007865275703068367,0.35054241818228876,0.000563009390348009
2019-05-19,0.35109600311854555,0.3689873546575526,0.0006466489571450017,0.36279229559381443,0.0004588912687826105
2019-05-25,0.36742750116126544,0.35068184122911306,0.0007988504776853882,0.3551808327306452,0.0005596438826988526
2019-05-26,0.3120860431685167,0.33773705381642727,0.0008713478932275888,0.3304243894220532,0.0006037832231583109
2019-05-30,0.2884159777138887,0.28733679351545005,0.001850610731429258,0.28825392259950205,0.0009030843327093154
2019-05-31,0.23666862846746842,0.2640253903712734,0.001317396139415071,0.248669723277901,0.0007223716464228975
2019-06-01,0.3185917114082469,0.22538815469784662,0.0012594144258060772,0.2694255231764924,0.000727942620875493
2019-06-05,0.39744044756995695,0.37720837587802464,0.0019129488864192625,0.38978217231615936,0.0008726618287897883
2019-06-07,0.299750642302691,0.3386187115570384,0.0007369972468782192,0.3283368394971943,0.0005618383726440213
2019-06-08,0.21991502763058884,0.305283989953045,0.0007350015646939639,0.28010775377722813,0.0005197069216093144
2019-06-11,0.3279324396895992,0.27848922607095833,0.0016374318922333876,0.302863690923791,0.0007701808472383446
2019-06-12,0.2797204532827959,0.29185081230147486,0.0011646624130145548,0.28564974436446683,0.0006963649575275251
2019-06-13,0.23631624568949747,0.25968129639858484,0.0011767353513943608,0.25139598416313835,0.0006235890576999307
2019-06-17,0.25921870866740604,0.24226120747951782,0.002084422583938434,0.25084119336102473,0.0007060622386871936
2019-06-18,0.3221188816389982,0.22956262815701295,0.001202112791411621,0.2726748994622834,0.0008522396282253179
2019-06-19,0.314087498799007,0.26002132802029293,0.0012903804317732624,0.28417762516383127,0.0007059339548010706
2019-06-20,0.22201800627184837,0.30340556349408326,0.0011403573325328804,0.271294521178794,0.0006425116293752548
2019-06-23,0.23982382870442565,0.25292926579527875,0.001696634892832328,0.24859051359633128,0.0010294506052275986
2019-06-24,0.31915306605332916,0.22678619273373637,0.0011562840042317175,0.2628048075818967,0.000704333074787822
2019-06-25,0.3274612863600346,0.24096061057648815,0.0010702679375914788,0.2778326798074247,0.0005239911832863142
2019-06-29,0.35618584287672084,0.1983868322999836,0.001184804910330778,0.2640259928958941,0.0005200929503529506
2019-06-30,0.38456575355841405,0.2449924546164486,0.0008268699236941003,0.29187178148563403,0.0005467404207708258
2019-07-01,0.30553486833875326,0.2722073437482156,0.0009378375734805662,0.2831544004714948,0.0004659090392654989
2019-07-02,0.20751282711205693,0.26958317056622716,0.0007708085585670214,0.25173530081182505,0.0005517032579823293
2019-07-05,0.2512322932850021,0.19452984922397437,0.0009503027111421251,0.21582515157916102,0.0006645036023097179
2019-07-06,0.2947113085199591,0.20850843235962654,0.0008454385283632918,0.2387760382914022,0.000610522004679509
2019-07-07,0.37203741179545935,0.2229725232743436,0.0009363756743518265,0.27856213672599844,0.000478469427007334
2019-07-11,0.31652521186726995,0.252739813487618,0.0014487969235367026,0.2844975561249059,0.0008051365335423189
2019-07-12,0.32049321631241035,0.25255732617915827,0.0012578968350605104,0.2828765149135887,0.0007594498692591472
2019-07-13,0.2176679399685208,0.2616347715373907,0.001080639948968101,0.24214096969320553,0.0007580425548998789
2019-07-14,0.17994528808298807,0.220331162768563,0.0009263779559643314,0.20814848953864398,0.0006605523420850596
2019-07-17,0.27538548040706057,0.17506124938425574,0.0009069701343731918,0.21012414897338874,0.0006454257260274853
2019-07-18,0.2723601620080469,0.20122217143916907,0.0009920198808100076,0.22692348147930805,0.0007328828800208844
2019-07-23,0.1867915224083898,0.16713614011546526,0.0006461556830987847,0.1737689297465683,0.0004265711832643413
2019-07-24,0.22019180278267006,0.16591400239869838,0.0005720521478264397,0.17953418204499094,0.00037657642885184476
2019-07-25,0.20540444563151677,0.18283479276933992,0.0006979276847368711,0.1886287603845138,0.0005829681137648104
2019-07-29,0.22683590183967112,0.27127385173894475,0.002110785583598448,0.24277865988309422,0.0008604199108377882
2019-07-30,0.2936609676562736,0.23591006084120963,0.0009118228630579138,0.25587883003844947,0.0005940919735257228
2019-07-31,0.15515992288056038,0.23727675334366835,0.0010429492630976297,0.20549399176775984,0.0005604876246477073
2019-08-04,0.2617420877781595,0.18161404581752996,0.0009399444894633372,0.21014466801359244,0.0006839705253949546
2019-08-05,0.26663817427540804,0.19666228815218895,0.0008151541233817535,0.2203150593218924,0.000614219000536736
2019-08-06,0.277718265747561,0.20499043774888207,0.0008359497334925677,0.2305462319887582,0.000514068957937355
2019-08-07,0.28319768361538994,0.35746114526281547,0.0019195147071307034,0.31475936128973186,0.0009203585887238514
2019-08-10,0.3167790561759446,0.29524928726513744,0.0021035219778820905,0.30821517394750564,0.0007875940559849166
2019-08-11,0.3360241553589434,0.35701763432846556,0.0013509690272002352,0.34763857167078505,0.0006707955196362918
2019-08-12,0.2905211131428273,0.34203830842932254,0.0006107935970886045,0.3267154694821804,0.0004298227589979749
2019-08-16,0.2485928491194064,0.24023013787463224,0.0014488130737533853,0.2465696711195787,0.0006696998076902726
2019-08-17,0.20514752174030126,0.22506965822666358,0.0012018986838648075,0.21742614943984162,0.0006421398767290766
2019-08-18,0.2849420240250077,0.2681401352685915,0.002257547719517989,0.2774582666200447,0.0010429638097019167
2019-08-19,0.2048327314546982,0.2656331687577448,0.001308935166388836,0.2364101029277618,0.0007725476489949094
2019-08-23,0.3162013380950226,0.20710563029768247,0.001467032334688157,0.2599190924568544,0.0007491158795962267
2019-08-24,0.28244752819374563,0.23799569889247615,0.0010666733312680102,0.25495000367517784,0.0006665504654264424
2019-08-28,0.2254128015325096,0.22184884997099993,0.001519917149642979,0.22312584569661081,0.0007793681053582345
2019-08-29,0.2676725778666412,0.20905030976987032,0.0010351058955731457,0.23176754609345745,0.000597267798787521
2019-08-30,0.2202520026525277,0.2151279434926564,0.0006986657386063462,0.21728027244016737,0.0005130135053880788
2019-08-31,0.19305431700154294,0.20822651082323937,0.000674733147112051,0.20341555835154665,0.0005195396563440658
2019-09-03,0.153067483524925,0.19095797045074406,0.0010812162371700142,0.1761895619932572,0.0005509417782820172
2019-09-04,0.3766541071858383,0.1745618462154717,0.0007714310577558007,0.23988318471079886,0.0005825104039076497
2019-09-05,0.1496747478838268,0.2310275379480602,0.0009520976373047091,0.20205778611528635,0.000769786047633094
2019-09-09,0.27409553706682227,0.18754975270826935,0.001430067671301591,0.2268382619644449,0.0007008432377818141
2019-09-10,0.2740816753513883,0.2475213774326869,0.0010883180485560186,0.2579170071143501,0.0007872492193575265
2019-09-11,0.21054924829867822,0.23899659848115487,0.001006978068751427,0.22710415742785517,0.0006055813470014628
2019-09-12,0.2832455476136945,0.21162989260831405,0.0009683284774182421,0.24201492632198843,0.0006167727300682565
2019-09-15,0.26122547249806094,0.20208970971869097,0.0010946091926099539,0.22706726489639095,0.000644070385628674
2019-09-16,0.2255293327374087,0.2179362611899969,0.0008157864598083222,0.22018933417894831,0.0005402888334448516
2019-09-21,0.2319371659244548,0.2031623064775399,0.0013730596379780329,0.2185860238808959,0.0006889180738032327
2019-09-22,0.32229217233714225,0.303956133332974,0.002248837818320506,0.31280005080099477,0.0009475466013299827
2019-09-23,0.38740405516858534,0.29185100710174566,0.0011176512454358866,0.33195018903378576,0.0006942014350036782
2019-09-27,0.2431617912804554,0.3040145598778662,0.001018007392837363,0.2814683348286987,0.0005640430552446238
2019-09-28,0.36294106690778516,0.26824765729309386,0.0010480042790371252,0.304854747776548,0.0006464520762466114
2019-09-29,0.23943515532197035,0.2877863842581798,0.0010000983861815612,0.2709470459981591,0.000677581179175791
2019-10-03,0.24692575718664303,0.2559860388869764,0.0018472505596985312,0.2503894094562116,0.0009346914517578709
2019-10-04,0.36421384665450585,0.24614294041735207,0.0011369279116938411,0.2967221304027902,0.0008089098533985482
2019-10-05,0.19618502847240854,0.28961809104644315,0.0011724525616253337,0.2491814802245128,0.0005707495562677346
2019-10-06,0.24460269501127094,0.2490333370430601,0.0010040143824396688,0.24603599684993607,0.000558094746348232
2019-10-09,0.30397634582702066,0.24412058046046553,0.0011623264729788642,0.26838612666071043,0.0006724423038829808
2019-10-10,0.25791663400527826,0.2601592512534517,0.0008578320074865734,0.2582894991958866,0.0004580715500471924
2019-10-11,0.27385101504664633,0.2455362505299297,0.0007644247882891851,0.254428821178378,0.000595203938697149
2019-10-15,0.27886744309197614,0.3814883502683106,0.0006992207322696857,0.3509249459413354,0.000516025906212646
2019-10-16,0.2791406722745326,0.3336057922716618,0.0007521655398735578,0.31388219711832116,0.00048083325377491884
2019-10-17,0.35080969265815864,0.30878261399977147,0.0008984996137568865,0.32588644327243443,0.0006302416385322712
2019-10-18,0.3086904085123604,0.34345100997987643,0.0008893768463567602,0.3310517802734291,0.0005150000050243299
2019-10-21,0.35859144540770443,0.330672315449094,0.0008933886793183098,0.34134046240068083,0.0005970987343411095
2019-10-22,0.33619481722108835,0.38148902741675655,0.0007743751399312956,0.3655038712495366,0.0005150525746597048
2019-10-23,0.3568426206235913,0.40360420545887576,0.0006393408402071566,0.38954905876359314,0.0005049096431002167
2019-10-27,0.3703448740966679,0.3248750528031109,0.0009171302262410505,0.34203566602309476,0.0005672614651156476
2019-10-28,0.36645709290914663,0.3301864221427121,0.0008706279071277381,0.3440285754067904,0.0006224323547387863
2019-10-29,0.3153046261558307,0.32842085078455435,0.000830468737451317,0.322965583455103,0.0005669424345695243
2019-10-30,0.28225558329494277,0.31916002633525975,0.0008601463902660013,0.3081852759778322,0.0005693782852921193
2019-11-02,0.3233025656660919,0.4113531840549476,0.0006368666019077335,0.3858810560797988,0.0005130341601751297
2019-11-03,0.3864204151719853,0.407879882362364,0.0004840465984320752,0.40412969660964065,0.00032307905322499455
2019-11-04,0.3921925845308535,0.41052864164277986,0.0004676725618660595,0.4074050639291157,0.000307635256124629
2019-11-08,0.42111410102973695,0.4004716823994482,0.0006215656523822794,0.40522740305201027,0.00047787649563719005
2019-11-09,0.3621449723541421,0.38591461505264457,0.0006574196560609921,0.3801664862290634,0.0004489060482183214
2019-11-10,0.29632742808201656,0.36926647979295757,0.0005287238116266507,0.35115043658890926,0.0004102767266448412
2019-11-11,0.3729149337281975,0.3673652359476771,0.000548194661597323,0.3686627713197285,0.0003977890469104126
2019-11-14,0.33501813464865526,0.3920403245611546,0.0008355380566736246,0.37410178315422127,0.00044638592427569655
2019-11-15,0.39240005390844507,0.40050301762069546,0.0006699131742102521,0.39835214218796905,0.0003822798137780707
2019-11-16,0.38396263459221835,0.4068953802465966,0.0006236697548148128,0.4005926362093509,0.0004918249972442637
2019-11-20,0.33053103075422324,0.3527659732726635,0.0007849715912783415,0.3450424539314591,0.00039789565851196376
2019-11-21,0.3582968787187949,0.344556877026471,0.0008263165478285406,0.3506159422797937,0.0005459932257277056
2019-11-22,0.32226571074057614,0.3549427357106193,0.0006702062822809369,0.34574049446606736,0.0005096847640683711
2019-11-23,0.41833481983518045,0.37141384971998437,0.0007551344571193857,0.38581358768677143,0.0005628470697786759
2019-11-26,0.41659464424515424,0.35913518479671636,0.0006450296252265955,0.3756722177488534,0.0005063493848073423
2019-11-27,0.41230471471017643,0.37686785548017254,0.0004920122799266054,0.38486873479745826,0.000416470246351942
2019-11-28,0.40579312486127234,0.388974431942934,0.0006078154488907497,0.39349860450761476,0.0004584881035825463
2019-12-03,0.378800081158464,0.3527482209842393,0.0008171443928110807,0.3604036790242211,0.0006393982647573709
2019-12-04,0.39281849545104175,0.35449469148089086,0.0006914420612816707,0.36761214567754424,0.000445884551123336
2019-12-05,0.32138145887429603,0.36166837044289407,0.0007304413448587495,0.34692269737772874,0.0005067734449367403
2019-12-08,0.34500563172342685,0.3703229490172532,0.000952648029102188,0.36092575837613206,0.0006075385638642103
2019-12-09,0.3709437168702287,0.37577330721877933,0.0005511891701300827,0.373488442875959,0.00042991657921891477
2019-12-10,0.36409424357976494,0.3609838425361411,0.0005021298405694614,0.361605702256405,0.0003218159881163622
2019-12-14,0.3604207804013158,0.39113289555701264,0.0005024138103485565,0.38498010280812694,0.0003683721950717855
2019-12-15,0.38954849650776124,0.3659899751118413,0.0004976397365964273,0.3712324344829898,0.0003266991598153927
2019-12-16,0.41625005938459914,0.36112517850039083,0.000545305296154048,0.3775688553879901,0.00044123871696525127
2019-12-17,0.3785841139062969,0.3752266004233913,0.0005122394271160549,0.37750823974338404,0.00043337797218927145
2019-12-20,0.35173700707638395,0.4000654131914441,0.0007767332441788018,0.38586687327371844,0.0005586587423580731
2019-12-21,0.3880702114877078,0.4216878844639122,0.000510399491168285,0.413609803326437,0.00044438226728127123
2019-12-22,0.4124145724226778,0.4260288098346504,0.0004388126418512153,0.423015612616534,0.0003148774658103299
2019-12-23,0.41314726676731456,0.39547245749432924,0.0006186344122668133,0.3987797643898708,0.0005315805008874448
2019-12-26,0.3603888605282242,0.3586088003470486,0.0005231560218197041,0.35872166123253363,0.00035254344013047506
2019-12-27,0.3871692554226421,0.3555137261619807,0.0007462194047343453,0.3645888160384224,0.0006079619183353334
2019-12-28,0.35814016035171004,0.35860191417788134,0.0008926342669139273,0.3591680795962768,0.0005954604209370325
2019-12-29,0.3414836753433835,0.3538617254028999,0.0007711534161979651,0.3493090290590093,0.0005859717447099105
2020-01-01,0.3329163063627361,0.34804580333762963,0.0008967033318488078,0.34313796294687005,0.0006292027126237833
2020-01-02,0.3565624260551157,0.3418378298756604,0.000787568847012352,0.34636345267223695,0.0005861712194047995
2020-01-03,0.38883690149615197,0.3466798714743652,0.00089304786424675,0.3623691799475315,0.0005869557093807234
2020-01-04,0.3624175223979858,0.35497137134746765,0.0006443854662202866,0.3583714815647124,0.000408243166277936
2020-01-07,0.31881477642878586,0.3490107923588678,0.000972326140130153,0.3362167264280216,0.0006744402958958809
2020-01-08,0.3719832360328799,0.33718064894357125,0.001000355909489692,0.3491304826473258,0.0007727724465735937
2020-01-09,0.39104147567711933,0.35436337555042,0.0007400216198754374,0.3643853427071598,0.0004961310203341029
2020-01-10,0.37405170043660113,0.36163843605433443,0.0005774257096073712,0.36340633520368576,0.0003921885745658329
2020-01-13,0.33950555487841766,0.34385374585068085,0.0008874189344785666,0.3440486324735808,0.0005384543084902134
2020-01-14,0.3621042517846875,0.34139499575697263,0.0008541960193944381,0.3492299842000141,0.0006614349031041562
2020-01-15,0.3558680762931502,0.34516982202021285,0.0007791693001468991,0.34989929360353517,0.0005366603581595926
2020-01-16,0.3633108031141715,0.34367845998715496,0.0007882886087578018,0.350797249127684,0.0005532764744642004
2020-01-19,0.28672368117176,0.3611025999550163,0.0006062896133944451,0.34054651380079703,0.0004597350848436562
2020-01-20,0.3625046814093761,0.33897192103752777,0.0006183066515801673,0.34549356942785614,0.000489160206770611
2020-01-21,0.3212887208069656,0.3419794087825147,0.000782312568752793,0.335771692465838,0.0004988405405764801
2020-01-22,0.3877139693121767,0.3868935595961815,0.0008405543721160081,0.3896976233423202,0.0005649790634854065
2020-01-25,0.34881014340566685,0.35890458486146537,0.000552350826033431,0.3552072424717208,0.00037639999052401814
2020-01-26,0.3569075550242706,0.3679057557378234,0.0006637744988888058,0.36479555731062674,0.00040422830738507184
2020-01-27,0.39845590033057215,0.36134404660939773,0.00039546979292685673,0.3678608029978929,0.0002996067614066788
2020-01-28,0.38581781299927703,0.37105696775124536,0.00045178525798437845,0.37393961494626127,0.00037880175941044713
2020-01-31,0.3972289414854815,0.3820990623536231,0.0004694568228395918,0.3844674043983074,0.00039512333399421243
2020-02-01,0.3624185434671441,0.3812666694389096,0.0004870538178846048,0.3772819535332516,0.0003364693434866717
2020-02-03,0.3802069900047536,0.35238639304396707,0.0007013787557051633,0.36171947484153144,0.00046760640913555434
2020-02-06,0.343000995715386,0.33963862014720114,0.000838907630423253,0.33918861059610594,0.0004954118731590345
2020-02-07,0.3662363713677019,0.3350340103292636,0.0007096586304094028,0.34345737964506584,0.0004762503861755811
2020-02-08,0.35376445752810537,0.34018076755104404,0.0007425935377273541,0.34259250925658485,0.0005145191261928581
2020-02-09,0.37780406917727516,0.3353794211420634,0.0008319144929450541,0.3486172614059662,0.0004891293456785779
2020-02-12,0.3675130376114968,0.3504967965899374,0.0007507726252270947,0.3556726559220466,0.0005667567520176479
2020-02-13,0.3552859133789138,0.346617837144389,0.0007300325594267129,0.3474677534786388,0.0004477124181428819
2020-02-14,0.32188411146753315,0.3392408464933519,0.0007690309143970908,0.33470567491755576,0.00046521420811304685
2020-02-15,0.3742986261152616,0.3278263823147479,0.0006620691442990509,0.34107814674819154,0.0005344020570705916
2020-02-18,0.3502528275420611,0.33773655771295524,0.0008326848804199164,0.3422359251276492,0.0005027842255861772
2020-02-19,0.32828343580533603,0.33795901722607113,0.0008016366767858245,0.33201496036016354,0.0005098806572439269
2020-02-20,0.3179801677212714,0.3249322380638332,0.0007842010596416483,0.32235050943901183,0.000493948649100684
2020-02-21,0.3816663308679843,0.31892623151324556,0.0006701520978894012,0.33731970669075506,0.00045729994835766013
2020-02-24,0.30953074235944145,0.32175126444708063,0.0009410526313791315,0.31710841345190377,0.0006183095935845046
2020-02-25,0.4058092334789314,0.3411998932635592,0.0008159968687378594,0.36117922002434405,0.0005491385133731821
2020-02-26,0.3903965330034143,0.3664171554598979,0.0005368266276200385,0.37104101804203893,0.000399058375682748
2020-02-27,0.40613213222525135,0.4041546663586776,0.0006074458359340954,0.40590101423627545,0.0004478120201281746
2020-03-01,0.41836240116626133,0.38025742899666193,0.0005137332546317519,0.39032828845252765,0.0003688633964947147
2020-03-02,0.41892057272067607,0.40886329248577596,0.0005509759742578068,0.41056857883800973,0.00039404012049853234
2020-03-03,0.41504466758209196,0.41981577487937677,0.0004729450631026077,0.4172183377604468,0.00036341167384432144
2020-03-04,0.4111146499118639,0.40754205530808213,0.0006014161991600061,0.4091178293135368,0.0004271749469666079
2020-03-07,0.39147486050720326,0.3807666895146642,0.0005741803018693989,0.3840841900736413,0.00042213787461243933
2020-03-08,0.4191532717563505,0.3742508992944501,0.0006175382002957265,0.383872185430916,0.0003678465636752276
2020-03-09,0.3907801934218617,0.37693436596207147,0.00046538543084069067,0.3800519744169918,0.00033755921916508953
2020-03-10,0.36453978978827595,0.3693923911066441,0.0005157203801022056,0.36968009017519937,0.0003714286888000001
2020-03-13,0.3843845077163974,0.3557838527266564,0.0006460244091169926,0.3637762069808091,0.0005865105230817955
2020-03-14,0.3453826749656503,0.34922071020644446,0.0008856277952000829,0.3475459343241821,0.0005074650391724908
2020-03-15,0.3728201698919032,0.3485449113489708,0.0007124962482169933,0.3556250419455234,0.0004508789329811513
2020-03-16,0.4181791897000155,0.390712398037806,0.0006655489021096323,0.4016547523252668,0.000358393341634159
2020-03-19,0.3603822290808447,0.34679284166144664,0.0006938527157481738,0.35331017844773016,0.0005105202255833653
2020-03-20,0.32926823942744904,0.3414766269299032,0.0006216913362341938,0.33849149160284464,0.0004825845610673936
2020-03-21,0.3336883937946498,0.3332069506139687,0.0008642345359200034,0.33455384010428124,0.0005256982316754938
2020-03-22,0.3662265160824839,0.32376943252505547,0.0008777292028281684,0.33958144982625393,0.0006071926262837722
2020-03-26,0.3273601815086472,0.3429310071592511,0.001174122995714793,0.3379943935972778,0.0005837456239197633
2020-03-27,0.3566170579086865,0.32894085384896776,0.0007958073000378096,0.33928120099470715,0.0005703839193509705
2020-03-28,0.3536020688825677,0.3259625882762339,0.0006980109264420481,0.3335044062987992,0.0005111164769447483
2020-03-31,0.31967533277477134,0.322995656692567,0.0009526862403559439,0.32172736768222515,0.0005937400801556246
2020-04-01,0.3421623774554865,0.309865171216733,0.0007521967045341398,0.32079370232920273,0.000597170719527311
2020-04-02,0.29958784243246045,0.3150641751213615,0.0007407682057914219,0.30973348479147345,0.000570899430929348
2020-04-03,0.30955232792565657,0.3020462929606035,0.0009961104880773812,0.3049924834840814,0.000585902018202489
2020-04-06,0.30986828252518256,0.2802776083287494,0.00166992325956271,0.29755151422322745,0.0007137060617755264
2020-04-07,0.31364486163829003,0.3025925056721926,0.001024583534609572,0.3059208238608244,0.0006446109049017603
2020-04-08,0.2601585759367124,0.2964419190735363,0.0009114941262054444,0.2814790189244175,0.0005452939915379786
2020-04-09,0.3096267955804165,0.2741961426395056,0.000939681220594682,0.28571135710023543,0.0006518536185111648
2020-04-12,0.3936169502096724,0.26791537808095184,0.001349323459756949,0.32892700361262106,0.0007828773699186664
2020-04-13,0.3543545364387255,0.3282664997677853,0.0011259350889132893,0.3410905655762816,0.0007585991872309721
2020-04-14,0.24786749396511593,0.3225559909453445,0.0011796722632160827,0.28767602895365285,0.0006855148706615392
2020-04-15,0.25584375546704724,0.27534472042490754,0.0009238574858255058,0.2686918225929105,0.0005728778000838464
2020-04-18,0.39025966121323075,0.26112978447225493,0.0016547198308067448,0.32538021238386267,0.0008118721794904139
2020-04-19,0.4012351087390539,0.34745802916649304,0.000971774627956129,0.3701585514639205,0.0006258345844118255
2020-04-20,0.34987698424028313,0.3790270769144748,0.0006400672066247173,0.36920771258564966,0.0004145516258126364
2020-04-21,0.4101534498799576,0.4052977834317976,0.0006047541549244725,0.4050535839618974,0.00041767164003741846
2020-04-24,0.3474111803294922,0.3346102171360229,0.0008919561773948485,0.3372235133516723,0.0005935514106918442
2020-04-25,0.35036345415357273,0.32756669711562725,0.0008763369387933077,0.33613492478161255,0.0007174357680892826
2020-04-26,0.3437366381138068,0.33426512440027073,0.0009129411317594422,0.3393346943484756,0.0005307832806451205
2020-04-27,0.39765901140485543,0.36624591335971,0.0008426614087593447,0.37557589688830206,0.0006136635432938331
2020-04-30,0.39108793117461127,0.36826406509160003,0.0006019912833908868,0.3738456314122527,0.0004888936507040452
2020-05-01,0.3798423621796471,0.3911791742709157,0.000584850868830284,0.3889178535615035,0.0004231390662937804
2020-05-02,0.40903056736154514,0.38539112338011444,0.0007155909450872007,0.3905922677549957,0.00045190137207440514
2020-05-03,0.3588693375142735,0.35629885558769553,0.0005521076370015651,0.35699410394072034,0.0003636663515326002
2020-05-06,0.28759303115006757,0.31022752845992246,0.0012015762745861704,0.29936448874523464,0.0005916612151160806
2020-05-07,0.3262208732706213,0.279966417484982,0.0008999784685436751,0.29567171170894474,0.0005707978598445113
2020-05-08,0.2125296090869213,0.2867023742354588,0.0010930080137080886,0.2572720077902215,0.000712879697826115
2020-05-09,0.2770758195898248,0.25886943410844887,0.0010425668176596437,0.2667298385860883,0.000675833395575893
2020-05-12,0.40442341479517785,0.3864189279699288,0.0005377165456011687,0.39061666653646054,0.0003463502731160518
2020-05-13,0.39469250431719405,0.40101078410860985,0.0006237280417547531,0.4001411246648426,0.0004955076629811952
2020-05-14,0.40429032981729807,0.38870503435164083,0.0005836515487449895,0.39482001337310807,0.0004128520249069151
2020-05-15,0.3745972332006312,0.37016371841216134,0.00040349523196083907,0.3717855671624347,0.00032554147956112935
2020-05-18,0.29041520171643265,0.3143679655462501,0.0008853245414965321,0.30675108698220505,0.0005641694794995157
2020-05-19,0.2415189849772984,0.2936263293972977,0.0011394940734995999,0.27278435001919676,0.0007646776067439525
2020-05-20,0.30754071514383957,0.2582475746940665,0.0012459566431092827,0.2782664555186772,0.0007697577399479333
2020-05-21,0.3308573068492612,0.26794209367444394,0.0010342679577848527,0.29125491921948,0.0006365042599827295
2020-05-24,0.2750569114380071,0.2777274915121895,0.0014608873384356197,0.2768017816037756,0.0007792597026023984
2020-05-25,0.3363558483440808,0.26168575308010117,0.0011546331346828252,0.2906319162428709,0.0005678661046822598
2020-05-26,0.21922587441094543,0.27421598653708207,0.0011874970226189482,0.2509636281208884,0.0007026480529608002
2020-05-27,0.2937876310483919,0.2365975447253561,0.0008576857662592215,0.25515105616536027,0.0005961275470468274
2020-05-30,0.30375405167133707,0.21316209072907075,0.0011861311244362454,0.25056671481678877,0.0007561807105298479
2020-05-31,0.31815809633617637,0.23415063083909587,0.0009609146745364546,0.264222188769528,0.0005699402713582186
2020-06-01,0.15793615719225734,0.32797946916609005,0.0012487176075193843,0.25434938773010857,0.0006014163332490595
2020-06-02,0.33974124590168253,0.24291989912309997,0.0011646706527600411,0.2807616018142513,0.0006870828973890437
2020-06-05,0.31826309083452753,0.31146770368537663,0.001786183266690677,0.3160280328193272,0.0008077745277462715
2020-06-06,0.3462601190456284,0.3284715289027863,0.0008495648418195533,0.33476783026573753,0.0005308172704045081
2020-06-07,0.34461369127328345,0.3291611973454715,0.0007973563652673433,0.3347754955355915,0.00046124643431830653
2020-06-08,0.3801907697639197,0.3590571520489888,0.0007320838677325485,0.36528819621580483,0.0005336557484957736
2020-06-11,0.37296466783033144,0.39390679094622705,0.0009462998586963386,0.3846459909077366,0.0006020704061634248
2020-06-12,0.3133059844928043,0.35054495426133014,0.0007556787066501049,0.3360123817311459,0.0005284578468175547
2020-06-13,0.3198596039091795,0.3283344607617814,0.0009456387542116452,0.3228718138920383,0.000585002988490947
2020-06-14,0.29003204172863545,0.306647873390901,0.0006871258957977965,0.3022497428671208,0.00044020978113936657
2020-06-17,0.27006165295750195,0.30740989081911346,0.0014799022675283072,0.29125167023994913,0.0009581866777875155
2020-06-18,0.34452487190766035,0.29246356369534837,0.001389551090195522,0.3194079089676763,0.0006981978146701384
2020-06-19,0.2903810874459641,0.2990413540076667,0.0010363246529725124,0.29610174683456786,0.000626463000768809
2020-06-20,0.274395786003392,0.27997096753287104,0.0009908095302395424,0.27825822919969767,0.0007131299415073622
2020-06-23,0.2766212417422217,0.23026117427710469,0.001605496600597172,0.25301305270707597,0.0007502209186077137
2020-06-24,0.24583079954554776,0.2289358953613924,0.0009656536707513949,0.23372625278880868,0.0007077192031856821
2020-06-25,0.29414050166558614,0.23175428283935376,0.0010040762219847552,0.2553692435594613,0.0006236704985607544
2020-06-26,0.34177950307759186,0.2770527287165485,0.0011432079997812806,0.3044323965959805,0.0007808469190367669
2020-06-29,0.21222349852245104,0.29307149861940596,0.0015079798185845081,0.25719657696745585,0.0007185002169986488
2020-06-30,0.3528076359037567,0.23770298548115232,0.0010522738673161896,0.28306711888169966,0.0005941387391224773
2020-07-01,0.3835057138340519,0.26455985294412937,0.0009220801577333377,0.3081785518239764,0.0006608135401563488
2020-07-02,0.2847288214988912,0.30009820891967903,0.000880474563684849,0.29466984720597345,0.0005863412260386269
2020-07-05,0.3159082005358441,0.23979386141651918,0.0015542178863322948,0.27655625268569944,0.0008657858162451302
2020-07-06,0.29402021453895877,0.26477825447537406,0.0012607523912776235,0.2746799448381119,0.0008018512465604106
2020-07-07,0.21695756542120143,0.25358580357460964,0.0009458022525098678,0.23779080314078474,0.0005081223116714884
2020-07-08,0.22247286855900325,0.21938766515198518,0.000811402261309549,0.21988154176207456,0.0005314208388049153
2020-07-11,0.23888690746333216,0.19384280883248803,0.0010455174038564736,0.21078052113224502,0.000581695380131581
2020-07-12,0.2469427548521192,0.19464474718522953,0.0006921065437084809,0.20898399343942195,0.0005198962960828805
2020-07-13,0.2416859174217236,0.19400002245855674,0.0006482553042897676,0.20818276651790785,0.0004301824851368476
2020-07-14,0.1879253743821575,0.19627885199270437,0.0007667122496126067,0.19024827910809858,0.00045001560574086476
2020-07-17,0.23069511959083336,0.19890506636192906,0.0011284880151924486,0.21113798538873937,0.0006624200414667665
2020-07-18,0.2717953606525361,0.19560597231751128,0.000963040780168345,0.22305244942297328,0.0005451391954146014
2020-07-20,0.2124228659436378,0.1883596992557224,0.0008493054917657558,0.1986097820940808,0.0005683825526388438
2020-07-23,0.24556464770882225,0.1848296218166145,0.0010664807923731563,0.20570919264718937,0.0006000587857064697
2020-07-24,0.2933651535329521,0.19612016845954122,0.0009452553962154637,0.23020825739456033,0.0007323406980794745
2020-07-25,0.1994656003201753,0.21188059366887027,0.0009420697071746288,0.20923162375501872,0.0005643666156578828
2020-07-26,0.2402737071867543,0.2014815831566262,0.000728943833183274,0.2140015475551794,0.0004433635678449096
2020-07-29,0.20174634364730074,0.1836614745983291,0.0008459296127774193,0.18919287186656175,0.0006272368527485662
2020-07-30,0.1857468999828924,0.1771831294964074,0.0007163197120179796,0.1818088270085836,0.0004171357816210607
2020-07-31,0.19029820927743366,0.17985244280586307,0.0006680051371278673,0.1817780269457574,0.0004940099310496509
2020-08-01,0.20727551093926758,0.17800413923068056,0.00076502992109561,0.18835899082528232,0.0005912097751490753
2020-08-04,0.14275260657322955,0.18101349743862,0.000952870947098377,0.16761128525251562,0.0006570929158788714
2020-08-05,0.20295347032035194,0.16299821285689706,0.0006751331184994425,0.17585350043619585,0.0005223805338291198
2020-08-06,0.18736612121065646,0.16317108441706843,0.000717772957653353,0.17142281417371152,0.0005992912210813374
2020-08-07,0.2249311043073643,0.16761195034022752,0.0007741401856807946,0.18733964882678822,0.0004925212647956208
2020-08-10,0.11536285190362365,0.17428315061871885,0.0005438342234634036,0.15922176285503425,0.000408101872981574
2020-08-11,0.2187504397477081,0.16839902176862673,0.0005620069418499372,0.1815930264718505,0.000411708132929209
2020-08-12,0.33487199105888277,0.21428284650534518,0.0012214132710191507,0.26230718082839555,0.0006703068357400756
2020-08-13,0.2804514963436556,0.2646925142968961,0.0009032501070421162,0.2691534715722416,0.0006704598854296106
2020-08-16,0.19184817563811474,0.3008094757775782,0.0024105855355491244,0.2331687269421161,0.000830272892900155
2020-08-17,0.2575167375662176,0.21281525850298372,0.0010147155285928945,0.2307532314073774,0.0005407525249568468
2020-08-18,0.16383269202969183,0.21779652131242794,0.0008416874160651513,0.19871617190292556,0.0005459238218305538
2020-08-19,0.21228660033429012,0.18395481185597987,0.0008467372923585211,0.19096491836656745,0.0005886936230375412
2020-08-22,0.21274875475504468,0.28876223106601523,0.002439929765906614,0.2455068699586983,0.000831304921520607
2020-08-23,0.2735760657513006,0.232332400991877,0.001090779485775382,0.2501664591453121,0.0005437579562014202
2020-08-24,0.12270036458780126,0.23080797387530816,0.0006931685311557039,0.19738735581010963,0.0005317506034200323
2020-08-25,0.15561751292404832,0.1831437081857051,0.0008868101067046154,0.17263171374566802,0.0006780442865840899
2020-08-28,0.3604987853140946,0.20445402777278354,0.0015755078860284644,0.2792343392892873,0.0009162795188603526
2020-08-29,0.25228066486016015,0.3403221007850446,0.0015502531058503148,0.2993700368292129,0.0007237283943032412
2020-08-30,0.2555574657669083,0.30262980868203226,0.0011234288457661903,0.2817313092218044,0.0005060832830559105
2020-08-31,0.27327964798653254,0.26181177756264146,0.000702990655766869,0.2656414978140258,0.00045187144171738935
2020-09-03,0.23980778940994385,0.2130752426427428,0.0009629316105192173,0.2240836015860673,0.0004937588825626771
2020-09-04,0.13935967823027773,0.2073398573735257,0.000687369657860649,0.187751868929552,0.0005158790375395028
2020-09-05,0.14953939933626004,0.18284284271744483,0.000755278432842778,0.17259482507343285,0.0004937161253726433
2020-09-06,0.2517812312923565,0.17131637627841248,0.0007707609759706407,0.19814809343115244,0.0005407727108307006
2020-09-09,0.2691606711456228,0.17665345734699966,0.0009316217131464874,0.21278037916435927,0.0006832381832727641
2020-09-10,0.22448612310400812,0.2046392502881237,0.001020163340971581,0.21113738404210827,0.000674806029206845
2020-09-11,0.14693313709948647,0.20105941564976923,0.0011959984697302076,0.17856932340935416,0.000554186181185594
2020-09-12,0.21174922933753973,0.17345283375083298,0.0006576304637162909,0.18512522839269285,0.0003518376808131626
2020-09-15,0.14495095766438787,0.170852045965883,0.000812935083413436,0.16225642983217928,0.0004542819875050227
2020-09-16,0.14197544336700912,0.1592788842675757,0.0007541195370850431,0.15412126723213207,0.0004580786074623445
2020-09-17,0.20013311457864386,0.1539914897175704,0.0005918946033411611,0.16783185719079094,0.0005163301222343812
2020-09-18,0.1473737385321216,0.16907957250399533,0.0007065677948616362,0.1643936510735777,0.00037913578164851095
2020-09-21,0.3829260738063154,0.29567289799289187,0.0029918887671193228,0.3500584544913991,0.001153990279712192
2020-09-22,0.39187932968099504,0.3747631137439629,0.0009436734324065222,0.3830744365766185,0.0005879720379033487
2020-09-23,0.23529870488009613,0.3474810482068807,0.0005652020490793165,0.32024243957440846,0.0003810115805697951
2020-09-24,0.4028029512993586,0.3556967522484699,0.0009533473759092147,0.37375703483874806,0.0006092461680633144
2020-09-27,0.3007203068508307,0.36983432447881626,0.00045389255964293747,0.35461796921853,0.0003863715173601694
2020-09-28,0.2566538726847973,0.334865606160924,0.0007277289765789548,0.3119060492517825,0.0005854035916194745
2020-09-29,0.32133213358957013,0.29674767079709846,0.000984046523746126,0.3048171914369112,0.0006561892144786366
2020-09-30,0.35740498824315414,0.28877756484475314,0.0010372968548433821,0.31559378031929824,0.0006016125242209113
2020-10-03,0.35110424811980245,0.40278943268717987,0.0005543709670650736,0.3906354007692379,0.00041193697000665113
2020-10-04,0.41806452954696144,0.3879762148105366,0.0005461829100041006,0.3950822484912075,0.0004398445672088669
2020-10-05,0.33809950912472475,0.3697874580707163,0.0004529480850162176,0.36139084343394173,0.00030694479847600734
2020-10-06,0.40642355285673454,0.4029932595983432,0.0006151596020682514,0.4037812992524373,0.0004416805071400723
2020-10-09,0.4224201235258366,0.3315337966523525,0.0008225892767814805,0.3633624443249437,0.0004508454810112651
2020-10-10,0.36769550818262237,0.3463517552140691,0.0006178003790779307,0.35187253942766267,0.00037044481247135483
2020-10-11,0.3018562336882275,0.34978903747960816,0.0005607183087976971,0.3380473405393033,0.00040353847066859573
2020-10-12,0.33520770936022587,0.33963428136807855,0.0006436185746055408,0.33850496938225416,0.0005024192834784651
2020-10-15,0.42150756499307207,0.36495281185543504,0.0007416090128456687,0.38080998982351455,0.0004965514644546039
2020-10-16,0.34256684207311516,0.3559465348087735,0.0005338870286754643,0.3535366716611621,0.00037629513212768744
2020-10-17,0.42387753711042647,0.3394951680999935,0.0005853196692847014,0.35968908743957617,0.00041864184391659587
2020-10-18,0.30977638291743403,0.34571037818189276,0.0005967992227463863,0.3350116635399136,0.0004367205278364272
2020-10-21,0.30811440628452524,0.3240662047142199,0.001181774340355324,0.3136243328560712,0.0005998035360774267
2020-10-22,0.3331740299177723,0.3134576473324051,0.0010619476218399213,0.3229552109741958,0.0004889954675252394
2020-10-23,0.32035411950945025,0.3540209777113597,0.0007584217505229284,0.3449529083080287,0.0004582784101066656
2020-10-24,0.23955291313237748,0.33208530084275084,0.00061081715230632,0.3076263954600494,0.0004698087291239584
2020-10-27,0.39169830001679806,0.3775430289973217,0.0010229232532952355,0.3827258458741841,0.0005591939256909969
2020-10-28,0.34963843087398333,0.3609691802642893,0.0006539867356189213,0.3567402840895266,0.0005149256624872148
2020-10-29,0.326827249384508,0.34628913692628577,0.0006819734018499087,0.33923362068993546,0.00048054853016429844
2020-10-30,0.2922359018461072,0.3297831863174165,0.0006239487648987995,0.3202633572772007,0.0004340695473602125
2020-11-02,0.386991244908688,0.3060811385998718,0.0012776005064809822,0.3397659112469647,0.0008755022998630829
2020-11-03,0.3423211166965107,0.34707137554855444,0.000843580624829355,0.34518059830837805,0.0004916719622566569
2020-11-04,0.2483574760016184,0.33840765223963054,0.0007043441955671156,0.30858474142914377,0.00039467486171689995
2020-11-05,0.3425529146762293,0.30244632540052313,0.0006938622125323681,0.31330086038149435,0.0005227014615057708
2020-11-08,0.4202228692843403,0.32425858769379706,0.0012742092172547052,0.3672568125613981,0.0006326410792280617
2020-11-09,0.3476895594261502,0.3666772379086746,0.0007724846936412154,0.36119740735143485,0.0004931563125819242
2020-11-10,0.336773754732255,0.36637937522111175,0.0007358770695714576,0.35915670743668743,0.0005241435626100918
2020-11-11,0.3032983887000052,0.35036430503950133,0.0007644614104681469,0.33433632135664737,0.0005142261036085994
2020-11-14,0.3635413983818836,0.31725867178096256,0.001174323277862354,0.33537972676905653,0.0006552902024938004
2020-11-15,0.4138846439836351,0.38156040178526873,0.0008103680615804257,0.39345937661818886,0.00046114091399571485
2020-11-16,0.284164190177577,0.3726413935325298,0.0006221515661369221,0.34807801591503607,0.0004352983117596035
2020-11-17,0.3556875813886582,0.3415777663698955,0.0009147915556707045,0.34794693394785914,0.0005125296671403995
2020-11-20,0.3501041085730777,0.3354401707510098,0.0010246213562273218,0.3386781571054451,0.0006398058065308139
2020-11-21,0.2865816293835068,0.33475038771518173,0.0010252484186126889,0.31544920707028934,0.0006519126002354563
2020-11-22,0.2926407594769861,0.3124717125174814,0.0009958071487471951,0.3050492686312364,0.000642356325612249
2020-11-23,0.2872604554007384,0.30300170957148387,0.0010949147762059329,0.2964278994056523,0.0007686402824114255
2020-11-26,0.3029796612521678,0.2905906488278589,0.001353180942012525,0.2949522054864311,0.0007160758695019368
2020-11-27,0.39305605376167174,0.2956945054712857,0.0008302033004915397,0.32544391295583197,0.0006391183105121887
2020-11-28,0.37332029600022765,0.32168190731727114,0.0009704748256101918,0.3396715476478399,0.0007496479737994786
2020-11-29,0.34366198110347296,0.33108472962927615,0.0008430840878586707,0.33442595750566534,0.0005792753678784616
2020-12-02,0.3416732989060025,0.3378596701017564,0.0008867974269808255,0.3379479101948985,0.0005077512532873095
2020-12-03,0.397873029247706,0.3539128076880425,0.0005158561923653244,0.36422199535230104,0.00038405935854805883
2020-12-04,0.3959135216180309,0.3768384580142359,0.0006887010841306283,0.3835676777748565,0.000462933904602947
2020-12-08,0.3883044047590276,0.3907650626924909,0.0006734796009680189,0.39112490211277035,0.0004192370182951618
2020-12-09,0.417818972166112,0.38019216823576174,0.0006406113489942542,0.39198099604818004,0.0004851008833051712
2020-12-10,0.4026151613185555,0.41627086562255955,0.0004634779003832675,0.4132291966654325,0.0003236682253216663
2020-12-11,0.4122384100000447,0.41906828961432424,0.0005428704222428671,0.4166582739261014,0.00037695197265338035
2020-12-14,0.4000660688427243,0.3663377653730857,0.0006513453009792493,0.37545237116659375,0.0004325156103881373
2020-12-15,0.38555670494947186,0.3863836514385446,0.000766902996230831,0.3862282453732419,0.0005810315031243331
2020-12-16,0.3863443974545919,0.3736408623003957,0.0005273662317313147,0.37869509101108634,0.0004481751745737609
2020-12-17,0.3721600852942541,0.36405332250829986,0.0005785041604062143,0.3659237485018468,0.0004037857980857352
2020-12-20,0.37123616471132453,0.369000772429375,0.0007651621309541426,0.372241689926945,0.0005861355346833462
2020-12-21,0.3687597415018696,0.3695703538995299,0.0005916331835724455,0.36866335853597204,0.00034868338847771475
2020-12-22,0.3364631071825219,0.3609388564364021,0.0005697584097456129,0.3557374421597573,0.00040214204341313336
2020-12-23,0.4133284175154583,0.3568335363795633,0.0006670433516784396,0.37504782593669117,0.0005469912871201489
2020-12-26,0.3307343504040136,0.358824244244568,0.0005776000888375804,0.3522014711119109,0.00046807388946679254
2020-12-27,0.4145978298942666,0.39806108388930456,0.0008162381944074062,0.4030314603951555,0.0005203162558247918
2020-12-28,0.4154086777989196,0.4249362750123751,0.0003741804659476608,0.42388410129182014,0.0003262315609229942
2020-12-29,0.40695145469718186,0.3957182954132381,0.0005071954485206866,0.39813214773285516,0.00036519845453998563
2021-01-13,0.34751543341225194,0.34551097817135146,0.000916617993184995,0.34654037139787397,0.0005686832920176893
2021-01-14,0.3192757471183819,0.3594605448758761,0.0007886763557940351,0.3473217074884243,0.0005175228701754097
2021-01-15,0.3405778963364888,0.3490777030869358,0.0008036963541241148,0.34798744447320556,0.0005085798932711417
2021-01-19,0.3692360364610776,0.34739988665463656,0.0007433950900368448,0.35291769800714556,0.000576236836362752
2021-01-20,0.3341758581125139,0.3470519802086215,0.0007210280141691544,0.3428743775937562,0.0005170351014595194
2021-01-21,0.3296382437732555,0.36146079500496264,0.0006881375851075827,0.352535388503473,0.0005391661122890797
2021-01-22,0.37759685621966105,0.3846708681188805,0.0008817383957618025,0.3808287076613295,0.0006683884289480128
2021-01-26,0.38036601781613527,0.38331360633516,0.0004787906175344475,0.3832231100519429,0.00030601867517020536
2021-01-27,0.4135723006830487,0.3869572554449722,0.0004617768720517534,0.39183127384480876,0.00036501251679747505
2021-01-28,0.3993216914953652,0.3831202678690684,0.0004909839621456894,0.3863929421085417,0.0003550803931358782
2021-02-01,0.39523880600408146,0.422562666499021,0.00032522924475897287,0.41871853438272305,0.0002731527161473828
2021-02-02,0.4020106502703172,0.39610330894691126,0.0004676197163554616,0.39710906282056546,0.00035264988099127577
2021-02-03,0.4106590487006701,0.37863400187398677,0.000596118679878523,0.38696172546351404,0.00044454117018951565
2021-02-06,0.3964468283635715,0.3945133071457601,0.0007600410893629901,0.3933958107146025,0.0005430804249872915
2021-02-07,0.3652889625295081,0.38506362273664074,0.0006445871324064742,0.3788774211040041,0.00045707698680306764
2021-02-08,0.400357510710528,0.40708033394063015,0.0005366903106917379,0.4057072952968928,0.00038533812446312274
2021-02-09,0.41254630671617065,0.4010936455924012,0.0005043863814620539,0.4051647165173868,0.0003647070946199627
2021-02-13,0.34700876795924657,0.3736933089190153,0.0005738847259662346,0.36711514394710093,0.0004596320419360246
2021-02-14,0.38426032317443964,0.3592750091375487,0.0005617163005555932,0.3665690408296583,0.00045046021676026606
2021-02-15,0.39521306405910717,0.3573298305349759,0.0004928183724945028,0.36689520199852915,0.0004194072925291951
2021-02-18,0.368736226398162,0.35150794463917845,0.0009704167778403498,0.35881860570500274,0.0006632259007212346
2021-02-19,0.3445717316561006,0.34961879464418066,0.0008884809718945576,0.34849661827909856,0.0005490904050947767
2021-02-20,0.37802216670081434,0.3406611300648198,0.0006781782091457053,0.35415011463291135,0.0004813116695885564
2021-02-21,0.3742529497779766,0.34736926383898564,0.0006701495144660775,0.354252713731259,0.0004402467592014671
2021-02-24,0.3700071071487277,0.3412671165516557,0.000832471950433752,0.35033266837019555,0.0004961896915162822
2021-02-25,0.40977970530877095,0.3424025232343878,0.0007660776592306065,0.36310764964100606,0.0004609714323471824
2021-02-26,0.29739034556620003,0.3537599564861971,0.0006371147915726061,0.3382069464635883,0.0005276820625402998
2021-02-27,0.35697251216423015,0.3311515406845517,0.0007161001319865632,0.33832539727099203,0.0004639522577780972
2021-03-02,0.319094626063909,0.3250794886853079,0.0012733431688456318,0.32159893509377097,0.0008524036011623385
2021-03-03,0.3742111400757488,0.31888352449792257,0.001126477866808488,0.33939624245189237,0.0006578107687198981
2021-03-04,0.3538187847458048,0.3346442008106586,0.0007787953351885097,0.34081347788437666,0.0004895938048794345
2021-03-05,0.3488678868859921,0.33634511242631454,0.0007688241066308425,0.34057370468427833,0.0004704062844292587
2021-03-08,0.3097029759530847,0.34779520319181856,0.0010028682367942726,0.3343215169660831,0.0005302014919036501
2021-03-09,0.3007485401382046,0.32776972693279416,0.0006215489665832155,0.3207110984011743,0.00038302743967777106
2021-03-10,0.32737359292164747,0.3156769111821338,0.0006664112993708705,0.3191023818533343,0.0004702286196297375
2021-03-11,0.35070859207364774,0.3262221274292103,0.0008865202712325599,0.3339242590951234,0.0005230578889601744
2021-03-14,0.3433422184771588,0.34791215135564707,0.0007854709705586695,0.3470133678453472,0.0005099441004194251
2021-03-15,0.35106567929401317,0.3500002883874472,0.0007467421362264255,0.3521702461570299,0.0005185246831086728
2021-03-16,0.3758102880435516,0.3473799845639779,0.000579498700100698,0.35486087207327616,0.00041916387676244564
2021-03-17,0.319711167722004,0.35149734041241254,0.0005072913907044481,0.34357914742846646,0.0003522992694068637
2021-03-20,0.3213697742975996,0.3450027472741399,0.000668009915039904,0.33810755081545407,0.0004928733078113258
2021-03-21,0.32148715891847485,0.328001566630255,0.0008503416738400637,0.32117170171288045,0.0005203908208784149
2021-03-22,0.3337205413510498,0.31329195476025473,0.0009230141804347317,0.32083265812774064,0.000521666201267468
2021-03-23,0.30154409799878995,0.31156479313483454,0.000900534351492017,0.3084606382041454,0.0005330216581919952
2021-03-26,0.30579492500249117,0.2972196448623108,0.0009431526722835107,0.30195553119794505,0.0005880898236797634
2021-03-27,0.32060174389496426,0.3004937820727706,0.0008629214195007186,0.3082393597259542,0.000528611452666686
2021-03-28,0.3431128470746261,0.29912558568326864,0.0007513906887010619,0.31461607699474664,0.0004950356724348723
2021-03-29,0.2968893119131311,0.30535101417570226,0.0007308630936140792,0.3032994960903182,0.0005677710719408142
2021-04-01,0.27162002388397655,0.2743471884808414,0.001361011113608173,0.2729174761764075,0.000668762159083447
2021-04-02,0.3221170347184833,0.265129805974807,0.0007565617301770368,0.2833210566935995,0.0005751354789049883
2021-04-03,0.3188168573074531,0.27713042511592906,0.0010857058116531249,0.29145818392762984,0.0006209284602852748
2021-04-04,0.27119264545721183,0.28550818275114087,0.000996730021308226,0.2822074308221794,0.0006200340315397295
2021-04-07,0.26143514291328696,0.2745413584752013,0.0017315444630548046,0.26734051564620814,0.0008738029964088541
2021-04-08,0.28238264861543505,0.2565589897114466,0.0012586203591318649,0.26807340074467356,0.0007357475844485477
2021-04-09,0.366329688448382,0.28737210066804336,0.0014703062204176368,0.32413013484738945,0.0009096081075841538
2021-04-10,0.30726025499927384,0.313483402615519,0.0010341862192164131,0.30872326011083134,0.0006085272049070579
2021-04-13,0.2507468774026283,0.3186176621212297,0.0012329016182098405,0.2884065942409917,0.0007088053253841668
2021-04-14,0.24889858281916424,0.2803166372278267,0.00099998807357012,0.270013876271849,0.0005936042662274712
2021-04-15,0.24786749396511593,0.26362650427596196,0.0009766028988369363,0.2579616677371444,0.0007697704038841795
2021-04-16,0.24518011412101925,0.25232339838022794,0.0011955390478759983,0.24868712316368488,0.0007648609747787568
2021-04-19,0.26276701614055076,0.22375536338115867,0.0013372215854369964,0.2394709186254358,0.0006366207335486155
2021-04-20,0.28735297223213463,0.23600803059720896,0.0010470354443307336,0.2564098228502395,0.0006384738985435619
2021-04-21,0.28363526569058733,0.24781483217613395,0.0007975974789121624,0.25775800410185223,0.0005914860637227356
2021-04-22,0.2794634159111683,0.2480549533119602,0.0011546188023553903,0.26179607748780814,0.0005982707564262772
2021-04-25,0.3332412619313682,0.22218920116233032,0.0014027449484511295,0.2744390814816893,0.0008451885316635033
2021-04-26,0.39449815810114874,0.33218405426371744,0.0015622387537769416,0.36257728445303394,0.000751613369287461
2021-04-27,0.31329545585006213,0.3509266906852739,0.0005511802474361376,0.34099487884308616,0.0004350473160445164
2021-04-28,0.3548227637765253,0.33231500861037405,0.0007022389785118352,0.33838503945113074,0.0004122430949437522
2021-05-01,0.32087452199706007,0.36474653327867435,0.001031777959938806,0.34589143417625245,0.0006879546414824421
2021-05-02,0.24432532390798045,0.3261628287657181,0.0009150434622338476,0.29860014070610996,0.0005472675217458347
2021-05-03,0.24728881054795415,0.28313651881133717,0.000906040175530298,0.2704709633540973,0.0005445681059511829
2021-05-04,0.2875714774221628,0.2559639878824828,0.0007740991578221855,0.2664449083931843,0.0004164884615344527
2021-05-07,0.3308476884883311,0.30013760465816886,0.0015790527580631512,0.313413016978483,0.0008103989953653663
2021-05-08,0.3127543967758782,0.2871386836675711,0.0011843466957026775,0.2998905257326625,0.0005666617235103016
2021-05-09,0.3764819346992648,0.3366755650822637,0.0013929282347274292,0.3552001018307918,0.0006924304475117003
2021-05-10,0.37220596883564405,0.3442563761135841,0.0007071467640112847,0.35233574198726786,0.00048190964760783626
2021-05-13,0.40442341479517785,0.3708970203659087,0.0006079447178553717,0.38121004461052754,0.0004757597004620074
2021-05-14,0.40457384197614443,0.36095736276970364,0.0004928606819423709,0.3721567210892642,0.00045066804206340933
2021-05-15,0.40429032981729807,0.3960481324253541,0.0007616358024290778,0.39729956276868683,0.0005435883396045713
2021-05-16,0.3624494393261317,0.3864309841968723,0.0006235667862422883,0.3796846732434892,0.0004020305364438006
2021-05-19,0.337100082278149,0.32983933277746835,0.0006606853311705066,0.332061598587252,0.0004783043054046077
2021-05-20,0.25871439962949316,0.3131048326437095,0.0007258445240794647,0.29525881078938776,0.0005104829434286072
2021-05-21,0.3741013605806113,0.3180393418351973,0.001179617344468689,0.34082365840912243,0.0007354243102868774
2021-05-22,0.3312825272246119,0.32880114072694866,0.0007911184821159995,0.3270316303842586,0.000537719716496592
2021-05-25,0.2500522374132317,0.2910414547694933,0.0015924447700129424,0.27128351150078683,0.0007198253198944554
2021-05-26,0.21803045586704906,0.2534786441138926,0.0010012264817649181,0.24279345665049692,0.000445931074204402
2021-05-27,0.24275210823428897,0.2249688678429033,0.0008800369743603815,0.23357517651714976,0.000602489941311558
2021-05-28,0.25541979841994117,0.21715875819075114,0.0008248176756462686,0.23169287165277475,0.0005129693063390992
2021-05-31,0.30826397557043556,0.2238016444161394,0.0015665233817824542,0.2656377056691596,0.0006751986423180357
2021-06-01,0.34935566891323977,0.27351986806209455,0.0011085618494618994,0.3040269450084105,0.0007228678547276368
2021-06-02,0.22685738894369542,0.2869135259110986,0.0010886803099421083,0.26129517411701364,0.000559791288816824
2021-06-03,0.2610882572315244,0.24616644266296983,0.0008498160309219874,0.25040774038883745,0.000490571542272506
2021-06-06,0.23010255226753837,0.30944522341079234,0.0013631422761269999,0.27248046429090156,0.0007340016398866584
2021-06-07,0.2918271487252553,0.2575671210576824,0.0008905184109864106,0.27062131872240425,0.000640580053668579
2021-06-08,0.1438099118750631,0.24635911140306313,0.000917589108102362,0.20926031891058422,0.000587808734462757
2021-06-09,0.30091527115542954,0.19352260301033503,0.0007903934974048097,0.22862869531541943,0.0005611377147450012
2021-06-12,0.21981277354534123,0.1935351668549254,0.0012691796677713107,0.2071017839966342,0.0006403283566917301
2021-06-13,0.39798467627284184,0.19351629539772028,0.000814582833677212,0.26130414324180185,0.0004916646187942401
2021-06-14,0.3551063443378818,0.2338195092024891,0.0007653502757608313,0.2734225316332621,0.0004872991692478972
2021-06-15,0.25319100081141205,0.2533348685085954,0.0009004156945881302,0.2513819116539404,0.0005523746543602817
2021-06-18,0.19148251492412527,0.30844797146967823,0.0019597956207331097,0.24678155546891653,0.0008894482388224732
2021-06-19,0.3917565058875562,0.31184960924306876,0.0020778047480211675,0.3565025563154457,0.0007076785950085241
2021-06-20,0.27382445701987934,0.3382001303740726,0.0007912786695064195,0.31931704870587985,0.0005162940461502499
2021-06-21,0.3874512340364584,0.3231195512188272,0.00100970408454128,0.34643675575826516,0.0006009511857046724
2021-06-24,0.2713513906625341,0.3201383712831565,0.000986299102432232,0.3000574385940648,0.0007523301280558502
2021-06-25,0.15278713603833788,0.2778619532471311,0.0011113003272402605,0.2230981392230186,0.0007202067145100753
2021-06-26,0.2249807804515373,0.3309011759546696,0.0022249262050913167,0.2701110418641385,0.0008572828212208036
2021-06-27,0.2936811267202756,0.3536437817181074,0.001442788499996867,0.32795628433157425,0.0006922147254952518
2021-06-30,0.2260437656689676,0.3123669476544752,0.0010684801285653772,0.27370035781872426,0.000474415960099081
2021-07-01,0.2419278341538315,0.24813646676654152,0.0008776474064241683,0.24653005965214014,0.000606801445216918
2021-07-02,0.2831531023786331,0.22306952147140424,0.0008178246682986666,0.2417761910223042,0.00047019569584944883
2021-07-06,0.36162052914720016,0.28816316051484453,0.0015753916816996563,0.32393056867081066,0.0008344566433682069
2021-07-07,0.31832727482392104,0.3485597986689616,0.0008288582655088268,0.3379212879986826,0.00047696938447986683
2021-07-08,0.22938870941800282,0.32137026192224477,0.0007746080851387292,0.2903076225438945,0.0005218718188769495
2021-07-09,0.19652594119080818,0.2671142317187143,0.0010942570097864446,0.2438825014333063,0.0006669225389392791
2021-07-12,0.36582473110298586,0.23616591712225002,0.001971157102459314,0.3058024842996085,0.0009087845376926885
2021-07-13,0.31614109876823,0.3254817168414435,0.0011600590031570631,0.3217385707320944,0.0007857195346174589
2021-07-14,0.36635475247103855,0.3187577525087665,0.001043289712237366,0.3394544614436575,0.0006928578892415034
2021-07-15,0.31570072654244963,0.31945029168485733,0.0010834534487787195,0.3157340311829302,0.0006914827247370635
2021-07-18,0.16535388148085883,0.24259922682641474,0.0015303809200378558,0.20479595914005422,0.0008782074170515939
2021-07-19,0.23335848270617449,0.1903206568553231,0.0008336297334422116,0.2035646011013386,0.0005715848933361129
2021-07-20,0.21232398729504506,0.187176139084747,0.0008048279906083083,0.1979005352879376,0.000543055982285625
2021-07-21,0.14597975849331268,0.18719575525221221,0.0007362901995743772,0.17330303923872534,0.0005009907352248374
2021-07-24,0.20054684381928972,0.2537886069011014,0.0024137121303449164,0.2212187375129411,0.0008240279840166859
2021-07-25,0.2668807738801918,0.2074170189825745,0.0009919765934705924,0.23145011129730134,0.0005653802568614577
2021-07-26,0.22608818068699113,0.2239169055838493,0.0006521030808828038,0.22397196731801206,0.000485031875437238
2021-07-27,0.21742852818504402,0.2289250090838122,0.0009315834782098545,0.22394152174325696,0.000562984974462293
2021-07-30,0.1642225184462218,0.21103099436338035,0.001162302922919216,0.188917631755953,0.0006497386760143554
2021-07-31,0.32652227213246593,0.23441931723371603,0.001770984876642447,0.28002590272858785,0.0008229990055244965
2021-08-01,0.3237762970270539,0.30004866892289467,0.0014081502242746645,0.31101133894633315,0.0006951918046974031
2021-08-02,0.2477016345199904,0.2910332622931694,0.0009322194314906249,0.2754891448291054,0.000491681828145092
2021-08-05,0.18783468102031117,0.31185025904861957,0.0014854863058687267,0.25297618093059365,0.000813150434591926
2021-08-06,0.2781695412626697,0.23501002795358897,0.001166086408135656,0.2484411876829283,0.0007058124146781529
2021-08-07,0.28708293670503177,0.26703105855028114,0.0013998749562558305,0.2714880502818971,0.0007188035937684755
2021-08-08,0.22421451186514418,0.2521859661206901,0.0011315373319529013,0.24066602654003938,0.0006874999431843413
2021-08-11,0.24221191650552876,0.19259315039826258,0.0013294160458298388,0.21664520458858438,0.0008847320029694294
2021-08-12,0.22164639525807028,0.26050174293194334,0.0016809383884492089,0.2402385055564381,0.0007144150504812046
2021-08-13,0.19882536645879362,0.21903030334226642,0.0009322675066624041,0.21055509750121496,0.0005790295549958736
2021-08-14,0.211413313608132,0.19570583777517198,0.0007318411839903238,0.19911014261042304,0.00044362722106447016
2021-08-17,0.12686019060217094,0.18155680588586026,0.0008595445905237763,0.1630211853132411,0.00046468174670281177
2021-08-18,0.15501058289459968,0.16110996781035877,0.0007652694072819252,0.15961224788104794,0.0005037877544727615
2021-08-19,0.20109399084216023,0.16373058829694884,0.0006836446355453146,0.173360181844414,0.00048395922817630544
2021-08-20,0.2507332543394055,0.16427552940375584,0.000722263448237791,0.19253902587378321,0.000503967144280363
2021-08-23,0.2520596672421736,0.17746984718069883,0.0010039803997582263,0.20687669086593324,0.0006064656424658524
2021-08-24,0.20452095705070647,0.1962441093236282,0.0007636454602599955,0.20121064921401183,0.0006046237316306904
2021-08-25,0.2908197085703006,0.18603860303198694,0.000777545202394963,0.21953488377585736,0.0004709343512639302
2021-08-26,0.13437562207308368,0.20429857540674728,0.0006768174406257528,0.18373390040465673,0.0004563002864305928
2021-08-29,0.12598868692408693,0.16783202248224907,0.0007445423818200912,0.1556731769802859,0.0005237726228964178
2021-08-30,0.18583411602268787,0.15599237235623292,0.000540030068585247,0.16275371598789995,0.0003493074455500205
2021-08-31,0.1815950905967823,0.16055623995923393,0.0004970902223838763,0.16407903284383127,0.0003024237138255111
2021-09-01,0.18451378535285215,0.17813290151356678,0.0005743262559760783,0.17861504257480873,0.00044952926523907517
2021-09-04,0.3766541071858383,0.19443435148658078,0.0011520454947540558,0.2684347625815557,0.000619754378702445
2021-09-05,0.26299774469582793,0.24618926417482034,0.0011016724086611,0.25323048157186545,0.0006203930275613004
2021-09-06,0.30523639828891297,0.23306508010307656,0.0009170408139025797,0.26212180266117996,0.0005182842190190698
2021-09-07,0.19466147959834004,0.24285362680598044,0.0006656992527066615,0.22975825536245867,0.00047681683560682323
2021-09-10,0.2668307459311476,0.389123090302755,0.0006157206545002355,0.3551877964240439,0.0003942421118666585
2021-09-11,0.3328332037637161,0.3272543731370506,0.0005474265100715437,0.3292964632799652,0.00048093977630448234
2021-09-12,0.2854263663715046,0.30585356050967255,0.0009043572497501711,0.2979017966440001,0.0005369508781089761
2021-09-13,0.16610680114707696,0.28755485829436095,0.0009974093024816117,0.24147775458563725,0.0006181711241801362
2021-09-16,0.35223883076426854,0.27749531885233536,0.0015462605355459908,0.3115282431926719,0.0009298878569481725
2021-09-17,0.3395900712072852,0.2992637084344043,0.001140847834386187,0.3175004940052551,0.0005186639322914105
2021-09-18,0.39575288274658765,0.38274306843960093,0.000889981999470046,0.38821930637657737,0.0006258297889114574
2021-09-19,0.29147203689190804,0.3564213467170223,0.0005220652640234077,0.340269894539013,0.00040139912034247387
2021-09-22,0.23718733938657693,0.3237084692335672,0.0008292198772239512,0.2955473563920103,0.0005522859623459598
2021-09-23,0.35774174044855617,0.2795730763315561,0.0009608741965268274,0.3096847272552454,0.0005767619140096554
2021-09-24,0.2372439407187062,0.29010439387094916,0.0008081749770862235,0.2734241589437986,0.0005407970724358721
2021-09-25,0.2700791005988947,0.2817941183651951,0.0009681785516450371,0.2778925427065191,0.00046155584072155075
2021-09-28,0.36789491628580795,0.259239882027786,0.001306657725746892,0.30639163665938357,0.0007228344094578563
2021-09-29,0.34541945776321875,0.2984820801658541,0.000930204795661189,0.31675337059830383,0.0005951712687740191
2021-09-30,0.33552974913578115,0.3008196735743246,0.0009433906194437851,0.3168226516903579,0.0005270335507466216
2021-10-01,0.21730148884868228,0.304981167442397,0.0007602669746193536,0.27778065790246886,0.0004970350428371318
2021-10-04,0.3930686863916773,0.32470747886049073,0.001188761549385908,0.3503311683991461,0.0006413335345129141
2021-10-05,0.41806452954696144,0.3693655211245619,0.0009764567053647782,0.387242289601257,0.0006540434411164702
2021-10-06,0.3797921004009154,0.35412690435942473,0.0006225539992286112,0.3604865060341679,0.00047066551612460344
2021-10-07,0.2876463487777619,0.3384332600594,0.0005595106743676319,0.32569528073402987,0.00045361065614303727
2021-10-10,0.2539301918566976,0.28938593793730566,0.0013501759667648727,0.2724351887910075,0.0005628658138262106
2021-10-11,0.3195736420684227,0.2637014009736204,0.0009139779127966461,0.28417455215700743,0.0005197907437641601
2021-10-12,0.26868558806367854,0.2740342450895048,0.0008983798590034028,0.2723826682073554,0.0005931919564793665
2021-10-13,0.29661523303548903,0.2621062558862814,0.0008859280981319646,0.2734815582060608,0.0004978541150679447
2021-10-16,0.30688873588860505,0.24864516155395908,0.0011795771459519912,0.27520285306519626,0.000533308941921123
2021-10-17,0.2391202893112052,0.26469220284366296,0.0008576535111996644,0.25702238229877183,0.0005139678000658377
2021-10-18,0.2695749840862881,0.2510439762090561,0.0007256635189418386,0.2585952803461366,0.00044969213118569573
2021-10-19,0.37068020808726054,0.2526161631298722,0.0006995480535358942,0.288652565555851,0.0006107690520334693
2021-10-22,0.3321397373339086,0.28533268950630847,0.0014615467606493553,0.3068730633065931,0.0007816291076390564
2021-10-23,0.23644083627075763,0.2989420870901505,0.000913958210980685,0.2781849623125467,0.0006214584175084039
2021-10-24,0.3318499493595146,0.2727648761632031,0.0008062437435157628,0.292136673566774,0.0005630463453556671
2021-10-25,0.2968606620983424,0.2861040178428344,0.0009174381681532013,0.2903920285269086,0.0006065943441576544
2021-10-28,0.28046556060208205,0.2783190208756432,0.0014063095173510916,0.28045669245197086,0.0006743192226111013
2021-10-29,0.388135729023221,0.2876157157979409,0.0010373790561755865,0.3273595295175597,0.0005600061598031946
2021-10-30,0.4211204635613443,0.33593413256846477,0.0007115220730653956,0.36161513938618906,0.0005151547074231453
2021-10-31,0.4167123886275036,0.3845028301546457,0.0007976775453876408,0.3958807137833057,0.000565491099064754
2021-11-03,0.4063886014859583,0.38435356259468895,0.0005543941661964286,0.39160627412947413,0.0004552297869632791
2021-11-04,0.379128914198547,0.376310251006007,0.0005873707083831651,0.378438247069138,0.00041498621298287217
2021-11-05,0.41609295951464564,0.368987667114908,0.0006312026301463998,0.38187962747039356,0.00042945354930399725
2021-11-06,0.259879938972237,0.3589039257569985,0.00040570181675089983,0.3380540075084583,0.0003503284461626606
2021-11-09,0.3264321829403568,0.3352257917729714,0.0009333110536778732,0.33465681393408764,0.0006195033793685986
2021-11-10,0.3782487535376131,0.334893979922501,0.000836366671107519,0.35078582287725146,0.0006193894170760471
2021-11-11,0.296248361754306,0.35923712694872334,0.0006136521730903114,0.34212528958672267,0.0004135628008385657
2021-11-12,0.3139740425628195,0.33656941490504577,0.0007533210415269034,0.32924002371688355,0.0004895880329813122
2021-11-15,0.34497128008651257,0.3479575848197585,0.000996003476877871,0.34684107051123775,0.0006526948059076583
2021-11-16,0.36374304409693403,0.34569334682451364,0.00097636191923267,0.34900538863934405,0.0006239008138533084
2021-11-17,0.38834200466757124,0.345542522411076,0.0008027116605828299,0.3608652608287254,0.0005006699265022578
2021-11-18,0.3089094036441482,0.34741686132641975,0.0006596118117664675,0.3370246568256779,0.00048566873703965525
2021-11-21,0.2698106181296073,0.3265117773673166,0.0010519396852112966,0.303865482874755,0.0007174169620539121
2021-11-22,0.2884048644379842,0.29947974897080293,0.0008869432531042418,0.29616733224224157,0.0006551869498669846
2021-11-23,0.34838025836468356,0.29644051612938216,0.0008890468570146563,0.3170301840051298,0.0006659512252455936
2021-11-24,0.38649259861962626,0.37540159903062026,0.0011362276069578775,0.37849548661876603,0.0006454734297273465
2021-11-27,0.37703428982250203,0.4153150558443496,0.0005155469499857232,0.4046724517120014,0.00034395351007789646
2021-12-03,0.36314712805514054,0.3669171289214939,0.000591757953387039,0.3660590159862991,0.0004486433068218583
2021-12-04,0.25570312726546607,0.3952317350253168,0.0007144277353112087,0.35134033141540927,0.0004685322464386999
2021-12-05,0.34896601827981744,0.3906885996580433,0.0008371442070472467,0.37844083788892297,0.0005552661438141906
2021-12-06,0.3689073046388801,0.3684549872503087,0.0006252015809485351,0.3708839594739366,0.00043116212300949773
2021-12-09,0.41805202028823996,0.42479662358253356,0.00033571864758792023,0.4235141485910784,0.0003035483935435347
2021-12-10,0.315822150387447,0.42335995502580814,0.00043369869634325307,0.4007175697550013,0.00031607354854236934
2021-12-11,0.3772265090469147,0.382749751694496,0.00044858320898344997,0.3819518865545984,0.0003961640206754334
2021-12-12,0.35784848640876754,0.3679640098661482,0.00039792714790410066,0.36649279402092566,0.0003648426215630639
2021-12-15,0.3977977424525465,0.3560328896018863,0.0007319201771582766,0.3674521581502646,0.000502308931299891
2021-12-18,0.3621181382325372,0.35204538568409427,0.0008229068731885475,0.3535135700596898,0.0006048774603986605
2021-12-21,0.40630338728093474,0.34436220190598776,0.0010956827934586004,0.37099963389050417,0.0005355287548851258
2021-12-22,0.3470564189597107,0.36082834059188384,0.0006031851226680383,0.35845146565204894,0.0004550227600502091
2021-12-24,0.37960217917088634,0.3509406611794481,0.0009430831781902457,0.36014018486504684,0.0005210848740738714
2021-12-27,0.3915343073612696,0.3902471837545553,0.0009118174860283341,0.39249518601066025,0.0006271656160618865
2021-12-29,0.40255932246277937,0.3717081250738838,0.0005866617437459611,0.37971969781465037,0.0004303834382319384
2022-01-03,0.3408853232203275,0.33858120002714287,0.0011072715389989852,0.33893615804785804,0.0006456420588224635
2022-01-05,0.3640454102541656,0.3536993046129886,0.00082115573348727,0.35847735801294806,0.0005303153859927705
2022-01-08,0.36988425593698004,0.3682692604484145,0.0006949572848748864,0.36660562233237953,0.0005398386471625883
2022-01-10,0.412429061173229,0.4222465350022096,0.0003368989559939562,0.42043058098888714,0.0002789522199246342
2022-01-29,0.3384190663586111,0.33148757904744103,0.0017707813286686222,0.3337096733504761,0.0009077492246172867
2022-02-01,0.3594362931683569,0.3380881379120052,0.001266000967117565,0.3465957035601739,0.0008444972433564731
2022-02-03,0.3570275618690138,0.33346521631915416,0.0010429517438577407,0.34135383040994915,0.0006086227735999618
2022-02-08,0.30370780180120355,0.33534607863617266,0.0014895665043746155,0.32258859491861636,0.000850679179241058
2022-02-10,0.3619112373030708,0.3153527738847699,0.0013300975469145958,0.3353575522793012,0.0007467304474376876
2022-02-13,0.3425536415484491,0.34233646027737025,0.0007721782463784915,0.34231358380845095,0.0006206749524945937
2022-02-15,0.4135046646026889,0.3874195003229346,0.0006818176966615884,0.39409268827255217,0.0004457716249683184
2022-02-20,0.3492511607416018,0.3370864384848862,0.0009112805837859888,0.3439001771181956,0.0005957101403297893
2022-02-22,0.39927568623622156,0.34107600443093034,0.0006446317932642472,0.3574608317215351,0.00046726007005626363
2022-02-25,0.3079962455665461,0.3355908238321764,0.0008903614267978272,0.3265290158167018,0.0006357618492365168
2022-02-27,0.3275354943225764,0.31657105856126866,0.0011462077441314845,0.3199068753118446,0.0007007163858616279
2022-03-04,0.35966572936286784,0.36581519087458253,0.0009948534924350057,0.36297580868564316,0.0007076311766087618
2022-03-06,0.36997956080650224,0.3503486034019492,0.000839893207967613,0.3562752776926919,0.0004973610660216519
2022-03-09,0.3274330467640356,0.33765490086420846,0.0008186465441328077,0.33616947874209946,0.0005799076324264968
2022-03-11,0.3772474992440018,0.3936528548000592,0.0008153160936408357,0.38911057701510365,0.0005805673473633781
2022-03-16,0.353809893888644,0.35197304138923097,0.000544739327531632,0.3512686886641728,0.0003886176095198694
2022-03-18,0.36509310586737725,0.37077904361410213,0.0005667286426968181,0.370648929946959,0.000400349589945215
2022-03-21,0.3126709457268501,0.3349503476926565,0.0011068923058576998,0.32648011620843165,0.0007898301925119342
2022-03-23,0.3278134561216576,0.315438032171879,0.0012202728039765083,0.32120435056511537,0.0007146692480318803
2022-03-28,0.30718594578650593,0.2794903788334792,0.0019324101523374238,0.29741731137251737,0.0010331226693973264
2022-03-30,0.3568556023298416,0.33539451155762506,0.0012000509553916452,0.34241484077115153,0.0007354574877165431
2022-04-09,0.2601585759367124,0.33375487964624434,0.0009679126470553288,0.3076275403483575,0.0006862069299305565
2022-04-11,0.2764546440155048,0.2880005914469134,0.00133688818026232,0.2832085905592713,0.0007635234831492355
2022-04-14,0.27233251853859386,0.3537131877226986,0.0007976330098126908,0.3256925492415217,0.0005726376354663107
2022-04-16,0.3287631004762777,0.2937565967690992,0.001189301272632981,0.3096018567644143,0.000538335986325691
2022-04-21,0.35526209989180924,0.36298748788470464,0.0009098851476242239,0.3607786511967415,0.0005890090335285423
2022-04-23,0.33534032575727235,0.39878654012214876,0.0008778556292743456,0.3783420171350585,0.0005720325645121452
2022-04-26,0.2811008561653123,0.3195380635682066,0.0009365416353217909,0.30457928517797533,0.000641197602535543
2022-04-28,0.2694133611575922,0.3512718430245218,0.001082590459782398,0.3181477315290577,0.0006529697940927268
2022-05-03,0.24638380716755776,0.3146447040504007,0.002216859351451609,0.2760832237344951,0.0010500431648285055
2022-05-05,0.2966065892347891,0.2557023026720176,0.001590129618107824,0.2792512446504938,0.0008735178923651213
2022-05-08,0.26860637697569734,0.23776108936610324,0.0018189664059002073,0.2597898404395911,0.0009481313551678883
2022-05-10,0.269477243063249,0.22808663968109685,0.0013994695197060145,0.24688973210162188,0.0008394053967340277
2022-05-15,0.3892316284281769,0.2745660370378563,0.003128438967152874,0.34955817040645853,0.001235976312994948
2022-05-17,0.3269434323025533,0.30125432652090894,0.001537632353837388,0.3137443491939351,0.0007680752740913393
2022-05-20,0.24023874419120456,0.26332367086039843,0.0020476661650018543,0.247728136918229,0.0008656254626908327
2022-05-22,0.23859850699336996,0.21483769215684714,0.001174767298842466,0.22570178281039613,0.0006150612440694854
2022-05-27,0.23286214525732346,0.2181493138403071,0.0011542218542752935,0.22256146424318624,0.0006882056272312596
2022-05-29,0.23888264230081346,0.19999754946703688,0.0009344277927906396,0.21434239826342746,0.0006285181652930494
2022-06-01,0.3116179812746521,0.18997080917114606,0.000980720616143542,0.23487986780206355,0.0005952040273956613
2022-06-03,0.12910508705180812,0.25495761832185226,0.001557551248474307,0.19217017066294356,0.0006395351398415708
2022-06-08,0.354122584426138,0.31290600789814993,0.002973236227788945,0.34039614665699014,0.0008836926233851327
2022-06-10,0.2565795358798944,0.2914448858971674,0.0012751263752054443,0.2784175737702093,0.0006883924327605298
2022-06-13,0.25346283658619395,0.22860100784602277,0.0015585173044970976,0.24041726658842535,0.0008721256867193366
2022-06-15,0.17623459938405733,0.1938616186864102,0.0010437424137464146,0.18422260133106344,0.0006972524674309907
2022-06-20,0.19978623986172242,0.19524969493269334,0.001274511119205898,0.1941304427317007,0.0007964202728773602
2022-06-22,0.10661263915160935,0.2579249260399512,0.0026862908153482516,0.16623298165130534,0.0010237816299031375
2022-06-25,0.3898769979992116,0.2635461329891756,0.0026198136843425673,0.3425904878663586,0.0007611671877674513
2022-06-27,0.3145729499622377,0.3400363686168833,0.0005746823446369665,0.33088981091571334,0.00041616773449859373
2022-07-02,0.1334147229880001,0.2833504808169991,0.0012509688436409356,0.2191171200312178,0.0008820853418018477
2022-07-04,0.15190021225158853,0.2453149271558751,0.0017300327545517718,0.1969646865898242,0.0008963115738598288
2022-07-07,0.1683362769253117,0.17256400764912375,0.0008961058152590364,0.17205156712541442,0.0004483648156100036
2022-07-09,0.22755324173271735,0.15940390187028677,0.0007644592676025932,0.18008188699864372,0.0004601130492305982
2022-07-14,0.14244309131216026,0.14686561607208662,0.0006900233673098714,0.1438032149289599,0.0004893390258917801
2022-07-16,0.2127505412693796,0.14512840612342456,0.0006412780733505478,0.16437908906485177,0.0004814465873254947
2022-07-19,0.1696996713475502,0.15190315323977507,0.000865488324126659,0.15772958498905815,0.0005749879564497627
2022-07-21,0.20788447690783177,0.15500341760964767,0.000630819964524859,0.17140092849569705,0.0004117199038233338
2022-07-26,0.21831566775684602,0.1594648107741378,0.0009447422596153984,0.18297642583203785,0.0004711927072496744
2022-07-28,0.14018454385549795,0.1687211154261591,0.0007783264735604143,0.15973159993917432,0.0005080441112059608
2022-07-31,0.1779218339090509,0.1540085842338803,0.0007794043086174151,0.16370441543347825,0.00046702770698276206
2022-08-02,0.16917687896383218,0.154581330976456,0.0007205426650349827,0.15918735025720804,0.0004410081668432863
2022-08-07,0.12720354289970318,0.16238010073530557,0.0009202014998183305,0.14898264482419654,0.0005577772946611656
2022-08-09,0.1542246910489966,0.1429726399766549,0.0006496807937116267,0.14577211014810673,0.0004949501530695578
2022-08-12,0.17498147056140967,0.14825093378996027,0.0006676125948276221,0.15740076587743507,0.0005590003404471451
2022-08-14,0.13382511814276105,0.30130433918902666,0.003463028990109508,0.1846750876038079,0.001058237484070549
2022-08-19,0.21846066744453488,0.2512338395796804,0.002751724547371473,0.23073775478850916,0.0008541124803156625
2022-08-21,0.1829737510360706,0.19344373199592022,0.001308092496759485,0.19076168362269383,0.0008130441852514351
2022-08-24,0.1827020113462467,0.16820174885661032,0.00111508161414111,0.17382555027823926,0.0007585460538465411
2022-08-26,0.18889016198045974,0.172014712154867,0.0007888961032569984,0.17719113174121418,0.0004972387204496876
2022-08-31,0.24519785276563166,0.1972952658797135,0.0012831183958191684,0.2192534954607881,0.0006568606334355725
2022-09-05,0.15829496120573366,0.1756837798122987,0.0016260914341275406,0.1682495312582991,0.0008630962712562498
2022-09-07,0.13015670221861694,0.1646201475625092,0.0011714817809082372,0.15264347540486375,0.000567968072008767
2022-09-12,0.25311350364056007,0.17905953173332587,0.0009989582137713857,0.20789671471239676,0.0006214662441799902
2022-09-14,0.2388126048345755,0.2060680116263669,0.0011049849589615172,0.21807806676671251,0.0005950195308925374
2022-09-17,0.18667920365417856,0.18945171640675207,0.0009214741130610769,0.1909052329344541,0.0005043767066207959
2022-09-19,0.13954863239986237,0.1763281845072098,0.0008872968488227167,0.16356139664702943,0.0006180136906066007
2022-09-24,0.37567430960205783,0.22439484763650655,0.0019690616242628465,0.3093776599504699,0.0009443416109684709
2022-09-26,0.22039267207132932,0.29516190969161227,0.001152695754874864,0.2637042128901896,0.000697349480590317
2022-09-29,0.4108982442278171,0.3863320898036684,0.0009539768369962894,0.3954609628764473,0.0005555369733037346
2022-10-01,0.1952476764536904,0.3320366589288831,0.0006050583448753716,0.2938595459513815,0.0005056235774255689
2022-10-06,0.16702285938073458,0.2258511062520752,0.001609272716359322,0.19773222310503033,0.0007788782130708076
2022-10-08,0.21213156585002993,0.21432713312156548,0.0011168657630085963,0.21201201830276623,0.0005926815801576948
2022-10-11,0.2752994805060079,0.1973300250139564,0.0013379900220877505,0.23436249250467933,0.0006982950599973472
2022-10-13,0.16970916409057618,0.2554011460979924,0.001280226899754613,0.2203416613974588,0.0007377866095013332
2022-10-18,0.23698267253826,0.23410516616855598,0.0023584810407848056,0.2341707369224283,0.0007258354309013318
2022-10-20,0.2861374803606556,0.23773211757743948,0.001588444699577516,0.26158912007710267,0.0007142618293561089
2022-10-23,0.2813222663510925,0.23399210615612762,0.0017633952007596256,0.256075362063637,0.0007956057561337292
2022-10-25,0.2538332699437758,0.23552569407967947,0.0015137185375647363,0.2399355179582121,0.0008118649640164627
2022-10-30,0.18929095582072034,0.20170188628147342,0.0014981543735593298,0.1964740480138277,0.0007005716515671106
2022-11-01,0.24850732792004143,0.22553845773224307,0.001866351581239657,0.23937934233323077,0.0007624777956828262
2022-11-04,0.313675742521948,0.3077595281596795,0.00296387619615592,0.308376093549459,0.001204611175141983
2022-11-06,0.289648114954191,0.28105067529817296,0.001601972804935449,0.28896846494112405,0.0008781107883821824
2022-11-11,0.2561176230362046,0.2824061372406524,0.0019168683364026086,0.2695773018914306,0.0009956797695045458
2022-11-13,0.21761387061180992,0.25534406344618016,0.0015976832901967292,0.2352289890120115,0.0007910157823764334
2022-11-16,0.35368970765198626,0.3229101639774846,0.0016831657244663575,0.3375023789371226,0.0007678254977326322
2022-11-18,0.38119921905136367,0.3700674854753232,0.0008337351700511205,0.3757591775033564,0.0005642085340617732
2022-11-23,0.41833481983518045,0.4077271533954455,0.0005355893006627772,0.41125228852865414,0.0003976816487052156
2022-11-25,0.41845123322370736,0.4021117111969473,0.0005833455470756864,0.40576417130403636,0.00042763430889887174
2022-11-28,0.37025087708033433,0.40470659960741023,0.0006567776928073343,0.39424942039111616,0.0004103595963401982
2022-11-30,0.27800937322306474,0.3578519744400532,0.0006034891639902232,0.3389814992074664,0.000458529098154454
2022-12-05,0.3221187975713743,0.34487693590516466,0.0008007030794042253,0.3360348721537364,0.000520814308003254
2022-12-07,0.3484498384649752,0.32506504330226155,0.0011336553681950677,0.3353428031849046,0.0007577897505771237
2022-12-17,0.3492072422523124,0.37108185310116487,0.0005677961670434159,0.3660287378356303,0.00034150248537918485
2022-12-19,0.40525020725060845,0.3428702943437647,0.0006768322581300948,0.36130345381725976,0.0004522479793186917
2022-12-22,0.40117432126719055,0.36720267525348665,0.0006807777227272086,0.3772752048827214,0.000482786420627388
2022-12-24,0.31259608568739505,0.34981907950125596,0.0006047623278880047,0.3389695601079795,0.00040679198334228687
2022-12-29,0.3555150315481732,0.3843675457336886,0.0007268994865156287,0.3736484780726254,0.0005512477046581602
2022-12-31,0.3813289193867498,0.3585043266174719,0.0007570940648065924,0.3663199210072996,0.000517217048723194
2023-01-03,0.4035646655252648,0.3508293711749866,0.0006343159819553316,0.3639412680079673,0.00048642145202788594
2023-01-05,0.38373833254701795,0.3514830822723855,0.0009874994027034485,0.36495877964916706,0.0005283849053919916
2023-01-10,0.39369331354829445,0.37386493977641244,0.0005273786765072016,0.37728565135185926,0.00042929291938237243
2023-01-12,0.41294618109941833,0.3680612563708451,0.0006520290045664271,0.381202262517664,0.00042719906530465075
2023-01-15,0.3964153199158153,0.3711440672483875,0.0006208205961084375,0.3788334331706421,0.0005624536817737725
2023-01-17,0.4128456866974473,0.42368849170130146,0.00044337151319486624,0.4208335333265519,0.0004004530863003457
2023-01-27,0.38621731092444106,0.37041613738456186,0.0006594513418103526,0.3743942575459171,0.00044542183261455824
2023-02-05,0.34349186694408645,0.3375788299064572,0.0013254252598066713,0.33920912766875055,0.0007076167582925804
2023-02-15,0.33598613570154745,0.30791132309371705,0.0015593979552935594,0.3268088086822038,0.0006895986871305915
2023-02-17,0.35403249105826357,0.3168051462967408,0.0010644826536331132,0.3315434135435129,0.0006704152519799059
2023-02-20,0.3607299738779137,0.31359889139905556,0.0010388226484568982,0.3334290371102721,0.0006597239497728251
2023-02-22,0.34214119581404273,0.3491629086566617,0.0009794466330606162,0.3470254053073145,0.000728977874353429
2023-03-04,0.29194880873516543,0.3316781006623431,0.0011741974215646205,0.3174306452126918,0.0006775354704832508
2023-03-11,0.380422204562693,0.40527384531931254,0.0006034392847647328,0.398629074935341,0.00049733430887381
2023-03-13,0.3797912324395622,0.36592446145610064,0.0005392477210044773,0.3696134739993597,0.0003560945625391082
2023-03-16,0.3702046474354334,0.34733398970575413,0.000763669967459239,0.35276140140630985,0.0004716093010521554
2023-03-18,0.4195081390178913,0.3544742369109939,0.0007580361398405288,0.37555402452727576,0.0005460374577938667
2023-03-23,0.3481995032271625,0.32002079921748694,0.0016615434949522625,0.33692678359762573,0.000712002769247667
2023-03-25,0.34229650895468966,0.3256858962795511,0.0013765598752385284,0.3341638267236743,0.0005917969350936667
2023-03-28,0.3413265869726218,0.3369153032588594,0.0010749632959851964,0.3362947237124886,0.0006197950255250369
2023-03-30,0.28336761901314345,0.310322759641276,0.0009393000971242833,0.30162664984042026,0.0006181513837213793
2023-04-04,0.31551677799356936,0.33227418128330766,0.0012913568143111558,0.32632387341751284,0.0005607994987934033
2023-04-06,0.3586780845906296,0.3067259276626047,0.0013709208780446278,0.3282764048000355,0.0006797422297329788
2023-04-09,0.3402527542237671,0.2894701180660146,0.0012184380478099468,0.31403067362653003,0.0007589678868475529
2023-04-11,0.2930270832213526,0.29771675458207264,0.001209375381000864,0.29510646459133927,0.000834998980683073
2023-04-16,0.26114695254891007,0.343594253348677,0.0009085897115396926,0.3138883972947031,0.0006343300929262765
2023-04-18,0.2961070214832225,0.28812207490265307,0.0011208694492869996,0.2939744497300287,0.0005582228592819024
2023-04-21,0.3705996456771336,0.2485847079549186,0.0011002158207120516,0.2975877545668203,0.0006407954674808977
2023-04-23,0.3716546422921015,0.36946000645442184,0.0009658528948259358,0.37115441830779966,0.0007379672258814122
2023-04-28,0.37512963752857575,0.32136572144598013,0.0009415408129169224,0.3421154858934308,0.0006630534222152632
2023-04-30,0.33172421893363885,0.38550947754757714,0.0006157151220314619,0.3692253606602798,0.0005045417217297164
2023-05-03,0.3526848002623002,0.31675299668946666,0.0009816051897944403,0.3295903398656817,0.0005837024843703403
2023-05-05,0.30286314382588025,0.30205836471412395,0.0013223333753765911,0.3019013281349439,0.0006384591862043132
2023-05-10,0.34223481467987504,0.34755154039582153,0.0009517886927814929,0.3441548822065736,0.0006435237966044916
2023-05-12,0.38095308893144936,0.37049353552481196,0.0007512861807989199,0.3753381008951576,0.0005487957792224047
2023-05-15,0.3443096537716003,0.37534540757086726,0.0006444508787435648,0.3639773864350875,0.0004316360973861853
2023-05-17,0.33064787517558264,0.33909241679175345,0.0007369428970966509,0.3353505912721555,0.00048460613074283247
2023-05-22,0.39941295451854897,0.30959585509879245,0.0016389617005240498,0.3562229286809102,0.000954238457124035
2023-05-24,0.3973520321778808,0.37131057435942894,0.0010054180820240595,0.3794071869342068,0.0007904689620665572
2023-05-27,0.30829954575084345,0.2967165034972845,0.0012756197221511405,0.30517247300990946,0.0008951763336860327
2023-05-29,0.39427556141485204,0.32117907175110333,0.0014724562023023752,0.35599256805957746,0.0008242731127792142
2023-06-03,0.3897726060717967,0.3500126120384594,0.0009379145627869847,0.36447428009540034,0.0005756300907546126
2023-06-05,0.3258174738502728,0.3176482652777931,0.001073319749900193,0.31821140987855634,0.000620939666207829
2023-06-08,0.29948441019125244,0.2737411274381515,0.0016520595125054918,0.28596666315788033,0.0008264561885899122
2023-06-10,0.2693930897658451,0.34560264014878733,0.0009480906404095261,0.3169809301865788,0.0006183949521816948
2023-06-15,0.28172474414197013,0.33337840101013233,0.0009174255445165927,0.31343962029890626,0.0006683745823842139
2023-06-17,0.194412469538912,0.2770503948113098,0.0011769646273226278,0.2394094099398311,0.0006927967066695492
2023-06-20,0.390272673310528,0.32272239704263356,0.002395308569468587,0.36268619173873873,0.0009520672418204481
2023-06-22,0.38691624941754454,0.40420167430766135,0.000561689958732144,0.4000671035143468,0.00040211392178722435
2023-06-27,0.30787578641935753,0.26507933105536313,0.0016056573882905622,0.28203714578577477,0.0009376092951912295
2023-06-29,0.25185328364364556,0.24959473787766634,0.0017640838220297935,0.24698190774903758,0.0007287643990810742
2023-07-02,0.2653705628433377,0.2694840159837043,0.001964974198038806,0.2683906600180279,0.0009825526381983512
2023-07-04,0.3763641554137167,0.2386839876396255,0.0014246542987269451,0.30244125001026,0.0007854980758739137
2023-07-09,0.28186122233425676,0.21962961865321798,0.001850526849809083,0.255020031065599,0.0009282928041040334
2023-07-11,0.22740032345345645,0.22142026052122674,0.0012549319805574078,0.22141413534614343,0.0008206634161863874
2023-07-14,0.28343821073005815,0.19871270212760592,0.0014182199339575535,0.24134671382295247,0.0006945043077282815
2023-07-16,0.22302265241426186,0.2231371483630873,0.001158756192524762,0.22345326162263318,0.0006310762716493242
2023-07-21,0.2536674206458336,0.18563821601330852,0.0011533388288193032,0.2133673176495525,0.0006887484283817411
2023-07-23,0.27333575038911034,0.2565186092069226,0.0020804528566126536,0.2653433841704019,0.0008035825378743886
2023-07-26,0.3095477740237241,0.25841722552131485,0.0017135711475072257,0.2835311721488477,0.0006821894681628446
2023-07-28,0.18896603100053505,0.25122155557527626,0.001481601254302297,0.22427323270219707,0.0007238191181258819
2023-08-02,0.20942763983869878,0.19790216658505344,0.0010720791698311156,0.20473638000018485,0.0006553874807585596
2023-08-04,0.2861317102739863,0.2188448258552306,0.0011120572183905056,0.24751189643633167,0.0007145420163056432
2023-08-07,0.2340761363494426,0.21789835522924875,0.0012894365034025362,0.22806991115755568,0.0007830448416797292
2023-08-09,0.21704026093680756,0.1915872165912437,0.0010571298129511176,0.20058511318328592,0.0006371243376027216
2023-08-14,0.22308778822509637,0.18289824699699606,0.0011567815099311654,0.1971049990060699,0.000740437903119276
2023-08-16,0.28064911509155954,0.19146817231810365,0.000831661667301581,0.22044733708432301,0.0006315234967277704
2023-08-19,0.1962114678902539,0.18238532358714943,0.0011827585227166218,0.18642523574157277,0.0005660185951293184
2023-08-21,0.1943565602009163,0.1716703148018093,0.0008530992789736336,0.17787572527990858,0.0005341712729989978
2023-08-26,0.33628340583756394,0.2350394695651418,0.002270939998328852,0.2940087892289504,0.001054268151570158
2023-08-28,0.20921604503256444,0.27414393968436507,0.0014666856751294696,0.2414583370592808,0.0007707798524946627
2023-08-31,0.2363983162425159,0.2255969089297566,0.0013919043657418194,0.2294263227368412,0.0007832031861961247
2023-09-02,0.2877467193764002,0.2920646174960196,0.0029615459132582705,0.28790613987112473,0.0012797088248167712
2023-09-07,0.2814861121568392,0.20597809969786332,0.0015588966702656485,0.24319826320519355,0.0009427109564888837
2023-09-09,0.2865731844037934,0.20964758278716186,0.000997874082350445,0.238912859776757,0.0005326859871852926
2023-09-12,0.3880695703545275,0.2617817738365411,0.0014530329234869344,0.3207887605479927,0.0007969770113607787
2023-09-14,0.24519283905637798,0.30051435458189246,0.0011413305173462902,0.2770150918571638,0.0008845332627328825
2023-09-19,0.331058349029383,0.2537111322728712,0.0013247577263604386,0.28761808623031776,0.0007115635120908135
2023-09-21,0.38962061786706004,0.31186381974077493,0.0013869528829374511,0.3481858583762864,0.0005359738749630397
2023-09-24,0.3313289007612831,0.3128720910064943,0.0010875952517050492,0.31849807672566305,0.0006165479649833004
2023-09-26,0.25271939783932207,0.2774593810957714,0.0012173612028626099,0.26725584725929324,0.0005354184584303922
2023-10-01,0.27744674461030977,0.20729761567285876,0.0015566241685094227,0.24349789822541854,0.0007230342335815611
2023-10-03,0.3008378603871623,0.22727163287839652,0.001271728318631666,0.25970930630769484,0.0006421147318416802
2023-10-06,0.2587788226511447,0.22822994171969987,0.0014456417231369912,0.24120738709328077,0.0006612161158124502
2023-10-08,0.2038618337500597,0.21812305043614927,0.0009844981157713796,0.2122090670265693,0.0007318667571278025
2023-10-13,0.3585906282629468,0.19136781612675102,0.0014422302329210725,0.2657577433693122,0.0008062489184438662
2023-10-15,0.29673288134134235,0.25283050396980555,0.0014935781012795006,0.27251328537463526,0.0007905019655644522
2023-10-18,0.3150066453490375,0.3022398091679014,0.0023792742173424897,0.3076834141909374,0.0009848151783598206
2023-10-20,0.423533845923343,0.37997543795493327,0.0009614863160391839,0.3959855536934532,0.0006096780476042095
2023-10-25,0.4231930867334651,0.38111029610633973,0.0006923450530967406,0.39517513696652495,0.0004184036949991247
2023-10-27,0.3318019835737741,0.3972167828856549,0.000549733916983164,0.3810678864408647,0.0003792998861230407
2023-10-30,0.39081506471947836,0.3994322565011978,0.0006075971327340557,0.39581797842622385,0.00039308275368987906
2023-11-01,0.313309173372158,0.3643641926349489,0.000507239327455169,0.3503483876688284,0.00038218257209136474
2023-11-06,0.41858105672577417,0.38412504172148865,0.00054788918281175,0.39337657202316173,0.00036269549427577174
2023-11-08,0.3740078918184949,0.3749761169415957,0.0005473102509329766,0.3757523633428287,0.0004316798777491043
2023-11-11,0.38391691469084166,0.4144855054834251,0.0005863111690731039,0.4058558919815925,0.0003830482780087037
2023-11-13,0.3553592250602139,0.3698194911761394,0.0005875468498221896,0.36608268848700054,0.00048633624506846707
2023-11-18,0.41885866234099955,0.354319422719265,0.0006108047125829683,0.3740573009979052,0.0004184668266633066
2023-11-20,0.3804797755041376,0.3631031157884495,0.0005614646071741985,0.36704740224778365,0.0003573115311925718
2023-11-23,0.3536929505700848,0.3570887691143679,0.0005910986545992083,0.35702758220794223,0.00048565383837990327
2023-11-25,0.2226959788045435,0.3510432426099756,0.0007777454421659297,0.3107134428449105,0.0005889851291473023
2023-11-30,0.4158600942813624,0.4162166622746202,0.0005248964310167623,0.41734065436884443,0.0003822996875129532
2023-12-02,0.37627234993746334,0.38578324346927517,0.0005020253674772082,0.3823662954407516,0.00038251256658006146
2023-12-05,0.4174066312963023,0.3704750838329545,0.00046563982755288316,0.37957829061318654,0.0003483864920663282
2023-12-07,0.41002272966209097,0.40941176208360425,0.000684335473436046,0.41003220147860725,0.0004996713668643582
2023-12-12,0.4174772498119452,0.4039481118261394,0.0009338350151437139,0.4078367903719493,0.0005666864802388243
2023-12-14,0.38934486659428585,0.3955590674869535,0.0004977780556343133,0.3949593627072462,0.0003975085742567436
2023-12-17,0.36324145398251884,0.36011941504508216,0.0006256552799298864,0.3634586714198244,0.0004401503968848073
2023-12-19,0.34133202061230916,0.35378376425078534,0.0007050257062673487,0.35016651230604645,0.0004740587209888
2023-12-24,0.3944475012026829,0.3576083732935533,0.0005685031121339025,0.3694164817155095,0.00044987544060871946
2023-12-29,0.4055470481172692,0.34264694788944716,0.000875249850864695,0.36410176818938317,0.0006086541150494633
2023-12-31,0.35989410558859225,0.37007580902650544,0.0008298555984542264,0.36667575520818424,0.0007213106748738946
2024-01-05,0.4023794088924162,0.3730626053347222,0.0007113472528233697,0.38101562257525445,0.0005259976924329258
2024-01-07,0.4035199643545163,0.3666976209568722,0.0006501941124575661,0.37787817447150496,0.0004122253914683318
2024-01-10,0.3784227282611265,0.3652861311397547,0.000652474878479734,0.3695358988639853,0.0005558069260884976
2024-01-12,0.3048043622218973,0.36120044782498373,0.0007464983533253417,0.34071564728484355,0.00046609530493507337
2024-01-17,0.35883237925144673,0.3652145607522601,0.0006193096088009045,0.36295308214869193,0.0005208220484879776
2024-01-22,0.38573592001249535,0.35140255012875427,0.001090205954639055,0.36526134113674247,0.0006155836148947731
2024-01-24,0.3277505626563949,0.34927377926258557,0.0007334289012185012,0.344934980873542,0.0005667231197787905
2024-01-29,0.3424325569187909,0.32857606544130263,0.0012480438523443274,0.3338597313072141,0.000721459797391522
2024-01-31,0.3489036670182456,0.3261186554113044,0.0011941808959363672,0.33797115889106216,0.000650090537459205
2024-02-03,0.3651889407860231,0.3321606579932229,0.0007646972972396081,0.3419446702967201,0.0004742207533701072
2024-02-05,0.3356882635918173,0.33707760207838633,0.0007922180110047953,0.33615748198654855,0.00048621449412648236
2024-02-10,0.37365045416427695,0.40441880244013695,0.0006183354072954618,0.3958072700664835,0.00045046091315764793
2024-02-12,0.40468639289376085,0.39757263166305795,0.0004971766016216264,0.3999732293508331,0.00033253951392048166
2024-02-15,0.4059263503454125,0.36455899676178555,0.0006138410320347689,0.37557369179196287,0.0005085967045600924
2024-02-17,0.35382577578681584,0.3749187688230519,0.0006424474261565494,0.3696163583556038,0.00039212296535994266
2024-02-22,0.38988551446883246,0.35834961115667036,0.0009296678901986833,0.370533594132612,0.0004884861682917993
2024-02-24,0.3889010168555446,0.36687915335417814,0.0007204367975266404,0.37546280033358104,0.000550036468107533
2024-02-27,0.3884382261019365,0.40081729229284124,0.0007115251534757357,0.39785248751918173,0.0006014609040306579
2024-02-29,0.361896135906764,0.3788066819725964,0.000665173819082885,0.37280126616629466,0.00036950744664867945
2024-03-05,0.4078734471671214,0.3809055864079894,0.000570366026748562,0.3891109231902473,0.00038210988437350216
2024-03-07,0.36434951212720984,0.35776065687422487,0.0007897629931688277,0.3592867995125077,0.000530708109879399
2024-03-10,0.4103759600455611,0.38437976980307503,0.0007052590978068041,0.39384232055390583,0.00043472379732938603
2024-03-12,0.4024199235747501,0.37656435037775554,0.0005536851744315453,0.38222659515249907,0.00040562641235003045
2024-03-17,0.4224275018554628,0.34243966697115014,0.000983263834631584,0.3709527278172564,0.0006303815075675536
2024-03-19,0.36565265587620666,0.3508312055417522,0.000621499782375628,0.35521475276941206,0.0005776925637870651
2024-03-22,0.36148934415853035,0.3242426722266215,0.0011621211196335397,0.3363898353325385,0.0007165595176120311
2024-03-24,0.3414840610472128,0.3358369181408568,0.0007897185965789606,0.33636980252363347,0.0005163316700174451
2024-03-29,0.396812612637863,0.40426047226201123,0.0005832650958095669,0.4019133286417901,0.00033791970210616726
2024-03-31,0.405316588349951,0.404380271572277,0.000679986236410047,0.40319818908721194,0.0005006426449690916
2024-04-03,0.32036190957277233,0.34543560572394144,0.0007631224929631211,0.33784901612306145,0.0005418689536094874
2024-04-05,0.39235772733725444,0.3197325580726171,0.0010929650637396004,0.3470151141333963,0.0007307211365366892
2024-04-10,0.3652249284395304,0.37083224820368693,0.0005705947605837297,0.3718798907645833,0.0005284488627674334
2024-04-12,0.33522645412665614,0.3322401469504199,0.0007489259105954777,0.3335981239283876,0.0005198592929266734
2024-04-15,0.40996019342114637,0.2978795776435072,0.0010711825405977603,0.3447980885406963,0.0008498751279567001
2024-04-17,0.3187135998880672,0.34124187405930106,0.0009622343607077865,0.33145977653127695,0.0007734356280964579
2024-04-22,0.24281123614620465,0.29255847403545016,0.0013727887051690193,0.27295254111620454,0.0007371127855451518
2024-04-24,0.3354103627444287,0.27846353805001206,0.0015126854167378217,0.30767904334575824,0.0005393082914325354
2024-04-27,0.31127161922111435,0.38155115265924633,0.000920185482242073,0.35671562708277305,0.000645549334834662
2024-04-29,0.34494448970391756,0.3591162125296812,0.0008452767920631589,0.3554241826912526,0.0005937661413274936
2024-05-04,0.35341218554997317,0.3592809892525349,0.0007002844227718472,0.35742762283999513,0.0005778639899712268
2024-05-06,0.33729355109916603,0.387765045895304,0.0005503669818665121,0.37474848540083244,0.00041443979313733907
2024-05-09,0.2907746997132567,0.33207407576919384,0.0008189261534410396,0.3176572026932356,0.0005878551770045494
2024-05-11,0.28529416382829886,0.27941923470497737,0.001238254715571919,0.28280999495526066,0.0007970436174842166
2024-05-18,0.34080846312234125,0.34905391592966334,0.0007554427905862581,0.34715120494310464,0.0004728442071164414
2024-05-21,0.3428849862539727,0.36011926170730085,0.0006358561549228246,0.35581984168065256,0.00043410197245062984
2024-05-23,0.24064890248849027,0.3482101192705042,0.0007430284095967465,0.31607126993920276,0.0005129913409203674
2024-05-28,0.32434630794751024,0.25464652186594927,0.0019322836296181403,0.2926551742678836,0.0006868959773938007
2024-05-30,0.30931161596288853,0.2833783113373432,0.0013007356967509394,0.2911366105406586,0.0006450076350132093
2024-06-02,0.32181688508372874,0.2756736060413667,0.001490626465181504,0.29785281772695715,0.000761515597280496
2024-06-04,0.33335706873343474,0.2649488535994747,0.0012733321818270739,0.29380898780412157,0.0007608447065600533
2024-06-09,0.35798048598951315,0.4025772417043542,0.0006987611853167894,0.3896329194499827,0.0005250348557156523
2024-06-11,0.36340506618067486,0.34645660104105325,0.0007618471106534571,0.3540808735984514,0.0005405630411823038
2024-06-14,0.3955405780975822,0.33583209553382626,0.0011827840512312374,0.3607772260123888,0.0007768183775179031
2024-06-16,0.2729377498467137,0.31185800616975273,0.0011895996112288574,0.29551650152520886,0.0007274140856576591
2024-06-21,0.3415904665522141,0.3784384189918047,0.0007388280239486579,0.36726947172710417,0.0005262068001218511
2024-06-23,0.37907001888018077,0.3365660135787998,0.0005841996103871419,0.3473760863438087,0.0004590652813019866
2024-06-26,0.22518945787770436,0.2723774294352204,0.0015210417861325936,0.24949635575213253,0.0009007198409522772
2024-06-28,0.3139969951407956,0.2515562712792686,0.001652063256716628,0.2824758154759783,0.0008016001047030365
2024-07-03,0.2842274528377434,0.3162059891162736,0.0010358673377436974,0.30236053878165564,0.0006233907631910537
2024-07-05,0.3397264325765531,0.29880940211440704,0.0010254408709405778,0.3167266904301614,0.0007213776556335684
2024-07-08,0.1743233835893978,0.3004183969856276,0.0011412250312254882,0.2504386661466863,0.0007645161361408074
2024-07-10,0.32505497055923555,0.29214062310007455,0.0019380129183217503,0.3106392445258923,0.0007796009205955948
2024-07-15,0.21192428189509246,0.25236004373460236,0.002005290602400773,0.23185158296032168,0.0010241063756814977
2024-07-17,0.22793512175326944,0.21429012887474427,0.0014461278111781858,0.22412368731426707,0.0007134894976521471
2024-07-20,0.24211842393802205,0.20556582133168397,0.0011718685866400963,0.22254098403033892,0.0005975745956831784
2024-07-22,0.29233918131472414,0.29651006000466024,0.002008297058864717,0.2932108700459717,0.0008726686573512751
2024-07-27,0.2649670063116063,0.20705643925175854,0.001290783798930113,0.23367232533749932,0.0005809362986850672
2024-07-29,0.24358302518631642,0.20519454787082267,0.0008066637489941548,0.21653913690458773,0.0004234292422788373
2024-08-01,0.11854302321526347,0.18894339674617647,0.0009531341916368751,0.16279680625109344,0.0006550368349975014
2024-08-03,0.2982717210945405,0.1646376470756141,0.0008509969344818574,0.2091894204215333,0.0005410359296801991
2024-08-08,0.18064256637936804,0.17392583340792175,0.0010519626958366717,0.1768145670461705,0.0006722013057833467
2024-08-10,0.19780191044485024,0.16671755398689153,0.0006513360218772958,0.17638434373359937,0.00042775622955137335
2024-08-13,0.2730803493407787,0.17791319864916552,0.0008904463358437318,0.21036052808124844,0.0005531772397536091
2024-08-15,0.2606873791066781,0.332920251716628,0.0015577107894110176,0.29819950123933814,0.000775404619943821
2024-08-20,0.262660997227791,0.22198361273494274,0.0015004554014548725,0.2416738192868872,0.0008014788934434267
2024-08-22,0.2515785711669727,0.21278506115471682,0.0012990275036720252,0.22915737459473617,0.0005558064992589794
2024-08-25,0.14282951313734324,0.22038454557016746,0.0013228134439952726,0.18330237521664394,0.0006146014812066515
2024-08-27,0.2199443596812354,0.17059305725987817,0.0008019979634395141,0.1878122850025696,0.0005454841406937529
2024-09-01,0.37450088537962845,0.2921684296359649,0.0026315826696346536,0.34496230900780994,0.0011126836369555629
2024-09-03,0.3766541071858383,0.3699771415134396,0.0009138368261887823,0.3725050570025496,0.000586284512854246
2024-09-06,0.37073528399469546,0.3807491167681729,0.0009926429980943077,0.37641925781131497,0.0005735324460336624
2024-09-08,0.30489818748202263,0.3687709565611904,0.0006817952809231019,0.3487500311429037,0.0004927770307746683
2024-09-13,0.3017567881657874,0.3176034437276396,0.0012274824131893822,0.3093615240441212,0.0007335793124960566
2024-09-15,0.24965184811031924,0.2780739156798436,0.0014970130424199345,0.2638133973202949,0.0007342882621058712
2024-09-18,0.2716690802171029,0.23510871063414915,0.0015096856047896042,0.2549326287040822,0.0008213920359072921
2024-09-20,0.24949625175701381,0.2369300752138816,0.001344649650392078,0.23988801481756192,0.0006570158781076835
2024-09-25,0.40453610739782486,0.3163619334203252,0.001878783856695812,0.3614152682435674,0.0010293307653204584
2024-09-27,0.40203824767743956,0.3935804820149515,0.0006603820101765019,0.39614439329910645,0.0005479276588916418
2024-09-30,0.3106658065490153,0.33256261883582217,0.0007873507647031249,0.32463657660319906,0.0005403853152888152
2024-10-02,0.293506689389816,0.3380419175487045,0.0010989574667357178,0.3204205572420274,0.0007827240102308965
2024-10-07,0.4119625150890095,0.41068551502019596,0.000592127712036488,0.41197923121321905,0.00043748904157026595
2024-10-09,0.4224201235258366,0.3896947448656947,0.0008758990845790857,0.4011673141975396,0.000583521157178676
2024-10-12,0.4080566952862177,0.3429239706817329,0.00070578564030538,0.3632538442078961,0.00047113042714589233
2024-10-14,0.31318307216299907,0.3439313963339293,0.0006544811206542959,0.3360177696699847,0.00048712023294837404
2024-10-19,0.383628402491506,0.38449101416919385,0.0005830907601693944,0.3866312403616989,0.00041981646507953363
2024-10-21,0.310751561886829,0.3489952652671481,0.0006373628543106047,0.33871271615317816,0.0004631996970452174
2024-10-24,0.34775290234668343,0.3226450770941293,0.001378047685936802,0.33294997164210927,0.0007442122716622577
2024-10-26,0.42185478865767295,0.4124980652629617,0.0006222540965749553,0.41570599256655605,0.0005176916670102609
2024-10-31,0.3249924642140153,0.34367962964956034,0.0009042140033455766,0.3366602907802435,0.000588161942245362
2024-11-02,0.27171187030934374,0.32518253909531597,0.0010406006708334914,0.3049445462778704,0.000533380249902704
2024-11-05,0.32225647213208425,0.30035935862708,0.0012832255783003282,0.3066949827444781,0.000707357996482852
2024-11-07,0.28811444256168517,0.30275000967466775,0.0012388011410316912,0.29685470161416194,0.0008497168463561326
2024-11-12,0.4204517188729191,0.3327003999769575,0.0012698970939207513,0.37046762770769,0.0007388859021763877
2024-11-14,0.22250139346373782,0.35557308894506645,0.0004428271145136969,0.3271957682887816,0.00040364683538917083
2024-11-17,0.3899282388812974,0.31506540665929106,0.0013483604794079379,0.349287979275387,0.000676414518272829
2024-11-19,0.3211421964288656,0.34449871911888985,0.0007778304108705425,0.3372100783537333,0.0005459556249639165
2024-11-24,0.3982973912084846,0.3524281913767978,0.0007395289308505349,0.3657999332208317,0.00042259432833150314
2024-11-26,0.3585453988240195,0.3708423856443235,0.0006584248403208405,0.36715860373621106,0.000464267717777981
2024-11-29,0.40770207743372283,0.3389929994661049,0.0011861946572531061,0.36734062031864056,0.0007051825560443831
2024-12-01,0.389802332067266,0.35264496376646476,0.0009174321939454808,0.36487088084529273,0.0006896343126731428
2024-12-06,0.3850115440083479,0.3785780822921898,0.0008053993149520159,0.3799466112383156,0.0005137051971934617
2024-12-08,0.41805202028823996,0.38976666517887887,0.0005491764655645699,0.39739768911026263,0.0003513905112629332
2024-12-11,0.3658499906186051,0.3617865126574859,0.0005056863736462553,0.3604804836543042,0.00031437226250792625
2024-12-13,0.3727583273723563,0.3539418587179919,0.0007888317341507335,0.360790355941601,0.0005478343003895964
2024-12-18,0.3754509941028126,0.351415032268007,0.0006807982465419563,0.3598015792197586,0.00047756587252646606
2024-12-20,0.3376600746673527,0.37447521161331004,0.0004932420096915456,0.3660014307091839,0.0003741365468503794
2024-12-23,0.4133284175154583,0.37648283485552453,0.0005934087593928597,0.3856828892532465,0.0005365290882596051
2024-12-25,0.4005810886299352,0.3679555659619651,0.0004111339279374057,0.3730547576643103,0.000296979621209791
2024-12-30,0.3897176167868272,0.3452540779363039,0.0009854536796696659,0.3624141190444702,0.0005547626562622625
