day,y,hxb,hpbh,hxa,hpah
2016-01-01,0.28411028564789326,0.30014500149879564,0.0006185331483564061,0.28421821767285144,3.721816322504787e-05
2016-01-02,0.3518483665467374,0.33293275232503544,0.000550495562762161,0.34957769574395087,4.0892926535683227e-05
2016-01-03,0.3563298610653863,0.40074125634188773,0.0002788391921264373,0.3626343685576103,5.257723466398438e-05
2016-01-04,0.3923519534410835,0.3952935989898963,0.00027871717245359545,0.3926556911627288,4.055289459132569e-05
2016-01-05,0.3791355604493555,0.3714191195033063,4.48999107748789e-05,0.3742223227053717,2.2417681061817215e-05
2016-01-06,0.3963438717372716,0.4064534331748917,0.00016041250741617794,0.3979798856009051,2.9387236420852857e-05
2016-01-07,0.41050523946106643,0.40649163715972236,0.00011712819736633735,0.4094542498204774,3.3404882586439155e-05
2016-01-08,0.4026157355202894,0.40159658990060393,0.00013752987388292466,0.4018785376870379,4.1346712010966225e-05
2016-01-09,0.401551816925016,0.38700232860007494,0.00010763221609354057,0.3965902703402555,3.230741012314366e-05
2016-01-10,0.41598798409392346,0.41761175527286115,3.0314336749361023e-05,0.4174365224798754,1.8543688436297517e-05
2016-01-11,0.4151043507431935,0.41667947566794794,6.404707832471105e-05,0.41534253062748305,3.124085491169975e-05
2016-01-12,0.4048825630499717,0.40695471410340944,0.00013504074122021637,0.40528098962890186,3.181809604547783e-05
2016-01-13,0.39242104433777525,0.3823713565965404,3.929450550978827e-05,0.38696879515310906,2.0530951195195425e-05
2016-01-14,0.40290641277513783,0.3984548429956998,0.00017329238826430674,0.4019151512062489,5.8072306791726886e-05
2016-01-15,0.3866135170849703,0.37973309269851435,5.254255832377793e-05,0.38288732654556584,2.3320838428762304e-05
2016-01-16,0.37367609876734753,0.36731868007721147,3.756227488173009e-05,0.3704350698555505,2.6754734208084912e-05
2016-01-17,0.36498091207404315,0.3623439914334561,3.298676711803123e-05,0.3626885880313012,2.0620397111746517e-05
2016-01-18,0.3822974422500598,0.3884100704509833,0.0002143762015631111,0.3831400181771617,4.304123785259999e-05
2016-01-19,0.3860562817273518,0.3763124053572672,5.6482448938959174e-05,0.381897562202982,2.7103179713923994e-05
2016-01-20,0.37267712775143225,0.36796519907330755,3.663445615976546e-05,0.3699725986159457,2.331349843729595e-05
2016-01-21,0.36399513499839603,0.36249494422578166,3.719587464725751e-05,0.3630784542704881,1.8176848911364832e-05
2016-01-22,0.37696403027686554,0.38305450208907443,0.00018071506120284118,0.37825929706144623,3.862341323794118e-05
2016-01-23,0.3780964761520507,0.3651203334193383,3.5181691566096626e-05,0.3703742986461964,2.3291214253317864e-05
2016-01-24,0.3648828668623838,0.36073544886880804,3.9478932921928834e-05,0.3623413122495998,2.3097051018032273e-05
2016-01-25,0.35687580599840624,0.3578042386685172,3.390630377893072e-05,0.3575194334976478,1.9280399399153986e-05
2016-01-26,0.352601825536204,0.3542109163490975,4.294490558487024e-05,0.35359736783185297,3.021630317906152e-05
2016-01-27,0.34895645971147166,0.3520169246209408,5.84674307347946e-05,0.3509161842904412,2.4495155257155604e-05
2016-01-28,0.3465632619618682,0.3544369084543646,4.639841618494135e-05,0.35044223884654097,2.611506376490223e-05
2016-01-29,0.3484216152490891,0.3494724365798358,4.608293578459733e-05,0.348696731074541,2.5000225444163386e-05
2016-01-30,0.34275209880402674,0.3462484189431763,5.126847301507528e-05,0.34417337117952107,2.64260748745264e-05
2016-01-31,0.34585808237170923,0.36009454554374587,6.070931651536339e-05,0.35283710501101373,3.285579661789881e-05
2016-02-01,0.35265377416022525,0.3555547862753242,4.984901096987308e-05,0.3548004981542119,1.980978017684566e-05
2016-02-02,0.3470315064954765,0.3541585279855221,4.464005642078636e-05,0.35106723396765527,2.3411415097485407e-05
2016-02-03,0.36198337746387005,0.3692016884037561,0.0001577051977951809,0.36385074459791483,3.352774730727604e-05
2016-02-04,0.35435736372568977,0.35702498922122244,3.7353652857089414e-05,0.35580803469332034,2.3157674730974335e-05
2016-02-05,0.3455197298565456,0.3517832182810476,4.954470135268919e-05,0.3485631303072644,2.6700374045619207e-05
2016-02-06,0.3401171832652986,0.3509623408711465,5.491759158226946e-05,0.34532541038490544,2.972920429203534e-05
2016-02-07,0.38867029821137306,0.3985148094672428,0.00032190056722737907,0.3897117536772822,5.089964038734639e-05
2016-02-08,0.37017097535447163,0.36945015705036643,4.2291181857038006e-05,0.3700866314452091,2.480140290723319e-05
2016-02-09,0.3970485194265365,0.41714136667399887,7.801396055951733e-05,0.40516780959811116,3.4523066570615626e-05
2016-02-10,0.4130155282283216,0.4099748421555123,0.00014175009070900636,0.41256364463970113,3.3608420430076245e-05
2016-02-11,0.4019113916004407,0.3970204947052857,0.0001151426202596391,0.40108751784160845,3.8014273971620156e-05
2016-02-12,0.4111282644606276,0.41896636309034696,8.165710513491618e-05,0.4128548180636878,2.850968018929972e-05
2016-02-13,0.41186352697322337,0.4202867005743179,4.4329945895193655e-05,0.4164045178725375,2.097667637227062e-05
2016-02-14,0.41380318548280803,0.41794313744925554,0.00010092396294751392,0.41503349295811154,3.475591998302261e-05
2016-02-15,0.40042814540485827,0.3899433475926377,4.057565355725519e-05,0.39411825126259126,2.5414930837258826e-05
2016-02-16,0.3886191622197142,0.37454640768297404,2.9213861023802922e-05,0.37959904161176494,2.1045415807375716e-05
2016-02-17,0.3808708139735109,0.36764721695427727,2.9342694776958467e-05,0.3720755734017509,1.8695290494278717e-05
2016-02-18,0.3942369476370494,0.3897502341229061,0.00018917267146756705,0.3937908193599665,4.276968560959566e-05
2016-02-19,0.38633188402266405,0.3745210654353323,2.7185380368913194e-05,0.37852252795359964,1.72830862134594e-05
2016-02-20,0.37807602502307036,0.3648731575597873,2.9347830977845787e-05,0.36980555006108273,1.5959400725505866e-05
2016-02-21,0.3720231481309292,0.3603624213847951,3.798927712317215e-05,0.3652561791047275,2.374389327591422e-05
2016-02-22,0.36996364580284197,0.3612624330047774,3.136048838829559e-05,0.3647809041151618,1.783137224682589e-05
2016-02-23,0.37828315275682717,0.377438325788308,0.00012194497582254362,0.3774277080493215,4.1385052365764724e-05
2016-02-24,0.3769090818401073,0.3650860362763727,3.446779022173629e-05,0.36946256515684217,2.6101042649621054e-05
2016-02-25,0.38033169190194366,0.37666658235171524,9.266192412567967e-05,0.37933473127945055,3.2681236880347675e-05
2016-02-26,0.37509976174306026,0.36599053333421444,3.9578081475701334e-05,0.3693637908874397,1.861973361704507e-05
2016-02-27,0.3844413907058026,0.3848763363076179,0.00013419983338282802,0.3857956162574618,3.530121924998592e-05
2016-02-28,0.3962112394741759,0.39631022216072614,0.0001787811696244262,0.39593296130314215,4.67789218130778e-05
2016-02-29,0.3856558098795047,0.3735867634347535,3.921119797634612e-05,0.37876174581468874,2.229290577127418e-05
2016-03-01,0.3763918038111559,0.3640557729091509,3.1259093524440884e-05,0.3690741392115165,2.037508689339923e-05
2016-03-02,0.394853859945487,0.3909303544915448,0.0002386100568925176,0.3936373911638038,4.5878699311386844e-05
2016-03-03,0.39459498689716366,0.3925632118080317,0.00011643859762729028,0.39300478897416546,3.377538890063277e-05
2016-03-04,0.401571998927681,0.4099726713419428,0.00013467354155646293,0.4032975881381664,3.9741853355299785e-05
2016-03-05,0.407264162977371,0.4034739376279341,0.00014321397049431593,0.40661996581825555,3.056849336902586e-05
2016-03-06,0.399893953040791,0.38817717080454067,4.154826830379144e-05,0.3931301177626309,2.541643378239318e-05
2016-03-07,0.4023082996350042,0.39094805349654344,8.011822526924532e-05,0.39763859970066284,3.279067337333609e-05
2016-03-08,0.3882388419820562,0.3741576036141362,3.062004744309886e-05,0.3790922753321576,2.0155834068728847e-05
2016-03-09,0.39833017758343614,0.4059119877447256,0.0001910745450148618,0.399821938589223,2.8694958177684247e-05
2016-03-10,0.39317030979570006,0.37650413784153797,3.242562635848423e-05,0.382770880008229,1.9247257387517062e-05
2016-03-11,0.38341949985139623,0.3665163418173648,4.387074675083693e-05,0.37391505119073654,2.53505981890558e-05
2016-03-12,0.37551796848690916,0.3623485143469697,3.458105210124914e-05,0.3672256229600845,2.1397703683005246e-05
2016-03-13,0.36936367788533964,0.3591327304029162,3.329893456709603e-05,0.36257711449132535,2.1229632498998383e-05
2016-03-14,0.3642228053937487,0.3545905811908055,4.005331551966947e-05,0.35813452862030204,2.3306669468524332e-05
2016-03-15,0.35936293850135265,0.352079956069877,4.1364061190438274e-05,0.3554217432117472,2.0558587691460636e-05
2016-03-16,0.36153778247828877,0.36091675502009557,4.874347087497593e-05,0.3611617910518202,1.8956148231284133e-05
2016-03-17,0.3605215318576392,0.35824834919549464,3.0235874093071528e-05,0.3592706183066187,2.2775223167038e-05
2016-03-18,0.358109818402196,0.35538717580020446,3.903720783900546e-05,0.3562817436080784,2.185938760673712e-05
2016-03-19,0.3564164507850197,0.3620614531353861,7.72038614691103e-05,0.358871312853741,3.542274070820597e-05
2016-03-20,0.38713847536725204,0.3771381578019689,0.00017002332270429956,0.38606525087211707,3.053805245776232e-05
2016-03-21,0.3715491678428626,0.3641611819899697,2.9260569358128e-05,0.3667848056894978,2.0878806363581036e-05
2016-03-22,0.3607296174658032,0.3536445902534535,3.062527569501056e-05,0.35672426155827425,1.8261009611549993e-05
2016-03-23,0.3523693917548412,0.3494870933586376,4.7687457023914054e-05,0.3513405151463393,2.413425969414326e-05
2016-03-24,0.3462892548075663,0.34402782837229007,5.399786069327691e-05,0.34521144393899283,2.079957610431566e-05
2016-03-25,0.3483172603434103,0.34965294696074684,7.333386541838135e-05,0.34857936776576925,2.4892166388296666e-05
2016-03-26,0.35158052168718495,0.3529935039273818,6.813325934210402e-05,0.3515619776776787,3.669427008442595e-05
2016-03-27,0.3557046889051837,0.3536678089520339,5.795897544715053e-05,0.35430674150332253,2.9208401082554734e-05
2016-03-28,0.34542865302843767,0.3489069676309884,4.052736835594318e-05,0.34723720256332186,2.5066630410075074e-05
2016-03-29,0.358140168371182,0.36455253668032983,0.00015119458909330997,0.3594865202102991,3.82425760770754e-05
2016-03-30,0.35294883605433625,0.34685110165430044,4.337970270057283e-05,0.3494155880766613,2.3703381877535778e-05
2016-03-31,0.36381778288242744,0.3723504476045905,0.00023420143217042023,0.3647729790893569,3.8096757192151796e-05
2016-04-01,0.3618312167596754,0.354661915468724,4.525346946951641e-05,0.3577649734857146,2.3959567705956767e-05
2016-04-02,0.3488821885171464,0.34281713852560036,5.240004980414279e-05,0.3466217493557365,2.2833813214337134e-05
2016-04-03,0.3498278387211017,0.3602393236974782,0.00015274398263402826,0.35251638668037094,4.593694918156594e-05
2016-04-04,0.3626951702828626,0.35695319496021616,6.712878976744763e-05,0.3601501882387133,2.8068328392626138e-05
2016-04-05,0.37484200037400583,0.36353210384925133,6.86638153762894e-05,0.37097925991276265,3.37433610648909e-05
2016-04-06,0.356648202676301,0.35493893202653193,3.4720359279239836e-05,0.3559378094760329,1.8807281569071107e-05
2016-04-07,0.35300974728185247,0.3583535655373346,5.565626713742038e-05,0.35578257271105096,2.656593501852853e-05
2016-04-08,0.3520751180503864,0.354050366049828,6.070084815922234e-05,0.3532514802256127,3.736745733386522e-05
2016-04-09,0.35624494931236345,0.3578328247962267,7.4346074620581e-05,0.3563915024838335,3.9016458029367174e-05
2016-04-10,0.351656342662363,0.34765850500962303,5.865524678386031e-05,0.3500458753956034,2.8828843124944765e-05
2016-04-11,0.37877038725172163,0.38225644184829816,0.00034870636086813795,0.37917565181742696,5.074637107499763e-05
2016-04-12,0.36102052666483464,0.35714142611951544,5.220009590334322e-05,0.35883481900388653,2.859128146681129e-05
2016-04-13,0.35965267914748195,0.3558147699745382,6.386386445354401e-05,0.3582734431056867,2.7068651640798724e-05
2016-04-14,0.3538623282299916,0.35945153119816653,8.402064244633144e-05,0.35623285631213153,3.9604706151414295e-05
2016-04-15,0.3727638876810938,0.3679957948455548,0.0002240460189441351,0.3720709632002319,4.771355994052889e-05
2016-04-16,0.3822856633444477,0.37956881684785676,0.00023328178272491988,0.38189270735293795,5.4222856312705264e-05
2016-04-17,0.3852173723260484,0.3828141177190896,0.00013325871084498536,0.38479070383941905,3.5460191198971995e-05
2016-04-18,0.37149862269943923,0.3585897302446983,4.4762485681246776e-05,0.3645799023265209,2.7140274049782122e-05
2016-04-19,0.35316388116797715,0.34693123865154446,6.228032044850494e-05,0.35054557405149755,2.328223830262514e-05
2016-04-20,0.34648617168536694,0.3465061926073222,5.513359232344695e-05,0.34608006476956993,2.9017686530601018e-05
2016-04-21,0.3674917137944571,0.37264471539391414,0.00028955624996931695,0.367425926111992,5.0850240254975124e-05
2016-04-22,0.36590098401280463,0.3542089580999109,5.1127139581966015e-05,0.3604808066877173,2.7309365134540688e-05
2016-04-23,0.36518596038953827,0.3701461223759405,0.00013344303835499403,0.3662083961385089,3.400488099818534e-05
2016-04-24,0.3632603518801325,0.3553353798301017,3.881473213047136e-05,0.3586035912401305,2.1379175148357114e-05
2016-04-25,0.3498204027915937,0.3476128959890034,4.5160791899514883e-05,0.34861804810264485,2.7013199381479595e-05
2016-04-26,0.3435872832515475,0.3451084463242833,6.974486828267622e-05,0.3435309555994032,3.1687728870318684e-05
2016-04-27,0.3373211344532829,0.33624960705860213,6.619337912986134e-05,0.33652838375668837,3.574278594030948e-05
2016-04-28,0.3266972210492295,0.3273464078857236,6.718079418645077e-05,0.3266606399314053,2.7703087671538133e-05
2016-04-29,0.3173301606872448,0.31755796594657176,4.897846371120121e-05,0.31761642123387457,2.9059053055183264e-05
2016-04-30,0.34771836953697177,0.3608488650870326,0.00028698049502412086,0.35015375991218767,4.9033943585173975e-05
2016-05-01,0.3427280818840888,0.33712909676879815,6.768818396485764e-05,0.3398529252609383,2.8160060154587113e-05
2016-05-02,0.32300268507394425,0.32526675324018806,5.45064242666867e-05,0.3243766840642319,2.957959204428492e-05
2016-05-03,0.3113471977588445,0.3131034589076991,5.450002628311706e-05,0.31233641993711153,2.5935414001669472e-05
2016-05-04,0.3006967728620334,0.29723131169396183,6.702321802979772e-05,0.29927589889984696,2.9359203144831453e-05
2016-05-05,0.28557498773765316,0.2845887432869672,7.723718701559394e-05,0.28526941657362853,2.874154842603762e-05
2016-05-06,0.2720677982275844,0.2744255649619175,5.655204340240316e-05,0.27391587838450415,2.8441397974458622e-05
2016-05-07,0.2619531728624569,0.26426662693508557,7.766757891879406e-05,0.26390827481815327,3.095503582413363e-05
2016-05-08,0.2530253721230623,0.2558836459428754,6.594869814761761e-05,0.25418590671107844,3.3979476076017687e-05
2016-05-09,0.28283343984820314,0.3155035397060875,0.001016248918032556,0.2832801695886903,4.653893963727461e-05
2016-05-10,0.30940125290287734,0.2822816003020161,0.00010951802914768628,0.3004113773125252,2.2313466243748638e-05
2016-05-11,0.35220710823134227,0.35595932673113134,0.0006144719684875063,0.3517939865328143,4.460257826160346e-05
2016-05-12,0.32869022328198405,0.3375796460396424,7.522101153624547e-05,0.33232546226891385,2.9192224709725028e-05
2016-05-13,0.3189536689825235,0.34017377079710687,0.00010379477518008419,0.32618242529370656,2.991436176078544e-05
2016-05-14,0.33779778686802026,0.3512031656997285,0.00023453308038588654,0.34033088304587794,5.57169970858741e-05
2016-05-15,0.3501387228611498,0.34479270731178174,0.00010369883247885544,0.3481985575666233,3.0792952391978005e-05
2016-05-16,0.3230521990963658,0.33069635252117174,5.544379532225366e-05,0.3271803999627153,2.5077460196297774e-05
2016-05-17,0.3112184772321963,0.3172184704068032,5.3619090364015054e-05,0.3141555771751586,2.227779790564891e-05
2016-05-18,0.2994346834708118,0.29839873031020125,7.18944134926616e-05,0.2989938944507333,3.303701073595442e-05
2016-05-19,0.29617687188638053,0.2987787446104717,0.00010694232694562108,0.296949271263815,3.9660372890221145e-05
2016-05-20,0.2879109220837201,0.2810427469100399,6.972733335568058e-05,0.28525801353016034,3.1123141731790936e-05
2016-05-21,0.2726630900231877,0.263805599959623,0.0001012613529489818,0.26959633634387126,2.8969929203366303e-05
2016-05-22,0.3351165963372208,0.34459410510414396,0.0008197292322492279,0.3354578905452959,5.2933295446086625e-05
2016-05-23,0.32933325531045876,0.32190800682391424,8.157443468767682e-05,0.32689913717934443,2.89300041460049e-05
2016-05-24,0.30513865311418253,0.3061908405017788,7.639955946019085e-05,0.3048360989457482,3.4897318984807055e-05
2016-05-25,0.29884927710438614,0.31266045489042377,0.0001677637110990348,0.30170991052544616,4.676921929747409e-05
2016-05-26,0.3074811094629662,0.3026069007407937,0.00011664001831844768,0.30558450926177,3.498502740793553e-05
2016-05-27,0.2977796388125932,0.2939924486594991,8.322921743984293e-05,0.29621974816719726,2.802070530196163e-05
2016-05-28,0.3271168655544107,0.3532061919107969,0.0005527841215580687,0.3296318576474879,4.6325247986319564e-05
2016-05-29,0.37937628890396474,0.3722052992839881,0.0003105422170202661,0.37883741750789546,5.145799571516607e-05
2016-05-30,0.3513527929631725,0.36234717143171524,8.974663617407545e-05,0.35512907199515714,3.261165654721106e-05
2016-05-31,0.37260555389024713,0.3685708592243342,0.00028832180083464363,0.3729678674504309,4.202706276523025e-05
2016-06-01,0.35451183214405113,0.3558925930468787,4.589539279449442e-05,0.35510305401077524,2.3981374195960855e-05
2016-06-02,0.34697459172525025,0.3426107533056639,4.363018025968583e-05,0.34495751607283553,2.5465051122033254e-05
2016-06-03,0.335093144938028,0.32426264143603306,6.278122759976908e-05,0.3301349896911535,2.630801432457336e-05
2016-06-04,0.32327004201065357,0.3118851973733102,7.026634882654406e-05,0.31897249953415335,2.449176221119679e-05
2016-06-05,0.31123605379484115,0.30232613574250594,5.9072151113942505e-05,0.3073388616371908,2.7376666519284738e-05
2016-06-06,0.30155613635722295,0.2958820157106222,0.00011147631819678561,0.29971966300387626,3.559937503442707e-05
2016-06-07,0.2983585468987298,0.2830668331585467,7.105000596165797e-05,0.29172805379073524,3.287908779407604e-05
2016-06-08,0.2839622209257262,0.26919423736196085,8.27193685030148e-05,0.2774498826613552,3.2682385600629094e-05
2016-06-09,0.2679235841154328,0.2563777584999066,8.964013353634587e-05,0.2624826140911304,2.8216811414235653e-05
2016-06-10,0.26992688236760537,0.2775656376381782,0.00025975742994567764,0.2715768053811798,4.355120149047966e-05
2016-06-11,0.278608323075355,0.26367069642614976,8.479337068616664e-05,0.2729106087273722,2.9279382582347783e-05
2016-06-12,0.2697531721810934,0.25737270427006487,6.421601840324977e-05,0.26491526761781103,3.318066435278869e-05
2016-06-13,0.27359576512470063,0.2821656245475854,0.0003551381575941078,0.27514802885496364,3.246773449653288e-05
2016-06-14,0.28327364650730924,0.29202606848223855,0.00025396355418187954,0.2840263276023552,4.307964481367756e-05
2016-06-15,0.33666506309261013,0.3324213294391109,0.0007076479863101282,0.33680254663933035,4.050701578088092e-05
2016-06-16,0.3314123747142288,0.32685544384849075,7.797646636054969e-05,0.32966267828021345,3.0574372314496225e-05
2016-06-17,0.30970927886552724,0.3358693496379786,0.00011737381687502144,0.31850206510139245,3.005781596148145e-05
2016-06-18,0.3233954487992406,0.3378868404641369,0.00022256172053943432,0.3272616995197976,4.2375000146046844e-05
2016-06-19,0.3184917803597401,0.3114369293268671,6.54860965665396e-05,0.31462655817277235,2.739970283621644e-05
2016-06-20,0.29916111911293464,0.2922178868483909,6.718246018809435e-05,0.29608125039759153,2.175237407362034e-05
2016-06-21,0.2797363152238648,0.2694778092946064,9.805221970320776e-05,0.2757594879016229,2.8494491749815915e-05
2016-06-22,0.2583524259569958,0.25110228622378644,8.633419473662329e-05,0.25640120405376765,3.392321663956319e-05
2016-06-23,0.23912990566162554,0.23560041629898185,9.275479986596953e-05,0.237566187501308,3.884540825910479e-05
2016-06-24,0.23204104765463954,0.23498270244259598,0.0001138227513572947,0.23259497215357108,3.630850357796663e-05
2016-06-25,0.2324223053362014,0.22453154173465914,6.454205485839503e-05,0.2285227378354098,2.4486167061955794e-05
2016-06-26,0.22122600849094884,0.21563024855677163,5.9254871624900666e-05,0.21849602226776227,3.2227184275424735e-05
2016-06-27,0.21065539372428793,0.2062665905183148,6.656931214159838e-05,0.20846469676016757,3.0201756548340347e-05
2016-06-28,0.20091313750951917,0.19601079680368882,5.581344498546594e-05,0.19840928071962222,2.8593226601101543e-05
2016-06-29,0.19332671010818459,0.19119266336474797,5.082710423744264e-05,0.19254174759042236,2.6733050602630592e-05
2016-06-30,0.19052438882911438,0.18878922527304087,5.5046363809163304e-05,0.18923102271349468,2.065596476559699e-05
2016-07-01,0.18479596628226386,0.18234366983088993,5.8928928414749026e-05,0.18342044895612922,3.165634211666651e-05
2016-07-02,0.18350711214401,0.18597342846618845,5.656792857859291e-05,0.18480632853695053,2.6673053094399473e-05
2016-07-03,0.17994792924537417,0.17833514141890547,3.745083776304535e-05,0.1789088370465562,2.169789150220261e-05
2016-07-04,0.17642549211111508,0.19975961979073686,0.00022544699563317695,0.1808253241450432,4.4096147086856156e-05
2016-07-05,0.27960741801039196,0.2355390294423525,0.001313970506262882,0.27809848161726014,4.7113242022432e-05
2016-07-06,0.25763938693224825,0.25486723133576,6.424449269319962e-05,0.25646709394987705,2.303894263338729e-05
2016-07-07,0.2352716635605062,0.22885422733658023,8.357846226769044e-05,0.23334300840792366,3.279213918959303e-05
2016-07-08,0.21663284516854758,0.2124621108795496,6.238346528501234e-05,0.21413825904181455,2.9572935659503148e-05
2016-07-09,0.20183157349179506,0.20071744291830246,7.174415688969378e-05,0.200804638512539,3.422997316989296e-05
2016-07-10,0.18858690900156824,0.18429150353490947,5.200612176666775e-05,0.18654775678090313,2.8446267744244647e-05
2016-07-11,0.18133561588211547,0.19330174005208878,9.502617463416837e-05,0.18514885671275547,3.4786433024478764e-05
2016-07-12,0.222991302485974,0.22126790341083724,0.0005628352755693795,0.2228214081946981,5.072037327615414e-05
2016-07-13,0.2287410677869352,0.21552008183643223,5.301900480519133e-05,0.2225091745734299,2.6886818011515397e-05
2016-07-14,0.2184888136889302,0.21318015499522278,7.586978366088318e-05,0.21665899120214305,3.076753033725644e-05
2016-07-15,0.207364355967443,0.1999672322761688,7.577843520185405e-05,0.20379218105149047,3.243145080207535e-05
2016-07-16,0.19354606864746365,0.19006136656065314,6.905384620251183e-05,0.19245470569508064,3.3084967372057334e-05
2016-07-17,0.1811973422127091,0.17776549896547625,6.364099292858017e-05,0.1789725302271354,2.6658797123401924e-05
2016-07-18,0.17031130362075125,0.16964503635214975,5.335924414231549e-05,0.17008636831680346,2.4162939828020465e-05
2016-07-19,0.16177686935258515,0.16154048605327964,5.6203940272953686e-05,0.16119174842701509,2.3204744114087334e-05
2016-07-20,0.15765011184683608,0.16105985879465046,5.8422330187311524e-05,0.159519880419005,2.2591427327460992e-05
2016-07-21,0.1567952185439934,0.16929540704270957,8.117552098327019e-05,0.16162681563320838,3.164236409413035e-05
2016-07-22,0.27235272922095527,0.25720374891029185,0.002554991201754417,0.27164037532324425,4.7764527574241196e-05
2016-07-23,0.2621078808929371,0.2564038962788552,0.000104434951294922,0.26022282658869783,4.3591294779645595e-05
2016-07-24,0.24080185571293586,0.23752284733652496,7.058646959839021e-05,0.23914317633862234,3.413870736927362e-05
2016-07-25,0.2216084271456411,0.21657484881042458,8.682772196186078e-05,0.22038010803135866,3.79018343186092e-05
2016-07-26,0.2055242726603114,0.20254061976069684,6.605506471941187e-05,0.20437691435408795,2.9137829122662876e-05
2016-07-27,0.19225913031764746,0.19157094293381957,6.661493981274223e-05,0.19186390298480827,2.8844232924987465e-05
2016-07-28,0.1822028900942093,0.18336992296878687,4.696393157847697e-05,0.18284704102968735,2.190377726783476e-05
2016-07-29,0.17439578106248194,0.17354532981950893,4.364421904494169e-05,0.1743185791541484,2.5831212554109134e-05
2016-07-30,0.16693103535740203,0.16821031816975007,4.680455368711939e-05,0.16786647893356807,2.3032761787134752e-05
2016-07-31,0.16268992315102399,0.17003314357438765,5.194244433540784e-05,0.16660581720483425,2.632663214019771e-05
2016-08-01,0.1601312523557192,0.16333980908808549,4.620820247759796e-05,0.16172930894755794,2.307949521301944e-05
2016-08-02,0.15602457968696154,0.1588594981546511,3.494148553563846e-05,0.157292856491887,2.1091182152980428e-05
2016-08-03,0.15275209053341557,0.15485879215164977,4.525919729210958e-05,0.15376422879496454,2.156742908828876e-05
2016-08-04,0.15788169979888253,0.17394190986413055,0.00016567276712943534,0.16183674759078884,3.5215959046582974e-05
2016-08-05,0.17001193948565857,0.16056100526207215,5.2205597402915994e-05,0.1650108636278065,2.764985408995608e-05
2016-08-06,0.1640423620397357,0.16169607330665683,4.0373832841107725e-05,0.16284404941074512,2.3231212531777203e-05
2016-08-07,0.15874332290298615,0.15886788694133397,4.2160025657669704e-05,0.1584597689951106,2.606709509248485e-05
2016-08-08,0.15477124066719325,0.1565209773117439,4.261546638419609e-05,0.1560580311565911,2.0691730925579894e-05
2016-08-09,0.15599778776773462,0.16264253165437467,6.771640652237558e-05,0.15895363531562975,2.731586004446761e-05
2016-08-10,0.15514738263905356,0.1573810397788132,4.353476639159265e-05,0.1566620428037544,2.078964539322105e-05
2016-08-11,0.15250009693477712,0.15447685536659594,4.1263128223329606e-05,0.1531859623103827,2.6793024861170267e-05
2016-08-12,0.15017775403007463,0.15241516983078715,4.808371656047109e-05,0.15186635219963113,2.512155028694377e-05
2016-08-13,0.14818528434737674,0.14993896493545628,4.167700709351311e-05,0.1489303994876638,1.7296490818539672e-05
2016-08-14,0.1464854945191469,0.14789867040902374,4.082356073346915e-05,0.14665524660092014,2.5063558002527303e-05
2016-08-15,0.14591307924158028,0.14938305096526153,3.738402131401352e-05,0.1479228357679607,2.4364811741135266e-05
2016-08-16,0.14717308799856754,0.14799429358951,4.3141173269114164e-05,0.14751148474737344,1.8593276504871015e-05
2016-08-17,0.14676166124329715,0.14965611787435956,3.950524583479523e-05,0.1479160748851796,2.318465601557929e-05
2016-08-18,0.15390842429980092,0.1589323270136792,6.816289628369832e-05,0.15575479238425233,3.406099321695187e-05
2016-08-19,0.15356796394106634,0.15374264609151328,5.337855452965375e-05,0.1535625475282876,2.4114222825095984e-05
2016-08-20,0.21119487336741713,0.20825876360168824,0.0010706186313420166,0.21123017095699206,5.191036203615735e-05
2016-08-21,0.2186991603791321,0.19999809078246944,6.857322891117916e-05,0.21108011764328244,2.8426431570394742e-05
2016-08-22,0.20431900361947083,0.19375130129845128,5.7720927884956725e-05,0.19867418946569365,2.565545255519433e-05
2016-08-23,0.18855673147360502,0.18497983959625633,5.429727572336739e-05,0.186743200370059,3.594506455361961e-05
2016-08-24,0.1765392942587494,0.17653942905090805,7.103921890268077e-05,0.17712834975744202,3.026733033151155e-05
2016-08-25,0.1678067180158148,0.1691790974123144,4.012260239329693e-05,0.16893237106969144,2.0705973698362714e-05
2016-08-26,0.1614782363471399,0.1645090570178249,3.681820191365025e-05,0.16322295470774137,2.157514688947404e-05
2016-08-27,0.1570063147278986,0.15908210472992537,4.748542517614323e-05,0.1582016597706507,2.5015352480450023e-05
2016-08-28,0.1552613664074542,0.16043130881654735,5.5518335386686006e-05,0.15732546611003376,2.7333697335004953e-05
2016-08-29,0.15402994126146521,0.15821925214165153,5.140572139470384e-05,0.15656199664911774,2.206078330955935e-05
2016-08-30,0.15297185959358572,0.15611316281021478,3.6579035913404e-05,0.15461203702422946,2.425125463608378e-05
2016-08-31,0.15125629309394728,0.15332014599706162,5.265044259297778e-05,0.15251465164706837,2.4208894590166016e-05
2016-09-01,0.14958130708029915,0.15094839300430754,3.925476827122777e-05,0.15024393442230202,2.0275838946325175e-05
2016-09-02,0.1480710233625453,0.1484557614851004,3.721287001424836e-05,0.14876323773572286,2.140345901094745e-05
2016-09-03,0.14693093775272092,0.14895666127287416,3.7756138718391804e-05,0.14817176074090124,2.1396635396558302e-05
2016-09-04,0.14614055793879074,0.14918930853086837,3.658071230861092e-05,0.1478872974548139,1.927687865244236e-05
2016-09-05,0.14563885161622547,0.1486332388186162,5.4244317499169314e-05,0.1466577524069508,3.129700246591796e-05
2016-09-06,0.14517547213455562,0.14605315496689114,5.186604294297855e-05,0.14504744457195798,2.401219809898003e-05
2016-09-07,0.14483934102290055,0.14478634407331278,4.0615713636199786e-05,0.14464749145548622,2.1998205249876982e-05
2016-09-08,0.14791181238829623,0.15132772445181347,5.516848819302977e-05,0.14955502914036173,2.698339470087605e-05
2016-09-09,0.16426371804555956,0.2032815478795104,0.000714820972675448,0.16776014744051054,4.220109603053691e-05
2016-09-10,0.22132292034811163,0.16370272176145145,5.825668959111187e-05,0.1937158512383303,2.7881823204536614e-05
2016-09-11,0.2059329814889599,0.1843716923716252,5.4100051729947535e-05,0.19543405186106746,2.724198405732557e-05
2016-09-12,0.19271135303617826,0.18509458322611483,5.981276812646867e-05,0.1891399362178455,3.179132947742267e-05
2016-09-13,0.2055330301899548,0.28295720923933326,0.0025397283334464573,0.20818462748489228,5.534383241725894e-05
2016-09-14,0.37329329676947165,0.3233286689360249,0.002251232098220692,0.3714985336532182,4.388639855203619e-05
2016-09-15,0.3308631379279209,0.3415192466683969,4.3813950776700916e-05,0.33678571048801187,1.6871209791127824e-05
2016-09-16,0.30228108922993296,0.3321304285494092,7.339264537948747e-05,0.3141733126256666,2.6322730102571973e-05
2016-09-17,0.295559504111524,0.3004462263915323,4.5507261301468686e-05,0.2980770867292633,2.642068683357002e-05
2016-09-18,0.2790610179016471,0.2809791144144516,5.1377253467178276e-05,0.2800483153753439,2.7812824459473552e-05
2016-09-19,0.2696691628147992,0.27076107760837625,7.227222986506144e-05,0.27065702881385567,2.9657043631494933e-05
2016-09-20,0.2614949003395598,0.2574754170257817,5.4717052404957426e-05,0.2597426610304832,2.0887308389380698e-05
2016-09-21,0.24957745952386307,0.2436064334803654,5.1256842026747534e-05,0.24658400358638022,2.605076538648206e-05
2016-09-22,0.23743858207046323,0.23286818867915293,5.1715814833679434e-05,0.23502833761799152,2.837446655504283e-05
2016-09-23,0.22621566637586088,0.22184409605464886,4.9106324583861234e-05,0.22363626785368518,2.8836287616938885e-05
2016-09-24,0.21626123635717426,0.21066218658921038,5.909458251028431e-05,0.21429533465644426,2.1277427802636763e-05
2016-09-25,0.2150681520753956,0.22440794610023804,0.0001296446368138021,0.2171630262019755,3.90876342387426e-05
2016-09-26,0.21970667098505797,0.2079028294691846,5.368376259478439e-05,0.21426775791770317,3.116936661381918e-05
2016-09-27,0.21114025827312102,0.2035388403066452,5.9689962783845545e-05,0.2080081379261734,2.6839565466930918e-05
2016-09-28,0.20312019311945254,0.19894124567551266,5.531413333618454e-05,0.20164489250971296,2.9899410947429768e-05
2016-09-29,0.19543920320076907,0.19343397988088562,4.211562920048029e-05,0.19457628689818218,2.5584435215985644e-05
2016-09-30,0.1888978173425523,0.18778879722467828,3.99010399984021e-05,0.18832253128740484,2.410113804097651e-05
2016-10-01,0.21754163455108352,0.22204750536867096,0.0002824943849849719,0.21820695655700814,4.753355425391219e-05
2016-10-02,0.23484108834018902,0.21961459832459215,8.002906549046292e-05,0.22826325114765525,3.21035702336108e-05
2016-10-03,0.22659662899808763,0.21771115298433708,5.336120947376439e-05,0.2223903755622421,3.1144167383252175e-05
2016-10-04,0.21620620008847077,0.21180088507480485,6.792315029765424e-05,0.2140305055215666,3.205960675626335e-05
2016-10-05,0.20983857209407597,0.2113297149625398,6.708812291536027e-05,0.21077878755678112,3.560205183547224e-05
2016-10-06,0.22372242194092287,0.22404078904385671,0.00019576773765182088,0.22392618240145573,3.570700530602782e-05
2016-10-07,0.2214484987313148,0.21592778931962342,5.1144043250178196e-05,0.21844300905247502,2.4826995609820928e-05
2016-10-08,0.2154632678786706,0.21125530491661665,5.065245800055465e-05,0.21368640277769504,2.62314413387743e-05
2016-10-09,0.20966280261972509,0.20752636255633952,4.61118732874984e-05,0.20832696617588925,2.6743236014761257e-05
2016-10-10,0.20410630934038682,0.2029772101290428,5.215495858056013e-05,0.2031791156180928,2.602622031308123e-05
2016-10-11,0.19884842643177553,0.19899364354105795,4.6015654630861494e-05,0.1983929759972345,2.11690375725754e-05
2016-10-12,0.19681017804228526,0.21313722092289958,0.00011188172308714221,0.20217578298863184,4.230697089564122e-05
2016-10-13,0.25822825320556914,0.30603619240440777,0.0020697723511193056,0.25905359195194844,5.699666231581296e-05
2016-10-14,0.36573491791133556,0.3212757047541728,0.0010462219082852532,0.36365699826124276,4.917459256501562e-05
2016-10-15,0.3199170765374557,0.3386564328157345,4.817256170606544e-05,0.32998942159567046,1.844644572842062e-05
2016-10-16,0.2966725899561891,0.3132511167961,6.607307672042978e-05,0.3034463864261135,2.9473473049089728e-05
2016-10-17,0.2848259603481139,0.293991454223993,5.3794993846292644e-05,0.2894794455812298,2.561619748566549e-05
2016-10-18,0.277110211172456,0.27589029459812275,5.496105461266675e-05,0.2769909869931777,2.5519731795643818e-05
2016-10-19,0.26823689336345624,0.2653029865836578,4.4918226332534006e-05,0.26665160546707445,2.2458554461295752e-05
2016-10-20,0.260781086155202,0.2573623111346521,5.192069949483659e-05,0.2591031437056746,2.475834797227736e-05
2016-10-21,0.25401876410908336,0.25083031421557295,4.591891349157295e-05,0.2526775816362444,2.181643756598039e-05
2016-10-22,0.24799640762750377,0.2433000501781817,4.9161962104928914e-05,0.24552905223528565,3.2153222090915905e-05
2016-10-23,0.24519110046407516,0.2571154262362713,0.00019634121932623873,0.2482252505183548,5.195456196761493e-05
2016-10-24,0.2981491237723305,0.30144968875312045,0.0009743346756154401,0.2982603768753479,4.518517592942864e-05
2016-10-25,0.32060629846463995,0.3009942427036766,0.00011553155214077826,0.314731974822099,4.0332252995167824e-05
2016-10-26,0.3102273312451198,0.3057500654302302,7.460884615142131e-05,0.3091179118343473,3.0237678750713907e-05
2016-10-27,0.29578861820906494,0.2950208762671211,6.439762390178969e-05,0.2959569495501336,3.097591380102642e-05
2016-10-28,0.2848177349113121,0.2844989885104238,6.359064911123932e-05,0.2835483776481782,2.6439030337507282e-05
2016-10-29,0.2758953699876345,0.2715147696360966,4.682490538029596e-05,0.27296353791469624,2.4610235294813804e-05
2016-10-30,0.2690057299128782,0.26318077588661465,5.918725407279332e-05,0.2662772254859933,2.9679158951181175e-05
2016-10-31,0.2627227376309601,0.25657844451406514,6.044494553403948e-05,0.2597594035741179,2.4149527727778308e-05
2016-11-01,0.25685978097814144,0.25052590498193117,4.768624730325456e-05,0.2535928226968741,2.426086220500678e-05
2016-11-02,0.25182649246474426,0.24579110980151597,4.931772707746963e-05,0.2482945170893424,2.959776184255877e-05
2016-11-03,0.24753131740442447,0.24220402901340737,5.778917565125044e-05,0.24504150986207235,3.227051660380683e-05
2016-11-04,0.24983063115849125,0.2649048749418371,0.00019734999282782032,0.2517289479168277,3.5306029879437964e-05
2016-11-05,0.30671582600466707,0.29970065601194085,0.0007011764204479459,0.3071034825784795,4.728537760697595e-05
2016-11-06,0.32733242111351313,0.3338926800802193,0.0002531880361158882,0.32809952376077917,3.3492399743100014e-05
2016-11-07,0.3457214821344501,0.352061128599091,0.00017037247910179357,0.3473770786127895,3.593994534911661e-05
2016-11-08,0.33608011844114427,0.34351260390941946,6.64006806378901e-05,0.3388836215444148,2.5677113593650662e-05
2016-11-09,0.3620657605749185,0.3708289141011846,0.00024828364220558165,0.3629635114017424,4.767251838483324e-05
2016-11-10,0.3511134962372929,0.3655070266226382,0.00012787205232398877,0.3546134170292815,3.700739976702954e-05
2016-11-11,0.3597699860101454,0.3589305111492021,0.00012903486861554192,0.3598579127990934,3.809248630024164e-05
2016-11-12,0.3405241036228014,0.347318687018329,4.56905074628021e-05,0.34393219409140696,2.7808834034251207e-05
2016-11-13,0.3596478102912904,0.3658612889202423,0.0001746572376933247,0.36040217565310934,4.536498248455403e-05
2016-11-14,0.35577629920563963,0.35098521070390626,4.218717584154423e-05,0.3528697205930692,2.124736128348953e-05
2016-11-15,0.33997884739224254,0.339022720131071,4.398819305393014e-05,0.33955864451434453,2.1449061492448134e-05
2016-11-16,0.33078907652949446,0.32813212209018094,5.4831546011672843e-05,0.32954544399704966,3.1861832496865097e-05
2016-11-17,0.3250351775278654,0.3195666109785309,4.0921571056598334e-05,0.3223698570691933,2.1460462418372038e-05
2016-11-18,0.33413345437445,0.3425274416046032,0.00019601230363732624,0.3362333097033763,4.915336924126228e-05
2016-11-19,0.35724915397419943,0.3494137814623171,0.0001211372541967534,0.35405081356378204,3.8303702439108564e-05
2016-11-20,0.3420025230847219,0.353360879641626,6.254996453774727e-05,0.34680750373883557,3.224145793646238e-05
2016-11-21,0.3610198310331618,0.354546198222269,9.139198294311397e-05,0.3592730158472617,3.0919712109807435e-05
2016-11-22,0.37635002565897285,0.3976723948802717,0.00027725752578017894,0.37942385600781864,6.0899489386271613e-05
2016-11-23,0.3965299236767648,0.38752024821830267,0.00024096616635634687,0.3952681040083978,4.468543974975139e-05
2016-11-24,0.38844330833870677,0.36775329165833864,2.8541725887773277e-05,0.37479097843112774,1.8936248082260355e-05
2016-11-25,0.3747531595792902,0.36098604330975276,3.932017724646748e-05,0.36672100662787555,1.7379643294051828e-05
2016-11-26,0.3645995440379007,0.3552534645900973,3.749151232323721e-05,0.35946542910404083,2.3365997101046153e-05
2016-11-27,0.3577856443686142,0.34809824822351587,4.922696235782872e-05,0.3522856862089436,2.6999944591079603e-05
2016-11-28,0.34864431252083544,0.3434665350791479,4.895986792599673e-05,0.34621719198130535,2.756763813717563e-05
2016-11-29,0.34225043947330935,0.33864947004746215,4.28976796754417e-05,0.3401275698715642,2.323719066482137e-05
2016-11-30,0.33602542525257123,0.3318194492159317,4.2560470428689146e-05,0.333661555561469,2.3385934539287374e-05
2016-12-01,0.3306051212915806,0.32696307725744495,4.2361259664263456e-05,0.3281891908221643,2.2279021664660877e-05
2016-12-02,0.32588475876708844,0.3213888284990649,4.8483024580790816e-05,0.3235172458463347,2.6386659428008568e-05
2016-12-03,0.32187391438794855,0.3172313032734887,5.381642374257742e-05,0.3195809302049924,2.970011192392336e-05
2016-12-04,0.31808299091102304,0.3134256788673866,5.779001068212021e-05,0.31613355022616507,2.407555486494294e-05
2016-12-05,0.31494656640256596,0.31071333665926465,4.628376606727227e-05,0.3124773615020969,2.2055766605634294e-05
2016-12-06,0.3118186210563244,0.3071878023569466,4.5029378760619106e-05,0.30927738366312296,2.6028312777421963e-05
2016-12-07,0.30875738991721374,0.30454084224023187,5.007966620946306e-05,0.30636762408809826,2.9019567216312634e-05
2016-12-08,0.30556113137334645,0.302433358304741,4.4738988434088394e-05,0.30378696258093096,2.6572326342043726e-05
2016-12-09,0.30346771684860885,0.29972166618584645,5.72314869488015e-05,0.3014698097475226,2.4317452573161514e-05
2016-12-10,0.3016310085106004,0.29924719714644005,5.1951710652170795e-05,0.30007090703530215,3.08840857355138e-05
2016-12-11,0.2995432236416873,0.2957972679361915,5.232314406531608e-05,0.2974918318597997,2.6013082737129542e-05
2016-12-12,0.2973568535001852,0.29396799904237153,5.507561422031117e-05,0.295341697142799,2.7475782612989138e-05
2016-12-13,0.29507513970100996,0.29147091438405437,3.7435124728728014e-05,0.2925779824753644,2.114767128819139e-05
2016-12-14,0.29277687703099053,0.2894945657856631,3.337948970472051e-05,0.29106984715529377,2.0061028264158426e-05
2016-12-15,0.2909174467122997,0.2886736560668173,3.395420343284725e-05,0.28948367321941837,1.919868284392188e-05
2016-12-16,0.2892943527856918,0.2867427512463323,4.6469442310592204e-05,0.2880814628595115,2.4600575293512662e-05
2016-12-17,0.28765750467396833,0.2845582124538386,4.3422170965481964e-05,0.28555044343489244,2.394769522794254e-05
2016-12-18,0.2859174523420519,0.2831678207209816,3.794683360254809e-05,0.2840425342447872,2.2688845429082752e-05
2016-12-19,0.2881122930738227,0.2929515788676967,8.753927354020724e-05,0.289957420169951,3.441766222975417e-05
2016-12-20,0.2947363012038201,0.29051930482057825,5.977636066589581e-05,0.29245822041842734,2.642054429116867e-05
2016-12-21,0.291974224693681,0.29063427172049405,4.664789016463088e-05,0.2911176762495705,2.784138166464419e-05
2016-12-22,0.30644292239069937,0.3302516556044385,0.00036362586850807044,0.30868144299585437,5.4341229949613726e-05
2016-12-23,0.3374349958228554,0.319829637404503,0.00013718656603055137,0.332743372644198,4.311995471942486e-05
2016-12-24,0.32728191691688024,0.3300759670718129,5.938404777754662e-05,0.3290497848541436,2.7799122875742946e-05
2016-12-25,0.3185434273138005,0.3252427611540002,6.388211244966457e-05,0.3217291114534554,2.9633744357172846e-05
2016-12-26,0.312079892762675,0.31817637883798894,5.136640202963043e-05,0.3160663268233172,2.5055855977383754e-05
2016-12-27,0.30674132375839813,0.3103257562535152,5.3184643472884085e-05,0.30906791987531906,2.4385193813829363e-05
2016-12-28,0.3015932093828384,0.3034218582632795,4.69814034429873e-05,0.3023132207417615,2.5596003258429646e-05
2016-12-29,0.29770796037669617,0.29791967088853477,4.1863533590820395e-05,0.29815293252554886,2.0611934196789726e-05
2016-12-30,0.2955612700007838,0.29595096256455367,3.966722010022325e-05,0.29467915357616425,2.6743213188593956e-05
2016-12-31,0.2931744655039466,0.2920483399348272,5.22793327665335e-05,0.2926469424625759,2.4570338058741435e-05
2017-01-01,0.29104707438457533,0.291022576953908,5.2620799076275026e-05,0.2910495997221114,2.131085734780117e-05
2017-01-02,0.2890657489609373,0.28881331718459496,3.527385786795845e-05,0.28871220339019604,2.1233463154131453e-05
2017-01-03,0.28693714902872636,0.2862855766139103,5.3106958829907415e-05,0.28630675286210233,2.399461648704024e-05
2017-01-04,0.28465756232298833,0.2842332410362839,4.8867013797227316e-05,0.28444784002206214,2.3839290583783364e-05
2017-01-05,0.2827051956907498,0.2832150006458023,4.474469217691786e-05,0.28282890953107875,2.2799141994586668e-05
2017-01-06,0.2809444708087874,0.28232042747038766,3.4997982405107605e-05,0.28172045696749914,2.2024922042727483e-05
2017-01-07,0.27898616701887324,0.28059126113934313,4.58206591696923e-05,0.2802587678221289,2.131536658902862e-05
2017-01-08,0.2773331238282645,0.2789564620878306,4.043923360738482e-05,0.27803940856744874,2.1821772626761113e-05
2017-01-09,0.2763307690377182,0.27649676761279174,5.999447338708423e-05,0.2768107252145354,2.4268352615104835e-05
2017-01-10,0.32970458256264773,0.3361605215215085,0.0005308146906172142,0.33048430471628093,4.7551879494958516e-05
2017-01-11,0.32573332880470796,0.3304732310982056,8.855648812661938e-05,0.3274327258046905,2.5982942692257873e-05
2017-01-12,0.3284868819016687,0.3493962501309816,0.00011048075789510168,0.3347711051213483,3.328685910478194e-05
2017-01-13,0.34510329616059465,0.34368210364895596,9.92077489779092e-05,0.34400321496672964,4.024580683126146e-05
2017-01-14,0.32691256488094567,0.342670257882885,7.314184003419902e-05,0.3337076089313717,3.149405753505415e-05
2017-01-15,0.33205380394980216,0.3593316910668702,0.0001736074265679147,0.3386849639935772,4.41785048082529e-05
2017-01-16,0.3689841981970284,0.3599025490402674,0.00015690289821040606,0.3661253063946947,3.686767644996191e-05
2017-01-17,0.34349125650956885,0.3549670244832924,3.0077348712793616e-05,0.35068868135697195,1.751924677270356e-05
2017-01-18,0.33049542771696383,0.342689791025564,3.629710404781124e-05,0.3375468634365988,2.1871030054077074e-05
2017-01-19,0.32417247028915264,0.33102562795170315,4.1968979756743606e-05,0.32808135864595256,2.337603496315118e-05
2017-01-20,0.3199174452188541,0.32054647616087095,4.804337597868933e-05,0.32041719808678115,2.5421515447584117e-05
2017-01-21,0.3151708759474544,0.31441779131326963,5.322670072186005e-05,0.3150648779573041,2.4241947127981163e-05
2017-01-22,0.3115501132343994,0.3095126179957656,4.66905288804672e-05,0.31127611185322585,2.1605939056175797e-05
2017-01-23,0.3088868336253919,0.3063091273463614,5.2675201375588405e-05,0.3074260105451022,2.2931253393447397e-05
2017-01-24,0.3054720626812083,0.3026020532871609,4.264532463829049e-05,0.30395066256902586,2.7519726628400308e-05
2017-01-25,0.30255392115142116,0.2996622456355468,3.5279534618034323e-05,0.30068984225697876,2.2360370375395514e-05
2017-01-26,0.3002939987245282,0.29594833412994676,3.904091795309645e-05,0.29728516611702294,2.351849469333376e-05
2017-01-27,0.2982928773801454,0.29667319563621625,4.333505210791408e-05,0.2975616112722363,2.7818512965355607e-05
2017-01-28,0.31833147410888096,0.3136621884857436,0.000160266588281465,0.3160609871144707,2.7217281309532425e-05
2017-01-29,0.3133773831223948,0.3082319808718001,4.9420526821078025e-05,0.3107427345399411,2.5211650539268447e-05
2017-01-30,0.3175509562767741,0.3183824851597638,8.630322171147924e-05,0.31824509744502416,3.250199692105146e-05
2017-01-31,0.3110292364435146,0.31169809919722813,5.4875503282073045e-05,0.31227247574712297,2.299185564863798e-05
2017-02-01,0.30442149611647434,0.3063279657587415,4.1347118417492137e-05,0.3045576165287532,1.7923145959669116e-05
2017-02-02,0.3122253143312495,0.3422035643765217,0.0003960320954764781,0.3156024788120255,4.413035444926955e-05
2017-02-03,0.3503269650687585,0.3339552064562418,0.0001980745577460935,0.3464644505599244,4.028915842354645e-05
2017-02-04,0.36701299845419944,0.3798779949865424,0.0003818241779761769,0.3689125373313383,3.686038918045222e-05
2017-02-05,0.3915439248157421,0.4003397908484328,0.00021360106449379624,0.39376293059373857,3.487327315588849e-05
2017-02-06,0.3699756136558226,0.3731068930747073,3.5358324713295785e-05,0.3723176851799564,1.9824232196636662e-05
2017-02-07,0.38068126487054066,0.37438492702020276,0.00010973294163437604,0.3786715762906143,4.1967486651284524e-05
2017-02-08,0.3762403844886391,0.3664563387958251,5.0393253807740914e-05,0.37084689292598794,2.207858485911271e-05
2017-02-09,0.35983240496621816,0.3560206949902056,3.1835460656755115e-05,0.35692132853580666,2.0489255675692728e-05
2017-02-10,0.34947685477998214,0.3472496429074965,4.9126507789220134e-05,0.3472805159890286,2.0532246124865263e-05
2017-02-11,0.3423064257326015,0.33837758036992277,4.6014206055995736e-05,0.34003279656248964,1.991475562131068e-05
2017-02-12,0.3384593220449199,0.3417059112135167,8.55089295418168e-05,0.3399152613541432,3.483334791682481e-05
2017-02-13,0.3449271778333024,0.35578677523717095,9.484984465233195e-05,0.34977754810924355,2.8406278624193035e-05
2017-02-14,0.36854740537489383,0.35647322445062585,7.083151696624211e-05,0.36331122203313126,2.6772215551774967e-05
2017-02-15,0.3478835206599118,0.35175416673974086,3.7723791010449576e-05,0.3502337572486573,2.2935973597246748e-05
2017-02-16,0.33790852190433796,0.3397312665816707,3.950244374972497e-05,0.33950454024979265,2.716279363201542e-05
2017-02-17,0.33109472571850834,0.3293871727408238,5.931206713338569e-05,0.33057514782834585,2.798609685305279e-05
2017-02-18,0.32498773463004066,0.32211998400878983,5.0223564063366575e-05,0.3230679024839034,2.800191733194624e-05
2017-02-19,0.3200256969206259,0.3145174572314518,5.4064252095277504e-05,0.3173683363565074,2.4857258644471498e-05
2017-02-20,0.3163590680432714,0.3116531908240562,5.600816068693729e-05,0.313779098958399,2.320436626654314e-05
2017-02-21,0.3132553085663111,0.3077734153001231,5.424395069063417e-05,0.3107468528409562,3.120761459524262e-05
2017-02-22,0.31012126015426933,0.30451994730942133,5.242542594113232e-05,0.3067837186829989,2.458927380448964e-05
2017-02-23,0.30606725869539186,0.29899574305867155,5.2626413762237296e-05,0.30290030737366597,2.3626458999998546e-05
2017-02-24,0.30405368487749546,0.301650684808901,5.091776295517246e-05,0.3026411575178544,2.9640316950316806e-05
2017-02-25,0.2989853373644678,0.29672278713370703,4.946158019069549e-05,0.2979286189858559,2.601597638066945e-05
2017-02-26,0.29529657973017587,0.2910392257436506,4.3259788016186775e-05,0.29315287763636105,2.782291771610034e-05
2017-02-27,0.2940550722092835,0.30891750706673227,0.00014433722159299954,0.29752401620636126,3.952187001083025e-05
2017-02-28,0.35638037447498344,0.36778119952689536,0.0005923955707967865,0.3579801305560194,5.067821427514443e-05
2017-03-01,0.35456607592647227,0.3543619674367005,6.585035591718766e-05,0.3547135729156827,3.1979879555303244e-05
2017-03-02,0.3420079605284338,0.3452339563891378,4.746043361640695e-05,0.34348825098829777,3.005203671493992e-05
2017-03-03,0.3384157825356759,0.38435948527393365,0.00033804947035651067,0.34474241383776333,5.132927614971182e-05
2017-03-04,0.39670566493687104,0.3987815250777232,0.0003317816843482101,0.3957318137854775,4.941555396844611e-05
2017-03-05,0.3819360510072813,0.3778417173646053,8.277182450548159e-05,0.3795062069735576,3.485612596505568e-05
2017-03-06,0.38156455938359946,0.37315341772632793,0.00010427122678110455,0.37851379136111524,3.7389378895229194e-05
2017-03-07,0.3884427385237239,0.39752507724614206,0.00020735355395927512,0.3906343283571049,3.5151947822463544e-05
2017-03-08,0.3898594500823658,0.37153746158657286,5.024117301939163e-05,0.38033505513883276,2.0935534894876417e-05
2017-03-09,0.36990356622476617,0.3563833823804286,3.0262593534951035e-05,0.36147774976894553,2.0165336790454033e-05
2017-03-10,0.3577395982319113,0.3473505432634449,3.826388146536272e-05,0.35194605140957896,2.2155222579438716e-05
2017-03-11,0.3475579752915686,0.3409443798028164,5.710757123131474e-05,0.3443862587040077,2.796895500466264e-05
2017-03-12,0.3793105881336922,0.3870204407111173,0.0002670198509543668,0.37947884828334383,3.4792886992417796e-05
2017-03-13,0.3769262052623431,0.3647672381114127,4.0637541571009315e-05,0.369880512444821,2.2029978403037613e-05
2017-03-14,0.36122886294391027,0.35231474888639674,3.414139058153849e-05,0.35544136583107616,2.1411849956450042e-05
2017-03-15,0.34914072163377224,0.3431540779302582,4.035804932212717e-05,0.3461766978729763,2.2659344873519205e-05
2017-03-16,0.33969788757836433,0.33365637428167966,5.247700161694276e-05,0.3363641371525354,2.419405158062788e-05
2017-03-17,0.3312582313315567,0.3250092904626712,6.074135814181685e-05,0.3288858309037331,2.9805113270327857e-05
2017-03-18,0.3246431480001773,0.323579295503888,6.824929618164455e-05,0.32361293340423863,3.2299184160493364e-05
2017-03-19,0.31932759049653686,0.3152307283176967,5.434050833504555e-05,0.3165661758330383,2.6598672603589885e-05
2017-03-20,0.31486731386681277,0.31132609341772327,5.57665762870991e-05,0.3128602782970586,2.483811340396154e-05
2017-03-21,0.3172103981819807,0.3237965993746657,0.00013207966198083954,0.31876595062839447,4.0417449259711324e-05
2017-03-22,0.3295242127920215,0.3636960794758252,0.00032784659661290574,0.33453351879186,4.4896481549769256e-05
2017-03-23,0.3862779640767998,0.3826328044200302,0.00041952583054453887,0.38695393383281024,4.7171602563565795e-05
2017-03-24,0.3638594526611916,0.37557659694121726,9.568612007814222e-05,0.36892567013390154,2.316844098918282e-05
2017-03-25,0.38807257144411106,0.38499818356930865,0.0002353788672601331,0.38659615267107195,3.9163181024373616e-05
2017-03-26,0.3674170709949941,0.35840541816752824,3.520493695689801e-05,0.3618293290995641,2.079730794376596e-05
2017-03-27,0.35629680475430275,0.3545413245753117,4.6804631494199964e-05,0.35505857717294304,2.0529203434590804e-05
2017-03-28,0.3504101324848607,0.3416621971287635,5.3985515622659416e-05,0.34613928132913946,2.0411911801145114e-05
2017-03-29,0.33849104830606824,0.331548184183791,5.9455720615626625e-05,0.3357503770855267,2.380240345029151e-05
2017-03-30,0.32707991441423423,0.32112288137971917,5.660854108026038e-05,0.3246342070660561,2.8108240233560122e-05
2017-03-31,0.33650460308436314,0.3813182122753983,0.0004685779558350966,0.3426781370356789,4.2355635172277944e-05
2017-04-01,0.3797977275671859,0.36083683391354293,0.00014451606487466393,0.3748998619849032,3.517174896392859e-05
2017-04-02,0.37774882083897526,0.3712323144983867,0.00010884581169374663,0.3749489212935132,2.787874134406028e-05
2017-04-03,0.36049297007863834,0.3522801101969386,3.438031849397408e-05,0.355437444571525,2.066262794116814e-05
2017-04-04,0.3467874632335841,0.34443419859855134,4.1050187210298955e-05,0.34529454207286386,2.774855493255863e-05
2017-04-05,0.35115422967970433,0.35242198258529006,7.950030082456111e-05,0.35091975424726773,3.5567902249394995e-05
2017-04-06,0.33887441643949506,0.3380799862430418,6.51094398027279e-05,0.33886745450897815,2.3582912971807626e-05
2017-04-07,0.32654916443341325,0.32341688759205345,5.4187799661833185e-05,0.32546777725873427,2.7150414173610846e-05
2017-04-08,0.3160889134293648,0.30914258404906336,6.942413681803519e-05,0.3135767601058032,3.6001970891607246e-05
2017-04-09,0.30536980533903374,0.29893431879618715,9.141115929993188e-05,0.30288624267880027,3.287417425177113e-05
2017-04-10,0.2951421157535612,0.2894716476978176,7.954823154446373e-05,0.2930642087362958,2.6148161525625023e-05
2017-04-11,0.2891813214892486,0.2883562664522987,5.715425266656161e-05,0.28906701343432895,2.843500107550403e-05
2017-04-12,0.2836367360013208,0.27723192531170987,6.10948312302222e-05,0.2801913883124377,2.9385463689740807e-05
2017-04-13,0.27411783863507894,0.2686218834674253,6.276688271238732e-05,0.27169794139243136,2.7804042388116726e-05
2017-04-14,0.2648759442866346,0.26339715157220883,6.503772976886942e-05,0.2644888729870763,2.4828904053992333e-05
2017-04-15,0.26197439329584515,0.2634067401516222,5.5311819401312027e-05,0.2631323101638639,2.7198615691865837e-05
2017-04-16,0.2596153221511019,0.2577330569144312,4.50162698729534e-05,0.2588183763904421,3.164630221590587e-05
2017-04-17,0.25213839580339276,0.24928418019680187,7.4571242017229e-05,0.251503356086281,2.6181133594945825e-05
2017-04-18,0.24334913535965244,0.24494477052744226,6.822496702347523e-05,0.2450563715701911,2.4758951309798967e-05
2017-04-19,0.2332228507205393,0.2398489144782278,6.333813607384716e-05,0.23602435355610873,2.8140727047745943e-05
2017-04-20,0.2243631009642068,0.23038175864293362,5.1891716323123154e-05,0.227621570307091,2.411430185717709e-05
2017-04-21,0.21611606030086827,0.2189351415541279,5.465381574542932e-05,0.21763321987905077,2.74634061856416e-05
2017-04-22,0.2075484587825998,0.2101358782064403,5.49783740843475e-05,0.2086070957600795,2.044086515009084e-05
2017-04-23,0.19930663157192194,0.20151624389697942,4.331755837301341e-05,0.2006433219659596,2.4359152029195556e-05
2017-04-24,0.19146825073549523,0.19627246552767832,6.123277946566172e-05,0.1935691620855182,2.937432474433813e-05
2017-04-25,0.23511453183147185,0.2867320820106708,0.0019038780073759778,0.2363851982568538,6.424188182264768e-05
2017-04-26,0.2979344883758611,0.23975512678228877,9.524659642147308e-05,0.27662038505610104,3.5176566766198016e-05
2017-04-27,0.2775034819679679,0.2697077553931234,6.019454967307977e-05,0.27425741804032233,2.5403773285213288e-05
2017-04-28,0.26222251996415014,0.26143096014324557,5.989608258911427e-05,0.26211126155495934,2.2649056651825053e-05
2017-04-29,0.2462155951828892,0.2469192520553549,6.456126668250812e-05,0.24659194869382883,2.8048677514847068e-05
2017-04-30,0.2521950755806984,0.28009979369160687,0.0005498544661252349,0.25342723951150853,5.46084834325316e-05
2017-05-01,0.27434669226940966,0.26694553538662796,0.00029400385069533957,0.27450577994732084,3.652490051386404e-05
2017-05-02,0.3435641591296875,0.349150749600356,0.0007650941460853771,0.3451231773184296,5.777362999985276e-05
2017-05-03,0.3149828756143153,0.3269097984082521,8.916310524095187e-05,0.319691331874693,2.9215846020099758e-05
2017-05-04,0.29033505193615294,0.29805639074257906,6.406061996737595e-05,0.29343906847547224,2.5812776138272578e-05
2017-05-05,0.28078344311574643,0.3175385294453843,0.0002965011737712336,0.28639128094708133,4.522379299358393e-05
2017-05-06,0.33883447415892876,0.32763546636552177,0.000717079353523868,0.3382161646917552,5.7878538783753754e-05
2017-05-07,0.3081075011147615,0.3174224733299472,6.164097548694383e-05,0.3124097555560542,3.127733811054022e-05
2017-05-08,0.2851536178437388,0.2912107753813531,7.279829385272356e-05,0.2874411721328565,3.209723599598566e-05
2017-05-09,0.2654818551652251,0.2668112387720244,8.779255621599715e-05,0.2657416113907168,3.010457981274992e-05
2017-05-10,0.258221479954288,0.26809281639407423,0.00014066333470291555,0.2610206113038145,4.261398253948708e-05
2017-05-11,0.28234528305266254,0.29505348632202943,0.0008037673941976297,0.2843373030347271,5.798861817681421e-05
2017-05-12,0.2800968691081829,0.2651670143385612,7.375155231948529e-05,0.27368758542403876,2.3920766571448277e-05
2017-05-13,0.26944112395271397,0.2730989496098614,9.664649214308065e-05,0.270222876803414,2.4974942185069183e-05
2017-05-14,0.2554025888642264,0.2521910635987754,7.278275511600761e-05,0.2534034659734138,3.184866224581452e-05
2017-05-15,0.2366396567224146,0.2307200243447873,7.93498114362495e-05,0.2334844878889914,2.8541381820977552e-05
2017-05-16,0.2173183102579932,0.21121000156223416,9.665227657272872e-05,0.2156215005723433,3.776087949920972e-05
2017-05-17,0.2109809971829701,0.2531681185577741,0.0009160908431998168,0.21365742392583784,4.616473675869775e-05
2017-05-18,0.3285984056782568,0.351022771308301,0.0017608788004545332,0.331027378981236,5.53052127587356e-05
2017-05-19,0.350215842856664,0.32951557216857635,0.0001201267178553194,0.34423700500058113,3.8770352337816844e-05
2017-05-20,0.3181188527357314,0.32502136771204365,6.207400396929713e-05,0.32047940108143436,2.4467799209764264e-05
2017-05-21,0.2935402817706045,0.29307113901115434,6.74304300067977e-05,0.2932359013266892,2.7984497262099568e-05
2017-05-22,0.280025406385976,0.29312982969424517,0.00019918270045442385,0.2824464809820745,4.774775841536548e-05
2017-05-23,0.2760341838197603,0.26446517611020864,8.32742397548806e-05,0.2719810050278424,3.222194649056517e-05
2017-05-24,0.2569123049029076,0.24780555778913818,8.83639124684335e-05,0.2538605686005042,2.9055780786359143e-05
2017-05-25,0.23691518736153255,0.228589984497968,0.00010051652492680692,0.23389351344114523,4.034195886831867e-05
2017-05-26,0.22471531715263016,0.2288299940044649,0.00020080331268202046,0.22577437524645944,3.8403795266554166e-05
2017-05-27,0.22037912169424284,0.2045408652854629,6.351043060053883e-05,0.21330741467746195,2.7769147404233528e-05
2017-05-28,0.20186495934869847,0.19710929084272105,6.284419884561087e-05,0.19975458189300122,3.577786000818622e-05
2017-05-29,0.18880496778880435,0.19436837693988704,6.829054609425853e-05,0.19102134602301482,3.31512837836712e-05
2017-05-30,0.21250526682827608,0.2800973011848127,0.0019332290965832382,0.21520706809293283,5.267411055955945e-05
2017-05-31,0.3245245417320694,0.23568161501430862,0.0004440542643605576,0.31526466731265346,3.9030176396952354e-05
2017-06-01,0.2853170904502541,0.2877624112953011,5.320680211045005e-05,0.2866051241886452,2.3786143260888726e-05
2017-06-02,0.2589870777164494,0.26467605083238743,8.721183423400115e-05,0.2612722792977272,3.214071357246828e-05
2017-06-03,0.3267781892490705,0.36149133543098677,0.0009727636453418887,0.3288319883090977,5.092687948358695e-05
2017-06-04,0.32431506064235777,0.3291701514445893,0.0001765481987556845,0.32612553906587294,4.7472757466611816e-05
2017-06-05,0.3131038501936976,0.3034176384745731,8.155926351394173e-05,0.30972772361266454,3.3713279236643045e-05
2017-06-06,0.29356012478960347,0.30205451875334294,8.495414822472671e-05,0.2965690284726043,2.9535292406610146e-05
2017-06-07,0.27406966144383416,0.2765389580540673,8.40640023771702e-05,0.2752014840839946,3.8645606602536546e-05
2017-06-08,0.25391559690486,0.2540711439278811,0.0001217655524453876,0.25366105705964637,4.0398651120642695e-05
2017-06-09,0.2859988254788931,0.27391273241825165,0.00041838394732269195,0.2846667259038648,4.1974127863922665e-05
2017-06-10,0.2672688098688668,0.2561591868611084,0.00010406068766101414,0.26369759788327085,4.086905229311201e-05
2017-06-11,0.2430843285327845,0.23499934928710167,0.00010376616915452109,0.23990128763367394,3.2164806067984434e-05
2017-06-12,0.2225682288595084,0.22048734698873798,7.256043915952072e-05,0.22219614750975836,2.4109646911844025e-05
2017-06-13,0.20595366593685813,0.20068015671109252,7.00560454865626e-05,0.20373065634249407,3.122724637702111e-05
2017-06-14,0.19365113232480863,0.18975700667531875,6.909232816270638e-05,0.19238384036553952,2.9748566974272023e-05
2017-06-15,0.1833036953827002,0.18458178710678894,5.395744640452336e-05,0.18311599887342567,2.531486598479982e-05
2017-06-16,0.1743569748034151,0.17615611812099316,4.507566806858193e-05,0.17532191486028978,2.3943505603420203e-05
2017-06-17,0.16507349211797007,0.1680276414063279,5.777324859296128e-05,0.1668960993295915,3.899060909351333e-05
2017-06-18,0.1570875554861976,0.1599455102185502,5.574272431110151e-05,0.1588892336520618,2.935707955288215e-05
2017-06-19,0.15080059673278365,0.15431119428053935,4.50049020774881e-05,0.1529906031339659,2.517973562109621e-05
2017-06-20,0.1477581780267182,0.1539681720009464,5.173996142042584e-05,0.15064156764002423,3.225814402011702e-05
2017-06-21,0.14732185477813983,0.15123894377901323,4.537834417590901e-05,0.14887557251982358,2.346471455939017e-05
2017-06-22,0.14500718475854513,0.14723401785648946,3.9522823083066695e-05,0.14612218238236205,2.2616448141481523e-05
2017-06-23,0.1442205827382072,0.151477212824956,4.018060046162797e-05,0.14870484994880098,2.556773244082931e-05
2017-06-24,0.14366054991460275,0.15101080304095452,4.7444737378142875e-05,0.14797284148295475,2.4701614726438646e-05
2017-06-25,0.14232153044234702,0.14864955339573208,3.632167333951076e-05,0.14621307763968922,2.115965694219961e-05
2017-06-26,0.1625548385202112,0.18661716253012398,0.0005665775671477289,0.1645692014129047,4.879810657572541e-05
2017-06-27,0.22859922316346457,0.25503018687203166,0.0017441632190748717,0.2300324814862544,3.8931529159736025e-05
2017-06-28,0.32588186834464755,0.28686151151622935,0.0011983965883858108,0.32265782349241495,4.244122923680854e-05
2017-06-29,0.32201333733091964,0.3353620782318712,0.00023917889386904163,0.3241868096399167,4.307112321904966e-05
2017-06-30,0.32108183217704345,0.3569286339666126,0.00037594671877491,0.3244786390799682,3.7491198374084775e-05
2017-07-01,0.32426185534113594,0.3399493678472583,0.00024162120771131464,0.32778327971138277,5.013548245616605e-05
2017-07-02,0.30658120977876374,0.30226597876597555,6.998662361045218e-05,0.3051110931716248,3.178294488534038e-05
2017-07-03,0.282980099272164,0.28582881327944176,7.832701295605537e-05,0.2849354958453164,2.7937904170360203e-05
2017-07-04,0.2601787828408023,0.25158148351870435,9.863652477640043e-05,0.25781985984511463,2.557421499196009e-05
2017-07-05,0.23434230564893213,0.2308013978146972,0.00010155100605537281,0.23338459559159247,3.863501114046016e-05
2017-07-06,0.2160093326146179,0.20738378774501087,9.972281082514917e-05,0.21303826039764354,3.266563709366813e-05
2017-07-07,0.20198246883189264,0.19363500613865375,6.737479597286471e-05,0.1977680888702203,3.403415569610771e-05
2017-07-08,0.19080722712743173,0.19611702085834776,9.2930392577364e-05,0.19259995948376324,3.8129273732456725e-05
2017-07-09,0.24530333651064987,0.23823668704242487,0.0010552329439816202,0.24534908694167068,4.570120787213935e-05
2017-07-10,0.2978654531681698,0.31098783024678517,0.0013182441597519932,0.2980060425791761,7.499615580013133e-05
2017-07-11,0.2950047296141685,0.2807507016904431,9.50520504856441e-05,0.2894207034025307,3.89039151914714e-05
2017-07-12,0.2717467865817476,0.2655891532362248,0.00010218490160296604,0.27000243577663763,3.9568873668963304e-05
2017-07-13,0.255475381310486,0.2504462977885027,7.096370837907018e-05,0.25227371288789596,3.3467435583056965e-05
2017-07-14,0.23851612364650282,0.23128697625243202,8.638093245547546e-05,0.235080040354617,4.23059664347993e-05
2017-07-15,0.21988913088689593,0.21125496173300312,9.512387210733163e-05,0.21646329108162127,3.4387401344166906e-05
2017-07-16,0.20267301420161488,0.19462443755603728,8.418140379401831e-05,0.19957508655443537,3.0287985220639507e-05
2017-07-17,0.18740496352513886,0.1810561154765313,8.5794588243561e-05,0.18465442685835667,3.380254701144597e-05
2017-07-18,0.17479651880981004,0.17219188530032625,6.677593520493922e-05,0.17357513922284482,3.327800315347567e-05
2017-07-19,0.1949613228683965,0.2829739479475429,0.002919889492892713,0.1967648341002149,4.615915501865124e-05
2017-07-20,0.3029794074991886,0.19505802635038008,6.736325853208619e-05,0.2560686201022632,2.7938518046090294e-05
2017-07-21,0.2731961294378222,0.24155047755021034,4.661345021887156e-05,0.25605665851416093,2.6130881143562156e-05
2017-07-22,0.2530229402587167,0.23534840156915016,8.284010026514944e-05,0.24600358651064202,3.0289394098999014e-05
2017-07-23,0.23552668964053713,0.22914630112074252,7.863223185252938e-05,0.23389985034298222,3.499101447766077e-05
2017-07-24,0.2463404641785886,0.24655307881662078,0.00029560583796158917,0.245381344049986,5.2438199020833154e-05
2017-07-25,0.24205018200888678,0.24337110297678272,0.00011891370440929444,0.24284670171327313,4.0602592553342916e-05
2017-07-26,0.23325579247390799,0.22847973764395196,7.927326845668173e-05,0.2307882905336535,3.1655991806688584e-05
2017-07-27,0.22241511328279592,0.2102006713766987,9.061078103650122e-05,0.21687869362267317,3.2697593983687345e-05
2017-07-28,0.2102081415148707,0.20517357497593244,8.058611138569639e-05,0.20899140287457466,3.689935298437403e-05
2017-07-29,0.19756243250059152,0.1915109763736541,7.982431125982834e-05,0.19495259468757503,2.3834931223554013e-05
2017-07-30,0.18707269781961552,0.18763082578398926,4.629457966420708e-05,0.18734930329795713,2.32207836760778e-05
2017-07-31,0.18092861314308295,0.18341562475572443,4.629097390755695e-05,0.18219405801154775,3.231345247763977e-05
2017-08-01,0.17724747496456408,0.17891650676843432,6.662854040075979e-05,0.17798043107234945,2.8909395179393363e-05
2017-08-02,0.16983723418253432,0.17013841505606953,5.7118008646577064e-05,0.17092087231407713,2.4373352435478393e-05
2017-08-03,0.16240019999996366,0.16491607192526406,4.286860875969231e-05,0.16360012443456173,2.2157138752663755e-05
2017-08-04,0.1572647560490312,0.1601850630945567,4.925057170653172e-05,0.158759800108875,2.4892943229868148e-05
2017-08-05,0.15541154782540312,0.16326528289704456,4.313501658134006e-05,0.15985413794299794,2.218736253225333e-05
2017-08-06,0.15623180182292998,0.1628986073144279,4.725251184043874e-05,0.15995884322803575,1.968327567603031e-05
2017-08-07,0.16075617256644895,0.24200459235816876,0.0014586442485323072,0.16362910708142436,5.167036992247792e-05
2017-08-08,0.3543331871775161,0.2940029386266788,0.003020778249840041,0.35348865458135975,4.86556708154657e-05
2017-08-09,0.314560006329914,0.34734790342130745,6.800715534941728e-05,0.3292174989306416,2.5326759915484066e-05
2017-08-10,0.3144939740519002,0.3386243636719863,0.00018179025861626909,0.32082892447624106,4.436496350024341e-05
2017-08-11,0.30733454589552567,0.3018667900810965,9.734013160136625e-05,0.304931506611974,4.542275521387435e-05
2017-08-12,0.28122926956213745,0.2778094303666234,7.267143685561732e-05,0.27937844496342445,2.678524770889199e-05
2017-08-13,0.25852618291214746,0.25469035283131125,7.165232941993829e-05,0.256144018196791,3.206645101619231e-05
2017-08-14,0.23725535582048438,0.2289577637166913,8.203895123514576e-05,0.23378672865034544,3.181389459377689e-05
2017-08-15,0.2203202093546335,0.22029838267670182,7.476187416816143e-05,0.22021146113164453,2.4900784028273286e-05
2017-08-16,0.21252140574232922,0.21194558420208826,6.533064268859866e-05,0.21253139575984947,2.860056560442947e-05
2017-08-17,0.2031293419793075,0.19807330215530233,5.080780076215476e-05,0.20048590013655435,2.155695786551993e-05
2017-08-18,0.1941757438993419,0.19447342522112962,4.919456567105789e-05,0.19352579485970334,2.120812412071411e-05
2017-08-19,0.1877437732059256,0.18597641338460805,3.9704435769451276e-05,0.1863526022227468,2.039158611342598e-05
2017-08-20,0.1787618023396001,0.17963320025657958,4.8302404894479055e-05,0.17906318676353333,1.6607083979382322e-05
2017-08-21,0.1709744222491243,0.17036992345506496,6.0042830667068725e-05,0.1701771281477436,2.3430810013671488e-05
2017-08-22,0.16407608384942085,0.16494964301822776,6.0926183116529846e-05,0.16486393148719725,2.5907957738017858e-05
2017-08-23,0.16107768704714948,0.16581853194314689,5.291163457275365e-05,0.16383169959998753,3.0088011885311397e-05
2017-08-24,0.1582729514879413,0.16108538808418515,5.4434027843848816e-05,0.1596844384938485,2.838385428603024e-05
2017-08-25,0.15561649088543933,0.1578843261770982,5.5133482831260795e-05,0.15610544304208304,2.7264874710652985e-05
2017-08-26,0.1538705073136522,0.15545536579328684,3.683805514541028e-05,0.155091042772734,2.248678082607033e-05
2017-08-27,0.15378310700079822,0.15837879934450572,4.437534106435175e-05,0.15617961521144977,2.4789697769466026e-05
2017-08-28,0.1595581094535956,0.16819608224104646,8.192989373664568e-05,0.16302268484393342,3.517669823531815e-05
2017-08-29,0.17124809116071127,0.1608603456531487,5.468136511068959e-05,0.1659209728690643,3.369011033538448e-05
2017-08-30,0.18233510726011842,0.22396438124457074,0.0012464026954456223,0.18408323092712853,5.130875914069866e-05
2017-08-31,0.25959362635461847,0.1964436094538495,0.00016177769468642646,0.24500513321818418,3.688338344284802e-05
2017-09-01,0.26322157952555075,0.28138790898810667,0.0007685591013531315,0.2639936496912934,4.7207219339598076e-05
2017-09-02,0.2795849827258605,0.24882833720270497,7.270666151187005e-05,0.26690798735382737,2.875995759580324e-05
2017-09-03,0.25774196309576763,0.2516963383521927,7.024461664697618e-05,0.2555625600534072,2.252525641379969e-05
2017-09-04,0.2678085854592632,0.2645036304962953,0.00028210554240751625,0.26719490501640714,5.3368213968590995e-05
2017-09-05,0.25468255489137437,0.24838740475032067,6.873993344440019e-05,0.251399430113564,3.406650974768118e-05
2017-09-06,0.24386053832471954,0.2443150955719594,8.12022809221477e-05,0.24434663641410737,4.251251038675714e-05
2017-09-07,0.23086002324780336,0.2313714692086216,7.590639947276487e-05,0.2310034363618138,2.8891590446739216e-05
2017-09-08,0.2188710913741077,0.2176650014199185,5.697495586482947e-05,0.21891627562865132,2.078397803100117e-05
2017-09-09,0.31680113113095515,0.34092759756085556,0.0014184353535661844,0.3181781164955521,5.6863950279531104e-05
2017-09-10,0.33200379047135054,0.30673055718200837,9.909339137305028e-05,0.32359229658640687,3.6122210143277045e-05
2017-09-11,0.3008596804713172,0.3156125157400971,8.102284664594652e-05,0.3064912341094104,2.4585745893218165e-05
2017-09-12,0.2851876550445018,0.2966848254976736,6.595771897416921e-05,0.29061904149445034,2.4701319089171674e-05
2017-09-13,0.2688333609516511,0.27167965389213067,5.68709878349601e-05,0.26999365916855333,2.687796871830272e-05
2017-09-14,0.2687984643842425,0.27675601789954307,0.00017480296411377923,0.2699639752034962,3.984785835971354e-05
2017-09-15,0.27109515072201285,0.2775441601156254,0.0001663617395520001,0.273218459000736,3.772978436187852e-05
2017-09-16,0.27745840008665174,0.2712239420348535,0.00010032162368574487,0.27556967190100706,4.613921167609251e-05
2017-09-17,0.28253353481296,0.2919365893972664,0.00023539333784313558,0.2841881444868845,4.6865683855914814e-05
2017-09-18,0.33970415952594696,0.3336713091551157,0.0007455020023978505,0.3378155081946902,4.761483536595161e-05
2017-09-19,0.3188233152506178,0.32622161194608706,8.017031655121432e-05,0.32269441047039893,3.652621988567551e-05
2017-09-20,0.2958602234868096,0.30240709910235813,6.787856363950108e-05,0.29833929428096917,2.8378406036161062e-05
2017-09-21,0.275612453335026,0.2780213563869057,5.788573665246379e-05,0.27730121308518113,2.88175127688061e-05
2017-09-22,0.2624037522941065,0.2652129894892188,6.166736781594569e-05,0.264176888610083,2.7119855737598674e-05
2017-09-23,0.25228292871106617,0.24679232389318057,6.845392778627762e-05,0.2499255278589225,2.7833919038410464e-05
2017-09-24,0.23996874074503086,0.23496828397044778,6.201103531270817e-05,0.23767798543457413,2.7716571907332503e-05
2017-09-25,0.25949214237246376,0.2658986907288859,0.0004027888184459741,0.25968451110591073,4.746048973960415e-05
2017-09-26,0.26814526668810557,0.2549794687994801,7.415187783124258e-05,0.2626755586293557,3.273180134611634e-05
2017-09-27,0.2579889932814297,0.24542467405518478,6.849514434211282e-05,0.2528562514939261,2.3237562554238826e-05
2017-09-28,0.2445318445637477,0.23823785215493987,5.117461767572326e-05,0.24167984152560418,2.3950371713356963e-05
2017-09-29,0.23287497487509795,0.22894000478208537,6.628324763354076e-05,0.23097728068398776,3.050912280977759e-05
2017-09-30,0.29209782287499236,0.29986706474438046,0.0013925502016646353,0.2916789804299748,4.848484855528639e-05
2017-10-01,0.30923431191547923,0.2846050584074523,9.13904345594469e-05,0.29983857281979737,3.5630051404115484e-05
2017-10-02,0.3079650696166941,0.30630237921788955,0.00015286397494358836,0.308139809018277,3.9913171614224685e-05
2017-10-03,0.303636857510175,0.3073197019054754,0.00011515720577070838,0.3048803207404801,4.478462567150077e-05
2017-10-04,0.2939535418932733,0.28837590500940474,7.294777436904556e-05,0.290855854569388,3.088502746443494e-05
2017-10-05,0.28240029060501887,0.27683691157200235,5.4654978035343043e-05,0.28042049776248923,2.7506360504012415e-05
2017-10-06,0.2861126810995365,0.2888304533408239,0.00018728901708775324,0.28715569469994506,4.087473632534484e-05
2017-10-07,0.27729506753226046,0.2743971498539832,6.185211002672112e-05,0.2764996042042603,2.8625906956074215e-05
2017-10-08,0.2648886233606195,0.26479206491291135,4.978163362888542e-05,0.26517107773951737,3.235023956779256e-05
2017-10-09,0.2569734125884199,0.25634517397924245,6.081501565029411e-05,0.2566255660347132,2.9395685873425548e-05
2017-10-10,0.2522458743185578,0.2483891452536767,5.759106970811039e-05,0.2501299760561784,2.6414736884246244e-05
2017-10-11,0.24520548984332782,0.2383208947847198,6.398263101047655e-05,0.2424242155753623,2.7574988183672007e-05
2017-10-12,0.23740102294625462,0.23682591920568202,5.2923893221505266e-05,0.23696905551183026,2.2621259384003367e-05
2017-10-13,0.2301688442785299,0.22601549752689284,6.547193658623093e-05,0.22925758029576063,2.743840166127143e-05
2017-10-14,0.22258789983828609,0.21906513693378826,6.214590481522357e-05,0.22105077238447177,2.919374086026471e-05
2017-10-15,0.21548484192448997,0.21441684674330105,5.332952998593983e-05,0.21521604678218614,2.490197654853282e-05
2017-10-16,0.2092167947413972,0.21089969815457393,5.326308749349176e-05,0.21046743104060384,2.923054789247107e-05
2017-10-17,0.20350151358559906,0.20657860265438507,4.969781478419148e-05,0.20465017153305382,2.2777110986968136e-05
2017-10-18,0.22541872189578105,0.3002256809450677,0.0019337559503995127,0.22865608640883486,4.641256381693314e-05
2017-10-19,0.3243884490012,0.2323631296272996,9.002028131904717e-05,0.29011102448951387,3.419254743676838e-05
2017-10-20,0.29908467230811553,0.27842342972272904,5.561550577306051e-05,0.2890433602119722,2.968628383617113e-05
2017-10-21,0.2869009380087506,0.2833077353080652,5.858918035230377e-05,0.28489285512800905,2.5708194152465747e-05
2017-10-22,0.2813710673665792,0.2808133831839125,6.793927799817995e-05,0.2817431213185353,2.9968784179781865e-05
2017-10-23,0.2730592100372624,0.2725249552133538,5.520783837269276e-05,0.27293177572986044,2.9524067044235988e-05
2017-10-24,0.2640183517292111,0.263228414279666,5.569452101709698e-05,0.26390673166715517,2.6653062547570168e-05
2017-10-25,0.2549808488422473,0.253046374355087,5.9910827805182164e-05,0.2544734850047435,2.4044123239329917e-05
2017-10-26,0.2462382117960759,0.2445083251330755,5.6619082249909284e-05,0.24577554394801948,3.364820868607855e-05
2017-10-27,0.24116846598166503,0.24160565924043767,5.5806014585813935e-05,0.2415703323401874,2.625531641199784e-05
2017-10-28,0.23715092778721708,0.23533677309156395,5.97253046738558e-05,0.23580090022442796,3.527507846871545e-05
2017-10-29,0.23411988775122974,0.23492556134545176,6.662554491941072e-05,0.23513334428055735,3.368196427511453e-05
2017-10-30,0.2346572789405324,0.23103642808264457,5.1320114829626205e-05,0.23267015195613816,2.953348597304681e-05
2017-10-31,0.23078484855934916,0.22719968894897874,4.964964785624088e-05,0.22868802272244904,3.006206800127523e-05
2017-11-01,0.22618239564445602,0.2243970893977361,5.450159966620937e-05,0.2256530203860963,2.218133025779612e-05
2017-11-02,0.2219567082634396,0.2222461563775623,4.2746223190756126e-05,0.2219989392399423,2.5073893672580997e-05
2017-11-03,0.2181553441952767,0.21892148351874247,4.2686663094910114e-05,0.21833100036287928,2.114161543009026e-05
2017-11-04,0.23222550403445266,0.2939411744577065,0.0013788007390542582,0.23343085931277843,4.361526980563397e-05
2017-11-05,0.3266384459575947,0.2687449788333463,0.0004910737436531432,0.32070127489705746,4.958715757213602e-05
2017-11-06,0.3135460167480424,0.3097200149570952,8.296425546526204e-05,0.3120721203600015,3.112300136161817e-05
2017-11-07,0.29383983715422984,0.3001779381654784,5.0753179102109384e-05,0.29693770021875776,2.6629465961331662e-05
2017-11-08,0.2931991000118007,0.32233980259018813,0.0003239579017519922,0.2975270942137499,4.264846496892709e-05
2017-11-09,0.33219811624276524,0.32221918003494565,0.00029496671470552455,0.33115216143018855,4.365996455522519e-05
2017-11-10,0.31596808829584583,0.32282322087565435,6.815784142173566e-05,0.3184620962480032,2.8052392484542278e-05
2017-11-11,0.303623623937348,0.3125221652300136,5.087632574229073e-05,0.3083092568101227,2.3974366760328255e-05
2017-11-12,0.3069954861017402,0.32434942809824213,0.00019847721266779935,0.31068827618717754,3.453325469649039e-05
2017-11-13,0.3060013354470516,0.30147405562054425,5.459568656522375e-05,0.3033044298109948,3.137553372653087e-05
2017-11-14,0.29419539229661174,0.2929752942409259,4.69891156235361e-05,0.29398440144453597,2.6649071001129413e-05
2017-11-15,0.286157108668906,0.28483781352878285,4.3120206698445924e-05,0.2855746352389842,2.136823935326384e-05
2017-11-16,0.2798408431975019,0.2769339772615509,3.8242835290022456e-05,0.2780982764617471,1.8141424131091333e-05
2017-11-17,0.27454089617811905,0.27088620673395986,5.295939660438919e-05,0.2722470301553941,2.7527810986056314e-05
2017-11-18,0.27021506985018184,0.26733531231811614,4.9794932972300197e-05,0.2689856487410045,2.2547584938228784e-05
2017-11-19,0.26667212258431733,0.26319080302538805,4.269447873815323e-05,0.264634164903452,2.8146202304673052e-05
2017-11-20,0.2635331813247419,0.2577722605480327,4.60260474218884e-05,0.26037022232073326,2.4414970543908265e-05
2017-11-21,0.2602140390836795,0.25505661037378996,4.91365031049952e-05,0.25755228352910925,2.1398120773270647e-05
2017-11-22,0.25691872354262313,0.25224858655797294,4.6727926382393385e-05,0.25460976649203576,3.011779119586754e-05
2017-11-23,0.25378671957366084,0.2513750977414405,5.492367548803896e-05,0.2524752672152729,2.5994740801102375e-05
2017-11-24,0.26071023683250716,0.2691053180576548,0.0001345190000286778,0.2631313339320878,3.217515459278811e-05
2017-11-25,0.33275161261175107,0.32278604269925965,0.0009360478163456225,0.3326542344340941,5.20756336258176e-05
2017-11-26,0.3163039687169565,0.3233544779828974,7.066926192300081e-05,0.3195675829825964,3.9026299250336664e-05
2017-11-27,0.3020595538742127,0.3091857262487816,5.1267238735907205e-05,0.30550658763555544,2.4417838255273114e-05
2017-11-28,0.296790396016182,0.31093538542557775,9.991965525652791e-05,0.30165006575241204,4.14376236584749e-05
2017-11-29,0.304063367720442,0.2999461578742898,6.762095855993499e-05,0.301961470298444,2.814720545108965e-05
2017-11-30,0.30088095710295537,0.31546476457003686,0.00016860020561349168,0.3057990064780124,4.5417789298101686e-05
2017-12-01,0.3202133420052323,0.3176017053501408,0.0001699691292685033,0.32005577163361826,4.562585410740601e-05
2017-12-02,0.31380115671799774,0.3137757987876936,6.807160043811834e-05,0.31370981308092416,2.8683131707578467e-05
2017-12-03,0.3023352545227581,0.30508355883661115,4.155196294101818e-05,0.30428265945785204,2.4349353480889873e-05
2017-12-04,0.2946281780062404,0.2964808910228766,4.709416960329263e-05,0.29535555261637547,2.2462305714673062e-05
2017-12-05,0.28922699235180666,0.2888403474844125,5.9836457506423304e-05,0.2893867079654527,2.8184340859900875e-05
2017-12-06,0.2852393667833992,0.2837658662813995,5.3731942010812946e-05,0.2846745767653002,2.6282378733070255e-05
2017-12-07,0.28775107053282495,0.30332194667874623,0.00028696455462865617,0.2900931626097244,4.1469915607995976e-05
2017-12-08,0.32492607507745574,0.31319559483550063,0.00030017262711544635,0.32374192394211465,5.14063045127076e-05
2017-12-09,0.3186671785356058,0.35192109948342426,0.00017542197063777872,0.3261904800236074,4.843193502484461e-05
2017-12-10,0.39778904635424295,0.39721281831795247,0.0002873685681895966,0.3985666087540395,4.1360937056726996e-05
2017-12-11,0.3890615870823793,0.3910513731197025,0.00016704227632656344,0.38902921162066856,2.76745095540718e-05
2017-12-12,0.37354632323676434,0.3699508337734183,5.3252032915962956e-05,0.3714372318515123,2.7066704423683282e-05
2017-12-13,0.3641002877260515,0.36453872346793864,6.022729034482511e-05,0.36418800481850416,2.5227607403626017e-05
2017-12-14,0.36722406144618636,0.36376651672169685,6.730357013762413e-05,0.36537558008208576,2.7861588473238888e-05
2017-12-15,0.3945123574279666,0.39340947426631934,0.0002844918369301717,0.3942966031633672,4.885975857164834e-05
2017-12-16,0.3762064687760618,0.3667242262924676,4.762953315205888e-05,0.3712159420691655,2.4891291289318556e-05
2017-12-17,0.3661206979109867,0.36351637922559277,6.045062842810621e-05,0.36409772191508116,2.976117836615475e-05
2017-12-18,0.3806179575055145,0.37980361985691447,0.0002126829957183853,0.3813758717230818,4.1837923613317446e-05
2017-12-19,0.37248177912586705,0.3613112187597877,3.850609400412956e-05,0.3659599074792533,2.111818052586885e-05
2017-12-20,0.35845086197397985,0.3551800467653034,2.9409001898082192e-05,0.3564987331588032,1.6591493555141083e-05
2017-12-21,0.350210798364909,0.34998367554841514,4.143792450545861e-05,0.3497161497160656,2.7601782121577845e-05
2017-12-22,0.34866793068536667,0.3513200715847033,5.549494403737176e-05,0.34964679174061786,2.378247462450333e-05
2017-12-23,0.34341618039549027,0.34298492773361117,5.3090200419078606e-05,0.3434234166873166,3.656304347484777e-05
2017-12-24,0.33764158214221485,0.3387624336948361,6.200861909894589e-05,0.3385204529603645,2.3631427624965804e-05
2017-12-25,0.33218006404497036,0.3327796174936228,4.049751281789886e-05,0.3322756153497518,2.191947954612161e-05
2017-12-26,0.34202572032240336,0.3604149329028803,0.00014944165830246839,0.3475044497651459,4.653205117190165e-05
2017-12-27,0.38762774264012706,0.39392043377077995,0.0003228654576820627,0.3880171069647632,5.222126322607568e-05
2017-12-28,0.3742362694803092,0.37495836894008483,7.005319107190435e-05,0.375054586703553,2.8771334751034553e-05
2017-12-29,0.38699132202287245,0.3882225318997133,0.00018600540489639565,0.3878549973643714,3.605382768512474e-05
2017-12-30,0.37206701691391175,0.3651259139249894,3.154369962443221e-05,0.3674903264130145,1.967004547726914e-05
2017-12-31,0.3618038527755332,0.3637015446977041,4.563137565002384e-05,0.36312655400296057,2.9215982314204236e-05
2018-01-01,0.3818431548242341,0.387170826665846,0.0002165507416176114,0.3826675722425403,4.575151179011262e-05
2018-01-02,0.39307949241557494,0.3914686218794989,0.0001557654310062989,0.3926217980168203,3.672842639918635e-05
2018-01-03,0.384908208657717,0.38259818248913574,8.515922266155375e-05,0.3844356378905097,3.118175773376165e-05
2018-01-04,0.3733773270328193,0.3689573078648709,3.500135676627069e-05,0.3707598891062899,1.9871217854865028e-05
2018-01-05,0.366045931529386,0.3771917303746616,0.0001587521917141349,0.3688416868745892,3.849922810551546e-05
2018-01-06,0.41114469669910364,0.41132879993280996,0.00015599440779409877,0.4109662057270997,3.772010140655343e-05
2018-01-07,0.4064836058219009,0.4167138442470457,7.28774876750472e-05,0.41125414950497885,3.078744753606743e-05
2018-01-08,0.40404970541133406,0.39426706857699834,7.784361359086375e-05,0.4001740565761343,3.89555556498958e-05
2018-01-09,0.3829418135249305,0.37691071200683235,3.686336949612225e-05,0.3792965708135356,2.1999338270925435e-05
2018-01-10,0.37888502788774114,0.38019337142899234,9.19878347648082e-05,0.37950866096048,3.26018175889887e-05
2018-01-11,0.38300023960440066,0.3744216709626892,4.186935321877082e-05,0.37814803119371454,2.562311965173659e-05
2018-01-12,0.369047901557274,0.36659970030870626,3.6065013773388315e-05,0.3675860190410245,1.9965189493888743e-05
2018-01-13,0.3605258063843738,0.361639136830153,2.495514122576596e-05,0.36111240142057377,1.4975764931398835e-05
2018-01-14,0.3740978950621324,0.3771499285835535,0.0001349928992520428,0.3757356221930926,4.057642222149358e-05
2018-01-15,0.3674942040176313,0.3656834575884129,3.40305136790809e-05,0.3658514548431372,2.1289643769929684e-05
2018-01-16,0.3669177316442861,0.3786956923776445,7.635311237378701e-05,0.37171873978008846,3.0517154797181322e-05
2018-01-17,0.3741474053693328,0.36987406872643325,4.8808857717447615e-05,0.3715516755119491,2.6758385048721186e-05
2018-01-18,0.3607602072784287,0.3644073322578204,3.650835118219802e-05,0.3628893834298559,2.0707115217018086e-05
2018-01-19,0.3686368594581666,0.37707610294979743,0.00013912607682999085,0.3715428102934928,3.7828447341410284e-05
2018-01-20,0.3874565002748838,0.39828600139043274,0.00024592896755291026,0.38923645406587853,5.076920142838455e-05
2018-01-21,0.3870697762751503,0.3797734906187202,3.942438380205128e-05,0.3837180855442768,2.226970940833505e-05
2018-01-22,0.37591205207881423,0.37584417010743093,4.049730852687261e-05,0.37635958072210945,2.593102722145263e-05
2018-01-23,0.3690009991094341,0.36597001160083953,3.1245707151130285e-05,0.36736138328975954,1.8910379008578936e-05
2018-01-24,0.36110276079864595,0.36078495247146397,3.09263299511945e-05,0.36086838064931004,2.0962077873770888e-05
2018-01-25,0.36401632436328557,0.3792371119315056,0.00012858313375666448,0.36837928430239997,3.126190414666788e-05
2018-01-26,0.3836895678126715,0.3720632773625107,3.6339127956670134e-05,0.37637762367117483,2.4151513065958106e-05
2018-01-27,0.36731096967842547,0.36617356321319167,2.8314247474092183e-05,0.3664868965668519,2.1440379120091774e-05
2018-01-28,0.3593416458759645,0.3607070444544715,3.054335392864757e-05,0.36004044212467706,2.178341891727539e-05
2018-01-29,0.35402312658781016,0.3572851977530599,4.606374167456348e-05,0.35594361345973735,2.576847072161271e-05
2018-01-30,0.3510346570792924,0.3545754075726341,4.141708835170043e-05,0.3528760108972379,2.1891839960827767e-05
2018-01-31,0.3476021839186374,0.3518123573523672,3.572167114120018e-05,0.3502079495747533,2.4158130300512853e-05
2018-02-01,0.3841483685351221,0.39060910223344747,0.00028543240355163125,0.38505017048200485,3.9629826492383135e-05
2018-02-02,0.381316482561015,0.3766745633832218,6.370235913639537e-05,0.37944439429748045,3.146631920307249e-05
2018-02-03,0.37458761810988417,0.37781397254960064,7.366939394125223e-05,0.3764239965391754,2.9374411921201827e-05
2018-02-04,0.37997826035065124,0.37185105431902726,4.290925594568979e-05,0.37513986828219564,2.619952868565069e-05
2018-02-05,0.3844664524288516,0.38326009729727967,0.0001027504328150176,0.3836767798842938,4.148308829535457e-05
2018-02-06,0.3742710664122002,0.36969908789073075,3.482519256414201e-05,0.3711979599916331,1.6893007017438997e-05
2018-02-07,0.3663240138482888,0.36630707854445604,3.4017039765334495e-05,0.3659204631875728,2.240356357401366e-05
2018-02-08,0.3610701566636081,0.3612796739750177,2.766498295017046e-05,0.36150967724736355,1.5785049469131535e-05
2018-02-09,0.3611985570323288,0.3638542468050876,3.6289747403151926e-05,0.36293868826440806,1.7294167670626587e-05
2018-02-10,0.36158841617681386,0.3591912303491522,2.651915493396531e-05,0.3602295948794035,1.8667741544092017e-05
2018-02-11,0.3702595913351672,0.3784460149318697,0.0002280940291359205,0.37214904569816043,4.3261747576719406e-05
2018-02-12,0.3724031491262194,0.36312198960137543,3.8377702423333124e-05,0.3668646655353772,2.1762452521630064e-05
2018-02-13,0.37097922200735284,0.37915397890368296,0.00012199353118616077,0.3735035757153316,3.932918259950085e-05
2018-02-14,0.3930262318242125,0.403175966072965,0.00020668819930767774,0.3953062057105862,4.114404527033686e-05
2018-02-15,0.3914954351984061,0.3735623265898324,3.60657298623739e-05,0.38135427368142544,1.9707033645295615e-05
2018-02-16,0.39370920305856044,0.3815487136938952,6.615542816969771e-05,0.3878311437637757,3.358618105789378e-05
2018-02-17,0.3935844503664696,0.38490345726248953,0.00012791444454852952,0.39105848157948503,4.296236915691877e-05
2018-02-18,0.3885387401194204,0.3869637565644207,9.597934615831311e-05,0.38757519548106034,3.3202552036262004e-05
2018-02-19,0.3846804449103163,0.37466833968242774,3.179192204177151e-05,0.37832269287517634,1.9867648987805172e-05
2018-02-20,0.3962447677161164,0.3938405537187327,0.00015412458135054543,0.39503228357118914,4.6210244528974305e-05
2018-02-21,0.3969896258314274,0.3900330460972945,7.852036742536433e-05,0.3943313599540402,2.4912682791632907e-05
2018-02-22,0.37982826132859737,0.3726123483413676,3.091029249353575e-05,0.37549095564422075,2.0430738339847126e-05
2018-02-23,0.37108613172856686,0.36421449211571477,2.778205431903276e-05,0.3662835338385134,2.149664025603535e-05
2018-02-24,0.36518460894638227,0.36012519783484825,4.109004113588922e-05,0.36207670793531277,2.207487362997359e-05
2018-02-25,0.3605768985543829,0.35783565166823084,2.9326788741644985e-05,0.35843793062519824,2.0648065872142525e-05
2018-02-26,0.3546078762174046,0.35542714088551347,3.8278280939035756e-05,0.35485842509418464,2.0264800746163974e-05
2018-02-27,0.3493611262094285,0.35301199656602317,4.383347328152171e-05,0.35132180883461556,2.098176366519143e-05
2018-02-28,0.35469786631991734,0.385090416201622,0.00024531611592716135,0.3592387514485349,3.8129391384957735e-05
2018-03-01,0.3828976563135618,0.36408966531527814,5.3812286703821876e-05,0.37383312154979914,2.7014009871727773e-05
2018-03-02,0.3913162170711429,0.3935417780089705,0.00020429117650773825,0.39173559675958564,4.404904257909063e-05
2018-03-03,0.38689012190129485,0.3798070146768036,6.327930642649314e-05,0.38374197237288404,2.6287658458730294e-05
2018-03-04,0.38328597983156054,0.3784083305353828,8.588130551168633e-05,0.380480798821759,3.3387825591153355e-05
2018-03-05,0.3767584743017797,0.3674579722100742,3.4561241662047846e-05,0.3710482530895248,2.0764546783279254e-05
2018-03-06,0.37467602999802363,0.3688612517869067,4.046757072767702e-05,0.3714384116718466,2.367825491912597e-05
2018-03-07,0.36963978823343685,0.3661333473418024,4.450436161224849e-05,0.367686898374415,2.363480103205394e-05
2018-03-08,0.3620083816500038,0.35666015758799774,3.0164923489441162e-05,0.3583142104859157,2.0529169220090092e-05
2018-03-09,0.3561738143364697,0.3606299696950326,4.101629970346076e-05,0.3582835678815454,2.3931936629656936e-05
2018-03-10,0.3807158713384024,0.3756886975612021,0.0001673516524002802,0.3801178036309286,3.5732230332279274e-05
2018-03-11,0.38665675533142296,0.37744532117312457,0.00012097860335483462,0.38437257585833234,3.938935446131657e-05
2018-03-12,0.3809431910582801,0.3808643651742468,6.88939938187922e-05,0.38057827412637274,2.8131022544630952e-05
2018-03-13,0.37277976276180147,0.36450316126418664,3.5559036854650634e-05,0.3673261111144612,2.6137205435835217e-05
2018-03-14,0.3642086955927513,0.36475906780669026,5.265051568169597e-05,0.36469223233319137,2.582724695317904e-05
2018-03-15,0.37603483346705885,0.3633152736304322,6.886981310527248e-05,0.3707088136428138,3.536399500806901e-05
2018-03-16,0.36843251817143097,0.36827620395213273,6.214825256314123e-05,0.3674264746397441,2.6710884974829705e-05
2018-03-17,0.37009503436763863,0.3694835509558665,7.294958887294868e-05,0.3698680585108842,3.2489666174042186e-05
2018-03-18,0.37894358192770494,0.38207474489648713,0.00016177894460259217,0.38053750986835916,3.447153931371264e-05
2018-03-19,0.38740170385416695,0.39066620439123506,0.0001794538093231141,0.38811320661741006,5.043681769721484e-05
2018-03-20,0.38100696792897437,0.37150383625675487,3.8289203410589146e-05,0.37541150036933213,2.15147188208372e-05
2018-03-21,0.3687514253133051,0.36130057620718226,3.945175229389084e-05,0.36441022389931615,2.6201867899108394e-05
2018-03-22,0.3592788180665504,0.35611895476133243,4.265432542395149e-05,0.35836839887996136,2.4490344628088207e-05
2018-03-23,0.353803202397206,0.3526490454572054,4.999384706017663e-05,0.35393887627746146,3.0063591298172884e-05
2018-03-24,0.3874685126034315,0.38789047945883376,0.0003224726185341795,0.3877321051299041,4.711903271277714e-05
2018-03-25,0.37250817676107206,0.37211700562771965,4.739888769216654e-05,0.37259198666683424,1.8708357716284343e-05
2018-03-26,0.3803375311416537,0.3780510389234341,0.00011232527700733145,0.37996916017924365,3.987467148592727e-05
2018-03-27,0.3891780869076225,0.3941748838358395,0.00021831486144919512,0.3906934428332067,4.1077270901305044e-05
2018-03-28,0.39092674557695267,0.38638872156138027,0.00010292730024893764,0.38986091078856133,2.652349382485841e-05
2018-03-29,0.3886330936053538,0.3705726514821655,3.840229141536425e-05,0.37797307787534246,1.836322233004162e-05
2018-03-30,0.3770345359441448,0.3685634966804317,4.030840390502338e-05,0.37220603346621073,2.4686401572067998e-05
2018-03-31,0.3874408920773249,0.3940246222147149,0.0002102487277897177,0.3891340133454175,4.8475627322291037e-05
2018-04-01,0.3772870817124362,0.36400843532508576,3.581103480822793e-05,0.3692305912729983,2.0927894728266883e-05
2018-04-02,0.36429574263804043,0.3551249105345816,3.430458943636281e-05,0.3587436436619108,2.325385115669552e-05
2018-04-03,0.36694763863102214,0.3679918871802313,0.00013728663549926912,0.36784883817579356,3.151447997591435e-05
2018-04-04,0.38051322597783277,0.37263916227478044,0.00015796753328981475,0.3782109090832353,4.497757165094314e-05
2018-04-05,0.3699885423434782,0.3627091859059376,3.3950187219056405e-05,0.3651474687256168,2.2438902014461097e-05
2018-04-06,0.3559226287969511,0.35391262377587707,3.6974289059873845e-05,0.3544607893852657,2.1252647771701963e-05
2018-04-07,0.3508985293076853,0.35984608913799393,6.29100961186368e-05,0.35594330840065475,2.6518447410954272e-05
2018-04-08,0.39006241658235713,0.4030981770134589,0.0002708341184424278,0.3930244043917912,4.8979422335674794e-05
2018-04-09,0.38857581638125593,0.3906136210163027,0.00016445087429981263,0.3878716422954195,3.877171826628582e-05
2018-04-10,0.3988589057343391,0.3894256024897672,0.00023991957679394204,0.3972946828140283,4.324696498127113e-05
2018-04-11,0.400103273063782,0.4000254546040089,0.0001423105355943416,0.39995377589182746,3.4712163609879905e-05
2018-04-12,0.3868807750333855,0.36980449362275225,3.28740109540722e-05,0.37683556539280516,2.1864013120877346e-05
2018-04-13,0.3817647095589321,0.37503352053832084,0.00013714739165319288,0.37911832429639053,4.124769721176056e-05
2018-04-14,0.3806604641648159,0.3617629308810353,4.0468406307176556e-05,0.36948341257398093,2.1811837643860844e-05
2018-04-15,0.3664983594042152,0.35197716532773576,3.291148912208014e-05,0.3571611430415429,2.0869183770828297e-05
2018-04-16,0.36487530565027754,0.3583388042274523,4.629391978513371e-05,0.361537281541756,2.6333679693605232e-05
2018-04-17,0.3561884232579861,0.34470984610262784,5.345565754078022e-05,0.3508920713414525,2.591699141784867e-05
2018-04-18,0.3426037701638676,0.33412975867268196,7.296096997761793e-05,0.338630541278113,3.556227592294258e-05
2018-04-19,0.32902492117029336,0.3261892754045448,8.267173680265324e-05,0.3276981628827083,2.933715990545056e-05
2018-04-20,0.31627588617449465,0.3146983105838028,6.683531238211177e-05,0.3158485649590764,2.887966158572433e-05
2018-04-21,0.3062567042842072,0.30162109346255755,7.284467686496654e-05,0.3036280733721366,3.2305145862370844e-05
2018-04-22,0.2974579959945338,0.29061877742406084,8.268630697681159e-05,0.29480331572427504,3.471665110621098e-05
2018-04-23,0.29483268615470554,0.2957523871843193,8.607854822690364e-05,0.29483865199343134,3.3529332091892916e-05
2018-04-24,0.29139689204585784,0.2861247637238597,7.229337386624387e-05,0.2889732995618829,2.9245006849001088e-05
2018-04-25,0.28654139430218123,0.28825978050596573,6.072856366729828e-05,0.28738479336241457,3.200515199103399e-05
2018-04-26,0.2817079787967292,0.28057382669312325,5.5052500239510175e-05,0.28133933099369296,3.6690714097140716e-05
2018-04-27,0.27364679550048504,0.272520021227882,6.0578831832397846e-05,0.27302830371687287,2.716583544696958e-05
2018-04-28,0.2954125336701968,0.3714333323314695,0.0009155259609588292,0.3001199234648262,5.772990752842611e-05
2018-04-29,0.40425840580514216,0.4039247716551087,0.00028955840706361647,0.4053867402189175,4.028214250320642e-05
2018-04-30,0.39284980010976406,0.3836816731222326,9.938792080659813e-05,0.39010035720387287,3.5260019002877544e-05
2018-05-01,0.38177286616615186,0.36725958418819293,5.1033154257698985e-05,0.3745600365127509,2.8643567522572265e-05
2018-05-02,0.3669694290891405,0.3564370175285844,4.5682806524785977e-05,0.3614018320000284,2.729894759865714e-05
2018-05-03,0.38200119943961286,0.37477205324261226,0.0001598548007890238,0.3798150456839035,4.3234328841172235e-05
2018-05-04,0.36975082428565686,0.3564694774775281,5.03315738348929e-05,0.36270962408289553,3.0187433574991618e-05
2018-05-05,0.3565415399149937,0.34856746128015353,3.905372687206736e-05,0.35199816554712404,2.053264901674714e-05
2018-05-06,0.3444270842238637,0.33111824848372046,8.599245641139647e-05,0.3388467260327547,2.668401519438031e-05
2018-05-07,0.3366295061464562,0.3360610540161526,0.00010122492881422718,0.33637651879811925,3.0152568545328247e-05
2018-05-08,0.3390998854702409,0.3292667439273306,7.055316663569777e-05,0.33456337042144263,2.5337958619823446e-05
2018-05-09,0.34032981121080946,0.3382798272204963,0.00010577275307696033,0.339489686581325,3.985512481340513e-05
2018-05-10,0.3358720904827275,0.33300960541359936,7.351660454200149e-05,0.33441686479868415,2.403176459550851e-05
2018-05-11,0.3233786182350863,0.3138750175468465,7.03971760052652e-05,0.31922615721607445,3.192231947234018e-05
2018-05-12,0.3500757711144016,0.37262719269566047,0.00039800800391098616,0.3518591879904818,4.15515198273673e-05
2018-05-13,0.3798441647703113,0.38030273405695314,0.0002972389053394273,0.380213543312605,4.968907094495173e-05
2018-05-14,0.37820706537957854,0.3790161385617625,0.00012337901455458785,0.3785391175188989,3.4839698109148455e-05
2018-05-15,0.39394305279658026,0.38908400673709326,0.00020242678759226787,0.39318144659758403,3.262142980466854e-05
2018-05-16,0.38156754488428063,0.36587788322343456,3.5714398824012346e-05,0.3721183811674597,2.0141602889148804e-05
2018-05-17,0.3660294079842441,0.35021163753699264,3.852635606440469e-05,0.3565244040614067,2.2737535772594048e-05
2018-05-18,0.3522790684368494,0.33789209902571105,5.975434460875322e-05,0.3446554812006932,2.3376154785448288e-05
2018-05-19,0.3383589759815327,0.3308087178506133,5.945306300488602e-05,0.33417872187246395,2.6908241908660062e-05
2018-05-20,0.3269447754604204,0.3186937554296414,7.375387064612439e-05,0.3236647490147941,3.326231079911842e-05
2018-05-21,0.3164648577911147,0.3134154855308564,0.00010704673792825999,0.3158399883379143,4.355535109594831e-05
2018-05-22,0.3334903807987651,0.3378166777216933,0.00029784436470294543,0.33518162087685566,4.257682623777581e-05
2018-05-23,0.32918621566097034,0.31909456929292485,8.945131510278427e-05,0.32554326966189445,3.8532697125132424e-05
2018-05-24,0.31012820590289664,0.3110079529092916,8.029424897422339e-05,0.31058868019892744,3.153878006132383e-05
2018-05-25,0.29843022671434394,0.29600812293803774,8.985497210229295e-05,0.2974975232562991,2.9453987252535247e-05
2018-05-26,0.32259730169736045,0.3686618453911986,0.0006496804986730371,0.3254265113893931,5.596112414909769e-05
2018-05-27,0.37193716101350277,0.34002572977083323,0.00018379062855641067,0.36476888693744997,3.915187360717886e-05
2018-05-28,0.3982942633507366,0.4104321987043938,7.023542724494073e-05,0.4037345769302587,3.2651952551883755e-05
2018-05-29,0.4059491186669308,0.3897580115356066,0.00013987682479749082,0.4022488210256838,3.734844933775565e-05
2018-05-30,0.40177740362977654,0.40868003020867577,6.691755045049767e-05,0.4049538529647672,2.7942142209566247e-05
2018-05-31,0.39943334013750936,0.37225582034467947,4.914361271074468e-05,0.3855291590673622,2.5354422634515673e-05
2018-06-01,0.376619938579642,0.35267719355435484,5.722962379848527e-05,0.36507122643887363,2.797235125483429e-05
2018-06-02,0.3597646861658569,0.3442559305166628,5.5142830941300144e-05,0.35211350572094774,3.115610544271574e-05
2018-06-03,0.3525129027308521,0.3521651491297413,7.615864523524524e-05,0.35169088515549596,3.02132313134001e-05
2018-06-04,0.37096805086046436,0.36981280208916084,0.00016569676031067228,0.36978265088500994,4.02336345462821e-05
2018-06-05,0.41574119610710175,0.41836385101541956,2.6850159789249464e-05,0.4173878069076491,2.144593648613536e-05
2018-06-06,0.41116868023452924,0.40589671963336676,0.00010726672161353165,0.40924802227540286,3.927854472446696e-05
2018-06-07,0.3904090902567353,0.3716818657339936,4.924693316357994e-05,0.38035408009800925,2.6043172839049894e-05
2018-06-08,0.37126210477042076,0.3496586341872797,4.865720622435213e-05,0.3601978737425295,2.3113120401452108e-05
2018-06-09,0.3674045975247364,0.37326794260400736,0.00025138722082475686,0.366852330941531,3.9017417448638316e-05
2018-06-10,0.4070747083298027,0.41100117581296536,0.00021249369232273572,0.40761340541243685,3.11924601952885e-05
2018-06-11,0.41023351483242876,0.4066868371159387,9.967070723107187e-05,0.40878401466953757,3.190782333530756e-05
2018-06-12,0.4097048672623048,0.4169011658365851,4.5637028177119794e-05,0.41407899967399553,2.3303467508901214e-05
2018-06-13,0.397229217043529,0.3816256440795104,4.630764835720193e-05,0.3882512356926046,2.580813190983976e-05
2018-06-14,0.3845780106174455,0.3664664523453631,4.601075510054565e-05,0.37455195841888517,2.190838067569459e-05
2018-06-15,0.38340277888064966,0.3656808616039027,0.00010053837621045127,0.3778776685375874,3.258455970110419e-05
2018-06-16,0.3741724390763037,0.35983249555773983,4.7592276253523754e-05,0.36677568571151076,2.0617474587556692e-05
2018-06-17,0.36584873185012934,0.35346954280837634,5.943362010635161e-05,0.3598341477219953,3.091256051260979e-05
2018-06-18,0.36080905625305326,0.3462905876752217,6.594410158498061e-05,0.35499486588468576,2.9954192208082998e-05
2018-06-19,0.3502075817070887,0.3369296399015437,8.162147686870081e-05,0.34455973729894024,3.376384521902268e-05
2018-06-20,0.33505131641640973,0.32107863865980996,0.00011915421304539031,0.33115818567304184,4.315761639556814e-05
2018-06-21,0.32399664818848967,0.3211041416796445,9.723298503228756e-05,0.32317323951539106,3.4030378994841754e-05
2018-06-22,0.31329276189005795,0.3105199384271344,8.66863427998562e-05,0.3127106117202098,4.066634453984212e-05
2018-06-23,0.29868188119079075,0.2974549389399685,0.00010117537653100115,0.2986098891685891,4.3488249585368893e-05
2018-06-24,0.2864562829855163,0.28237037805990084,0.00010971892041633303,0.28564890658842007,3.4793095436089604e-05
2018-06-25,0.274633868127653,0.2705928043863055,9.627478210043317e-05,0.2729975073617404,4.1406671520926155e-05
2018-06-26,0.2624485293517693,0.2577892482650384,0.00012516338813909153,0.2612459511218056,3.871172810486678e-05
2018-06-27,0.25169470829396107,0.24503902845734618,0.00013172555044999032,0.24877466554353023,3.452434629213592e-05
2018-06-28,0.2419087571025152,0.23911536646475093,9.275561052053094e-05,0.24052888788550283,3.5576830707519204e-05
2018-06-29,0.23333647515057887,0.22930756643894198,9.091688211118806e-05,0.23129919914837932,3.3714656191271e-05
2018-06-30,0.2243106042749714,0.21922931241435062,8.419196854407381e-05,0.22260054472367988,2.6649547617606665e-05
2018-07-01,0.215443969225061,0.22138979603732845,0.00010773733957708659,0.2171168488893506,3.1787636162813263e-05
2018-07-02,0.28921807624045137,0.2718232201048977,0.0008869762087302021,0.2869293710691979,5.8333330345324695e-05
2018-07-03,0.2777501206505278,0.2809528085577988,0.0001269803643634113,0.279149210055765,3.1727288752192224e-05
2018-07-04,0.2793279487094499,0.32304686813641786,0.0005780980388493286,0.28358492212527847,4.396920554115148e-05
2018-07-05,0.32082815911388063,0.30187559074284936,0.00023245269085397027,0.31661953895195416,4.978278725734479e-05
2018-07-06,0.30098827792283017,0.3036989652032892,7.532904048026956e-05,0.30184704375394855,3.27755111199156e-05
2018-07-07,0.27898526721996736,0.2789844472378811,8.784823026430838e-05,0.27863175600327855,3.809160258363304e-05
2018-07-08,0.2569758128414552,0.2578869719420612,9.765850301504506e-05,0.25771790129436206,3.397833869785237e-05
2018-07-09,0.2384867003542635,0.23818447936337242,0.00011061105872047831,0.23784970737413755,3.0485327274413384e-05
2018-07-10,0.22334630360977092,0.22097082784327515,8.916621741046906e-05,0.22260850193329368,3.267228319381412e-05
2018-07-11,0.2102018524454299,0.2106129544113066,6.131294748193816e-05,0.21069014148158646,2.5932039409082505e-05
2018-07-12,0.1994527256863606,0.20104318480574146,6.750672619695611e-05,0.20030377750214798,2.1870814032099525e-05
2018-07-13,0.19013406541154154,0.19202290177393821,5.213214144267531e-05,0.1911522961882695,2.460579825976206e-05
2018-07-14,0.19130750411909922,0.19857722333903918,0.00010381103716138292,0.19420386845355606,3.4221703618385124e-05
2018-07-15,0.20483388665532118,0.24615779443794522,0.0010804434764636235,0.2080453946205006,5.682036716403487e-05
2018-07-16,0.31406594746188915,0.3041226333484066,0.0021063381580054127,0.3133187138866286,6.22661124783465e-05
2018-07-17,0.31468092368661843,0.292478069805105,0.00010487340597166375,0.3072949222475451,2.7345298585756495e-05
2018-07-18,0.28428255778478795,0.2877958266139581,9.705497335294293e-05,0.2858260154920113,2.926718045405501e-05
2018-07-19,0.26400230255535984,0.2622745903114623,8.311109403056385e-05,0.2633092362422271,3.0170818511093563e-05
2018-07-20,0.2586175063281673,0.2761683189680534,0.0002835258828788909,0.26152328714715345,4.3284344080484415e-05
2018-07-21,0.2594324876645848,0.2511258659229672,8.339241721352801e-05,0.2568771127063137,3.1560133324323386e-05
2018-07-22,0.2453156624093145,0.2400996591168309,6.926826145914317e-05,0.24367180218790527,2.588053527525443e-05
2018-07-23,0.23036489602937044,0.22243803627752778,9.684853141663526e-05,0.22721320626946062,3.578013803117263e-05
2018-07-24,0.21504534950507775,0.20767283208234633,9.162246637707358e-05,0.2129855578374083,3.5640591661751274e-05
2018-07-25,0.20134374332410354,0.19806945863123815,7.061869096787524e-05,0.20051537827479604,2.9898342474737074e-05
2018-07-26,0.18987932003500926,0.1862332777106295,7.009267288771685e-05,0.18852447876934486,2.9728902789453824e-05
2018-07-27,0.1825583759389032,0.2091193559092073,0.0003590355608475304,0.18578460385686374,3.796773541750615e-05
2018-07-28,0.3073651476647572,0.28117858383403155,0.0024884763935610716,0.3074038375066036,6.137922259999316e-05
2018-07-29,0.28349239054357306,0.28084036588529154,0.0001031924320150035,0.282232510865146,3.958258086200519e-05
2018-07-30,0.25607787553944644,0.2559217417708038,0.00010305775671265276,0.2561115897911771,3.408970087413119e-05
2018-07-31,0.2375296884259049,0.24262926189269218,0.00010010291868531719,0.23970360980609734,3.2038845937252106e-05
2018-08-01,0.22543103412880683,0.22063415559944896,8.428480329520009e-05,0.22340258876879232,3.380892499109272e-05
2018-08-02,0.2086767650330709,0.20340273235923287,6.845528427249447e-05,0.20564152769133276,2.7589215025753218e-05
2018-08-03,0.19360718363728985,0.18953070600023683,5.4548773815807885e-05,0.19154667982231038,3.335364141015105e-05
2018-08-04,0.18101930972934213,0.1813769838472283,7.29620730989655e-05,0.1816502426536667,2.1230743794535513e-05
2018-08-05,0.17138143660586708,0.17320405004007589,5.741408201535814e-05,0.17215340726253328,2.962660614860963e-05
2018-08-06,0.16375946806148642,0.16648601526979948,5.9247196769679506e-05,0.16521277606937168,2.3807763399351177e-05
2018-08-07,0.1583160407144614,0.1643482965432692,3.793221377069945e-05,0.16186693507709662,2.1703104419720963e-05
2018-08-08,0.15578079514890847,0.16301026653086603,4.7166435953839396e-05,0.15914578591920725,2.957685399728249e-05
2018-08-09,0.1635440391944913,0.176624195757131,0.00011541134970152614,0.16810454718643686,4.0096438001548134e-05
2018-08-10,0.1647488077689341,0.1654368781935165,6.0955567804959173e-05,0.16435774024972813,3.8703918370099794e-05
2018-08-11,0.1597503723457808,0.1611553244616376,4.689217647803948e-05,0.1601374651216544,1.9164222040643492e-05
2018-08-12,0.16906609481912516,0.21664929213293382,0.0010906432266076752,0.16972983446513643,3.732116670734307e-05
2018-08-13,0.30565601696868766,0.21753984498343656,0.0007744474578564109,0.3007530691206614,3.9886424845712176e-05
2018-08-14,0.2848634402316802,0.2859419322982193,8.244555126741079e-05,0.28582409797971337,2.6285361078641636e-05
2018-08-15,0.2584910826481306,0.259988124994154,7.340881265194015e-05,0.25934670212774724,3.4133406973660663e-05
2018-08-16,0.23806033986237923,0.24538856117679658,9.166722599761127e-05,0.24067793197261866,3.1613526427694226e-05
2018-08-17,0.23109027282524586,0.23228832838778896,6.006719870709344e-05,0.2313152523843273,3.138353782189532e-05
2018-08-18,0.21656392166476854,0.2168372452838894,5.76292680758394e-05,0.21626321510981533,2.854562303470579e-05
2018-08-19,0.20184084644201258,0.20009386191236622,5.099214716778551e-05,0.2012060584681645,2.891206866294862e-05
2018-08-20,0.18863355124141,0.18892229380118278,6.806852328526454e-05,0.18837300504740334,3.0031345291828073e-05
2018-08-21,0.1783949066226809,0.1791617902332619,5.74177274912608e-05,0.17868619901787144,2.446365204789456e-05
2018-08-22,0.1711961104870361,0.17284582249636413,4.161276533354393e-05,0.17137549960803217,2.079712319168033e-05
2018-08-23,0.17643875531635622,0.18637503576399722,0.00012566289607120632,0.17894939418285108,3.716598372108856e-05
2018-08-24,0.19079725747422768,0.18358486714427888,8.382879694118558e-05,0.18828083551577746,3.1489256570665046e-05
2018-08-25,0.19292474896973913,0.19931531784665182,0.00011287231273057967,0.1951948483391273,2.7064191776472924e-05
2018-08-26,0.19435402673734373,0.186252477933318,5.519825993469326e-05,0.1909500480969485,2.5115990816134067e-05
2018-08-27,0.18510417351538264,0.18134774909298063,5.6166390481216694e-05,0.1829576747872762,2.6550970930725777e-05
2018-08-28,0.1765817600230261,0.17899039289847415,7.126880159857416e-05,0.17732588059652302,3.83389569702901e-05
2018-08-29,0.1791772362497475,0.18332404164263194,7.745397828445737e-05,0.18126338383862772,2.8606755014276505e-05
2018-08-30,0.1755287602873441,0.1749398326598321,4.567407568800428e-05,0.17512403933278353,2.6550826841788632e-05
2018-08-31,0.17028896111523387,0.1711678159943884,5.8609634372452234e-05,0.17105727648394556,2.5286762218124343e-05
2018-09-01,0.1661323195662356,0.16718146263516676,4.545253938399e-05,0.1661821519537842,2.3109159844590165e-05
2018-09-02,0.1614966449283632,0.16282321367890393,4.776751368015785e-05,0.1620155713282959,2.8446059977033446e-05
2018-09-03,0.15784880136932106,0.1597606431293212,5.66440967463461e-05,0.1587875469778137,2.8571890941962507e-05
2018-09-04,0.15504790777170557,0.15711305063063707,4.155836419695783e-05,0.15615069164071962,2.9269924711318447e-05
2018-09-05,0.15511188880512616,0.16569463210793955,7.300802867938869e-05,0.15928745607441608,2.4547426480207412e-05
2018-09-06,0.2743760622245584,0.273656953000071,0.002798619863705925,0.27283847644212544,6.109813992979158e-05
2018-09-07,0.2970406041548405,0.26212862258054687,9.170185618955885e-05,0.28387189233062554,3.832231995324078e-05
2018-09-08,0.2675930279759961,0.26063877219985776,6.301386286280238e-05,0.26414635928058167,3.398516468396164e-05
2018-09-09,0.2448586195822294,0.24715305989695158,6.047769565093275e-05,0.2455912467040692,2.3544639932468063e-05
2018-09-10,0.23006452630434537,0.23018305107763953,5.49983729179716e-05,0.230053033639272,2.420531918135219e-05
2018-09-11,0.21545181038276812,0.21197354267131466,6.535655672195126e-05,0.21426177124025558,2.583818649860802e-05
2018-09-12,0.2051195524170948,0.207387316133989,7.701890321992115e-05,0.20643899599059662,2.704195193738473e-05
2018-09-13,0.20224741637284543,0.20026661156130804,5.3883642103258244e-05,0.20166600727215506,2.4058199051349865e-05
2018-09-14,0.19691985015884603,0.19449593154205602,5.6331148944389496e-05,0.195725840215601,2.4473116155526374e-05
2018-09-15,0.18936967603400734,0.18791878511560647,4.8204700452784074e-05,0.18836212955025677,2.024488583973254e-05
2018-09-16,0.1814126132540026,0.18084131283581992,4.175112083077814e-05,0.18096730995757426,2.959611435948535e-05
2018-09-17,0.17472866168073442,0.17588859722065855,6.020464247871346e-05,0.17530483711652078,2.740081002274891e-05
2018-09-18,0.1707461700416533,0.17749695960184325,6.0811224086541245e-05,0.17467378425553132,3.071936059077039e-05
2018-09-19,0.17017844692176753,0.1704263336429984,5.189364030317584e-05,0.17022259381932991,2.4819870940540303e-05
2018-09-20,0.16599277812929492,0.16658697662976268,4.6636218392748187e-05,0.16697919045538806,2.769925805900757e-05
2018-09-21,0.16434496940253124,0.1702776494422883,5.537825393152964e-05,0.16701039186342026,2.298760617673818e-05
2018-09-22,0.16423528020830913,0.1665537099840874,4.2011644487494346e-05,0.16586750216355184,2.12090348636642e-05
2018-09-23,0.16177434397747947,0.16820827418785064,4.5851941142563715e-05,0.1657826228498142,2.6670015101440752e-05
2018-09-24,0.17976042252757046,0.18026220783840433,0.00012595407002677678,0.1802376862045827,3.05713707807032e-05
2018-09-25,0.17477467946956676,0.17798418132010385,4.846540169005235e-05,0.17632104919384073,3.277947763747002e-05
2018-09-26,0.1703831857234482,0.17397795741633182,4.6313117201474e-05,0.17262622002959066,2.239225624925634e-05
2018-09-27,0.16626797015267503,0.16973204605342737,3.852797995151461e-05,0.16820179432733665,1.7568843812785624e-05
2018-09-28,0.16307411413764117,0.1663313066695331,4.251598102565643e-05,0.16495356724198762,2.688299025680981e-05
2018-09-29,0.1606062660264038,0.16482955295774634,5.925936865933835e-05,0.16286067244335808,2.7031523965402254e-05
2018-09-30,0.1589547439433164,0.16291534535099594,5.415960087208549e-05,0.16138610748409385,2.2391776567138373e-05
2018-10-01,0.15784616739705143,0.16327118841344376,3.907685833001918e-05,0.16066028327791954,2.219318444408067e-05
2018-10-02,0.15689336667361523,0.160954952883703,6.0744230222774716e-05,0.1587087062563954,2.3807655098882524e-05
2018-10-03,0.15589324351446926,0.15932464341508784,4.7344684337773216e-05,0.15783958309958235,2.5558165322263215e-05
2018-10-04,0.15531253468634634,0.1583482116309962,4.219883438330233e-05,0.15669149202224036,2.7703217276572526e-05
2018-10-05,0.15443718220335934,0.15708054009910588,5.403556763376228e-05,0.15597868975411042,2.3433059352705863e-05
2018-10-06,0.1653120680931751,0.2061966713295474,0.0010699937288149476,0.16649861686881637,6.788472629480867e-05
2018-10-07,0.2668218363509086,0.25125523852445214,0.0020303501625731322,0.2660814967486933,5.008681762332571e-05
2018-10-08,0.2949099591678845,0.25475553471770107,7.357676349719731e-05,0.2784881159982828,2.5026574354759734e-05
2018-10-09,0.27472474559426174,0.2621900333315184,5.9252402854856083e-05,0.2686682383669932,2.96557502053644e-05
2018-10-10,0.3106488925347182,0.3287280113435688,0.0007661382742254234,0.31170295445768664,3.741814170031684e-05
2018-10-11,0.3003620647207343,0.3015326876277641,8.095266198691759e-05,0.3002325620794868,3.469347820305454e-05
2018-10-12,0.27977403588030236,0.2839113604883798,5.5885732536060955e-05,0.28158779306192644,2.9809778076405194e-05
2018-10-13,0.2612964478389148,0.26773894531782444,4.139721956517386e-05,0.2650079772691326,2.2283247645315035e-05
2018-10-14,0.30926776235552456,0.37147083625241345,0.0007068500027099284,0.31460475518209935,4.880912824588998e-05
2018-10-15,0.384965047077675,0.3742076195933847,0.0004743843053601892,0.38408198324406734,5.544069381338842e-05
2018-10-16,0.3418252900567787,0.35110392269711993,4.9486001103025223e-05,0.34694919803072205,2.5052944440908065e-05
2018-10-17,0.3266759049816552,0.32980563221987325,5.3902969852556155e-05,0.3285577529992568,2.8787159045401825e-05
2018-10-18,0.32377476442213143,0.3236464839915648,8.706292703813101e-05,0.32400288290790863,3.437633590147435e-05
2018-10-19,0.31689728951944024,0.3072428747096133,5.910494906126719e-05,0.31250058406801134,2.5124313976315987e-05
2018-10-20,0.3071642120004545,0.2960073888578709,4.753123005551565e-05,0.3020258691912741,2.5664083240326335e-05
2018-10-21,0.299211219781067,0.28801408317102967,4.5747106562894957e-05,0.29293580490907906,2.442632380872129e-05
2018-10-22,0.29166430354829725,0.28041095850068076,5.463454764995198e-05,0.2859550769579881,2.5720755804636786e-05
2018-10-23,0.28450262213963357,0.2743686909174802,5.4216171491098656e-05,0.2792865645950811,2.397420169498342e-05
2018-10-24,0.27832174049954417,0.26726997486882287,5.3781558865899067e-05,0.2728863183955965,3.55039936921525e-05
2018-10-25,0.2731237185775723,0.26265715766822545,6.930814321226618e-05,0.2683608551961542,3.3074161524052375e-05
2018-10-26,0.2702479457705916,0.2634912763354957,5.5517151620080034e-05,0.2667599311166295,3.189758757228884e-05
2018-10-27,0.2736269878307004,0.26662212129605467,7.557322508981212e-05,0.27022294383021106,3.079001545193813e-05
2018-10-28,0.3108098949924578,0.33602769432053364,0.0007980576604601476,0.31238989299643866,5.7609439773637364e-05
2018-10-29,0.33895151181452104,0.3101581234821358,8.403103641128056e-05,0.32787821495197483,3.331679154967199e-05
2018-10-30,0.3200419817092129,0.3135334097306783,5.271650751223013e-05,0.3169986916619721,2.5736692512791695e-05
2018-10-31,0.3105807262655545,0.3118768377885776,5.817295407225009e-05,0.31131918495263894,2.499991361013465e-05
2018-11-01,0.33832507308580806,0.34409188927917056,0.0003163458192845228,0.3391835751574876,4.772405578018095e-05
2018-11-02,0.35618200937180006,0.34976456508428355,0.00010991229984675603,0.35378884034037866,2.3448569470701135e-05
2018-11-03,0.3360583251518706,0.3384473334134631,5.2135894812292637e-05,0.337423529457784,2.7049176928076056e-05
2018-11-04,0.32167100221957884,0.3229289315202579,4.60369734744065e-05,0.3228361334089119,2.5117091943419153e-05
2018-11-05,0.32823217663677035,0.37074077406251604,0.0004484113350919076,0.33278461989854013,4.1640049893355805e-05
2018-11-06,0.38043313188724737,0.35524252841955956,0.00016376491007325013,0.374013429618254,3.669878063426358e-05
2018-11-07,0.36431869232640507,0.3633141436810247,8.100843975348629e-05,0.36389369738534905,3.8718040321338585e-05
2018-11-08,0.3540710283055626,0.3479891500334763,3.2665017419938715e-05,0.34937825701368197,2.0339302935563404e-05
2018-11-09,0.34793332675932903,0.3448448827836333,4.168019945286319e-05,0.3462462034412034,2.2595546321252322e-05
2018-11-10,0.3563382380120423,0.36225666605804036,0.00020359643691980189,0.35774082665952817,4.5857113224045514e-05
2018-11-11,0.35994301354406794,0.34206410470542126,4.7514514548535506e-05,0.35087784851881165,2.2137313269819043e-05
2018-11-12,0.34729672538310513,0.35362172433430494,7.901267711893164e-05,0.3500993748673023,3.403023050992186e-05
2018-11-13,0.35876711631726016,0.34376346762515964,6.325832301175924e-05,0.35244654521992097,3.051996263765451e-05
2018-11-14,0.34275531971580037,0.3389868688698292,5.052022926779857e-05,0.3409800241560491,2.8221490550023453e-05
2018-11-15,0.33399763347174394,0.3297806198883871,4.8873262206580434e-05,0.33176348642175446,2.2103862284799537e-05
2018-11-16,0.32721444821788154,0.32038894617073893,4.8444640187025955e-05,0.3237097042074796,3.1194945345518256e-05
2018-11-17,0.32171531504190415,0.3145055704972312,5.5627243871604485e-05,0.3176738661895609,2.8369168583582873e-05
2018-11-18,0.3170300798526068,0.31194281518043754,4.680442474657391e-05,0.3147931261755934,2.4943061155242886e-05
2018-11-19,0.312712530519262,0.3070525632650741,4.528916699389893e-05,0.3095788124226979,2.4414947211477196e-05
2018-11-20,0.3097066352026044,0.3078227177207797,4.475053105859047e-05,0.3087450846589761,2.39801480477283e-05
2018-11-21,0.30964198480290145,0.3044499238954323,4.9782786028894634e-05,0.30686895229057765,2.800109378264098e-05
2018-11-22,0.307278291864141,0.29992323115310926,6.0559157580383516e-05,0.3032552109877461,2.7212989177632745e-05
2018-11-23,0.3049777439838878,0.29911712457025846,6.11897437454613e-05,0.30199693857766935,2.9771884822404785e-05
2018-11-24,0.30308196735325554,0.2948076388763969,5.019836747719263e-05,0.29918955063845126,2.5979266589182973e-05
2018-11-25,0.32815442628005054,0.3278680401168957,0.000298913935806378,0.32819487221307836,5.338015373000148e-05
2018-11-26,0.3271970360672132,0.3235657048905641,7.993908073070411e-05,0.3255849997770289,3.274090409434949e-05
2018-11-27,0.3185814846333134,0.31683795707971507,5.145512566150454e-05,0.3173458616118315,2.4713508755018235e-05
2018-11-28,0.31162306318866595,0.3102835840865864,3.961917148547033e-05,0.3109417926239696,2.0941981438386667e-05
2018-11-29,0.31044909869097714,0.3409008785985972,0.0002235584154152765,0.31552028764216244,5.493889616804585e-05
2018-11-30,0.3893150300541384,0.38198654107175706,0.0005112566885021926,0.3889370283254736,4.05165201601388e-05
2018-12-01,0.3647149180077719,0.38032919644598545,0.00010433562036633545,0.3702821833333549,4.1874589164335644e-05
2018-12-02,0.39584442378377444,0.387899451479041,0.0002340078933189692,0.39438770859245215,3.86081916133576e-05
2018-12-03,0.3924546631253135,0.3963647443088032,0.00016986363584039216,0.3931191415486641,4.932004813017982e-05
2018-12-04,0.38099140363653683,0.3658713346277422,3.8960187538011155e-05,0.37209807740790185,2.489045897235701e-05
2018-12-05,0.3678175390685313,0.3561518440571858,3.498403430614477e-05,0.36042140345641754,2.025922362572228e-05
2018-12-06,0.3600973515446466,0.3540521848806764,3.638737197348464e-05,0.35685232673282613,2.3202452840309883e-05
2018-12-07,0.3527599521250262,0.35095363240619193,3.3404464932087405e-05,0.3516630111278912,2.3457093641201654e-05
2018-12-08,0.3470904756185359,0.3458672530242732,4.2029464614445455e-05,0.3464990165988177,2.4984745321052034e-05
2018-12-09,0.3439077655868448,0.3468259527404002,5.870095706850234e-05,0.3449550616822334,2.897011850052398e-05
2018-12-10,0.3394169770083652,0.3401100425054754,5.8182609599977904e-05,0.3402038358691344,2.738913836463647e-05
2018-12-11,0.33430783325336694,0.33369907448625463,4.430194858641504e-05,0.33402512836683945,2.2679684194831634e-05
2018-12-12,0.3319937614788317,0.33227904728346397,5.177808309562252e-05,0.33204356035384,2.4251814450349727e-05
2018-12-13,0.369460814190973,0.39416003786638176,0.000323279453982692,0.3736744981793626,5.0241229875684625e-05
2018-12-14,0.3781715091167728,0.35928316034124896,4.130684981336813e-05,0.3679338408675805,2.7147445199358234e-05
2018-12-15,0.374167178500801,0.38804294018926655,0.0002517777870991772,0.3759498690702487,5.128575317418795e-05
2018-12-16,0.41813160971790847,0.41575473709204375,8.642628261135138e-05,0.4171631208585152,2.7919178903949264e-05
2018-12-17,0.4009521640244037,0.3843594607664215,5.150132909691766e-05,0.39256856085590086,2.641547718266288e-05
2018-12-18,0.3832745343274922,0.3723581339207422,3.870292569794022e-05,0.37666094058281574,2.2990179370162646e-05
2018-12-19,0.38032098735130604,0.3692210660606206,4.488249133349054e-05,0.3741799084324461,2.1126560418067523e-05
2018-12-20,0.37102105308242955,0.3637606553396552,3.3241999170348756e-05,0.36600563628843097,1.974636221620695e-05
2018-12-21,0.3660516354309061,0.3700565651371195,8.577577310928317e-05,0.3676741655979472,3.770926521403412e-05
2018-12-22,0.3943193370871778,0.38369974224393205,0.0001712241724114544,0.3927910372392641,2.878700655652855e-05
2018-12-23,0.3761901061690016,0.3719007156192683,3.719644329456623e-05,0.37417833921743776,2.1891016288049693e-05
2018-12-24,0.3680874668175008,0.36616676394527237,2.726851353049035e-05,0.3671392027076138,1.7626694370639932e-05
2018-12-25,0.362621261921871,0.3604475608168136,2.1250317966168553e-05,0.36113628460483765,1.5017900107329326e-05
2018-12-26,0.3562210911236087,0.35679134733500334,3.897719721986622e-05,0.356546985560989,2.541072212495402e-05
2018-12-27,0.3512787639401951,0.35445728448154695,4.171938487073985e-05,0.35272078899000653,1.98485325679019e-05
2018-12-28,0.350839815483433,0.3565025772047084,3.2751177945332994e-05,0.35417466526768515,2.24647683403767e-05
2018-12-29,0.3479913263875321,0.35154049273878135,4.063212784709815e-05,0.3498278477596006,2.3546103976836917e-05
2018-12-30,0.34323212440249296,0.347838568934145,3.9696198711908894e-05,0.34609343829598826,2.6124051190384762e-05
2018-12-31,0.33953509039830765,0.3438031843731518,5.57082134646297e-05,0.34151934148647944,2.9822346643451814e-05
2019-01-01,0.3364952748051462,0.34043651292318194,5.6876676426336644e-05,0.33847423740395827,2.276728328396661e-05
2019-01-02,0.33417236775185993,0.336495005198936,4.910196662358046e-05,0.3358008658209901,2.682894957248605e-05
2019-01-03,0.33085597276873835,0.33492799296431974,3.875788387980245e-05,0.333231222068447,2.2306830541540967e-05
2019-01-04,0.32779083324645164,0.3330347669784167,4.521226364369095e-05,0.3309112526760978,2.3290064864679575e-05
2019-01-05,0.32549169289747926,0.329959724036166,4.8180873700971085e-05,0.32737580414162193,2.9830133689134423e-05
2019-01-06,0.32376866013494393,0.3274964915947849,5.169655094556377e-05,0.32597018106910886,2.6684702490447727e-05
2019-01-07,0.32239613552012175,0.32583827610133026,5.384726946770818e-05,0.3241162237363199,2.5494219016477436e-05
2019-01-08,0.3225439693672069,0.3276912345356767,4.5951302680192373e-05,0.3258230548437158,3.1947056092430326e-05
2019-01-09,0.3232322661677747,0.32614836934857644,5.4598436521533196e-05,0.3243966013811491,2.5903607000397722e-05
2019-01-10,0.3203056640575666,0.32531470392058914,3.8007274356309234e-05,0.32286675338520626,2.294436975026248e-05
2019-01-11,0.3170406345960686,0.32299141896114414,4.455655673203384e-05,0.3193939777060719,2.5320166398507205e-05
2019-01-12,0.31499096278598904,0.32051402968680043,4.088249655080638e-05,0.3181259761941603,2.2947477897946604e-05
2019-01-13,0.3141215647359709,0.31964569638029244,4.551516129203873e-05,0.31751002845093906,2.5866949390357118e-05
2019-01-14,0.31605115527663025,0.3209114784361109,5.687075477795822e-05,0.31729407106209406,2.6509055859053934e-05
2019-01-15,0.31414313217320966,0.3163228975967221,4.612231410039503e-05,0.3154429985256664,2.6491642981283367e-05
2019-01-16,0.31063903463435383,0.3131376393764558,4.8846658251573006e-05,0.31161970135435646,2.1383614710668535e-05
2019-01-17,0.340123973258238,0.3545604692494311,0.00031439295217364357,0.34216153262765414,5.235066150199592e-05
2019-01-18,0.3459455663557395,0.3413050873690566,7.251325478249095e-05,0.34382422787116096,3.4494606758597723e-05
2019-01-19,0.34538981369031685,0.3532503449465986,5.6595129430867516e-05,0.3487266951850681,2.7687490589438117e-05
2019-01-20,0.3461595745542884,0.35747001785580507,5.6123938835548804e-05,0.35280745341323977,3.5221594015036006e-05
2019-01-21,0.3451990438429262,0.35369270812170933,4.8483742690998975e-05,0.3494795278238331,1.9239365472218336e-05
2019-01-22,0.35812533221867077,0.3759906686952224,0.00016186986951331053,0.36258068447509273,4.313313102122428e-05
2019-01-23,0.39113502389298843,0.39235965073615164,0.0002899956069133355,0.39219748324716525,4.490469596552755e-05
2019-01-24,0.3685071836663328,0.37086566138678,3.764155975182243e-05,0.36946983465057387,1.978285310708933e-05
2019-01-25,0.3659333306584795,0.3646297969758784,4.654944468609441e-05,0.3651369470981763,2.4201620721663076e-05
2019-01-26,0.35955551474554365,0.3588799539464263,4.017762643282287e-05,0.358888443420905,2.1611081826596904e-05
2019-01-27,0.37362593318802084,0.3773601125683797,0.00019047145451708442,0.3754952304155676,4.211753044429836e-05
2019-01-28,0.3996598741830978,0.4039690589342713,0.0002179449362130374,0.39996617152158925,4.311407364565451e-05
2019-01-29,0.39697522985481365,0.4073845345353843,0.00016238113813785133,0.3993346725700404,5.441745574816499e-05
2019-01-30,0.4056515535462985,0.4057956665500661,0.00018936107303288964,0.40630614847891316,4.6639226588466975e-05
2019-01-31,0.4139917485861455,0.4219678237554307,3.4443083194888535e-05,0.4186919969788876,2.2152375534403908e-05
2019-02-01,0.41661235502361593,0.4233549596614592,4.459411009022531e-05,0.42009116239998273,2.1366202454576705e-05
2019-02-02,0.41190561781501456,0.40717267589592643,0.00010640737302072821,0.40952120591268226,3.88589185156368e-05
2019-02-03,0.3957713073269253,0.38258275610336,3.893904935869654e-05,0.3878461775312408,1.9458807079217628e-05
2019-02-04,0.39097934368852627,0.39473498288094644,0.00012163470807501866,0.392127332972624,3.811368088890518e-05
2019-02-05,0.41392114809356,0.40815320571437025,0.0001472649705380199,0.412437215771848,3.51979304886894e-05
2019-02-06,0.4076543088999638,0.39561614422546243,7.316586917613902e-05,0.4025802516736463,2.7230403164250525e-05
2019-02-07,0.39824179889287425,0.3846819941321982,4.566821022485501e-05,0.3900534084258448,2.4727218266893992e-05
2019-02-08,0.38909451955750674,0.3725435648924712,3.569114755915185e-05,0.3784446626299228,2.174486444408001e-05
2019-02-09,0.3817004208530369,0.3669906565845214,3.5204379211599585e-05,0.3728296065130266,2.027496786222945e-05
2019-02-10,0.37828413459398164,0.36742477757671776,3.984489878986919e-05,0.3724012301764889,2.704347024501274e-05
2019-02-11,0.377542132841569,0.3662303850071031,3.7022843810551406e-05,0.37078247151710253,1.7233865642960364e-05
2019-02-12,0.3721198047442474,0.3632470688956381,2.5855373423497554e-05,0.3659605215307354,1.6809378171975297e-05
2019-02-13,0.36749300939727747,0.3595625279935404,3.8835182437096676e-05,0.36255780541298505,1.851580351665014e-05
2019-02-14,0.36325656028959363,0.3573727011640878,4.262857591918705e-05,0.3600451298635738,2.2487983652146535e-05
2019-02-15,0.35915982729744583,0.3561424469063044,3.498674001243603e-05,0.3574386524444105,2.9193849835749837e-05
2019-02-16,0.35530274624828373,0.3521518423282389,5.6621958370815154e-05,0.3533549180888898,2.9874453306140426e-05
2019-02-17,0.351271381190127,0.34912137959150086,5.8770928863351694e-05,0.350835729490663,2.981022530529218e-05
2019-02-18,0.34734961277005494,0.34701849841349885,5.002931364928139e-05,0.34744209730104925,2.3814868356754174e-05
2019-02-19,0.3449546470919282,0.3451743698966908,4.773955533320047e-05,0.3456990586693992,2.478260331701033e-05
2019-02-20,0.34267726288644357,0.34092820943599267,5.06879052846252e-05,0.34174768726588384,2.570048752115634e-05
2019-02-21,0.33935938255794096,0.3378808997539521,5.0653623473315596e-05,0.33854583572907204,2.5264213980267943e-05
2019-02-22,0.3357374861121893,0.332962251309829,4.961487025646487e-05,0.33452404618566844,2.5121074022340502e-05
2019-02-23,0.3320864516896492,0.3302755424786389,4.506948430820455e-05,0.3309022530058634,2.15854800075728e-05
2019-02-24,0.32930294590163217,0.3275501648313983,4.208640809776326e-05,0.3278598189299727,1.986656133283692e-05
2019-02-25,0.3262571007936159,0.3237372050955524,4.6490845334745376e-05,0.3245340989858322,2.6781719314212554e-05
2019-02-26,0.3224883985141841,0.3196409595031932,4.8810775880292125e-05,0.32078788174039974,2.863576191698916e-05
2019-02-27,0.31885776922071907,0.31405668705400513,6.690733934089732e-05,0.3168073605328777,2.772837112557605e-05
2019-02-28,0.31539878154080664,0.31463157489302856,5.976868229279443e-05,0.3158964847655926,2.8781322388070972e-05
2019-03-01,0.31377545170780696,0.31582876743813676,4.2974383865910344e-05,0.31512970796436385,1.9065718195123582e-05
2019-03-02,0.3121667637765348,0.31393088818633474,3.503164482287358e-05,0.31306282620025444,2.231713708665829e-05
2019-03-03,0.30843727915473373,0.307097844107761,4.682361519374149e-05,0.3079441654221941,3.2882999917792535e-05
2019-03-04,0.30728513118509654,0.31223061540611785,7.144494787607374e-05,0.30918940267762635,2.642421429916396e-05
2019-03-05,0.3063518804615105,0.30769424803100837,5.873495057216321e-05,0.30692796929925864,2.42129308632831e-05
2019-03-06,0.3091606094037637,0.3284365808166357,0.00015563909025227257,0.31346648670832944,4.114961610389609e-05
2019-03-07,0.32655584897250756,0.3181115136490769,5.812678479157565e-05,0.32291812056456437,2.4550942734915395e-05
2019-03-08,0.32075891564244813,0.3259479357442825,6.771182061287564e-05,0.3233020053458054,3.520806197942538e-05
2019-03-09,0.31702860949805156,0.3177119945551537,6.043701754546806e-05,0.3171461661697536,2.413096649859746e-05
2019-03-10,0.3155855981988622,0.32147311866255235,7.415099141916905e-05,0.3183026435193702,3.0699533372805096e-05
2019-03-11,0.3147877452215612,0.31549857996687203,4.978693156757825e-05,0.3154602628569735,2.286575820740831e-05
2019-03-12,0.3080457212580089,0.32239070202438036,0.0001033840253379091,0.31317972344059475,3.687961975724861e-05
2019-03-13,0.32964309309107187,0.3358425340429704,0.00018277070959053947,0.3312044134045749,3.626511622895586e-05
2019-03-14,0.3332881247395249,0.34236343806182523,0.00010664673425432716,0.3360528254140448,3.670118715086729e-05
2019-03-15,0.32638716642225973,0.3338611482219899,6.270564663263775e-05,0.3301719963028291,2.4287859342999873e-05
2019-03-16,0.31792741921503126,0.3211808592618717,4.0073688499402666e-05,0.3204938003277927,2.2834128909848787e-05
2019-03-17,0.31441943232497593,0.32413781977574446,7.68678039708565e-05,0.3185626427330445,2.6366855018937394e-05
2019-03-18,0.3125948253957318,0.31760938442735026,4.947398115940443e-05,0.31456260472495795,2.2969371655772645e-05
2019-03-19,0.33092805164069367,0.3347336114652968,0.00014464641994091243,0.331859547325695,3.4158240054115116e-05
2019-03-20,0.32034006635867357,0.3215073556249078,6.245798328468064e-05,0.32063454721955004,3.0434326831684092e-05
2019-03-21,0.3092028746943978,0.3102125336551757,5.4249734192400854e-05,0.3097555202623487,3.137666205680145e-05
2019-03-22,0.30041659692259537,0.2985124069155048,6.454002015260317e-05,0.2993441663480687,3.1052043466821234e-05
2019-03-23,0.2926580297729548,0.28908970066266687,8.519417801231952e-05,0.29144902485843543,2.878138689363775e-05
2019-03-24,0.2850361847758458,0.2813783711250434,6.832662853334947e-05,0.2835035637855464,2.8149930625491438e-05
2019-03-25,0.2784531698102831,0.2782638923139772,6.735060002975434e-05,0.27816844080541187,2.9522103069243644e-05
2019-03-26,0.2727790371093455,0.2715962838170183,5.172664343622302e-05,0.2726551814592387,2.2279908638129288e-05
2019-03-27,0.26680921113317296,0.2668717004564715,5.2556047412519084e-05,0.26712524493755013,2.2956249836593374e-05
2019-03-28,0.2612411024451688,0.26093194263156555,6.647688518845683e-05,0.26171743811229176,2.609700059189857e-05
2019-03-29,0.25611257967597817,0.2532262277884685,5.479832739154374e-05,0.2549419282484186,2.9790648021802523e-05
2019-03-30,0.24975219165516843,0.24831354337383535,6.61470767749701e-05,0.24901026904426213,2.8673236841632672e-05
2019-03-31,0.24433763397836644,0.2417566927954341,7.336007342636407e-05,0.24370856158549817,2.708162163478042e-05
2019-04-01,0.24196970769489784,0.25103199884811683,9.867093151473934e-05,0.24512234715564457,3.5365028489999765e-05
2019-04-02,0.26451846237628757,0.25825882393262245,0.00011248656887517603,0.26265895559374774,3.4057012085945406e-05
2019-04-03,0.299379522075261,0.30948991955105487,0.000538395376418473,0.3006957641783783,3.6200854992433e-05
2019-04-04,0.29879422684399215,0.29698082733006115,6.136124610761526e-05,0.29817128000313836,2.5567795965449626e-05
2019-04-05,0.28761368719592023,0.3082477680986799,0.00019453948760658036,0.2920265233966379,5.0682233115368175e-05
2019-04-06,0.34667501535191153,0.3549234101631832,0.0006888801519438066,0.3477066512183759,5.1940531047949566e-05
2019-04-07,0.3386639126194749,0.35162503509493215,0.00011932096935414107,0.34349727390765794,3.3558015632310394e-05
2019-04-08,0.3276265300831056,0.34737783682016804,0.00010113527489789207,0.33505222565197385,3.8058305187599815e-05
2019-04-09,0.32991358760727585,0.32336972666337693,8.042589689756531e-05,0.32724449102555975,2.129640058381304e-05
2019-04-10,0.31571637028779154,0.33245682186481146,0.00014436152552867884,0.3193808919048396,3.8325626318091e-05
2019-04-11,0.31760332679281333,0.31492458092179954,9.583933120180783e-05,0.3174824758160616,4.0400498711952675e-05
2019-04-12,0.3048516646459036,0.3015330106420142,5.689544339689334e-05,0.3036023833476024,2.9598032547694148e-05
2019-04-13,0.28952265025809437,0.28797484908460286,7.310085667937009e-05,0.28886967881659786,3.18404807653071e-05
2019-04-14,0.2796907339057701,0.2781555113749778,6.25173716896994e-05,0.27891284151798895,2.6462722592911953e-05
2019-04-15,0.2822924401660231,0.343803133405843,0.0008086972501639995,0.2860904357381822,4.895465314902176e-05
2019-04-16,0.3519299099998269,0.28907543248208967,0.00013770795256754867,0.3332375800200532,4.188763397872877e-05
2019-04-17,0.317018565257497,0.31501821122832463,8.608636634057688e-05,0.3166923593075959,3.0694971665714964e-05
2019-04-18,0.29908652607189135,0.30068785159514044,7.199171591419318e-05,0.2999928771964513,3.515302980593502e-05
2019-04-19,0.2843840850293343,0.28605932244956983,7.901375144602804e-05,0.2849103012917524,3.406628432959282e-05
2019-04-20,0.2703722754271389,0.26899357758865866,7.520624711901081e-05,0.2699715586475801,2.7415760393070694e-05
2019-04-21,0.26060436492491534,0.2624414713997094,6.209628267570459e-05,0.2621064699730644,2.505554992057824e-05
2019-04-22,0.2548725441063411,0.24821409442991893,5.946465698084496e-05,0.25139614311107505,2.983998550698143e-05
2019-04-23,0.2729369331682798,0.3616883268950361,0.0009792358206082545,0.2764268885949348,4.625288261984773e-05
2019-04-24,0.3622517083163202,0.33270698449741043,0.0006926710399575819,0.36023372361180733,5.250296096755323e-05
2019-04-25,0.3875129722933889,0.3836960429362697,0.0003283691915567355,0.3861357988991878,4.5793415607489626e-05
2019-04-26,0.36889356307597326,0.36760919640667516,9.709442964574201e-05,0.3690661187089904,3.936189379716123e-05
2019-04-27,0.35915445855528483,0.34963109063287945,5.666697865563522e-05,0.35532120039381576,2.795885432454187e-05
2019-04-28,0.34620184025374096,0.3354888255000279,5.1011187261211464e-05,0.3406624667950043,2.6809580990531137e-05
2019-04-29,0.33313987265964456,0.3222958515130093,6.333342517248146e-05,0.3280918277844273,2.6188505318103883e-05
2019-04-30,0.31944731085754685,0.30569687147627284,5.623539308010222e-05,0.3129317639669738,3.173421928690966e-05
2019-05-01,0.3063210766419882,0.2944275168611703,8.24986992729597e-05,0.3019403995712736,3.916844880369508e-05
2019-05-02,0.29822455247754454,0.2908128879801913,7.829578798687816e-05,0.29472749181738167,2.80076656517497e-05
2019-05-03,0.3116238539710794,0.3131765722888104,0.00022737987667430617,0.31109233773289346,5.185479085986849e-05
2019-05-04,0.31416748868560024,0.31031201269776437,0.00017123530553271607,0.3138993581967801,3.87175533088648e-05
2019-05-05,0.3081197088297955,0.29806367863141814,5.059129927821966e-05,0.30339772169141827,2.5981855676977127e-05
2019-05-06,0.292063810200874,0.2852876376865101,5.530878555420288e-05,0.288430539373063,3.2675789562755144e-05
2019-05-07,0.27771937051536183,0.26896165386716164,6.692582061406959e-05,0.2743452714290196,2.5103521678561003e-05
2019-05-08,0.285862374116844,0.2955509873008236,0.0003555764938925069,0.2870651445204794,5.681807388388058e-05
2019-05-09,0.2953067107064893,0.28664877086430085,0.00014034937279746462,0.29274304872450263,3.386750122672875e-05
2019-05-10,0.29587519691786335,0.28734096593122277,0.00011657083683449209,0.29369706814721386,3.091502647829069e-05
2019-05-11,0.29830769457574696,0.29074967279389696,9.772867304269515e-05,0.2948047784513223,3.123868007140635e-05
2019-05-12,0.2817432498086603,0.27782548788436523,5.52816564388149e-05,0.27974314859153787,2.7089279926447427e-05
2019-05-13,0.26189526270027436,0.26154187187561173,6.983521554232085e-05,0.2614726813138644,2.878664884653845e-05
2019-05-14,0.24381452506850554,0.2429842147475309,7.351440976073272e-05,0.24328025276809298,3.4496957453150823e-05
2019-05-15,0.22721051871639716,0.22652549662241495,8.293857242332189e-05,0.22658958386722927,3.89717342269533e-05
2019-05-16,0.2145752242411657,0.21926467631682692,9.758512904992783e-05,0.21678576749892384,4.21497529720025e-05
2019-05-17,0.3568370326479093,0.3612113568622627,0.0014991629253111143,0.35667390856193654,6.365141772264618e-05
2019-05-18,0.3482102497773363,0.35011326365747175,8.902161154177231e-05,0.3488892325958681,2.8462807003807922e-05
2019-05-19,0.343672911130546,0.3639504228930972,0.0002186996942426686,0.3471599019752414,4.3361780237511556e-05
2019-05-20,0.3517819397085261,0.3399580059954903,8.827124878837908e-05,0.34811788636114344,3.323306455445866e-05
2019-05-21,0.3318236743034397,0.32971088576904584,7.72113702412743e-05,0.33096363585799154,3.071730964293476e-05
2019-05-22,0.31312093161693877,0.30573142059882985,6.81235173496107e-05,0.3100622245254881,3.7897234918052506e-05
2019-05-23,0.29471276851053047,0.2931436579234662,0.0001305175199340394,0.29389605582967077,3.2550263645835705e-05
2019-05-24,0.36801280956656757,0.3825959581739141,0.0005216753183664484,0.36913516824620407,4.5206928588608906e-05
2019-05-25,0.36002999497070265,0.3452300210257244,5.763505524049287e-05,0.3527335867164743,2.5806953556412914e-05
2019-05-26,0.3377826547840114,0.3358780363306615,6.133257977706773e-05,0.33745200314273727,3.350786432846774e-05
2019-05-27,0.3319448230728756,0.3325414584962872,9.862185254825803e-05,0.3324684792086798,3.681115724335882e-05
2019-05-28,0.32801920805923807,0.32489401095688186,0.00010274724367568756,0.3264006198117062,2.9064192340520194e-05
2019-05-29,0.31980851769042046,0.31187579019289935,5.864061776515229e-05,0.31652486147192127,2.725365845360757e-05
2019-05-30,0.3067929198315725,0.29310506186203167,7.119807926393353e-05,0.3010670740640198,3.395458379577925e-05
2019-05-31,0.2900551665879606,0.27426325820870145,9.410931931631792e-05,0.28448906775272453,3.212974789224851e-05
2019-06-01,0.2715803297106778,0.2554024033167843,0.00011738211792918781,0.26721786573223105,4.062415027133045e-05
2019-06-02,0.25369404657499606,0.23988494141605163,0.00012235583441647357,0.24890865860301656,4.133305353372832e-05
2019-06-03,0.2407500417195727,0.2318166776743259,8.961000927535212e-05,0.23776758240558674,3.476630571731168e-05
2019-06-04,0.24741311754750842,0.2921212147368573,0.0013397678028636486,0.24926708209114706,5.0968858656856064e-05
2019-06-05,0.3746741781411971,0.3629687572036243,0.0012729746704254988,0.37343699088092386,6.002121084601441e-05
2019-06-06,0.3410765359322968,0.3374531488863616,6.065462656605047e-05,0.3396489636845878,2.3538578213126302e-05
2019-06-07,0.3256061268505673,0.3361146029833862,0.00013816414018028969,0.32872327364861526,3.7748849072765315e-05
2019-06-08,0.30494228913107296,0.30276434984390915,8.378467768023121e-05,0.3046110171609089,3.393688751051026e-05
2019-06-09,0.28573717215760536,0.2859725889717343,9.324064097594048e-05,0.2855013824595433,2.6137605758168348e-05
2019-06-10,0.2783851043437196,0.2805791271053636,7.87102059370301e-05,0.27909595251847763,3.530042187598345e-05
2019-06-11,0.28479536279440604,0.28901420911156367,0.00014833803777661447,0.2860504058141407,3.5828833042743385e-05
2019-06-12,0.28560473901847916,0.2733892988049509,8.241653916554778e-05,0.2815817726805861,3.3740328927578966e-05
2019-06-13,0.26987673099763804,0.256119245399006,9.687650036946788e-05,0.2662921744866101,3.249570095079593e-05
2019-06-14,0.2575145377846576,0.2508208807720729,7.895195603005114e-05,0.2547700221426958,3.119978844090236e-05
2019-06-15,0.32268987149411676,0.3081892465028163,0.0009111386866233923,0.3218522953116553,6.1017348036446006e-05
2019-06-16,0.3002568668272045,0.2923598743544236,0.00010133178670805712,0.29755952451989964,3.6757747192440604e-05
2019-06-17,0.27351115807178855,0.26693317163380514,9.085116884668463e-05,0.2705111283045586,2.9484061758892553e-05
2019-06-18,0.25043138372784285,0.24539921465944464,9.603960176368289e-05,0.24890714575156303,3.586852799746602e-05
2019-06-19,0.23383313167455502,0.23584617527583074,9.255535616480088e-05,0.23410972315138628,2.8994422485452937e-05
2019-06-20,0.2594623299418135,0.2577198195497352,0.00039632212709461104,0.25937084298652247,4.799190100125673e-05
2019-06-21,0.29513879455930714,0.2958331430234797,0.0004411433224800007,0.29499208407444066,3.97479545141556e-05
2019-06-22,0.28469784697211425,0.270706402200512,6.788270484049355e-05,0.27822324737042625,2.5157082624468055e-05
2019-06-23,0.25814407379241955,0.2487430777690357,0.00010009245615650024,0.25505801734527456,2.7866305669124293e-05
2019-06-24,0.23523049062532023,0.23053582480266432,7.746861711351715e-05,0.23385567197707974,2.6338890343387918e-05
2019-06-25,0.216599324627875,0.2124339093535596,7.532350608798369e-05,0.214816043144662,4.078478528779837e-05
2019-06-26,0.1991776627995324,0.19294932290007832,7.049862914732799e-05,0.19576149877923094,3.6051734242840686e-05
2019-06-27,0.18286781271485703,0.17899615376862438,7.333446080376912e-05,0.18050088866031044,3.304287017747172e-05
2019-06-28,0.17090402871138904,0.17258577709588907,6.306901510896177e-05,0.17195415425651497,2.7151427226076264e-05
2019-06-29,0.16513237926404759,0.17181317053980877,6.930507759236431e-05,0.16827292726074813,3.104125647872352e-05
2019-06-30,0.16451273719390114,0.1648548632504325,4.639543473792724e-05,0.16386827463814835,2.2856887702081465e-05
2019-07-01,0.15831231417475122,0.16305791337201775,4.381792435165687e-05,0.16101129010617427,3.0500300292674996e-05
2019-07-02,0.15585087602744424,0.16396703731685888,4.4757137720154615e-05,0.1601755390443449,2.571078040832462e-05
2019-07-03,0.1539147959848171,0.1578592035924951,3.7885578073564176e-05,0.15642528498987684,1.8209486590775137e-05
2019-07-04,0.15035548400297882,0.15314334798504664,4.094556086775998e-05,0.15169900350225618,2.379086576895719e-05
2019-07-05,0.14724389419449174,0.15166932415024278,4.484223758891011e-05,0.14899281017296548,2.552027081765622e-05
2019-07-06,0.14784838463673683,0.15705525987565622,6.264967267597172e-05,0.15217459664128577,3.134329421959824e-05
2019-07-07,0.15776657571926192,0.15677956157886722,5.904560089585412e-05,0.15720353081897315,2.1702737275730677e-05
2019-07-08,0.15493695494574816,0.15997951802440982,4.2102763087851294e-05,0.1582507359422949,2.3571507731618547e-05
2019-07-09,0.21305432572597963,0.2271121996923953,0.0013827150314866406,0.21454671607345285,4.255000041966772e-05
2019-07-10,0.2199276421840016,0.19641218818105302,5.517139675043665e-05,0.20842856518603842,2.6602443421462845e-05
2019-07-11,0.1986914116812383,0.18941116540062147,6.592253929320137e-05,0.19517106619508173,2.958839248005754e-05
2019-07-12,0.18210721146197664,0.17982935111540846,6.513837197660696e-05,0.18108641589965885,3.174868287611533e-05
2019-07-13,0.17155396521420513,0.17498174967400723,5.9963363379700037e-05,0.1727939940842924,2.722570953861761e-05
2019-07-14,0.16306379592236753,0.16602539006604597,5.8522515717003376e-05,0.16430934940768274,2.714356688314563e-05
2019-07-15,0.15629745895606215,0.16120168114637015,4.5314213353176496e-05,0.1593387348580171,2.0490191225587863e-05
2019-07-16,0.1521719668574018,0.15494688297892256,4.35104103781809e-05,0.15332791932289702,2.075118117842398e-05
2019-07-17,0.14931765975633887,0.1513452818135129,3.956118283271437e-05,0.15048161809446575,2.1206175839554438e-05
2019-07-18,0.14766951644021142,0.15166161944681286,4.881490000226176e-05,0.15013029239851844,3.034536188741014e-05
2019-07-19,0.14630489391546728,0.14851810537325283,5.213627603791071e-05,0.14737089483654642,2.1999242208772648e-05
2019-07-20,0.14537941758872525,0.14785226088858242,3.371474965619701e-05,0.14682971097768538,2.1730988123162036e-05
2019-07-21,0.14530128709720677,0.14842520483957572,3.669249934052815e-05,0.1473122584981523,2.2361002158631396e-05
2019-07-22,0.14435049119465598,0.14620543639341538,4.8058053413259316e-05,0.1454721233211031,2.398905167718824e-05
2019-07-23,0.1435203176826726,0.1443449799773675,3.270400144805187e-05,0.14434293112331628,1.977573740021163e-05
2019-07-24,0.14291082483714002,0.14357039300767574,3.0525161257475834e-05,0.14347985712376174,1.7823992036797655e-05
2019-07-25,0.14914585488347276,0.1566622758377828,0.00010987402686755655,0.15125164449877668,3.42332285054755e-05
2019-07-26,0.2037758898389564,0.23776479177889684,0.002268696432809829,0.20575201547547672,4.576003744565496e-05
2019-07-27,0.2924751585789031,0.2807403826335636,0.001457446069781714,0.292092906091837,5.3623246820850946e-05
2019-07-28,0.2990415672669406,0.271682400785534,8.0714738343199e-05,0.2886904214232016,3.502948994472481e-05
2019-07-29,0.2597703184012886,0.25666519427979817,8.260735843560798e-05,0.2583796446147564,3.313192804992591e-05
2019-07-30,0.24185700062508972,0.2486979842110171,0.00010396646593449624,0.24420830379385133,3.4910015713107196e-05
2019-07-31,0.224660461879513,0.2236162791937083,8.568777177591535e-05,0.22368130208535977,3.097102108445702e-05
2019-08-01,0.223806077069535,0.23346602752747617,0.00016575126009244067,0.22641775525918678,3.9980253266421175e-05
2019-08-02,0.22043490175521324,0.20900835025847,6.304157319575896e-05,0.2148633942303676,2.1967081388772425e-05
2019-08-03,0.2027075427366908,0.19598143522057945,5.064026015483141e-05,0.19966728674622966,3.0052490277560903e-05
2019-08-04,0.18654798645160062,0.1849735184959026,5.81834495347121e-05,0.18631900526434528,3.01145129466149e-05
2019-08-05,0.1747476124562649,0.1767829847104962,4.3538773225078606e-05,0.17564266854599683,2.319778467915527e-05
2019-08-06,0.16661501714513127,0.16941470597628563,4.466293563445206e-05,0.1681501895911666,2.3628452259734767e-05
2019-08-07,0.32151619848477986,0.3211311933804188,0.0030331339224836085,0.3206903518258129,5.120474458774113e-05
2019-08-08,0.29622700865042007,0.3014048361476027,0.0001134037916029652,0.2967654971017017,3.178203863335456e-05
2019-08-09,0.26327098460625986,0.2978190344528914,0.00045183643279316665,0.26713921032571614,4.3393844643839506e-05
2019-08-10,0.290969932638356,0.2690403164407831,0.00018256665302566482,0.28645293475134165,4.266992690908152e-05
2019-08-11,0.3344985894329425,0.3460919846925986,0.0008547147203436681,0.3343386044070727,4.9597258427857936e-05
2019-08-12,0.3327215605532334,0.3347508270124727,0.0001038148826474388,0.33429475906989287,3.654131283107514e-05
2019-08-13,0.3014522590856914,0.30950628721648016,7.265095186681514e-05,0.30510911644859795,3.94553642720821e-05
2019-08-14,0.27511129761433817,0.27870730904079316,8.160389874147005e-05,0.2761919339026963,2.8226220534275216e-05
2019-08-15,0.2560942500944913,0.26332873028528947,6.644777192173145e-05,0.2591177741286762,2.4099833883154582e-05
2019-08-16,0.24190590568365355,0.23474605713837768,6.578823560798272e-05,0.23928217164121635,2.5445520960487898e-05
2019-08-17,0.22408800281265906,0.21637216094544076,8.151049765520963e-05,0.22145018156241822,2.514371612108016e-05
2019-08-18,0.2221231503499466,0.2694565096003893,0.0010150063853552574,0.2240716532144041,5.225933371110801e-05
2019-08-19,0.28206420327368104,0.21556353485534072,6.127427463148335e-05,0.25096066304832343,2.5936626666919813e-05
2019-08-20,0.30352390548162345,0.27797684616963453,0.0005793284351015668,0.3029430386127611,5.111518443242322e-05
2019-08-21,0.28562234414132615,0.2772646498170901,8.80753560353217e-05,0.2819996054607125,3.446160188712755e-05
2019-08-22,0.25830938046182883,0.25635868174226656,8.232592781208502e-05,0.25774197766235046,2.791882462451193e-05
2019-08-23,0.23565663266267095,0.23192667625902577,8.23178803229014e-05,0.234430722343097,3.601574733077346e-05
2019-08-24,0.2157476654955901,0.2119035581963336,7.715439773690651e-05,0.2142723603767433,3.308586606944009e-05
2019-08-25,0.1994011937115914,0.19923382881772406,6.632479169043293e-05,0.19937157453254858,2.5118485796750384e-05
2019-08-26,0.1878296829227927,0.1864816729272851,5.061190816235845e-05,0.18686303482319683,2.0567946765744723e-05
2019-08-27,0.18965081966489328,0.2056567561456467,0.0001539007853854409,0.19294050793423245,4.1128853250807204e-05
2019-08-28,0.20520073138386796,0.18587904966338192,5.87440655002937e-05,0.19620906259232634,3.136027949602935e-05
2019-08-29,0.1940971551536232,0.18702555731501935,6.247946926658685e-05,0.19030203977379834,2.9353176186929776e-05
2019-08-30,0.183438603037089,0.1812690074311212,5.0537120186651715e-05,0.18264853420069715,2.328840146319613e-05
2019-08-31,0.1750959431938517,0.17787502225873142,4.836633928944891e-05,0.1760601272114852,2.6235219013425904e-05
2019-09-01,0.17109931707678638,0.17669897969519902,4.534960843043409e-05,0.17423875725325264,1.9126920186185055e-05
2019-09-02,0.17041237845944673,0.17362960787005982,4.303505289304491e-05,0.17241546725327037,3.071527300803701e-05
2019-09-03,0.16518229119879388,0.1690454918011741,4.937924574022297e-05,0.1669592398825516,2.6950360773508362e-05
2019-09-04,0.16093826974839426,0.16439923376287677,5.546013620659078e-05,0.1624580856025253,2.2726178521800267e-05
2019-09-05,0.1590709300032691,0.16431343051742828,5.3051680812917995e-05,0.16149200395463134,2.687532529883905e-05
2019-09-06,0.15706845879680126,0.16234508467188685,4.312835489510095e-05,0.16084820818811768,2.0502595238007265e-05
2019-09-07,0.15545694431876694,0.16320644404648277,4.946105242196574e-05,0.15949685376263412,2.195250446018077e-05
2019-09-08,0.1567650137561795,0.160518202645215,3.864022560701024e-05,0.1592495296367005,2.5528292000561673e-05
2019-09-09,0.15514241260511785,0.1594660693041675,4.2729523760253894e-05,0.15764286149570972,2.7699828559149432e-05
2019-09-10,0.1801541975169893,0.1860638942207111,0.00022868436824099927,0.18207284800246964,3.8745752581349265e-05
2019-09-11,0.17910999882445683,0.17592135463473202,4.183007577327156e-05,0.17733235070329612,2.5765230171561706e-05
2019-09-12,0.17263180057191593,0.17147394644559125,5.139409850977156e-05,0.17213855431820727,3.2077265675789275e-05
2019-09-13,0.16728020637269167,0.1663426979485092,3.986378188874404e-05,0.16630178806999907,2.0769092754552544e-05
2019-09-14,0.16311235114721867,0.16302113369830903,3.374841487582631e-05,0.16318282123300107,2.2205893912562246e-05
2019-09-15,0.15970577996027513,0.16192772432873792,5.058291737237283e-05,0.16132380936227922,2.7368998714140142e-05
2019-09-16,0.15743167586797713,0.16100873915310782,4.8948833799401566e-05,0.15946644853550124,2.5185750764450645e-05
2019-09-17,0.15574478102839617,0.1581018357200347,3.266372009890229e-05,0.1567955344935927,1.9766928893186938e-05
2019-09-18,0.15582438440531254,0.16161276229297972,5.2435707603400206e-05,0.15900815797165824,2.6771055276163317e-05
2019-09-19,0.15874492689304154,0.15925851792186563,5.405976338660157e-05,0.1592917364092681,2.3996524087028833e-05
2019-09-20,0.15890714782848825,0.16217385775875556,4.6127870412459625e-05,0.16027767246826535,2.4856033868921594e-05
2019-09-21,0.16298176573215195,0.1683187194076401,5.75986598597781e-05,0.1661928192248372,2.345692853622805e-05
2019-09-22,0.25144899324130454,0.2603754663400115,0.0021558066187229523,0.2514055096961106,6.479724299713383e-05
2019-09-23,0.2805653154684256,0.23580777164459266,7.69492848353215e-05,0.26216610651072886,3.2146706269740994e-05
2019-09-24,0.2805426287107924,0.27815846707027164,0.0002477180108931906,0.28107729471469894,5.430761258266763e-05
2019-09-25,0.2755973382441613,0.29068305910723014,0.0002173093980436401,0.2786033795916342,4.37240893138393e-05
2019-09-26,0.27440804599753066,0.2649056121281507,5.511599293729004e-05,0.2699611889100119,3.3352572204777154e-05
2019-09-27,0.258044732889301,0.25378189599761203,5.6372342815024084e-05,0.2562768099856237,2.7534643786338703e-05
2019-09-28,0.2439690751205654,0.24407884338257946,6.22376291849944e-05,0.24343585917950178,3.057462433769572e-05
2019-09-29,0.22976119283051488,0.22808031492435357,6.219043797318236e-05,0.22883418678211856,2.6713956277064513e-05
2019-09-30,0.21779162108832478,0.21897774473006712,5.40426004417811e-05,0.21827492668453666,2.8461484152137107e-05
2019-10-01,0.22405674936776912,0.2306550939171856,0.0001503232925456016,0.2252556466921438,3.9325816422513444e-05
2019-10-02,0.23331934560512838,0.224947587168891,7.0851648032322e-05,0.23024387186084563,2.5437983815842293e-05
2019-10-03,0.2258664025707423,0.22110729320084893,3.881901279904779e-05,0.2224058094715413,2.134057840138299e-05
2019-10-04,0.22312182741081793,0.22060573783942974,5.873095659902989e-05,0.22158182975299162,3.21726684167149e-05
2019-10-05,0.2226427775101653,0.21927073553423743,7.015898986932828e-05,0.22156015807005552,3.23292749266434e-05
2019-10-06,0.2222745487811231,0.22073709654925794,7.476186411980127e-05,0.22114277432089352,3.2451901078437686e-05
2019-10-07,0.2187649107910309,0.21255464158670936,4.6764958260519507e-05,0.2161157264510912,3.1880191939742074e-05
2019-10-08,0.21252770070955118,0.22048567720597778,9.408376870126817e-05,0.215472516259398,3.153339189544926e-05
2019-10-09,0.2270177051814828,0.21967630302506574,9.995774076312505e-05,0.22447792809079573,4.057250620205616e-05
2019-10-10,0.2240951278429184,0.217553467104782,5.555816705317101e-05,0.22027726732027283,2.614680017521612e-05
2019-10-11,0.216789765672304,0.21016898760679692,5.229859687284554e-05,0.21333305503306565,2.3667097506147232e-05
2019-10-12,0.20952643744266708,0.20827848331480805,5.072588347925306e-05,0.20870421054992472,2.2864448077213818e-05
2019-10-13,0.20200329003530704,0.20238978012958345,4.593705070696108e-05,0.2018731083703449,2.0846488546534106e-05
2019-10-14,0.25010005952934844,0.38041771787650197,0.0011081246172936965,0.2547560546942334,4.5199676067719344e-05
2019-10-15,0.368484418225759,0.2938939531458024,0.000679351978648393,0.36304991259992647,4.432138111305846e-05
2019-10-16,0.3293719173516675,0.3381382291462403,4.558025017451361e-05,0.33417744835428775,2.72720108995124e-05
2019-10-17,0.31673375016901467,0.3228248696357913,8.849919440746042e-05,0.318069719649733,3.38204503515328e-05
2019-10-18,0.3372535022647151,0.3367032587708925,0.00016550323407426345,0.33612549649685325,2.908492225372351e-05
2019-10-19,0.3473865819889551,0.3417197659567835,0.000130145028205506,0.3460117738543512,3.701455253375403e-05
2019-10-20,0.34547132303367084,0.34659288251956705,0.00010857491409860247,0.345806766736689,3.798298974299363e-05
2019-10-21,0.3335586046554294,0.3282357465369772,5.609724907171013e-05,0.3313961952541423,2.7308383207306633e-05
2019-10-22,0.3552850045976499,0.37543805204338787,0.00042107501938190724,0.3565873937633959,5.554131781171428e-05
2019-10-23,0.40620061084853,0.39773071631762336,0.00019913919106877918,0.40546296153857136,3.376569299472101e-05
2019-10-24,0.4054573175785549,0.4050782724561838,9.526709603314276e-05,0.40542302987996864,3.345419092377488e-05
2019-10-25,0.3900580480467933,0.3619269191926455,3.2704139298907245e-05,0.372591760653757,2.4095702734586453e-05
2019-10-26,0.3711266718733356,0.34788285850710227,4.009550279476617e-05,0.35779881437876204,1.676380781150961e-05
2019-10-27,0.3583332481821296,0.3423975225318763,3.7696094281528866e-05,0.3488679766264168,1.8872421381605358e-05
2019-10-28,0.35006847625841386,0.338053998773844,5.297796201533894e-05,0.34453332979690005,2.5547722078471297e-05
2019-10-29,0.34203323389104584,0.33087936785771843,5.9889477285191684e-05,0.3373406572681331,3.1282507448448614e-05
2019-10-30,0.3346180561528478,0.33094269806023907,6.227092255348055e-05,0.33329419107874503,3.4513925844022426e-05
2019-10-31,0.3691488673904278,0.3670056319355412,0.0003424306700153086,0.369946060531271,5.200347978158799e-05
2019-11-01,0.38403317265149384,0.39930921738314856,0.00023190411861169304,0.38652384599155715,4.383143292621563e-05
2019-11-02,0.4077414727786717,0.4065188397825628,0.0001779335990652189,0.40666149076670627,4.685347442929407e-05
2019-11-03,0.4181793246104561,0.41299242477392134,6.287265834471596e-05,0.4155246307722761,3.0020000315331956e-05
2019-11-04,0.42116739434180805,0.41523533674288865,3.7799822791870195e-05,0.41738949890680316,2.230192503765138e-05
2019-11-05,0.4102288151658739,0.40638103263163694,0.00012824488960025152,0.40852820816422253,3.6832833572771276e-05
2019-11-06,0.40902173316950885,0.3965650441896611,9.373071574018859e-05,0.4045663761704376,3.399881231650951e-05
2019-11-07,0.4094095088424155,0.4103343881569891,0.00014225507586183316,0.40908125723463373,3.548444802420307e-05
2019-11-08,0.4022953318084832,0.4064723255929276,0.00013984343923498815,0.4031274395047098,4.945650098381332e-05
2019-11-09,0.39407582300580685,0.3851899906938446,7.915546792356891e-05,0.3902746240814603,3.521975116690838e-05
2019-11-10,0.38656522679950256,0.3760618835332009,3.964300513305419e-05,0.3806258899309797,2.7341893250481145e-05
2019-11-11,0.3864800127472834,0.3841590591179462,0.00010201540023172148,0.3857561841994592,2.4643129723487406e-05
2019-11-12,0.38246110307087106,0.37810131082112236,4.049874410242905e-05,0.3799515178530627,2.4683175548815384e-05
2019-11-13,0.37500881747371434,0.3686852438908581,3.2436731203893616e-05,0.3709412926747461,2.1900665812517333e-05
2019-11-14,0.3972601720434219,0.400380463459806,0.0002707232027832229,0.3975740070120672,3.9497408693082365e-05
2019-11-15,0.4026302133735469,0.4143674183391729,0.00013356166186030805,0.40618536830637025,3.3397867647704245e-05
2019-11-16,0.41049124456759156,0.4124264464217386,0.0001431513461404485,0.41044934325118826,3.7720795282328095e-05
2019-11-17,0.40646045213864035,0.41176366858989455,0.00015024269120517266,0.40794503824798817,3.1753206352370296e-05
2019-11-18,0.4049368831616156,0.38976197061621215,5.445689080403212e-05,0.3978342094021008,2.3512516300404283e-05
2019-11-19,0.38767766492702577,0.3762353317486777,3.198442494420408e-05,0.38059100169098103,1.974244485513504e-05
2019-11-20,0.3783223113173061,0.3681737961820904,3.022636810358568e-05,0.37167033250877063,1.905956691816625e-05
2019-11-21,0.3718544200460726,0.36527782762209754,3.272179342172104e-05,0.3676783304558059,2.51317062048986e-05
2019-11-22,0.3694946314683405,0.36962120661655024,5.154848708040135e-05,0.36885544996441594,2.7802031839818684e-05
2019-11-23,0.38378861882867654,0.3863789651805795,0.00015228387527707802,0.38412145177266543,4.689390635007715e-05
2019-11-24,0.38622306459780753,0.37735027223221773,4.932091281642442e-05,0.3813128585954303,2.371054119215217e-05
2019-11-25,0.39154211336188643,0.38038215266089037,7.570256346406072e-05,0.3869230710819703,3.800731172076534e-05
2019-11-26,0.37896488007016693,0.37123002907686664,2.8766070268098925e-05,0.3742876532209655,1.908028472152337e-05
2019-11-27,0.3894740757920955,0.38009335111403614,8.655970238956481e-05,0.38600788889145876,3.100789501726253e-05
2019-11-28,0.3852268419370255,0.39019404497581306,0.00010058939441357334,0.386381412634681,3.1174371045143324e-05
2019-11-29,0.3895745825941712,0.37698311108538457,3.769266731214943e-05,0.3815784202131288,1.8638629654912086e-05
2019-11-30,0.3903731632889501,0.4009608432978903,0.00019535833500689074,0.39300286476349805,3.618864706108513e-05
2019-12-01,0.394979328821478,0.37414150438095567,3.070641958262198e-05,0.3820396867724696,1.8550435163424477e-05
2019-12-02,0.383734116460752,0.36890408047427764,3.236635117088504e-05,0.37436130068419515,1.9874658300985927e-05
2019-12-03,0.37638399484981433,0.3661051936014717,3.304254089937618e-05,0.3700630687597519,2.433571612920989e-05
2019-12-04,0.3707317470960444,0.3634673847371516,2.846511528457266e-05,0.3665258805861366,1.9528262742610817e-05
2019-12-05,0.36597452469176456,0.36244949122164594,3.925708683379399e-05,0.3638040292846397,2.3860785810358392e-05
2019-12-06,0.36291255425979885,0.35978206020111814,3.600072541814729e-05,0.3612757579778515,2.193326337970796e-05
2019-12-07,0.3608161611047121,0.35880833122729866,3.147634300398123e-05,0.3597343595222485,2.3100103077783653e-05
2019-12-08,0.37283914114277156,0.3801702932551612,0.00015065440778297512,0.3754160442278267,3.0134341404651267e-05
2019-12-09,0.3929031756321024,0.3841894554133738,8.662383624634688e-05,0.38902067605793195,2.805037901812262e-05
2019-12-10,0.3788904389974706,0.37212374360113915,3.4888534752821406e-05,0.3744023102493133,2.376872116375535e-05
2019-12-11,0.3907003079596893,0.3947919980735164,0.00019187905991394473,0.3917992435732819,4.242307804688305e-05
2019-12-12,0.4149462568563528,0.4220873708998365,6.187376261280381e-05,0.4179767382378208,2.2581462421692734e-05
2019-12-13,0.42207097161526785,0.42479591972584396,3.922556535597352e-05,0.4239160528770823,2.3303869435730154e-05
2019-12-14,0.4063653052653994,0.39112552015033736,3.33837066626966e-05,0.3976284334349465,2.0137807586519346e-05
2019-12-15,0.3942445552258863,0.37664295780041357,3.1848910066552815e-05,0.383264090140009,2.2831001390458128e-05
2019-12-16,0.38703393398601427,0.37090011540199513,3.326309972552053e-05,0.37774305370397376,2.017499190435867e-05
2019-12-17,0.38472424177993997,0.3769389371656792,3.522251082598267e-05,0.379962507351528,2.1763451504399245e-05
2019-12-18,0.38957149456130613,0.37082500268920365,4.029530670703526e-05,0.3789113158076475,2.301714991383202e-05
2019-12-19,0.38516346675164387,0.3819880149459124,7.415851682385361e-05,0.3835272681513676,2.7990448131753143e-05
2019-12-20,0.40904804680034357,0.40711283230413675,0.00019896656239478362,0.40901681645597676,3.4973322390294994e-05
2019-12-21,0.4183681870133039,0.4243942734816803,5.370967159002261e-05,0.4215310952273226,3.134846644411865e-05
2019-12-22,0.4247487976102221,0.4278168915758147,3.0977764844824985e-05,0.42607528641295117,2.2606415344584365e-05
2019-12-23,0.41303098803238525,0.3990264159791043,5.388889502933117e-05,0.4059057484847372,2.6533014498508085e-05
2019-12-24,0.40149964193840076,0.3832279713056377,3.0251641890206588e-05,0.38988403552659406,2.021612329588906e-05
2019-12-25,0.3948289750236311,0.37646370276454744,2.9994547857042577e-05,0.38357143770768265,1.925144477342183e-05
2019-12-26,0.3897041747998804,0.3720730726380544,2.7586125035122914e-05,0.37799823914324243,1.8092092356152662e-05
2019-12-27,0.3855216158632461,0.3699681382098404,3.6172295193520126e-05,0.37665935929450467,2.097264733356196e-05
2019-12-28,0.3820437739314763,0.3690711608677504,3.4061095359412984e-05,0.3739837505653809,1.9068489518244958e-05
2019-12-29,0.37906914428466487,0.36801714022674675,3.7705797888844776e-05,0.37249592577490104,2.2292026698346207e-05
2019-12-30,0.37626124950561235,0.36701972533348687,3.674677077884563e-05,0.370741091066285,2.4475848621281935e-05
2019-12-31,0.37399060411100676,0.36605897491498185,3.1188502176751314e-05,0.3692067307165308,1.7267596319024087e-05
2020-01-01,0.3727207270967085,0.3670615024999707,2.4411977335962117e-05,0.36879599425698795,2.1579723920470015e-05
2020-01-02,0.36993992507610385,0.36406365061977136,2.274093796956747e-05,0.36594325984135123,1.478712279047481e-05
2020-01-03,0.36808982806496016,0.36337957910437113,3.3915594429992686e-05,0.36536938837788974,1.6019223490207084e-05
2020-01-04,0.36763200956538034,0.3620233540878892,2.7796225876828776e-05,0.3643298636044486,1.8869999440967126e-05
2020-01-05,0.36530985952211226,0.3612630365210049,3.182203871060132e-05,0.3629505557922863,2.078732294912481e-05
2020-01-06,0.3626313959140369,0.3607609092057181,3.015835896019384e-05,0.36118085628561075,1.880235905457704e-05
2020-01-07,0.3618689351696592,0.36073942377307344,2.810723825925318e-05,0.3614354454852479,1.9557979439033664e-05
2020-01-08,0.3602338900638087,0.35962283008773555,4.2937208140178174e-05,0.35974468238828783,2.6480139790774012e-05
2020-01-09,0.3609976392136439,0.3653399394890875,4.467285425751953e-05,0.36381225549800456,2.1656108990963018e-05
2020-01-10,0.3722758987716872,0.36521696412215227,3.2070715621831646e-05,0.3676457150558863,1.6491413145695493e-05
2020-01-11,0.36471328499678396,0.3619217953014226,2.4772626232066362e-05,0.3625947417629511,1.978315840406705e-05
2020-01-12,0.3598644398697801,0.35838642278933114,3.5398217114265276e-05,0.35906123564446335,2.4345661026958466e-05
2020-01-13,0.35709984189920585,0.3564675043070597,4.305414427667196e-05,0.3561152564504584,2.4118579589768325e-05
2020-01-14,0.3545773106958937,0.3538994866642691,4.23497062277515e-05,0.35388097036618243,2.2030464009480884e-05
2020-01-15,0.35249566167560215,0.35226967502980555,3.7912310003893695e-05,0.3522499034175766,2.0974219098247845e-05
2020-01-16,0.3504519840309091,0.34979340636293904,4.942619262511036e-05,0.349679549268486,2.8394352326795187e-05
2020-01-17,0.3790290752680876,0.3913653150020588,0.0002742920329558537,0.3812013096005888,3.385723184348058e-05
2020-01-18,0.38075856598987884,0.3720050400314714,3.4509924455591625e-05,0.3751492262388587,2.335056244307618e-05
2020-01-19,0.37273087231525104,0.36485210764679954,2.3624184552160988e-05,0.36781137859124885,1.6196609805011363e-05
2020-01-20,0.36515485372372075,0.36166264186881997,2.3769820839207053e-05,0.36281700346479334,1.4983582131160505e-05
2020-01-21,0.36015759972082095,0.3578061690439271,3.0403629201558128e-05,0.359114199611899,2.0350077415703327e-05
2020-01-22,0.38468300000038547,0.39748449705817884,0.00030086977318700953,0.3859966595677313,4.685156114805796e-05
2020-01-23,0.39696211222924843,0.386515880602855,0.00010717205339652196,0.3942962056601669,3.07462423416769e-05
2020-01-24,0.3895919300704351,0.37295036007784566,3.374453957547568e-05,0.37969527744039505,1.7246563895383557e-05
2020-01-25,0.37958500585937976,0.36678580299270924,3.1013501654027064e-05,0.3715699279069758,1.9577767980869388e-05
2020-01-26,0.38876700344617693,0.3781513198863241,0.00012789345600137508,0.38606814148202107,3.3203923999153355e-05
2020-01-27,0.3860815987178471,0.3773646847744994,5.50520982932357e-05,0.3817684176466687,3.0023851246632316e-05
2020-01-28,0.39363211292519257,0.381351536980999,6.199673631221012e-05,0.3878213636731385,2.8211431747058283e-05
2020-01-29,0.3828790986061855,0.3798710279327156,3.879539549659464e-05,0.38098178353753215,2.6412434839412993e-05
2020-01-30,0.4121722962471189,0.40569189941392564,0.0002059256953755906,0.4111315745711615,4.270044128166215e-05
2020-01-31,0.4057511285887421,0.39167190477600683,5.6621419063883054e-05,0.3991374611479295,2.2566319103953748e-05
2020-02-01,0.40145016173900705,0.39110931205268706,7.579108427434218e-05,0.3973782675092665,3.774721841772884e-05
2020-02-02,0.3901140520777615,0.37500243198000777,4.278906302265155e-05,0.38208175217354534,2.56755355729581e-05
2020-02-03,0.3819657987126329,0.3666415724094889,3.161517585911805e-05,0.3724022290217092,1.9726407589041298e-05
2020-02-04,0.3759639290878361,0.36387806472461115,3.5551706607445995e-05,0.36811962939703036,2.093863811963114e-05
2020-02-05,0.37125365618803274,0.361935366590726,3.8226444978490466e-05,0.365872551758633,2.5466026154441443e-05
2020-02-06,0.3665340978662191,0.3590781674682275,2.8923347413961542e-05,0.36156305991598936,2.0757831671836557e-05
2020-02-07,0.3630434350182387,0.35744887067107844,3.325417473580796e-05,0.3596826043904594,2.096945243664174e-05
2020-02-08,0.3601391664558798,0.3561519332613954,4.079129068208461e-05,0.3584407133160703,2.5057745513283852e-05
2020-02-09,0.35740136102218334,0.35290936274099866,4.800102574459878e-05,0.35503611721518247,2.4629789674226533e-05
2020-02-10,0.36499861817539914,0.3676005634506489,9.218355506263775e-05,0.3659470961742261,4.0354665902255375e-05
2020-02-11,0.3672820180427368,0.3669065277777592,5.52520917039552e-05,0.3671713074760777,2.66612204466376e-05
2020-02-12,0.3645643497387772,0.36053575611748806,2.9504025983626255e-05,0.361893979847071,1.8020650889774977e-05
2020-02-13,0.35943933068269096,0.35694324584433423,3.734464075598646e-05,0.35793995426182734,2.058962850584811e-05
2020-02-14,0.35533599865411125,0.3530431725068333,4.33554073127924e-05,0.3540149169782123,3.050917691841239e-05
2020-02-15,0.3513519725208782,0.3481711792402061,4.255105777445609e-05,0.34927668284889274,2.4912063367474528e-05
2020-02-16,0.34726509290972934,0.3449934854342721,4.046476798436308e-05,0.3464223274980863,2.542702904547675e-05
2020-02-17,0.3525416823098989,0.3563019289917541,6.380938822168533e-05,0.3546470575391579,2.3050230500386266e-05
2020-02-18,0.3529608068010342,0.35200470694004593,3.727930677506735e-05,0.3524945745959704,2.2892739349976164e-05
2020-02-19,0.3496615118095866,0.3525474181061321,4.589880463679024e-05,0.3514680856740488,3.1522673882735964e-05
2020-02-20,0.34549401787377254,0.3452943869142812,5.057934542901825e-05,0.3460383379861947,2.1365499131150243e-05
2020-02-21,0.34139900932697137,0.3423963557051266,4.309611588173107e-05,0.342292674327214,1.90712129381145e-05
2020-02-22,0.33848835848492526,0.33716492235771184,4.47707679596252e-05,0.3376194657753292,1.9327804462025887e-05
2020-02-23,0.3351580811141033,0.333872222788009,4.2642829608575646e-05,0.334655693888131,2.0865296277661707e-05
2020-02-24,0.3328598935400811,0.3312460815950688,4.1641843575921624e-05,0.3316470845419132,2.458268891518309e-05
2020-02-25,0.34157916814644806,0.35486486974573916,0.0001355472225692972,0.34514548054078453,3.9343102263322226e-05
2020-02-26,0.3599679396901822,0.36207301228647404,8.448849502019754e-05,0.36045788205255247,3.0327597208974588e-05
2020-02-27,0.38905398218048765,0.40165667318138887,0.0002263777377097203,0.3915510958173335,3.5847176709980915e-05
2020-02-28,0.38238085863484417,0.37201527845743954,3.9937374393096665e-05,0.376693938946315,2.6723345839845105e-05
2020-02-29,0.3739579182189458,0.3697703592143867,4.016751572972151e-05,0.37135977262992015,2.419315005466323e-05
2020-03-01,0.39218483682122274,0.3864332322732826,0.00016753981374308775,0.390912900221782,4.5649055546013836e-05
2020-03-02,0.4095297823100885,0.41170658813423877,0.00015729271130210127,0.41016135396941533,3.810899862076155e-05
2020-03-03,0.4083528501807415,0.4202765398924613,4.5187797281105346e-05,0.4146590199805712,1.72439425484394e-05
2020-03-04,0.40778051424056755,0.4076469521762546,0.00012967879467699702,0.4070202377255505,2.8996594744611227e-05
2020-03-05,0.40717747060074977,0.4105416651875611,0.00012992342040399227,0.40856250274974526,3.317796859736306e-05
2020-03-06,0.4099076349175858,0.41361169707984596,0.00015329278021608344,0.41132523316916625,4.271167895857444e-05
2020-03-07,0.39713756308334436,0.38151206070064103,3.39385253697011e-05,0.38762914547552074,2.2503940777293566e-05
2020-03-08,0.38828254318273614,0.3741962547546352,4.731024708924008e-05,0.3807030970289628,2.561241617114066e-05
2020-03-09,0.393358628204599,0.3783199564807287,6.170258454225405e-05,0.38596692169301927,2.8344575685764648e-05
2020-03-10,0.3908211017815208,0.37535667909125814,5.7366078154958924e-05,0.38306203919030435,2.94077961960052e-05
2020-03-11,0.3811309403946077,0.3663362369700422,3.9104927273911515e-05,0.37249156803058975,2.179050477471268e-05
2020-03-12,0.3779921663221387,0.3685010333063131,4.727148784994567e-05,0.3733807588756879,2.4440275436108373e-05
2020-03-13,0.38625852490394474,0.3670282515869715,3.8643215576163273e-05,0.3746702446370736,1.8902528124684545e-05
2020-03-14,0.3740009473357332,0.36065276883260944,3.434202011754964e-05,0.3656337450520346,2.0715973879552997e-05
2020-03-15,0.36804075869175223,0.3635548484817939,7.418394499774801e-05,0.3662200476670903,3.9228960140943827e-05
2020-03-16,0.4005092589145881,0.3954920509675239,0.0002729580471683251,0.3993009985905156,3.299431333438085e-05
2020-03-17,0.3864443639052554,0.3739229397872321,4.474190911058825e-05,0.3796887740730012,2.877751318987093e-05
2020-03-18,0.3770328182715604,0.36043166097357826,4.672974077581684e-05,0.3685019106457896,2.2051227579602627e-05
2020-03-19,0.36810797834526343,0.3565418805773122,3.432926007812406e-05,0.3611017155838068,2.303919954929351e-05
2020-03-20,0.3590805087840551,0.3519167790656953,3.965685714852294e-05,0.3551773102321116,2.5919960938611937e-05
2020-03-21,0.351172455262225,0.34830883482056096,5.207781605522767e-05,0.34998712739759186,2.5552560715560925e-05
2020-03-22,0.34581193730435855,0.34141751488055017,5.987396765996731e-05,0.34460625256502087,2.54636392411086e-05
2020-03-23,0.34790467908595246,0.3535226377234476,6.0662775654942995e-05,0.3506636360279818,2.99655835863017e-05
2020-03-24,0.34866082425450534,0.3432594431296218,5.257177008562185e-05,0.34572207021572204,2.354610515420802e-05
2020-03-25,0.34119130548525,0.34499924267867726,5.1434318978382935e-05,0.34333300627667884,2.1419746171354142e-05
2020-03-26,0.34190610961247964,0.3551447009473182,0.00010468965874172618,0.3462323545090576,2.560750188036683e-05
2020-03-27,0.34231909075820427,0.33819672183007965,5.105747588428959e-05,0.34032445769143893,2.017552600598551e-05
2020-03-28,0.33228697522459044,0.3309069145329406,4.964373856945169e-05,0.330927946723323,2.188595218416397e-05
2020-03-29,0.32676616290882576,0.3311416996248361,5.709383658946219e-05,0.32896037523684407,2.8875627285297135e-05
2020-03-30,0.3274972764766886,0.32965485422284435,5.2369275871114824e-05,0.3284912160127421,2.7278092323030733e-05
2020-03-31,0.3224710290362342,0.3212544412960235,6.139592543148636e-05,0.3218329817448099,2.692470269239876e-05
2020-04-01,0.3164578489543973,0.3149059963759417,4.668217288514264e-05,0.31572640250360423,1.8794807993915288e-05
2020-04-02,0.3115499964333291,0.3109338077957897,4.419726419680116e-05,0.3112663612420603,2.5300466651098732e-05
2020-04-03,0.3070687458437729,0.30508500733753424,6.0589017824370213e-05,0.30587922917744,2.406011947166386e-05
2020-04-04,0.3000886361506375,0.29549273539566345,5.852970315558728e-05,0.29784529772547186,2.532532140820116e-05
2020-04-05,0.2920273209458195,0.28928126418857764,6.197015234368891e-05,0.29065942183194976,2.661399911800735e-05
2020-04-06,0.2850190299401635,0.28822270465699584,7.487872601910287e-05,0.2860336701809978,3.361020427317428e-05
2020-04-07,0.2891110054401951,0.2934389929547271,0.00017467182797970004,0.2898082014765787,3.7781741379257325e-05
2020-04-08,0.28886568952867786,0.283450686080142,6.306197343638102e-05,0.28660475024552085,2.464399313311395e-05
2020-04-09,0.2809150402000273,0.277537029646629,5.2316891971064106e-05,0.2783550222580982,2.4797771365016505e-05
2020-04-10,0.2703085376774113,0.26863970162354067,6.0483930060486935e-05,0.2697497860655338,2.5142202905644622e-05
2020-04-11,0.26112683222444055,0.26087312643774235,5.1124306770715134e-05,0.2614048435576036,2.927399398321973e-05
2020-04-12,0.25791761401822,0.26525577044469895,0.0001164010125955463,0.26022667954173095,3.5639931876231713e-05
2020-04-13,0.26282809887924397,0.2693401449698627,0.00013465974035734794,0.2643964796151378,3.417687839504458e-05
2020-04-14,0.2649733713416604,0.25476326125734106,7.751105529428445e-05,0.26006122906831436,3.278403001333747e-05
2020-04-15,0.25243438712424715,0.25128668207869276,6.218444408201117e-05,0.252036547682505,3.088802442421642e-05
2020-04-16,0.2426933078898038,0.24774165378286817,7.920763925732913e-05,0.24463986102053828,3.54300383880743e-05
2020-04-17,0.24160154269359269,0.2494773187863548,0.00012667274105175475,0.2446498635255783,3.779457021350503e-05
2020-04-18,0.24590928404244705,0.24205307644223037,7.133972328070325e-05,0.2448425863008829,3.091049643823679e-05
2020-04-19,0.2707708081061681,0.27882633858666966,0.00032103516323671126,0.2727095516514306,6.398068561868663e-05
2020-04-20,0.29764652376675726,0.3159896669041723,0.000472358760884469,0.3002257661469616,5.1348002527321245e-05
2020-04-21,0.37290560101245157,0.3823498431550004,0.0005127677114508978,0.3741522559675733,5.586161389304963e-05
2020-04-22,0.36400381905741186,0.36277646667181296,4.5497234379016414e-05,0.36325557601828456,1.9613765195524057e-05
2020-04-23,0.34673215424916,0.34779987805247103,3.59018787170463e-05,0.347947659524573,2.1207944852802334e-05
2020-04-24,0.3321065259827685,0.32715499406792053,7.273453180242063e-05,0.3297061769483141,2.881624730436456e-05
2020-04-25,0.3192717569215874,0.31831469772093696,8.038804433865543e-05,0.31895305656127804,2.85369724741276e-05
2020-04-26,0.3165265916273073,0.3179379316124751,0.00010352745130183942,0.31753530662860663,2.9838856385718333e-05
2020-04-27,0.34049003938782346,0.35147961064840294,0.0003632908546223699,0.34238166491555594,4.896990374191354e-05
2020-04-28,0.3596610141758217,0.3602330159045631,0.00017970969127057088,0.3598806992180325,4.194487357712382e-05
2020-04-29,0.34456263158086625,0.34215612417258795,5.246832988467708e-05,0.34347629891146825,2.7460066883772105e-05
2020-04-30,0.3462078409600455,0.3618299037438738,0.00017204077936972716,0.35003391854427457,3.7643624963024384e-05
2020-05-01,0.3846132889143286,0.3799805423194,0.00031482333140819065,0.3829363999309336,3.393712996260011e-05
2020-05-02,0.38433312267836994,0.37910572949351157,0.00017508322246007906,0.3837299993134421,3.81712603992966e-05
2020-05-03,0.36643092848310765,0.35139440393638155,4.447686426799907e-05,0.3581283864500857,3.0473423464817185e-05
2020-05-04,0.3448589308315356,0.33803984793205966,6.951883492309975e-05,0.3428589317994095,3.33172589725753e-05
2020-05-05,0.3366609296871814,0.3315943332872097,7.65923595141045e-05,0.3345605451381981,3.616426356800635e-05
2020-05-06,0.3201076912824473,0.3144118146269175,9.774681256439845e-05,0.3180348309008092,2.9597786502667692e-05
2020-05-07,0.3049088218394344,0.29627944322255134,9.443709725440042e-05,0.30112376074420993,2.9454750231854644e-05
2020-05-08,0.2947075055313757,0.2909776224234035,0.00010428801610158127,0.2935067046712636,4.766571503407417e-05
2020-05-09,0.2936199201733385,0.2896096958637652,9.279332540891936e-05,0.2932758041050004,3.3523858285710635e-05
2020-05-10,0.3823575605601298,0.3999436262162483,0.0002855702625543764,0.3853524302818429,4.424727127463136e-05
2020-05-11,0.420086797622093,0.41011962196073015,3.4561791006812835e-05,0.4135299691919954,1.8169081038280217e-05
2020-05-12,0.4009620486085914,0.38622834487409313,7.465587786431868e-05,0.3947864071698316,2.8958104344157727e-05
2020-05-13,0.41068924022955683,0.40079713311932896,0.00014577786108897506,0.4073699989464925,3.820954933766804e-05
2020-05-14,0.3947978064669709,0.39045799347714016,0.0001251473070269894,0.39378146996313135,4.4723923478740064e-05
2020-05-15,0.39621443564779224,0.370447446093396,5.357971232856382e-05,0.3831214890817714,2.422015967337627e-05
2020-05-16,0.3748259604164416,0.3583770765999391,3.718779591824868e-05,0.3657116898732255,1.8875807415788273e-05
2020-05-17,0.356817003864175,0.34626667923310256,4.153913447004574e-05,0.35041608639196953,2.4122322149466246e-05
2020-05-18,0.34065753852768044,0.33156154278621763,8.467395139821509e-05,0.33831328859035836,2.9827897880451058e-05
2020-05-19,0.3256945826291399,0.32138680096139216,0.00010100454387203581,0.32392975117701023,3.688685150208655e-05
2020-05-20,0.31129009309613853,0.3048388235560392,9.66657135108427e-05,0.3083832756253459,2.8131861739180843e-05
2020-05-21,0.2984517624224516,0.29370475760419945,8.133143170037106e-05,0.2963180200589284,2.9854654289465187e-05
2020-05-22,0.2868613574327555,0.2812951073925267,8.930971127362598e-05,0.28403859830966954,2.8731323125082667e-05
2020-05-23,0.2884745188902484,0.295595326346799,0.00013885275589203927,0.2902112101563563,3.092798033867967e-05
2020-05-24,0.2835612318305125,0.27928228061928595,6.12066276784771e-05,0.28166642833267197,2.8883606880724918e-05
2020-05-25,0.26893867692564627,0.26719036526533285,8.45143487849597e-05,0.26847375492604547,2.317999415681741e-05
2020-05-26,0.25530972476393277,0.2540391771391182,9.498545106525333e-05,0.2550133283488268,3.148196913989876e-05
2020-05-27,0.24189058352551138,0.24017385484877532,7.790427562894934e-05,0.2405692482529238,3.274505932275914e-05
2020-05-28,0.22913986510480863,0.22628781448854515,7.789943029534941e-05,0.22851998101966345,3.775039591866685e-05
2020-05-29,0.21723020938123588,0.21655830171908094,7.772330649392842e-05,0.2168615386081542,3.776216044737469e-05
2020-05-30,0.20634007368722618,0.20785901043236607,6.801130370953132e-05,0.20674121999015607,3.0150554745354756e-05
2020-05-31,0.1965766155268629,0.19948376782105393,6.289208830452326e-05,0.19756948890608886,3.497712258038317e-05
2020-06-01,0.2156797952017544,0.27211873243784995,0.0015396942252740046,0.21773965627373063,5.981224348991899e-05
2020-06-02,0.28309057815509553,0.21166147639492458,8.053848405299463e-05,0.2551778282374328,3.571883552665125e-05
2020-06-03,0.2654909621519019,0.2502989555369457,0.00011407962523152125,0.26136325130017224,3.6564654708755015e-05
2020-06-04,0.27997554570462696,0.3188750256632647,0.0008279199346878703,0.28233721548264773,3.997392847614795e-05
2020-06-05,0.31328225828426676,0.27694146603481823,6.138214564908377e-05,0.2968717830768994,1.9622111693615568e-05
2020-06-06,0.2988859153568392,0.3163036823465758,0.0002624820765073167,0.30153707286259457,5.6353845754045974e-05
2020-06-07,0.3023898486614792,0.298236370561202,0.00011677343787750842,0.3014190369567626,3.799519953667854e-05
2020-06-08,0.30511680254865686,0.3426286790218837,0.0003539788160379783,0.30984922784356406,5.0459461288224285e-05
2020-06-09,0.3401015913660993,0.34043447672330496,0.0003554250453680451,0.3399606889735222,4.486991616133709e-05
2020-06-10,0.3239277219490762,0.33904661397080366,0.00011140157824480797,0.32843283220331926,3.259868117527162e-05
2020-06-11,0.3531822207182339,0.3893592825070841,0.00039398869849336944,0.3574049736279445,4.895434294296018e-05
2020-06-12,0.3590383101115573,0.33716778011680015,7.488551641630878e-05,0.34988604814205054,3.925362583604391e-05
2020-06-13,0.3374715639117961,0.33770850597776736,8.251674174527961e-05,0.33756883305246693,2.5618146252625937e-05
2020-06-14,0.3204353933639351,0.3194171652220927,5.7348869136450114e-05,0.3196090315910073,2.7511263337958578e-05
2020-06-15,0.3114421525747249,0.3133729576715368,0.00010204503930302805,0.31218143776852497,2.8898425084296325e-05
2020-06-16,0.3211000583621508,0.3283273573520324,0.0002496419233435907,0.3216508852889494,4.181849484403421e-05
2020-06-17,0.3248191355158267,0.31409083490599254,8.037408783403642e-05,0.32025279691193803,3.284752289438831e-05
2020-06-18,0.3169702599953637,0.31908346702950324,0.00015022829285541738,0.31696298311937987,3.6389682059693155e-05
2020-06-19,0.3045686898514642,0.2958081150970337,8.88469885956917e-05,0.3010648041209248,3.405463463210667e-05
2020-06-20,0.2893296743874932,0.2804405880335565,7.696007761175885e-05,0.2859645025559447,3.821357939997398e-05
2020-06-21,0.2747736236972731,0.2652838041816752,9.500683408195947e-05,0.27079079418968377,2.9059357758508623e-05
2020-06-22,0.26227407669913083,0.25961264333000356,7.200672973518557e-05,0.2612754503044666,2.8673517407121127e-05
2020-06-23,0.249169465984565,0.23638285955196092,9.497556755064746e-05,0.24373851037324357,3.013914274557564e-05
2020-06-24,0.23361744333970175,0.21931679438964274,0.00011461581582517002,0.2300138396906518,3.8419461140457037e-05
2020-06-25,0.2270847087205407,0.2268273284813288,0.00016837820578910682,0.22724968809628257,4.33886249274426e-05
2020-06-26,0.23685914518179194,0.2486292222363078,0.00037335814990474146,0.2386428514466033,5.264462311994398e-05
2020-06-27,0.29911449263385925,0.2609160665258425,0.0005422009190043355,0.2961865133880018,3.947246903782116e-05
2020-06-28,0.27694486916602706,0.28455453087534044,8.510137442757836e-05,0.27955874647766804,3.140301507799503e-05
2020-06-29,0.26370107068658705,0.2679634588774562,6.833970202547724e-05,0.2657058092961428,1.995119249910454e-05
2020-06-30,0.24580608845985757,0.2433859663427085,6.287807334072044e-05,0.24463543864016518,2.931047372344422e-05
2020-07-01,0.2307836221774279,0.23113182503174579,0.00010159534195974529,0.23122798594898047,3.78374384560171e-05
2020-07-02,0.22565022818049563,0.22846754599745053,6.00299930631939e-05,0.22700206367988035,2.661704030599798e-05
2020-07-03,0.2181224072328902,0.2151265041755153,5.948585771901092e-05,0.21677624578881485,2.9620185445322897e-05
2020-07-04,0.2067015575300114,0.20298378724417684,6.405831798700487e-05,0.2052903027772349,3.236867811701586e-05
2020-07-05,0.1947517003689494,0.1928724325543517,6.812546603230148e-05,0.19386345998108645,2.97593203529146e-05
2020-07-06,0.1864780457410624,0.1915906255405826,6.553797346397353e-05,0.18856007476470843,2.7637797928660486e-05
2020-07-07,0.17868457619894054,0.18043486052286725,4.581297489481372e-05,0.17976968955221787,2.4438563194963456e-05
2020-07-08,0.17034665564001691,0.17254671965568444,4.9945352741776134e-05,0.17094098978428285,2.389428300400974e-05
2020-07-09,0.16327275855915574,0.16537160970055853,4.459750867499606e-05,0.16418197447102792,2.1016612814805567e-05
2020-07-10,0.15916259263548704,0.16559642321904047,5.0193667583455156e-05,0.163021103836522,2.509748223224083e-05
2020-07-11,0.15709304013405329,0.16389638504718967,4.0296056606502304e-05,0.16093467663006242,2.235310199615914e-05
2020-07-12,0.15387523814110599,0.15861237891226132,4.171039977841552e-05,0.15641513997550616,2.137536251722479e-05
2020-07-13,0.15141700522883814,0.15498102527327537,4.4390804695814926e-05,0.15313726222134416,2.8003776490567706e-05
2020-07-14,0.14946294023370563,0.15371574846266436,4.790138585918262e-05,0.15183753188944146,2.532500863410758e-05
2020-07-15,0.15593487868716988,0.16804122268898616,7.031886463619137e-05,0.16027158117277224,3.291148227825375e-05
2020-07-16,0.15826612722029787,0.16109428189598962,5.020600622885172e-05,0.15964251173400734,2.4512318418831045e-05
2020-07-17,0.15884772494490246,0.16462260058146222,5.3641123603605165e-05,0.1616516247911138,2.663850797905676e-05
2020-07-18,0.1573231725659807,0.1575212101053051,5.782199924118657e-05,0.15742037197455355,1.755008187507079e-05
2020-07-19,0.15334884797516277,0.15322555123559106,4.526617257493525e-05,0.15322191917549013,2.3728245160157438e-05
2020-07-20,0.15046849387901118,0.15161962316644526,4.002230434652145e-05,0.15130358816274506,2.4888867967050504e-05
2020-07-21,0.14837920610930005,0.14997957898780687,4.3683126568473084e-05,0.14894055430616,2.2300091318187153e-05
2020-07-22,0.14775709090363998,0.15484860742026124,5.707351975579471e-05,0.1511914821341686,2.3655426440185206e-05
2020-07-23,0.15001178955942282,0.15514928344127818,4.484060980133136e-05,0.15295354250230106,2.449050695226857e-05
2020-07-24,0.15106549334217434,0.152924908829512,3.896923613800455e-05,0.1522835237115043,2.291868036321122e-05
2020-07-25,0.14905011236043225,0.15097867038956958,3.83843287474347e-05,0.1501748795923789,2.223553283567296e-05
2020-07-26,0.14824453210343358,0.15181648286131508,4.189930883609462e-05,0.15024132420147762,2.3527544687437325e-05
2020-07-27,0.147268252288081,0.14818706346439897,3.444683896187364e-05,0.14795442049690272,2.0194226083258783e-05
2020-07-28,0.1460121997189697,0.15005451924170754,2.710536518773667e-05,0.14837301459806684,2.0785694784003633e-05
2020-07-29,0.145147384967618,0.14829940498338312,4.513161656045243e-05,0.1468201649750009,2.9974796337958897e-05
2020-07-30,0.1451207899526565,0.1471283563438764,5.218699656150943e-05,0.14577024585253728,2.535086337186328e-05
2020-07-31,0.14701467600570953,0.1496141765617765,4.886196994654402e-05,0.14856523103324007,2.251477883830536e-05
2020-08-01,0.14778422635215238,0.14951901283270502,4.612338406046818e-05,0.1490294652660951,2.6478383680318222e-05
2020-08-02,0.14768229205544064,0.15279729736695946,4.153443087649378e-05,0.15036431506709844,2.4530366719888055e-05
2020-08-03,0.1473903971344711,0.15246949725130152,4.2502559157135315e-05,0.15050280431810234,1.7023842891325428e-05
2020-08-04,0.14625001542184193,0.1506984006115263,4.241502719158441e-05,0.1493906610752887,2.3521268877350947e-05
2020-08-05,0.1447100839372516,0.1473777906525227,3.405147658387083e-05,0.14663425545730852,2.2715934828872717e-05
2020-08-06,0.14320562105165763,0.14337718345592468,3.7749085675885915e-05,0.14377791851869717,2.1448365368431828e-05
2020-08-07,0.14182613281132694,0.14330981830710846,4.6117283676724925e-05,0.14279704488021625,2.9665708221457826e-05
2020-08-08,0.14107342698684927,0.14245267381625892,4.404226674260699e-05,0.14167436991711702,2.2638066257531426e-05
2020-08-09,0.14219023852747126,0.14603454137769295,3.976672990965874e-05,0.14441168604558352,2.4130718878627203e-05
2020-08-10,0.14773832883041374,0.1512427904461469,4.941003074952835e-05,0.14872476661190948,2.6774050902539726e-05
2020-08-11,0.15935263352772455,0.15966464048308576,7.707563225475134e-05,0.16070116194090564,3.124252413477716e-05
2020-08-12,0.17939102035574667,0.19431226308464533,0.00038896005562155157,0.18162916296040238,4.218287709060633e-05
2020-08-13,0.23059509567967185,0.19192873641952793,0.00012605804754970302,0.21846334405375056,4.0388741627484976e-05
2020-08-14,0.2188318940516031,0.20115630993157196,6.443341991677996e-05,0.21127703866881492,3.0457898536907686e-05
2020-08-15,0.20227781886686313,0.1972287984537976,6.615476082708397e-05,0.19943890014379137,2.6501188706750376e-05
2020-08-16,0.3006408606221705,0.2725488133222831,0.001318127618645918,0.29951870638277606,5.594674812820066e-05
2020-08-17,0.27447765840824523,0.2729885605523148,8.819653946124989e-05,0.2745100841043165,3.417720080936564e-05
2020-08-18,0.24963150472365658,0.25316216937916336,7.429949373085476e-05,0.2501268689742934,3.0149709864222165e-05
2020-08-19,0.22659090085303618,0.22216339675740393,0.00010359629227824917,0.22525311025642883,4.650613331812147e-05
2020-08-20,0.20376563399797065,0.20209575069304908,9.481359635825573e-05,0.2038325376195742,3.176853535617083e-05
2020-08-21,0.2089548489804669,0.30388677523588997,0.0018682967665112744,0.21194259364588774,5.705434378247293e-05
2020-08-22,0.34476751969141184,0.22440933123747733,0.00018925140367518414,0.3184008935050512,4.409580914144427e-05
2020-08-23,0.2964594441123606,0.29539426676914426,7.944150640354585e-05,0.2969230055437486,2.5594478184165966e-05
2020-08-24,0.26819423237865353,0.27225081827762293,4.9898648823547334e-05,0.2698028661603956,2.8861850443396254e-05
2020-08-25,0.24274625315561063,0.24295531844820012,8.149288354330349e-05,0.24277820536565692,3.8566234557394825e-05
2020-08-26,0.2249564351137544,0.2252100591658298,7.068998861303635e-05,0.22434540775563844,3.008042106223273e-05
2020-08-27,0.21058354831307988,0.20605433974678777,5.3996586036286e-05,0.20880560208569054,2.66945879950408e-05
2020-08-28,0.24217900427409583,0.24449914298378814,0.000583165343102676,0.24169900725630405,5.563095356386694e-05
2020-08-29,0.27888973944665973,0.31131077363740667,0.0010647728210401736,0.27980968315756627,4.5510013970560084e-05
2020-08-30,0.33602108898692407,0.2829601754326031,0.00018238671449453348,0.3239821313775644,4.0905284311528634e-05
2020-08-31,0.3001688507789524,0.30182835791375184,6.554285599045216e-05,0.30126806276641704,2.7494000871039367e-05
2020-09-01,0.2787966652231472,0.2791585616301589,6.50416205877212e-05,0.27874344021797753,2.843557412257023e-05
2020-09-02,0.25902194720908034,0.25782115132419375,5.6339627927890386e-05,0.2584269012506152,2.126360841205697e-05
2020-09-03,0.24033105552580575,0.23793677294866655,6.025429452544962e-05,0.23925931993654395,2.694074646180183e-05
2020-09-04,0.22252915032376197,0.21706658827781536,7.063084388728727e-05,0.2200909879927912,3.744232618524787e-05
2020-09-05,0.20722470445493846,0.20592756599173526,7.209578421170016e-05,0.2067911324611771,3.251720362822913e-05
2020-09-06,0.19674320804658946,0.19989382544545597,5.923352747280928e-05,0.19787478742727427,2.706467334140643e-05
2020-09-07,0.18858902843012287,0.1906572684713913,6.175895928095713e-05,0.1895997082317128,3.292647982262545e-05
2020-09-08,0.18161934319161838,0.1813729248757138,6.062539243347652e-05,0.18017751739402615,2.6498643460008078e-05
2020-09-09,0.17582708150656726,0.17640660629290605,5.111993507707247e-05,0.17624809538289962,2.7058321008243384e-05
2020-09-10,0.17199246992215522,0.17284630960107136,5.1574520876849815e-05,0.17211131113850517,2.544512379752526e-05
2020-09-11,0.16729232120496593,0.1688264431507935,5.4440108405968e-05,0.16758442177541474,2.7498185092203798e-05
2020-09-12,0.16331321882452948,0.16416022312578854,4.8246653646540674e-05,0.16335087324713393,2.3623374439154288e-05
2020-09-13,0.15987028388105434,0.16033209248293737,5.308375118014936e-05,0.16027027469812163,2.9423182044789158e-05
2020-09-14,0.15689597343021927,0.15791791668073019,5.700942333451252e-05,0.15707033917411267,2.2922783766852816e-05
2020-09-15,0.15486523168982333,0.15693231386107281,5.0564035407118134e-05,0.1559889643259667,2.584046976596498e-05
2020-09-16,0.15348303796189,0.15490203440670858,5.3866185691378725e-05,0.15421141743655528,2.3307057243396765e-05
2020-09-17,0.1521878038840136,0.15328952426976017,3.990770502488554e-05,0.1527900616644711,1.7884319624865813e-05
2020-09-18,0.1512393644355226,0.15518599507190362,4.3851000544380775e-05,0.15372857575237972,2.3495579413604638e-05
2020-09-19,0.16535849748790482,0.1873342903419231,0.0003564913416334894,0.1675492302668427,3.6017141961493475e-05
2020-09-20,0.19038767535977671,0.17677788442119083,9.044670109742577e-05,0.18537847025240584,3.33730185050997e-05
2020-09-21,0.25484628635888246,0.281465170589045,0.0023150180722435,0.2557765540518847,5.24331703062727e-05
2020-09-22,0.358551678748147,0.32465625713755647,0.0009913305410673239,0.35807849553481524,4.793218437260871e-05
2020-09-23,0.3201306699041086,0.3350125518276841,4.610012070721052e-05,0.32822645253576516,2.4364933037343692e-05
2020-09-24,0.33468656427320154,0.3603268541841443,0.0003792058511069918,0.3377624536672037,4.776054117400691e-05
2020-09-25,0.3707237631461851,0.3712457036214558,0.0003451723733296124,0.3706740938501531,2.7981443320467225e-05
2020-09-26,0.3611528184905991,0.38710891952135923,0.00021193918653879384,0.3673822253910161,4.954065876938584e-05
2020-09-27,0.3598270616699671,0.355871478906963,7.10246313817254e-05,0.35798201101536364,3.6236200332529296e-05
2020-09-28,0.3474379763731809,0.33753037969954236,5.381288665686274e-05,0.3424560295528217,3.468771731205182e-05
2020-09-29,0.324131645584269,0.3239175006783281,5.678765679159876e-05,0.3245732580560214,2.713040181656018e-05
2020-09-30,0.3096071037726055,0.305509389988652,6.0600794394870464e-05,0.30768512530906456,2.6992810369506567e-05
2020-10-01,0.3118993313292685,0.31047578905936196,0.00013347454013470713,0.31183559222977303,3.935592117671705e-05
2020-10-02,0.3857017091479936,0.3827502210257805,0.000509642901956087,0.38592736536836547,5.469511834440745e-05
2020-10-03,0.4003402844867036,0.4013139254431507,0.00010894441327702972,0.4004855647396466,3.40835405025184e-05
2020-10-04,0.40676802749363605,0.3911190030393511,0.00014157865575740585,0.4017745332234173,4.704856322859495e-05
2020-10-05,0.38597367475602723,0.3708529192870831,5.3899959907193554e-05,0.378732400812656,3.0389146462517302e-05
2020-10-06,0.40324939067868426,0.4055892420230329,9.349730164473156e-05,0.40363905442985826,3.189060787486006e-05
2020-10-07,0.40549493962215755,0.37280436558984376,7.122995299656006e-05,0.39092358086641804,2.6829452232654895e-05
2020-10-08,0.38259358642435193,0.35837454374467126,3.600937478244929e-05,0.36823592600385374,2.0670071015974524e-05
2020-10-09,0.36829545621233856,0.349854423950567,3.124382554710887e-05,0.3570171932901043,1.7870746377749082e-05
2020-10-10,0.35810927545290727,0.346620321683043,3.993201832906396e-05,0.35159265701297043,2.4383429648701057e-05
2020-10-11,0.3513125378666598,0.35320110583407005,5.855341369211242e-05,0.35210407704092117,2.804885864108235e-05
2020-10-12,0.3528755328622609,0.35244553728012,5.4280041990467786e-05,0.35249452444261437,2.95849065666693e-05
2020-10-13,0.3825367782191526,0.3771867255324864,0.00023875606829771892,0.3817905542432151,4.2911790082229536e-05
2020-10-14,0.39651388400023174,0.39493308970452623,0.0002427827981885918,0.39646609750198736,3.437931911397825e-05
2020-10-15,0.3786098910418442,0.3705368604405759,4.6196822304611674e-05,0.3739579937728154,2.7355976807935087e-05
2020-10-16,0.36434624745920813,0.35667612918592567,3.6971872424790676e-05,0.3598044336343164,2.1495185819623526e-05
2020-10-17,0.3539797216173294,0.3490862596010071,3.117439148268184e-05,0.3507805050597536,1.8801913857042182e-05
2020-10-18,0.34484125130395,0.3409953662168841,4.4319199299760947e-05,0.34310726995867263,2.3302238536418e-05
2020-10-19,0.3368488113286576,0.3345912512116708,5.91935573737379e-05,0.3361891006550527,2.8901315371176863e-05
2020-10-20,0.33578550581341304,0.33768210569823026,7.489444462116084e-05,0.3363606443274911,2.775106154613603e-05
2020-10-21,0.33199579040569555,0.3341870204456609,5.778278567916104e-05,0.3336681360457375,3.538118494601894e-05
2020-10-22,0.32866381342139145,0.33225117534225973,7.424753852260536e-05,0.3303764832971195,3.256505198023252e-05
2020-10-23,0.34908837109599694,0.3607036572437267,0.00022068139400819952,0.3516204649713396,3.861547044481277e-05
2020-10-24,0.35217145013104884,0.3417024832768741,5.32054350760012e-05,0.34684555790253874,2.1235434190710687e-05
2020-10-25,0.3535925586760308,0.39639728358353993,0.000328983730868518,0.3591649515826505,5.5778542750783234e-05
2020-10-26,0.3849170630201075,0.36061346371893743,6.0303320027513836e-05,0.3736757103277671,2.567814872068257e-05
2020-10-27,0.37918244390448047,0.38115293915090753,0.00016763335662053373,0.37956665564872766,4.102601734824947e-05
2020-10-28,0.37877910643099444,0.3624720144350556,3.787730704489552e-05,0.36955361537357784,2.0492502844266263e-05
2020-10-29,0.36233902820029595,0.35610555430478547,3.219400826924878e-05,0.35786311660368697,1.7809071263532417e-05
2020-10-30,0.3519383422925167,0.3486833081195271,3.892056238587098e-05,0.3500617647712605,2.6154309241875173e-05
2020-10-31,0.34403275637141517,0.34046752251425316,5.343721055706522e-05,0.34223570656614205,2.0553799775194088e-05
2020-11-01,0.3369209203387548,0.33357009170575547,5.164238663244283e-05,0.335016156528191,2.167947046658136e-05
2020-11-02,0.3314904981190995,0.3376978776322034,7.80688020866903e-05,0.3350422250866473,3.114375544250642e-05
2020-11-03,0.3484492914431001,0.3490056042199644,0.00010117664779911696,0.349213792971197,3.6612412216325e-05
2020-11-04,0.3435703970765425,0.3433697506037997,5.653024185342428e-05,0.34353889596394516,3.001736963204827e-05
2020-11-05,0.33317445892821146,0.3362175081014589,5.758056028991904e-05,0.33460185219639954,2.4465638203372477e-05
2020-11-06,0.3291217438161057,0.33325563251874385,6.937270407289012e-05,0.3312844617240852,3.1946413701501965e-05
2020-11-07,0.33363003172022787,0.3504173521328838,0.00012123191604062018,0.3391764331020804,3.468489514936607e-05
2020-11-08,0.33811750585718325,0.3333057493550146,5.1817326070017946e-05,0.3359471110531073,2.3740404902340883e-05
2020-11-09,0.3315612800113963,0.3477287419879624,0.00010461911936403849,0.3365143308577146,3.23518367639235e-05
2020-11-10,0.35385076772060037,0.3538630841244233,0.0001281729059251683,0.3539945447003575,4.267597104213045e-05
2020-11-11,0.3444308185224987,0.3472390067316479,6.090572518439324e-05,0.3461315315098474,3.367113649672996e-05
2020-11-12,0.33338142216708216,0.3391746270579247,5.507343899119299e-05,0.3362735024105025,2.604285732360101e-05
2020-11-13,0.32628437731259324,0.33073040774087387,4.2881980088685555e-05,0.32873603577145943,2.1655969773260348e-05
2020-11-14,0.32058814760657034,0.32380140463425955,4.779193205216625e-05,0.3228377623945121,2.5509372885989585e-05
2020-11-15,0.3400971645305471,0.3786500751034346,0.00040096911350053486,0.3450944258849806,4.855069581443063e-05
2020-11-16,0.36949603982503343,0.3418632832832542,7.125043710706426e-05,0.3583278452600933,2.5785566934953473e-05
2020-11-17,0.3495868051550409,0.3505499653338643,4.344170410931754e-05,0.34975056012979144,2.5564736395310637e-05
2020-11-18,0.3396628156742201,0.34273943810391744,4.8594452837979363e-05,0.34152169412803546,2.651447392419114e-05
2020-11-19,0.33844481561388445,0.34303705132075685,5.835187043634647e-05,0.34045486264462627,2.686029512002838e-05
2020-11-20,0.33353249936227897,0.33616850398452053,5.562512822230544e-05,0.3345629153425794,2.5587659321795518e-05
2020-11-21,0.3281920348512914,0.330017777316395,3.9687533148369746e-05,0.32926699912584667,2.4180825856848943e-05
2020-11-22,0.32400851603033043,0.32472133390654034,4.300296589573411e-05,0.32420622888622147,2.3995387800441424e-05
2020-11-23,0.32093084548964823,0.32033531631514883,5.2041747514892554e-05,0.32042238865256456,1.9492206601259818e-05
2020-11-24,0.31821995294684396,0.31699151990981916,3.6074145201597355e-05,0.3172785811802492,2.3570820826211044e-05
2020-11-25,0.3157263948081937,0.3136023239191677,5.090189538638047e-05,0.31532763180137496,2.3570920656859312e-05
2020-11-26,0.3135582134144622,0.31334993967001096,4.793881865776206e-05,0.31287357894536155,2.3967520313117206e-05
2020-11-27,0.31484418630276007,0.31154174212734076,5.032792635146929e-05,0.31341426799157135,2.4385130602657478e-05
2020-11-28,0.3119599871809569,0.313141330168197,5.124035863903967e-05,0.3122029687287966,2.7360956309902346e-05
2020-11-29,0.30920141143935786,0.3080279607130791,4.795498528317849e-05,0.30859078478697677,2.71928262082593e-05
2020-11-30,0.30624072072320263,0.3063610226617481,4.8410148601515335e-05,0.3067077829664774,2.618367779878113e-05
2020-12-01,0.3112148437608043,0.3228652032992185,0.00011704461587044508,0.31609219379632214,4.311173371380214e-05
2020-12-02,0.3222580078799059,0.3179387253567731,5.679337420206807e-05,0.3200604749210024,2.3092785733972517e-05
2020-12-03,0.32308580207426746,0.34448169096481995,0.0001492351458297047,0.3284618010688486,4.109407821130638e-05
2020-12-04,0.3695018991332529,0.3607086233706919,0.00019759602559591598,0.366845269609915,3.339965059699135e-05
2020-12-05,0.34963772634639323,0.36543174244315585,5.163520970940376e-05,0.35810501095231567,1.9325640764015285e-05
2020-12-06,0.3602240566585436,0.3709895898448554,0.0001084985883620542,0.36414098420836594,4.0833213985145806e-05
2020-12-07,0.38757950568284794,0.4048296281977538,0.00022723031120036155,0.39034726772237993,4.36170987669622e-05
2020-12-08,0.39180445431192035,0.3798422491423722,0.00010794502046210957,0.38818959312159,2.8146842716192664e-05
2020-12-09,0.378221020762424,0.37462042396126577,4.340782705002893e-05,0.37631306404993436,2.1095003650996904e-05
2020-12-10,0.4059122119895824,0.41324835691239864,0.00012220453028052449,0.4086399243207016,3.21240688497326e-05
2020-12-11,0.4165659107479589,0.41828952025067473,5.8886110433104926e-05,0.41731402207118373,2.758039307739566e-05
2020-12-12,0.41254919652628713,0.40679712523528394,9.872173677955386e-05,0.411167353192901,3.3541314589535347e-05
2020-12-13,0.39202609569544977,0.38137322751866193,3.842950094948386e-05,0.3860190973267024,2.1004719092141014e-05
2020-12-14,0.3808628326628789,0.3701984506973255,3.126980935749311e-05,0.3743557951232288,1.6906891971525806e-05
2020-12-15,0.3935481797825449,0.3876665288590149,0.0001835115213650812,0.39202453094964973,4.987591067735391e-05
2020-12-16,0.3828608916532912,0.3739887382973282,3.983139586514454e-05,0.3776839531825182,2.4344353686507876e-05
2020-12-17,0.3743616652644728,0.36620062644625123,3.319086237858082e-05,0.3692871799888473,1.706597013200955e-05
2020-12-18,0.36853198051880043,0.3626887668913167,3.3520910881348536e-05,0.3648967837489587,1.7846601550691666e-05
2020-12-19,0.36598599854674213,0.36559122840739605,2.8882264080469144e-05,0.36598276889170356,1.6603256744944183e-05
2020-12-20,0.38286775576587434,0.37399129130494724,8.18445941598761e-05,0.3793764911996351,3.7691696761369726e-05
2020-12-21,0.3776452482379499,0.376389846218251,4.4632576425721054e-05,0.37727213423768113,2.7719667309091157e-05
2020-12-22,0.3735606346328658,0.36618416408154025,3.3226902543037265e-05,0.36932643744718147,2.0937747358714438e-05
2020-12-23,0.36870843036053186,0.3674237037155896,4.191448455069757e-05,0.3682690485094385,1.7691091527352324e-05
2020-12-24,0.3696029447484731,0.3729347019759707,6.358356804307555e-05,0.37164484675042936,2.6500238231042997e-05
2020-12-25,0.3730084555993971,0.367043655748179,3.2781947404352686e-05,0.3689719487808599,1.48165383792569e-05
2020-12-26,0.3633846089224389,0.36349466728693025,2.556489706216896e-05,0.36316200641047613,1.559688642463304e-05
2020-12-27,0.36904197307023756,0.4032024383112243,0.000273548053974273,0.37460477261823594,3.358008629942277e-05
2020-12-28,0.42051574839058925,0.4202185775670422,0.0001315479521709865,0.42029653895074937,3.430459871841027e-05
2020-12-29,0.40705872632409107,0.3940204340858081,4.571132379464317e-05,0.3998609886541437,2.834523911470523e-05
2020-12-30,0.39959278705776713,0.3911329156009324,7.651325505002383e-05,0.3953427648442169,3.21095974031601e-05
2020-12-31,0.4039037579889239,0.403651417905639,0.00019135010984605824,0.403860593038284,3.8713385951616403e-05
2021-01-01,0.4015720181695139,0.39489963640102166,8.896396548249912e-05,0.39830836692578947,2.5630060067871108e-05
2021-01-02,0.39571811285359115,0.3788710046523282,2.9002756384532815e-05,0.3853900343698761,2.2079025418295144e-05
2021-01-03,0.38562873314403207,0.3751220864860578,3.238301616730949e-05,0.3792810920405265,2.1595051996450276e-05
2021-01-04,0.3842808132945387,0.37382072579694475,2.909345377568253e-05,0.37771191153526584,2.0402714758911734e-05
2021-01-05,0.379804436603369,0.3700892075304499,3.4162888741750125e-05,0.37356406010003484,2.3718322906982805e-05
2021-01-06,0.3751731183544834,0.36705761477347987,3.677622521425382e-05,0.37005255730623554,1.9726359611497736e-05
2021-01-07,0.3710497026877971,0.36396217032317835,3.313935912805292e-05,0.36673607409996173,2.1274634857656683e-05
2021-01-08,0.3674772922849946,0.3623717612095063,2.6269036032044202e-05,0.36385769098086757,1.588921130020444e-05
2021-01-09,0.36469001659076966,0.3633207071804486,3.5609018173961845e-05,0.3635647905628073,2.4882906399193626e-05
2021-01-10,0.3620829154917337,0.36103999673646725,2.8629749637750952e-05,0.3612083499612899,1.728525725348044e-05
2021-01-11,0.35993174204125,0.35941545208175185,3.497662821828815e-05,0.35909729313087724,1.7380577422205793e-05
2021-01-12,0.3590216102344762,0.3592048679384089,3.3279431288802155e-05,0.35932853768564404,2.1058558117333406e-05
2021-01-13,0.36144435294917243,0.3612472634966813,3.403322823763764e-05,0.36128704397965505,1.989423093663919e-05
2021-01-14,0.3657186600520543,0.3682096281622625,6.144726525373996e-05,0.36627847515538664,3.0835810287521635e-05
2021-01-15,0.3659761252445941,0.3634254478835269,4.048292116463501e-05,0.364371510689365,2.4982234129878952e-05
2021-01-16,0.360415690123714,0.359256228035485,3.179267605761829e-05,0.35928877229251016,2.4209928046944213e-05
2021-01-17,0.3820158529668305,0.3794694251000453,0.00013599918499658138,0.3809794324442221,3.746107663646239e-05
2021-01-18,0.3731588060792968,0.36723639526564084,2.9071045406425097e-05,0.36912090735726316,1.907219462590466e-05
2021-01-19,0.3659040994671509,0.3610739584222482,3.052925047860665e-05,0.36265750390226287,1.7951890921132236e-05
2021-01-20,0.36116697241441115,0.35843536605829435,3.177250017283738e-05,0.3593513224043583,1.7379046922161266e-05
2021-01-21,0.3682685495756489,0.37278839165992617,0.00010894830246910608,0.3693733625393042,3.3309761665263855e-05
2021-01-22,0.4004397207195619,0.3950975475548946,0.0002814201027015943,0.3988404426118104,5.29970480225938e-05
2021-01-23,0.4162230101149461,0.4249950668929432,3.1744693847752914e-05,0.42116578863301446,1.8516555504971023e-05
2021-01-24,0.4175738343133998,0.4158863530875504,9.298857651667655e-05,0.41728294628200585,3.3759610304575215e-05
2021-01-25,0.41563528691999874,0.40676812425908465,0.00011296066299477683,0.4138195408280458,3.0765988649770545e-05
2021-01-26,0.4003285966121409,0.3908229752837012,4.8048915972894435e-05,0.3962116729687434,2.451023767914795e-05
2021-01-27,0.4089005516098306,0.39234453642638945,8.68051358002568e-05,0.4028066696231133,4.1548875071394045e-05
2021-01-28,0.4046351888200597,0.38737942718956014,4.195552040804655e-05,0.39518087548398334,2.6866714505917736e-05
2021-01-29,0.40311361939614676,0.388056276201168,9.11515074885404e-05,0.39775103741766193,2.787838539366247e-05
2021-01-30,0.4126988158440795,0.42486290928516135,3.503949734291608e-05,0.4203764996617392,2.1778342377586667e-05
2021-01-31,0.4193762723945379,0.42522676456457964,3.381908104013547e-05,0.42309347198081765,2.4044440656664436e-05
2021-02-01,0.41887548702014266,0.425296442380017,2.909142747484371e-05,0.4232480287482824,1.7108338112011777e-05
2021-02-02,0.410401433055237,0.3978834208500691,4.3747418742687165e-05,0.4033600466498923,2.0291483706805037e-05
2021-02-03,0.40101732801618906,0.3824435411687947,3.562101241689541e-05,0.3900108758854098,2.1984084264714e-05
2021-02-04,0.39789394962736674,0.38047398546685135,5.303122053412818e-05,0.3895614417810642,2.635778645110773e-05
2021-02-05,0.3923826522216723,0.3769031092835639,3.689930697765892e-05,0.3838350905770676,2.5151242671997406e-05
2021-02-06,0.4006406399461908,0.4026093819649112,0.0001809702357444979,0.4007440792263526,3.09994653405257e-05
2021-02-07,0.4044745990737292,0.38973400141553394,7.374862026556052e-05,0.3985476218339798,3.1845554263630466e-05
2021-02-08,0.41607047005531494,0.41582771246918687,0.00013627338404592775,0.4164454584322806,3.307688607159559e-05
2021-02-09,0.41023808575704485,0.4093902517015352,0.00012831381923795372,0.4105924906389217,3.7415182640220466e-05
2021-02-10,0.4137219314789478,0.40939156664037624,0.00012845843793916312,0.4128408733023589,3.805112732256043e-05
2021-02-11,0.4045661814435221,0.3904868381011354,4.61351270096305e-05,0.39645857320449485,2.329695661233515e-05
2021-02-12,0.4083457989188359,0.40198331393688774,0.0001847460345356691,0.4071086737640713,4.1168129929277206e-05
2021-02-13,0.3995601189266134,0.38222605610399296,3.22087228341457e-05,0.3887113436444017,2.3121054480124426e-05
2021-02-14,0.39143133274002484,0.37283175936341145,3.0415128767424745e-05,0.3797454767928844,2.3866674409554784e-05
2021-02-15,0.38398990377097275,0.3683456906696671,2.4859853311789413e-05,0.372752073529755,1.5768088366645465e-05
2021-02-16,0.3780081119274435,0.3641914295236549,2.821654840587027e-05,0.36913293402911335,1.9392497564626714e-05
2021-02-17,0.37316754742470826,0.3613759448708839,4.000681265287093e-05,0.36656390939931255,2.103208258892681e-05
2021-02-18,0.3700313242664033,0.3641633064917709,3.78419021624099e-05,0.3663096679091605,2.023600793629575e-05
2021-02-19,0.3665075947420265,0.3599038098416976,3.614010448554813e-05,0.3624458433036066,2.2356103789828712e-05
2021-02-20,0.36074358876611273,0.35694370608272386,2.5710931674162206e-05,0.35784219616978435,1.5974829519796504e-05
2021-02-21,0.355531791953546,0.35516487695698673,3.511442290203418e-05,0.3552564030346788,2.320263634737433e-05
2021-02-22,0.35476721460562344,0.35685843965047126,4.3868553605249913e-05,0.3564885839482978,2.7397751752783537e-05
2021-02-23,0.35408912243233165,0.35159454176256766,4.756335225451299e-05,0.35274706538382167,2.0851797692600732e-05
2021-02-24,0.34977796428742486,0.3493703036028764,4.4021382934486974e-05,0.34959772607852857,2.6052411747602092e-05
2021-02-25,0.3459786486962163,0.3452261419189903,5.912264885801736e-05,0.34613280354040177,2.5533472146600053e-05
2021-02-26,0.343617204260632,0.3423119481097175,5.2129006276978166e-05,0.34300862575748325,3.254303282367425e-05
2021-02-27,0.3405758505256214,0.338135317154791,5.114115598688602e-05,0.3395302404326756,2.517276807197801e-05
2021-02-28,0.336892296706707,0.33472272612886295,5.3774523373938125e-05,0.33538924876453263,2.9458664878299882e-05
2021-03-01,0.3331591095683341,0.33173417838351327,4.8587690421216035e-05,0.33224621338519633,3.1543848227401234e-05
2021-03-02,0.3296811898453748,0.3292404483081753,6.358480319605202e-05,0.3295347572077921,2.8539987206707327e-05
2021-03-03,0.32649986239425893,0.3252913101448617,5.692171679017736e-05,0.3256822217181367,3.8402065528755385e-05
2021-03-04,0.32392983839669703,0.32291167222890793,5.284908614519786e-05,0.323111335915434,2.4998402833292904e-05
2021-03-05,0.3235574654269933,0.3223839267899535,4.234078921681142e-05,0.3235420094583146,2.3920099248096803e-05
2021-03-06,0.32163142493258245,0.3196580102373814,5.3974199654064096e-05,0.32064906334472876,2.309811513702479e-05
2021-03-07,0.3215986385273771,0.3246428567386977,9.028010667780321e-05,0.3225620759797145,2.866336413072662e-05
2021-03-08,0.3287952629239145,0.33881572272423083,0.0001164390641011028,0.3323376927811949,3.434477772117927e-05
2021-03-09,0.32977129693365637,0.32815112784052064,4.896071765088135e-05,0.32875684140936406,2.327740290824989e-05
2021-03-10,0.3218993900441069,0.3228819645023492,5.6306703797700626e-05,0.3221186944930643,2.3074653303990397e-05
2021-03-11,0.31942391130997,0.33118019357641804,0.00011272441257165773,0.3229964473634109,3.5954671146626964e-05
2021-03-12,0.3319569403060186,0.33576068782104235,0.0001407028560144332,0.3319770033135728,3.607512847004597e-05
2021-03-13,0.3320355185710295,0.34282010231648696,0.0001016019641145027,0.33519754260244716,3.664042503435199e-05
2021-03-14,0.34234590700902706,0.34538291760416856,0.00010093899070571752,0.34234487596090546,3.43426160726308e-05
2021-03-15,0.3379296012293794,0.3477019852947641,6.540479349367064e-05,0.34204356595922425,3.4929123590178514e-05
2021-03-16,0.3344050779216981,0.33972829267399035,5.675361778138663e-05,0.33687110530139724,2.5025759707445937e-05
2021-03-17,0.3320026920160202,0.33886208446640387,6.755750923653902e-05,0.3351893361880994,2.807330359079968e-05
2021-03-18,0.32551576229391904,0.32942827037949873,5.186344248292817e-05,0.3275658796061067,2.6869583042833566e-05
2021-03-19,0.3516306349327197,0.36189290348321657,0.0002644771757029432,0.35189257425465464,5.5775418740965405e-05
2021-03-20,0.3444668397388442,0.3428464935397171,6.259198525389882e-05,0.3439426289516376,2.8675726066391115e-05
2021-03-21,0.33165753041593454,0.33488998322172875,5.5898268917522716e-05,0.3331355074051434,2.772011296059398e-05
2021-03-22,0.32375368896092294,0.3261864879740199,4.899844382591955e-05,0.3248886348724539,2.678114691184468e-05
2021-03-23,0.31731526202005955,0.315280888336544,4.57760718674242e-05,0.3161576872653328,2.4205792780760543e-05
2021-03-24,0.31098376672947436,0.3064702142211009,5.204026538747745e-05,0.3085116691562071,3.0005321995217912e-05
2021-03-25,0.3062209422098626,0.30306883591594863,4.128997513037422e-05,0.30465066362526083,2.2111309908986784e-05
2021-03-26,0.30405603968362793,0.30435712757581174,6.1495155376457e-05,0.3044155401840694,3.0952017323701506e-05
2021-03-27,0.3039184888253462,0.30114243019759934,5.775481680173466e-05,0.3028998028308873,2.777576687810736e-05
2021-03-28,0.29766886722869784,0.2932622595048622,6.124021077074126e-05,0.29582986006987805,2.992934280978782e-05
2021-03-29,0.2902928618551453,0.28697094819049757,5.439988106634019e-05,0.2881722456411073,2.733828574389326e-05
2021-03-30,0.28277969045259677,0.2787417010435088,6.724031778428256e-05,0.2813610385204805,2.7428142259880683e-05
2021-03-31,0.27509979894514847,0.2720010599638429,5.526463378620379e-05,0.2733769361431036,2.231098554139465e-05
2021-04-01,0.26773017609972527,0.26502665959519806,4.985177961124279e-05,0.2661992006005905,3.19200769330879e-05
2021-04-02,0.2614430517174854,0.25788723010460635,5.357658732045193e-05,0.25864516896041123,2.4462922513741806e-05
2021-04-03,0.25469112375351805,0.2539321955201428,6.326250926598593e-05,0.25414548518215613,2.4061266198837965e-05
2021-04-04,0.24805878042346843,0.24907659842045057,6.0434056206631205e-05,0.24828149489457332,2.946078091676704e-05
2021-04-05,0.24275445356281838,0.243136702359239,5.507975438345889e-05,0.24251335942653227,2.5938563519543875e-05
2021-04-06,0.24189525060929404,0.24751735245574222,7.137682454219266e-05,0.2449849696240996,3.889664672580992e-05
2021-04-07,0.23777019288746565,0.2411610767386344,6.61368866617211e-05,0.23947296809500307,3.24092685373673e-05
2021-04-08,0.23203431625792742,0.23145601680666716,7.039876474538961e-05,0.23195551550511154,3.0195847758683892e-05
2021-04-09,0.23177429056078896,0.2534940194456705,0.0003414662639634091,0.23406724892058517,4.6408078299591894e-05
2021-04-10,0.2476783230761661,0.23188191682681641,9.204476768490854e-05,0.2420743142474879,2.3969393821624993e-05
2021-04-11,0.28488565488726925,0.28807938411082445,0.00046787175923401097,0.28565165484361205,5.766413197232786e-05
2021-04-12,0.28813322610886477,0.27597878778676754,7.972384325032225e-05,0.282808675283265,3.629427848421812e-05
2021-04-13,0.273132677932955,0.2730815725792549,7.12858626023445e-05,0.2732931713520366,2.1960906866629276e-05
2021-04-14,0.25920050383757254,0.2635668286505929,5.3948753364284895e-05,0.26121202205157623,2.521722255242044e-05
2021-04-15,0.2465133741780331,0.2529566507240948,4.8036369914638335e-05,0.24964310242023735,1.953856750773168e-05
2021-04-16,0.23541308637841887,0.24279212802005407,5.92051462765634e-05,0.23923252677617968,2.3913443309305487e-05
2021-04-17,0.22746384430416622,0.2331463910536702,4.691566945516878e-05,0.23072633422882352,2.3832122810421885e-05
2021-04-18,0.2220376062632328,0.22331995948025074,4.805963579355597e-05,0.22283089694389216,2.3385360247358766e-05
2021-04-19,0.21457219702626773,0.21434275743694864,4.992622424139702e-05,0.2147826557875517,2.4623959547850798e-05
2021-04-20,0.20790227798930172,0.21074688404115116,4.592192461191318e-05,0.2087983073906864,2.3119070311289336e-05
2021-04-21,0.20284203200313292,0.20608601858483336,4.309734802809391e-05,0.2043517971408612,2.522337170323667e-05
2021-04-22,0.19745996570456528,0.20026263730234892,5.428571508443749e-05,0.1985574087457058,2.6358565981649223e-05
2021-04-23,0.18993893440012816,0.19179695722494183,5.005903253248686e-05,0.19064630505756078,2.9082674333092373e-05
2021-04-24,0.18152472674264317,0.1859756625486006,4.349037309758176e-05,0.1846225811331696,2.1987742098738466e-05
2021-04-25,0.1755167899675929,0.18362625307320873,5.0479601584921576e-05,0.17991567388050053,2.276876265976857e-05
2021-04-26,0.20125706561635576,0.2506793821403611,0.0013159385185767653,0.20396469262514205,5.5264619296790924e-05
2021-04-27,0.2536105890736996,0.2193192742661166,0.00015502750535012087,0.24370284654405516,4.8098669537489686e-05
2021-04-28,0.25854965045868233,0.24208319185336438,8.535833090498625e-05,0.2520111871332522,3.708337932397213e-05
2021-04-29,0.264257702351944,0.29046908969151036,0.0005647262271452566,0.266617853167072,5.280165467798865e-05
2021-04-30,0.29162103499126124,0.263944134483485,9.993065207225013e-05,0.2824003894657718,3.9057448419219016e-05
2021-05-01,0.3053158929838716,0.3251542422056774,0.0005228272347468568,0.3071861776189261,4.8160769848259766e-05
2021-05-02,0.3004911964220866,0.2885779338162646,8.302296065454999e-05,0.29598211471662245,2.9831239293070604e-05
2021-05-03,0.27257943302750365,0.2761021294168308,7.725143807688424e-05,0.273440875869674,2.8318844338744448e-05
2021-05-04,0.25259684422520856,0.256102403485147,7.547701917288775e-05,0.2536381225725643,2.7693375011953674e-05
2021-05-05,0.2557476210223185,0.25960284762828256,0.00014963800130144892,0.2564678262542605,4.050480496752947e-05
2021-05-06,0.25147425892014397,0.27310730376614534,0.0003512076671740654,0.2553100362979136,4.2044651392193887e-05
2021-05-07,0.2916009723382993,0.26223822434857313,0.0001240842091852854,0.2824910988700434,4.1534505171925354e-05
2021-05-08,0.27052190155284755,0.2573643261245474,0.00010029134185270517,0.2657120291072103,3.099935254040209e-05
2021-05-09,0.27368202087455107,0.31663586330984184,0.0008820375401993947,0.2754627010551719,5.359040147529739e-05
2021-05-10,0.322332439119509,0.2765009848464192,0.00015270369722019306,0.3100446854316256,3.7766056923958864e-05
2021-05-11,0.3236592882216768,0.3394864834369253,0.000457096267678868,0.3266348956038452,4.260908570195777e-05
2021-05-12,0.31383624455879094,0.3367473735004984,0.00013035009682938012,0.32076875311237496,4.958113820591473e-05
2021-05-13,0.3234276275558264,0.34569862807243884,0.00034100705275494575,0.3270892535687255,4.850720163657704e-05
2021-05-14,0.3289610613835217,0.32495823279589414,0.000136643892646597,0.32860783827911794,4.034552110773368e-05
2021-05-15,0.36304517486625415,0.37208531442372783,0.00045632698129532186,0.3652162198676908,4.307244929130153e-05
2021-05-16,0.36728410519848326,0.36763260283580496,0.0001588605633179621,0.36736987862940745,3.733277339677015e-05
2021-05-17,0.34007509315274065,0.34444722391241184,4.087511656733217e-05,0.3429611484617094,2.923208003446409e-05
2021-05-18,0.32380550183361967,0.32975253267576915,6.925161971142285e-05,0.326619868030398,2.942366333085392e-05
2021-05-19,0.3147280959330975,0.3116303913547652,6.209118303088828e-05,0.3138359798579919,3.174392658175488e-05
2021-05-20,0.30016056904349836,0.2911247425475323,7.852022386855603e-05,0.29692390051041107,3.2150664601241284e-05
2021-05-21,0.300382311065024,0.315547055257295,0.00032400548297131966,0.3019759498055601,4.7053120120071786e-05
2021-05-22,0.3210677962062629,0.2894522196090846,7.182951748253116e-05,0.30798352902994447,3.3454428905567186e-05
2021-05-23,0.3035231400542009,0.28613053293974744,8.106744312178669e-05,0.2971332830325867,3.241569225583433e-05
2021-05-24,0.2985756910192999,0.29254141281712553,0.00014525169147114856,0.2971431361081875,3.169186387122571e-05
2021-05-25,0.2899097150050625,0.2803418163952165,6.412544994159211e-05,0.2856158225426212,3.135990163972155e-05
2021-05-26,0.27614514890767616,0.2649862179739611,6.910784329636347e-05,0.27145318749257075,3.3933882122325775e-05
2021-05-27,0.2627191904761673,0.24811159671211955,8.924343399845454e-05,0.25767433413779117,3.7423410280764756e-05
2021-05-28,0.24961674076867185,0.2358630538825392,8.897825807698937e-05,0.2431590011396145,3.503438869389524e-05
2021-05-29,0.2473191036783039,0.25136049140141653,0.0002508299815603713,0.2477531443051161,4.289582029503067e-05
2021-05-30,0.2642487905241519,0.24490561296964775,0.0001450941352249427,0.25941459271214146,4.745195971557567e-05
2021-05-31,0.26107742919613836,0.23506900959220156,0.00011776271783531483,0.25320111202276707,2.5331635459842253e-05
2021-06-01,0.25005822504688163,0.2576905418359971,0.00013719398699370354,0.25211956282474857,3.966460436726448e-05
2021-06-02,0.25220384068261215,0.23776610387355238,7.194341621086119e-05,0.24626181967042338,3.0626788723330795e-05
2021-06-03,0.23987486832785515,0.23189914499441444,8.114821634422838e-05,0.2375894478081331,3.410166751926332e-05
2021-06-04,0.3240348824924002,0.3632175434217928,0.0011698568029423443,0.3256023539322932,6.0636220192588074e-05
2021-06-05,0.3290326154496731,0.30014534409629967,8.946376635616164e-05,0.317769572016028,2.9538426439536238e-05
2021-06-06,0.2966203935180465,0.29202860746438086,8.459764600106153e-05,0.2944471970679754,3.462992995544093e-05
2021-06-07,0.2773447325045296,0.27466480187120085,8.009917461320964e-05,0.276579893280328,2.5563455751803452e-05
2021-06-08,0.2601627995624065,0.25078591531731204,8.130943848832722e-05,0.2561613780453164,2.937831279763732e-05
2021-06-09,0.24163994521273877,0.23254235886742375,8.37408750341694e-05,0.23978368398841923,3.2014068455022625e-05
2021-06-10,0.22510337039949288,0.22011713404937536,0.00010053265629839449,0.22353359104957204,2.8521293985536056e-05
2021-06-11,0.21263934480171656,0.21144626570656438,7.699398661631802e-05,0.21136857076958435,2.9047197812198206e-05
2021-06-12,0.20544651344946652,0.19679388579076312,8.225225144607277e-05,0.20307305428531142,2.9323212241656413e-05
2021-06-13,0.19353452689784995,0.18772059102921174,6.98622400752181e-05,0.19027367140575632,2.924590818487353e-05
2021-06-14,0.18078626848446222,0.17723008195264495,7.367518442598103e-05,0.1792493020736134,3.519058132972998e-05
2021-06-15,0.17066706247414565,0.1737188978677227,6.201200594015679e-05,0.17239228570776088,2.536611767640306e-05
2021-06-16,0.1656158789484597,0.17451255742804478,8.525193947767431e-05,0.16803827633857316,3.321658554672262e-05
2021-06-17,0.21647555670093985,0.2963700066797952,0.0027932053697729002,0.21867607176208234,6.374442544534549e-05
2021-06-18,0.31612257097641255,0.20301977463315513,7.641474542801664e-05,0.2703974343599147,3.5388687904347025e-05
2021-06-19,0.32013201850916667,0.3310869365611545,0.0009776403340538548,0.32108888596438084,3.6264909522223815e-05
2021-06-20,0.32947998178197524,0.317067794807922,0.00012643030467627962,0.32646071432729434,4.2759823667526553e-05
2021-06-21,0.31724414178104887,0.3287113903817132,0.00017131655775416642,0.31933867855823583,4.4492714241642765e-05
2021-06-22,0.29581954138535355,0.31522638532041714,0.0001706432769399979,0.3010065909061619,3.3601707218928336e-05
2021-06-23,0.29043460800964793,0.3094499670607624,0.0001582764293044725,0.2958492050212216,3.465000875886971e-05
2021-06-24,0.29583387518332627,0.28282216048284853,5.9339174224373456e-05,0.289931410199429,2.7477495254514673e-05
2021-06-25,0.27716827192573285,0.26653348109692493,8.352588487271214e-05,0.27348269038919854,3.1734475877011263e-05
2021-06-26,0.2831314991678599,0.3573597237715213,0.0008163003278704134,0.28799143625598944,4.916662815133339e-05
2021-06-27,0.34278768193662423,0.3628714386314932,0.0006824438411049119,0.3436949294292904,4.664004657251601e-05
2021-06-28,0.36989321649232615,0.356909137941517,0.00023877342829975554,0.3676923047486571,5.092346246319212e-05
2021-06-29,0.36077077776174593,0.3523014406069921,7.070050661162782e-05,0.3571359771975511,3.395385127523302e-05
2021-06-30,0.3372087376301285,0.32833086746414525,7.591059305591782e-05,0.33378126967611993,3.241090698140367e-05
2021-07-01,0.3196092693935484,0.30382581372052025,8.592781660091413e-05,0.3130644349863578,3.597588193485037e-05
2021-07-02,0.30273151219831174,0.28509620995377905,8.339368267646949e-05,0.2959593432615754,3.0329220090433743e-05
2021-07-03,0.31488497928975423,0.3193322914610494,0.0003702482568698084,0.31656964962757195,4.8242483746277664e-05
2021-07-04,0.357970492643357,0.345576625604438,0.00035357260597901493,0.35664940155193464,3.695457406856645e-05
2021-07-05,0.3267944395503547,0.32549959249856847,7.627018807996027e-05,0.3264899608706227,2.7557648676806992e-05
2021-07-06,0.31996533860535276,0.33038126239992915,0.0001364121154212215,0.3225671643450304,3.941987196239093e-05
2021-07-07,0.34524978093268954,0.3514861050596917,0.00026141472405816533,0.3461603079187035,3.776004438542504e-05
2021-07-08,0.33988378245829753,0.33205993969019126,7.670652166454036e-05,0.33671236293678297,2.8675206946289524e-05
2021-07-09,0.3192685586772109,0.31062097508540504,8.165832010548332e-05,0.3143131438659481,3.2045201779086585e-05
2021-07-10,0.3001800466397605,0.2878938304354718,9.852655006941746e-05,0.2970656373166303,3.615817172429138e-05
2021-07-11,0.2821881638140521,0.27126482977385663,0.00012562390199880613,0.27880752519770763,3.633983769577009e-05
2021-07-12,0.2925867056035532,0.3024640047830629,0.00044431001147266,0.29294237134319595,4.525603431420612e-05
2021-07-13,0.3199863207080854,0.31930687037020905,0.0003503310314355206,0.3194337096297275,4.283968481258763e-05
2021-07-14,0.32492750414394067,0.321614277170571,0.00014009372959568784,0.32326456715274576,4.457477636706569e-05
2021-07-15,0.3137295733096988,0.3055259606388818,9.327998027631277e-05,0.3111634714500338,3.382266581296873e-05
2021-07-16,0.2961323224423918,0.2876136385840377,6.591955698546788e-05,0.29207937408746765,3.26803797724643e-05
2021-07-17,0.2774069625962315,0.26689082559226557,7.694902888145594e-05,0.27345686833299965,3.412869774003129e-05
2021-07-18,0.25965672702464365,0.24882610725980314,0.00011120431412888069,0.2555857572783984,3.704846402369404e-05
2021-07-19,0.24309460698241156,0.23062292383997277,9.538861459860915e-05,0.23833549936505108,3.444183328232228e-05
2021-07-20,0.22813306553951043,0.21518352192643544,8.608921859717069e-05,0.22358181148214037,3.422323635038844e-05
2021-07-21,0.21530292031023984,0.20649849158484573,6.032070095976379e-05,0.21091350402848427,2.53065850482016e-05
2021-07-22,0.2036177885927062,0.193011223551543,5.561213984477287e-05,0.1988352976510505,2.5858478998197408e-05
2021-07-23,0.221705333943963,0.3006597339339497,0.0016038688367581723,0.22477281484842668,5.184251447527573e-05
2021-07-24,0.31710870448598244,0.21573107930221333,5.613815450399544e-05,0.26788168196535983,2.7969950954514494e-05
2021-07-25,0.28433386749745715,0.25121613793593095,5.5201051444531756e-05,0.26774229640422953,3.0207403058575404e-05
2021-07-26,0.26665987491656623,0.25454179674618815,7.456199370729968e-05,0.26216644703420067,2.622908286434442e-05
2021-07-27,0.254930247562374,0.2639461679339277,0.00017372551998481032,0.256370319223278,3.716274590646361e-05
2021-07-28,0.273135190879209,0.2500635676291448,0.0001261486394616629,0.26561106156820413,3.686068735944339e-05
2021-07-29,0.2604306362262689,0.24888937315599166,8.587715918784714e-05,0.2561068649767232,2.6569263208976434e-05
2021-07-30,0.2501354122705726,0.24820621732874515,7.302106104241046e-05,0.24851431381413744,3.818594468041215e-05
2021-07-31,0.2653384899154505,0.28807233078097694,0.000621256050678877,0.267236123472343,4.344569449767843e-05
2021-08-01,0.2949235980875995,0.2914788135853567,0.0005836351819901858,0.29433392528291064,4.245453399768238e-05
2021-08-02,0.29495395698834814,0.27565622775589416,6.967797983216456e-05,0.28658395645707224,3.4532377034582436e-05
2021-08-03,0.2762988332017258,0.2696453042672666,6.608783086574131e-05,0.27361228751683564,2.898911592011254e-05
2021-08-04,0.34646332902770743,0.34885534546320357,0.0007456121512261882,0.34638242993422075,4.630956125812588e-05
2021-08-05,0.3155522128099146,0.3234930399836287,6.358005152952702e-05,0.31867354365282147,3.6193008554440444e-05
2021-08-06,0.2929804083072636,0.2987240639202,8.118651288356211e-05,0.2956963623341364,3.1631061023278284e-05
2021-08-07,0.31039701631301225,0.3133568274298837,0.000363435990853472,0.311651474275381,5.258652538367655e-05
2021-08-08,0.2983254403109721,0.2901645297930277,7.47626461984797e-05,0.295172792514478,2.9350651125638472e-05
2021-08-09,0.27858772024640016,0.27000278909258296,7.043014701977036e-05,0.27533938993603996,3.0015096357000825e-05
2021-08-10,0.2593020747713769,0.2518591991153932,8.662189731119264e-05,0.25681341395468604,3.9833318367655104e-05
2021-08-11,0.2411971134877366,0.23311902728590328,0.00011118595212234668,0.2389590393591177,3.854992852596241e-05
2021-08-12,0.2442804270816134,0.2820965667341944,0.000910055854368212,0.24655764755157655,5.760751423958844e-05
2021-08-13,0.298993540061563,0.22761647787289369,8.93041582591432e-05,0.2723848046737147,3.346025498919116e-05
2021-08-14,0.27151592483401643,0.247794599688907,8.70052571790687e-05,0.26220195036538746,2.5336828965618072e-05
2021-08-15,0.24947228011348613,0.24423395797366498,7.902827889243515e-05,0.24728915576241625,2.5399259641156745e-05
2021-08-16,0.23555415647836825,0.2383995759009483,6.802751142251282e-05,0.23636206172412133,3.2458296118240815e-05
2021-08-17,0.2253849047599804,0.22328955078811014,5.72023477855683e-05,0.2248421769269488,2.187809942532466e-05
2021-08-18,0.2154194481182697,0.21319863133589878,5.037541492476485e-05,0.21409415688681693,2.76948691938336e-05
2021-08-19,0.20631921051306992,0.20596002490317505,5.0748594178023565e-05,0.20535494416880437,2.326761009757062e-05
2021-08-20,0.1968456311124256,0.19316149247035994,5.365460124632097e-05,0.1950827917245798,2.8606066256278913e-05
2021-08-21,0.18852881436526336,0.18889099965718512,6.328979463688087e-05,0.189451286940234,3.548505770969965e-05
2021-08-22,0.1853119409584015,0.18716868211222568,5.6799073920308815e-05,0.1861646984376077,2.836632398552404e-05
2021-08-23,0.1807909434339589,0.18175687039775437,5.779963990983533e-05,0.18149926018497786,3.273341483303506e-05
2021-08-24,0.1747629493143886,0.1773921541159827,4.430982686753683e-05,0.17624274193252304,2.3442999896384962e-05
2021-08-25,0.17006532522207365,0.17084629529614834,4.129621153957829e-05,0.17086882818786736,2.7167184285899606e-05
2021-08-26,0.16536572096855828,0.1675521296542303,5.457521208624588e-05,0.16612307986574185,2.7737643006684897e-05
2021-08-27,0.16191597032307792,0.16492975069847174,4.5821875018688495e-05,0.16341752022598455,2.85409038014826e-05
2021-08-28,0.1595433485296581,0.16251313427713077,3.9127563189680106e-05,0.16157637180124276,2.124102720560944e-05
2021-08-29,0.15737777156025906,0.16092508842608544,3.242080126850712e-05,0.15919257783016327,1.931018121223053e-05
2021-08-30,0.15503669391319239,0.15929907899292522,3.504156222361149e-05,0.15739755318553278,2.197196579103929e-05
2021-08-31,0.15343554359027853,0.157018089542743,3.822123126948915e-05,0.15547799028120862,2.352337385613111e-05
2021-09-01,0.15633002050828107,0.17036352057791784,0.00010030719892008228,0.1608969866318523,2.80349165682285e-05
2021-09-02,0.17895769021627586,0.18041227394559783,0.00015071729084217936,0.17891988268966844,3.815926629375251e-05
2021-09-03,0.19287234322117988,0.1883797473429891,8.854695444726114e-05,0.19132889002582956,2.8102980618947067e-05
2021-09-04,0.1978075262265941,0.188044049416644,5.638534232112634e-05,0.1926547941431213,2.4832800690056692e-05
2021-09-05,0.19002882268189147,0.18333499951358828,5.619774724222893e-05,0.1867772602215047,2.7013176271745373e-05
2021-09-06,0.18054107558313337,0.17847773721850327,5.041396180640074e-05,0.17939453164339952,2.6129840994380445e-05
2021-09-07,0.17251098372895818,0.17440532810631398,3.9400684057420214e-05,0.17347324165638078,2.201938337517347e-05
2021-09-08,0.22227335335281603,0.36700648584630263,0.0018618023709343365,0.2261795453770928,4.2480165877637154e-05
2021-09-09,0.37719285686374066,0.3191792821069972,0.0015177734508243883,0.3745440255507409,3.5903527696966756e-05
2021-09-10,0.37879170111449034,0.3777625642614499,0.00022661641417532214,0.37951142943130145,4.0406939419311776e-05
2021-09-11,0.3518997000403145,0.34203654736818107,4.4442624511455915e-05,0.3460211848551142,2.4534889066470542e-05
2021-09-12,0.33103491396974194,0.31937757405366407,6.716284648537423e-05,0.32580812135945897,3.5229305437393616e-05
2021-09-13,0.31791843399045333,0.3102449157447249,0.00010632288347593935,0.31408381364743315,4.497580213675322e-05
2021-09-14,0.32437097206606946,0.3303342206402056,0.0002213685795634988,0.32548874506921244,4.7960359084923635e-05
2021-09-15,0.3444621852531013,0.32961275095713094,0.00014078294381852452,0.33985694670529953,4.158750955324344e-05
2021-09-16,0.34132478448865483,0.3302010896982556,7.259885415426866e-05,0.3357987757710592,2.3970716962311527e-05
2021-09-17,0.32585921173149557,0.31757448454224474,5.795217082979841e-05,0.3215755615205203,2.6781282330777484e-05
2021-09-18,0.37213033584086275,0.38014737572748836,0.00045450207253786733,0.3735207155120137,3.351978134155792e-05
2021-09-19,0.36890674767384674,0.3484838377173504,3.804773591029272e-05,0.3572548831402921,1.891960844125443e-05
2021-09-20,0.3864847376892533,0.37786721819786306,0.0002519748919904123,0.3854740591265414,3.689290822983548e-05
2021-09-21,0.3682799960361921,0.3545659553333813,4.1197601012906224e-05,0.3606056181389113,2.1008100402174055e-05
2021-09-22,0.35098545008245396,0.33863971872597937,4.6536378387474866e-05,0.34435002304739115,1.9777412433593212e-05
2021-09-23,0.3365985763072504,0.32501837828644153,5.288593055275563e-05,0.3310274708996086,2.26821914084009e-05
2021-09-24,0.32391687555979765,0.3113501983920892,4.3078494768733894e-05,0.3169981221494655,2.3909482100537067e-05
2021-09-25,0.32208208008061234,0.3205367554940219,0.00015014915320050404,0.3217140819478606,4.568722571925129e-05
2021-09-26,0.32280846434116683,0.3091760054561517,6.63655802742551e-05,0.31677605431297917,3.201252315922825e-05
2021-09-27,0.31031110390452016,0.3029008651130872,6.46610218375674e-05,0.3064541075412079,3.0262411055643048e-05
2021-09-28,0.3025264643070624,0.3011565736595043,8.183539310833017e-05,0.30139906538609496,3.1983968200688604e-05
2021-09-29,0.3031358538641772,0.29552450758624277,5.788661844239807e-05,0.29919298719021076,2.8362595664893343e-05
2021-09-30,0.297307668075443,0.28559299551430106,5.147126787172463e-05,0.2914898999024194,2.2101100264478988e-05
2021-10-01,0.28907905729389693,0.28062282529041616,5.187521375011962e-05,0.2852277212315864,2.4400825033810015e-05
2021-10-02,0.2819878194579726,0.27191974384438405,5.66319814021215e-05,0.27768580404521864,2.5776201167307982e-05
2021-10-03,0.3349813537624652,0.35618602531670696,0.0006018941106994324,0.33751219460043197,4.603638695930692e-05
2021-10-04,0.35178723356008923,0.32287294518718795,7.772470709480608e-05,0.3402061926238849,3.564656085792195e-05
2021-10-05,0.3673854758416761,0.36649310973333216,0.0003179171085365074,0.3682908286649403,3.73506208103984e-05
2021-10-06,0.3500593857061868,0.3481949244989772,3.6175977748280924e-05,0.3487861502199277,2.4455043642932156e-05
2021-10-07,0.33175895108312925,0.33261400785551076,4.3857611418508125e-05,0.33269186469786194,2.373932676519655e-05
2021-10-08,0.3191841911729541,0.31804602638185436,5.2481048241982635e-05,0.31777289984645685,2.2607048836340125e-05
2021-10-09,0.3106263711726511,0.30488494584835146,4.521371580075553e-05,0.30737968729888243,2.543139965346804e-05
2021-10-10,0.30358608926120845,0.2968715449630994,4.91971927515425e-05,0.30013691067718345,2.120871248616906e-05
2021-10-11,0.2965835878750464,0.2888704449323848,4.9539803910065884e-05,0.29329412153324175,2.5759200003149976e-05
2021-10-12,0.2895812598819967,0.28307851806444073,5.640781995377306e-05,0.28611020499626516,2.886458862064646e-05
2021-10-13,0.2836135227555344,0.27676819757852966,5.8730785447929985e-05,0.2805502134753498,2.3780382594879947e-05
2021-10-14,0.27806336293392064,0.27144317969456955,4.264248844450824e-05,0.27410182700604635,1.839409070188951e-05
2021-10-15,0.27248522296433764,0.2647422511228097,5.894492527206036e-05,0.2695332945865507,2.598798088792873e-05
2021-10-16,0.2684483166509707,0.2629813082431717,5.39172235823303e-05,0.2659048140939821,2.6634857242709302e-05
2021-10-17,0.2642569862233939,0.2576468583161108,5.72599782881366e-05,0.2610207051872156,2.892886843684769e-05
2021-10-18,0.2598913149110319,0.2540320890711138,5.291654758656315e-05,0.2574897964473297,2.772138044183398e-05
2021-10-19,0.25543302105162197,0.25096421437348587,4.074835709395329e-05,0.25282319112888313,2.2438324107098033e-05
2021-10-20,0.2520040627000515,0.2533530642683862,5.770687130033983e-05,0.25275181251819656,2.4328256124783052e-05
2021-10-21,0.2545920286541671,0.2511228875347232,4.5289639006705114e-05,0.2526496962118343,2.7183198348075046e-05
2021-10-22,0.2537598985429064,0.25441382713334215,5.306752064676347e-05,0.25458704721548825,2.6316170289816906e-05
2021-10-23,0.2512230575741605,0.24966341157070912,4.145910729707817e-05,0.2501646710269157,2.703470076452885e-05
2021-10-24,0.24671833793035136,0.24472491998117443,4.919080763541441e-05,0.2461833541504017,2.2080978849796227e-05
2021-10-25,0.24371762493017296,0.24303079045169731,5.756328323893715e-05,0.24254058212822507,2.7133937285748275e-05
2021-10-26,0.245697756983645,0.2450363257391032,6.671539761484085e-05,0.2456967301070121,3.448814108257722e-05
2021-10-27,0.24576503274402978,0.2414669377988728,4.8370665560138556e-05,0.2429548177015069,3.278672920476354e-05
2021-10-28,0.24214878612993196,0.23845429931957465,5.5376652934967866e-05,0.24063349680027765,2.1981542279326713e-05
2021-10-29,0.24247722727249824,0.25049088676703457,9.467032598076204e-05,0.24582167681138498,3.962097194962699e-05
2021-10-30,0.2703432117715362,0.26134211151423054,0.00014229652310706275,0.2676886637685196,2.9763660140721763e-05
2021-10-31,0.28764047093788125,0.3290119853645187,0.000873763490362841,0.2906302442629567,4.42594577234276e-05
2021-11-01,0.35579816040860174,0.35832825815577324,0.0006150231560621745,0.35639742280932873,4.881599037519011e-05
2021-11-02,0.38326696391992443,0.3941132556651723,0.00030057155204926824,0.3845086584025036,5.293277737298785e-05
2021-11-03,0.37516758143710294,0.3693089940648312,7.453640055055524e-05,0.3735445385429193,3.222568101589975e-05
2021-11-04,0.3634751484066048,0.3632273355140469,5.8411133473057775e-05,0.3637339059894677,3.0041932633322003e-05
2021-11-05,0.3584636147942072,0.35528132259143463,4.039179052779743e-05,0.35686612665725903,2.2300258875605058e-05
2021-11-06,0.3475108287495874,0.3442427505252727,3.3454168293314406e-05,0.34540276260043695,1.8403734603981357e-05
2021-11-07,0.34008885867540684,0.3406606773632366,5.0843919888560386e-05,0.3409440796878632,2.5764692712008955e-05
2021-11-08,0.3408949512254104,0.3389286917183167,5.0597903067433764e-05,0.3397555587226319,2.458860651808259e-05
2021-11-09,0.33295189187034224,0.33002477810990255,4.831371790547113e-05,0.33123878256981387,2.6515352131290363e-05
2021-11-10,0.32733948205459434,0.3267582076312261,5.521036677768077e-05,0.32701092580083424,2.9019881757700415e-05
2021-11-11,0.33600255800243073,0.34099990413749687,0.00014667184155379108,0.33725699754347394,3.1072534853187506e-05
2021-11-12,0.33814609672528473,0.328383940520364,5.629358414618264e-05,0.3337211046442882,2.7310616893957152e-05
2021-11-13,0.3314890843774736,0.33218973388392664,6.308637533281832e-05,0.33246191385785556,2.5471825550975512e-05
2021-11-14,0.34214231601246686,0.34933529002827357,0.00012782344329983453,0.3443683415774816,3.8200207441072e-05
2021-11-15,0.34455915327851755,0.34289724051053677,6.015671630051759e-05,0.34380302612157876,2.4321007639583207e-05
2021-11-16,0.3363745033497446,0.33964283414745217,4.706532917977718e-05,0.3381701228583917,2.5092038757940643e-05
2021-11-17,0.33066469125023973,0.3341006639014982,4.981510227808559e-05,0.3327694830898105,2.4852880011985732e-05
2021-11-18,0.3265128458902975,0.3242340886115027,4.6733480064170594e-05,0.32511662625929055,2.219017684692566e-05
2021-11-19,0.32105632399348094,0.31739657411852473,4.105829933000974e-05,0.31948231210795613,2.645706579653241e-05
2021-11-20,0.3168982866804025,0.31121260350802854,4.7236427977192896e-05,0.3144148612519221,2.2898117937050293e-05
2021-11-21,0.3156536101377019,0.31385697742001173,4.7778276321575466e-05,0.31507862344535825,2.3832403835235636e-05
2021-11-22,0.3153182173752716,0.3093141420594061,4.548327879387225e-05,0.31196059290024764,2.356667079346763e-05
2021-11-23,0.3116374299425502,0.30819244654910277,4.962169537651734e-05,0.30954848824356396,2.1015144794525397e-05
2021-11-24,0.3440759699973482,0.36747597100267415,0.0005099126449464035,0.34634936628998875,5.601979172324226e-05
2021-11-25,0.380264081681196,0.37258492660992276,0.00022080343117485745,0.3784739246518395,4.206060306648278e-05
2021-11-26,0.3710850380613665,0.3756108423851993,9.911085035145229e-05,0.3719348824439271,3.5786936677281195e-05
2021-11-27,0.4072267929018226,0.4084896003345592,0.00015672229713859087,0.4077547401538213,3.749932827731754e-05
2021-11-28,0.3928386975788623,0.38368274591870205,4.9231434028960365e-05,0.3873007856849762,2.205213267655786e-05
2021-11-29,0.3810107179629546,0.36816387776144416,4.229520112956553e-05,0.37350327241626985,2.255280302474348e-05
2021-11-30,0.3703356469323997,0.3581582790811798,4.280278263544724e-05,0.36360773335881247,2.1899910837656605e-05
2021-12-01,0.3790020526012239,0.3808184991040534,0.00019619409333171197,0.37865271360333463,3.727857436939533e-05
2021-12-02,0.38523288187375887,0.3707353753991074,5.5263568545565014e-05,0.37750744183566953,2.818773973543639e-05
2021-12-03,0.3728505882067772,0.3662265988369303,3.695491981777771e-05,0.36889582515110775,2.0827577935643094e-05
2021-12-04,0.39061027828490186,0.39503375469943713,0.0003239260994334766,0.3912196408230676,7.089021847577047e-05
2021-12-05,0.40521224112865173,0.40304078134676574,0.0002057435428353204,0.4051694553946566,5.001857517856236e-05
2021-12-06,0.3868023453820562,0.37850391788147264,4.366381740147942e-05,0.38208472072891925,2.6496072218956874e-05
2021-12-07,0.3944949423857134,0.41422686567615746,0.0001306082170595101,0.4000236328033956,3.935625028217348e-05
2021-12-08,0.41606334236534825,0.41587811045916145,0.00012021571937183345,0.4158267492497394,3.083353732018082e-05
2021-12-09,0.41613654104707215,0.42258312723769575,2.390748803320106e-05,0.4205694202851543,1.7775071278319603e-05
2021-12-10,0.41997530775147796,0.420665482759381,5.763819592998383e-05,0.42068166584771677,2.4648436670566722e-05
2021-12-11,0.4005158688155978,0.38885773481710856,2.9746793475697703e-05,0.3931061420934194,1.923082525825583e-05
2021-12-12,0.3895076352572589,0.37513344328955567,2.8139113605122437e-05,0.38001359435441723,1.8486435941316194e-05
2021-12-13,0.381409285779711,0.3686875757272027,2.9233660694586426e-05,0.373003691587731,1.9629969741285043e-05
2021-12-14,0.37539555986886597,0.3661846638449557,3.649010806359414e-05,0.36983020550156986,2.1031271953197316e-05
2021-12-15,0.3714969449109315,0.3658580538010983,2.3969292495426002e-05,0.3675547597600914,1.557118917305778e-05
2021-12-16,0.3676424533863171,0.36327873761699697,2.571084398485572e-05,0.36472197594826256,1.8563377149036965e-05
2021-12-17,0.36387449224384644,0.3608826035997395,3.4438221045201347e-05,0.36279437981219553,2.256914883656143e-05
2021-12-18,0.360821615906172,0.3605369163435952,3.0514641970273727e-05,0.3606365957352892,1.8863961842421657e-05
2021-12-19,0.35837407429181684,0.3585312804291527,2.6340436779569312e-05,0.3584131313662815,1.7815593245793972e-05
2021-12-20,0.3561908022498965,0.35732967376773317,3.3085382269858975e-05,0.3565702728476334,2.414043918178302e-05
2021-12-21,0.353958603923169,0.35640077670567066,4.428696002718102e-05,0.35542987224642636,3.164437263919716e-05
2021-12-22,0.3520833228477761,0.35389898878284876,5.325998103970924e-05,0.35246914494292525,2.0041219657001366e-05
2021-12-23,0.3497058522415378,0.35195502900295605,4.564928497693917e-05,0.3506805686281301,2.7181307094481117e-05
2021-12-24,0.35037404509049475,0.3527293991533943,6.12216305515734e-05,0.3516183874739329,3.243922294326602e-05
2021-12-25,0.3498898161320625,0.35258555208444614,5.0968555281076366e-05,0.3516271916243758,2.318948326052528e-05
2021-12-26,0.3564924093728672,0.3589636625392157,4.496915377722417e-05,0.3583933133602813,2.8559785891453567e-05
2021-12-27,0.38977801160900116,0.39483919855705985,0.0002798445241430067,0.3899950390217852,4.7668422160884746e-05
2021-12-28,0.3894943258000355,0.38978771074516344,0.00012213066963824554,0.38876935368343496,3.553025415428165e-05
2021-12-29,0.37852444143082675,0.3714413490315715,2.944219463949152e-05,0.3732764240091242,1.782314453173008e-05
2021-12-30,0.3708330968176306,0.36330797009976273,2.574367508518294e-05,0.36596387451649526,1.7652166885546486e-05
2021-12-31,0.3662378389943068,0.35881471774021306,2.7175466905271675e-05,0.3614233119385429,1.813562166178216e-05
2022-01-01,0.3621883083605362,0.35748462005128234,3.2303615570496546e-05,0.35925445194647565,2.7084085773914776e-05
2022-01-02,0.3586640365283261,0.35556542814016234,3.536329124288323e-05,0.35688812933845604,1.9521950559325996e-05
2022-01-03,0.3558482828920948,0.35384650955855723,5.211108430352105e-05,0.35422367927473625,2.6973477432642968e-05
2022-01-04,0.3574079909505868,0.3666271430149763,8.169929768983732e-05,0.3615677202923099,2.842762502441969e-05
2022-01-05,0.3723296685228042,0.361037721045718,3.2835787543261026e-05,0.36562506041858234,2.157860993466754e-05
2022-01-06,0.36058709330452077,0.359577147951401,3.526411582479177e-05,0.3598298882333833,2.031174557865401e-05
2022-01-07,0.35872955781405114,0.3606254245787502,3.261578529395031e-05,0.35965695323619523,2.5258660866112947e-05
2022-01-08,0.36548395051834864,0.3756137228809661,0.00013570580555414866,0.3681861814044858,4.601260127557955e-05
2022-01-09,0.4056736702206292,0.4171297311719295,0.0001229546729303355,0.4086668584232822,3.361010687773905e-05
2022-01-10,0.4225672891808742,0.4224916933627375,3.49317139521737e-05,0.4227964427503488,2.3597894839394838e-05
2022-01-11,0.40336590906581193,0.3884825981504331,3.7972142874379924e-05,0.39452120488786024,2.4480466859807062e-05
2022-01-12,0.3917041139380804,0.3762067239997828,2.8533215803553463e-05,0.38149733984880396,1.5452850157971915e-05
2022-01-13,0.38500148131059203,0.3694443786166304,3.574690350649172e-05,0.37586778902898305,2.3580397543424562e-05
2022-01-14,0.38010301348602166,0.36771307773658357,3.039219003193481e-05,0.37234778703165433,1.8433112188766138e-05
2022-01-15,0.37607492438544476,0.36622357993095433,4.038967622097e-05,0.37107272426614996,1.8291842631055773e-05
2022-01-16,0.37352128825495295,0.3656553639372948,3.168394208452716e-05,0.3683938531366332,2.0261329741962276e-05
2022-01-17,0.370878111842247,0.3633378672344022,3.646104207121155e-05,0.3664222454741352,2.1823409567554717e-05
2022-01-18,0.3685440952999091,0.3639449095514149,2.9391560221819656e-05,0.3649318019686516,1.7014325281838493e-05
2022-01-19,0.3690207532749158,0.3647536148091277,2.8050023168525862e-05,0.36649954673446294,1.863240336501378e-05
2022-01-20,0.3931449638000972,0.3854588818604707,0.00014380930071556915,0.3909266167624119,4.633052693101621e-05
2022-01-21,0.38083522582084967,0.37388856257523756,3.694467419827787e-05,0.37692425231151944,2.150142153467759e-05
2022-01-22,0.37390564275198535,0.36672485966209395,2.437058735272196e-05,0.36915717965581574,1.6026507730118666e-05
2022-01-23,0.36972787348190916,0.3625988253617242,2.8037095065340456e-05,0.36542800952152826,1.459803112759875e-05
2022-01-24,0.3665249869869059,0.36119790510270905,2.9164578567904788e-05,0.3628840769230242,2.0814960929885577e-05
2022-01-25,0.3637227061475245,0.36011138028007267,2.5588745695592764e-05,0.3614862444649783,1.8634331534149443e-05
2022-01-26,0.3614292708124582,0.3593212772239369,3.362094561746247e-05,0.35998849491838714,1.863245388389637e-05
2022-01-27,0.3592602128993265,0.3583202509966214,3.584067372425976e-05,0.3585720544932348,2.314047613676236e-05
2022-01-28,0.3573449654182526,0.3559368840051939,4.82492754724529e-05,0.3566684349378454,2.4929212676468712e-05
2022-01-29,0.3551984711850424,0.3553262121605282,4.461423894266869e-05,0.3554220467390431,2.330969172936066e-05
2022-01-30,0.35398328955411273,0.3531962964411739,4.286114879382628e-05,0.35409143742800403,2.481831346041624e-05
2022-01-31,0.3592943276924013,0.3627467024158959,4.691708337383597e-05,0.3610004914925199,2.801623313553266e-05
2022-02-01,0.35717699549127746,0.3566339215846487,3.71953869473255e-05,0.3573098288087342,2.103411290420069e-05
2022-02-02,0.35461007351831697,0.356501603927857,2.9554556389874862e-05,0.35591236830963296,1.9973585881585285e-05
2022-02-03,0.3522214118344421,0.35104150244245,3.746438963305648e-05,0.35190919026537765,1.8610801862568125e-05
2022-02-04,0.3504777052504844,0.35038534502788893,3.844367160969208e-05,0.35048890192846877,2.1157180055196932e-05
2022-02-05,0.35034525203806255,0.3514194613396234,3.654185100011065e-05,0.3504438515941549,1.918181248274227e-05
2022-02-06,0.34727527243590856,0.34811030500257345,4.090353262436151e-05,0.3476285570042906,2.169005203015481e-05
2022-02-07,0.35287394024132385,0.3584486323248262,6.59393582264817e-05,0.354948030049223,2.930109516689402e-05
2022-02-08,0.3498659231597881,0.34898967627675165,6.15666687090881e-05,0.3498177545610464,2.592999376555749e-05
2022-02-09,0.34399438425765555,0.3451472605486899,5.785891096297278e-05,0.3446054717093843,2.542199188214104e-05
2022-02-10,0.34055634914929295,0.3404180690720142,4.4678359597575114e-05,0.34041010271407984,2.3717049535755767e-05
2022-02-11,0.3587101260729129,0.3580373081327518,0.0001053137032740765,0.3582360553525758,2.7123064564144586e-05
2022-02-12,0.3513995058492048,0.3510155897696621,2.792703134443907e-05,0.35131558803717516,1.7614149132319318e-05
2022-02-13,0.3455395324713245,0.3559085432125659,4.158628803075789e-05,0.3514188225707314,2.0344558643932566e-05
2022-02-14,0.3807162898031881,0.38704664227831637,0.0002648354356568507,0.3807259268076945,4.350179357977451e-05
2022-02-15,0.38995547563875343,0.38925814262547476,0.0001412636729453741,0.3896888171328498,4.318283621783046e-05
2022-02-16,0.3870283027659006,0.3766603024765864,4.6128102084591393e-05,0.3815352449347735,2.5153255315847184e-05
2022-02-17,0.38087612657113074,0.37277253107261177,4.203953408192743e-05,0.37656783207112476,2.7842908987928014e-05
2022-02-18,0.3727322699263277,0.3636525774726272,3.640622303779583e-05,0.3669897549822603,2.4142985137211522e-05
2022-02-19,0.36608171883916096,0.35855380024555505,3.2236141496005486e-05,0.3612307434234635,1.5173477284606169e-05
2022-02-20,0.36103269679930206,0.3551745866094603,3.7154064294594826e-05,0.35749130602452844,2.09226577472666e-05
2022-02-21,0.3664576142514566,0.3627573116827884,4.0306516691652724e-05,0.3650187312688881,2.5864726761633653e-05
2022-02-22,0.36024218970245003,0.3569686552548631,3.1329449804324265e-05,0.35779698216622136,1.614782201078707e-05
2022-02-23,0.3538178223353272,0.3519176750181894,2.94153733683487e-05,0.3525096794149475,1.852019260622914e-05
2022-02-24,0.34986358264387685,0.349890184766747,6.030389515622374e-05,0.3495451248751402,3.419762452755126e-05
2022-02-25,0.3462451955093204,0.34547321730508945,5.0757036549539554e-05,0.34635877859649816,2.9414302799332835e-05
2022-02-26,0.34042734418237053,0.341370197460309,6.007920868897218e-05,0.3413214379210016,2.7793478563744652e-05
2022-02-27,0.33646926940294686,0.3367808436196315,4.4544009037970966e-05,0.33651878453891887,2.2809303390794077e-05
2022-02-28,0.3335389807314501,0.3309391123006024,3.898424031177539e-05,0.33196475140433107,2.2268608416645475e-05
2022-03-01,0.3294381160441234,0.32553455181431623,3.955389748443928e-05,0.3271520918078782,2.2748435328585757e-05
2022-03-02,0.3450457820327672,0.3609046730478841,0.00019133588456609506,0.34779846098216227,3.942404789697031e-05
2022-03-03,0.354006414902253,0.34486993526860943,6.05099306612365e-05,0.34942549658518796,2.647255347975996e-05
2022-03-04,0.3653185027664244,0.3767414654262297,0.00019246464147446796,0.36809067955381763,4.1209641420860203e-05
2022-03-05,0.3745774846582678,0.36923831721057043,6.768204361397018e-05,0.3730143716199074,2.8913888903214184e-05
2022-03-06,0.36110105818588767,0.3599415327759104,3.871151466823699e-05,0.3601942264061976,1.965201766891359e-05
2022-03-07,0.3519701648541036,0.351433853531869,3.00810523838729e-05,0.3510793605580188,1.904074472198532e-05
2022-03-08,0.34983509409282043,0.3542413175775612,4.368820152848736e-05,0.3526952593944655,2.344932337809926e-05
2022-03-09,0.3500515674625431,0.3483571604791977,4.6485716074608185e-05,0.34911738927599506,2.6522375163957217e-05
2022-03-10,0.35645454696624634,0.3621413089500789,0.00010094411128018116,0.3575842706158938,3.595533457539171e-05
2022-03-11,0.37521091123262085,0.40073025884680225,0.0002818088882609416,0.37871752883546655,4.7907030588215e-05
2022-03-12,0.4006906895761176,0.38885244270064745,0.00017127749309997,0.3979691587701334,4.371235581415865e-05
2022-03-13,0.4001851835429563,0.4041181699395587,0.00016345604538083074,0.40069838563811877,3.809805933397655e-05
2022-03-14,0.3883363667548965,0.3745684254606075,3.793560955792681e-05,0.3799943235857026,2.1518233097670167e-05
2022-03-15,0.38483067769832296,0.36879558810905727,4.1219465214425535e-05,0.3760217476724225,2.5087355343425226e-05
2022-03-16,0.37029627332919274,0.3606428015732576,3.0853523096472216e-05,0.36429167387625155,2.051980937510473e-05
2022-03-17,0.37891874307029405,0.38174831723943714,0.00024162168679243723,0.3797396760027181,4.2069371737282876e-05
2022-03-18,0.38854638707142575,0.3745147920375409,7.722310064401343e-05,0.3827126666141885,3.2729668925494346e-05
2022-03-19,0.3717234873729618,0.3629744492909021,3.759468454103331e-05,0.36692455055046347,1.5731835592995366e-05
2022-03-20,0.36217321032724764,0.3571746087692709,3.8364882519655276e-05,0.3597783863633523,2.5060494652471914e-05
2022-03-21,0.35502555686712806,0.35196246734678127,4.652991157998217e-05,0.3538273222471351,2.4136885744848195e-05
2022-03-22,0.3452931405080263,0.34712546326358,5.3500385310132094e-05,0.3458527612197384,2.988268946849657e-05
2022-03-23,0.33679896846052876,0.3395466026643148,5.4246269509250246e-05,0.3373589552047725,2.9834883463547272e-05
2022-03-24,0.32995203434350334,0.329093526662027,4.9809208569902265e-05,0.3298611702068476,2.1442914741338095e-05
2022-03-25,0.3231369877461753,0.32196086417839176,5.343947969521723e-05,0.32229481571842766,2.6507211995841555e-05
2022-03-26,0.31524124998130293,0.31530927000103726,6.99274236625976e-05,0.3151408625291337,3.26900865777992e-05
2022-03-27,0.3075835175669067,0.30794818778482713,7.061212070140568e-05,0.30710548711691765,2.9243713857625275e-05
2022-03-28,0.3017984605519846,0.2987360260827013,5.4084993314557824e-05,0.3004925611066861,2.4301831145583866e-05
2022-03-29,0.30286089499295155,0.326489749481283,0.0002259759721624204,0.30643310038484073,4.242130090577432e-05
2022-03-30,0.3395246274097774,0.32555107046118775,0.00017663474362468644,0.33679648828817754,3.499852219376273e-05
2022-03-31,0.3545964619563496,0.36908471305223267,0.00022624985263247887,0.3580330119305657,4.267719029013949e-05
2022-04-01,0.3536453090039587,0.35432923480390927,4.207857417234071e-05,0.3540514817065843,2.521617383052355e-05
2022-04-02,0.33978604695794096,0.3519126755657579,4.4979499073619146e-05,0.3464626736297124,2.5882281249125542e-05
2022-04-03,0.3314503743538659,0.3419346581645901,5.081812259051736e-05,0.33727309752420626,3.3869462732771036e-05
2022-04-04,0.32433953808432375,0.32823961241496624,5.168684678396477e-05,0.32624900981225224,2.9221022872719266e-05
2022-04-05,0.31731983423545174,0.31709290927566747,5.521053071234945e-05,0.3171571126644011,2.8200120307874534e-05
2022-04-06,0.31919662150178946,0.3266823900510556,0.00011286544787724118,0.3209654481994563,3.065439301033524e-05
2022-04-07,0.33436642608071804,0.3605837697829796,0.00033354699604715794,0.3378933801565974,4.23647039063256e-05
2022-04-08,0.3543079522393988,0.3289366300474104,7.731428402093432e-05,0.34516200327353935,3.623208068339775e-05
2022-04-09,0.33807519854238266,0.34178344717601145,7.857710715319626e-05,0.3397110635752791,3.7343961265707006e-05
2022-04-10,0.32405266063475485,0.32618331655986316,7.322681353489531e-05,0.32584679061253397,2.7003852719275455e-05
2022-04-11,0.3111854171051824,0.31450982649889875,6.301693203861859e-05,0.3124250252585177,2.3384402701937286e-05
2022-04-12,0.32306484443848993,0.3697153846855166,0.00046577595762332973,0.3281386275418172,4.49267246079674e-05
2022-04-13,0.39167623690910236,0.3781076911262256,0.0003513376921474913,0.3895146608839649,3.9218555363050594e-05
2022-04-14,0.3672299426747128,0.35578559110506597,4.566570795975411e-05,0.36129639322012913,2.816700997710205e-05
2022-04-15,0.35025732384837954,0.3420319392769815,4.933661571034269e-05,0.34596004283758836,2.8388491379772138e-05
2022-04-16,0.337389210052706,0.3299124082624102,7.438307166709054e-05,0.33392706389537663,3.7040487821965085e-05
2022-04-17,0.3252264296100085,0.31737391256427816,7.491412530128039e-05,0.3218972622238978,3.7267418699710334e-05
2022-04-18,0.315440731095633,0.31308881033231606,8.564770473299652e-05,0.3143606273213592,3.0073390881483656e-05
2022-04-19,0.3271165843373765,0.3579429846696848,0.00030561374501311575,0.33356499875247586,4.332746876333013e-05
2022-04-20,0.3908062415896222,0.3870026078525855,0.00042979052056959724,0.38952749848700313,4.3467664174376944e-05
2022-04-21,0.3801684625649587,0.36887954356254576,5.2376485815621884e-05,0.3736803189112062,2.7445333803419275e-05
2022-04-22,0.3644652251558389,0.35255349149002013,4.130022458060319e-05,0.3577187204363465,2.5026962759680806e-05
2022-04-23,0.389948558952703,0.4039614115794059,0.00021818933184940644,0.3925717578990926,4.984533849270007e-05
2022-04-24,0.3987354709762897,0.37584419403799296,8.985463795984679e-05,0.3906111346039808,3.1991661178329506e-05
2022-04-25,0.3780294802774643,0.3601733686818945,3.993544918438707e-05,0.36820850761641677,2.4139712333493942e-05
2022-04-26,0.36287956304172225,0.345510910744723,5.0234437309203336e-05,0.35360495694836674,2.849290781467108e-05
2022-04-27,0.3554394069244731,0.3569561926237013,9.849111432800337e-05,0.35574536972730614,3.207131869887275e-05
2022-04-28,0.3901785173363183,0.37336126744765735,0.00019508449706757668,0.38609974892580945,3.995149420412397e-05
2022-04-29,0.37192320866703654,0.3609559399580436,3.689539923969832e-05,0.365697319445092,2.1650579513138677e-05
2022-04-30,0.3680812223519446,0.3566183512096287,4.5025812529254535e-05,0.36164054257855127,2.2863364828498203e-05
2022-05-01,0.35519086691995155,0.3463919073758342,4.767036847280676e-05,0.3503940554791626,2.7931882881038437e-05
2022-05-02,0.34600939455609847,0.3410606498132699,5.8894867182035485e-05,0.3439029834370356,2.943422918501036e-05
2022-05-03,0.3502724841655796,0.363418548342104,0.000208456733945726,0.35289338940127246,3.857374714681578e-05
2022-05-04,0.363737220431859,0.34120042781265153,7.113851183659695e-05,0.3540401576880423,3.40273554480518e-05
2022-05-05,0.3414033734418145,0.3405719623110351,7.072522922268235e-05,0.3409352140236043,2.3945082041649504e-05
2022-05-06,0.3295413939252352,0.33081756293554093,7.80057699785481e-05,0.329947779691136,2.5600754409890913e-05
2022-05-07,0.31996400205950803,0.31651215873753624,7.260050281344312e-05,0.31893250245119503,2.2337611627656294e-05
2022-05-08,0.30848381785947526,0.3020336249103771,7.732776206329672e-05,0.3062548766546465,3.2454911460015886e-05
2022-05-09,0.2953128375487706,0.28963699000561083,8.151972227281814e-05,0.2928341898109927,3.209785668945301e-05
2022-05-10,0.28240684893495693,0.27466415774760244,8.186694845101104e-05,0.2796270307114454,2.945244001337668e-05
2022-05-11,0.2701956653474157,0.2627776156989126,7.714822862101619e-05,0.2672647623968974,3.459830129771611e-05
2022-05-12,0.2721781794951552,0.2807184114929679,0.0002518349702545675,0.27322965646241554,4.7432008693091036e-05
2022-05-13,0.2783871651224096,0.2626597992692849,7.093928887861395e-05,0.2715750058120942,3.5149106932342286e-05
2022-05-14,0.2652388455827251,0.255425953192953,0.00010661110616016193,0.2618660542627946,3.936809691346228e-05
2022-05-15,0.2727484726608338,0.3177606955851758,0.0008180967831502763,0.2758433255610854,4.355939834795237e-05
2022-05-16,0.31974833248863094,0.2640072440890955,8.153403881583886e-05,0.29801483061804357,3.7154628450721635e-05
2022-05-17,0.28831826878735844,0.2790653293552334,8.014026828997163e-05,0.2845506064982761,2.6735653482569968e-05
2022-05-18,0.2699010336071479,0.2775461531174339,0.00015687530189069731,0.2716421814593764,3.82695247665096e-05
2022-05-19,0.26575590903714097,0.25827204944477783,0.00012699658876014647,0.26351527485118703,4.01104463589433e-05
2022-05-20,0.24693431424768889,0.24853834396161445,0.00010205741477307686,0.24872943816301546,3.8805231548124694e-05
2022-05-21,0.22988699180474226,0.22934323240927487,0.00012206087328439366,0.22981733618653044,3.2787085570345267e-05
2022-05-22,0.21546959531256885,0.2156261971269929,9.330123111537374e-05,0.21497655930346288,3.540699862459855e-05
2022-05-23,0.22259670265699008,0.23024783922649314,0.00020074821308590192,0.224417871936508,3.4772394444479546e-05
2022-05-24,0.2171462567537248,0.2213747991643561,5.703414121135657e-05,0.2189177109667345,2.7201699969338763e-05
2022-05-25,0.2142164996389479,0.21874495959314685,7.908565840109789e-05,0.21590114488085188,3.015457235336218e-05
2022-05-26,0.21552556570210554,0.21794594923143115,7.48404714620514e-05,0.2161180934575187,3.36076537509165e-05
2022-05-27,0.21230814066208464,0.20846399839295388,5.208536000474123e-05,0.211030006600214,2.505655402944748e-05
2022-05-28,0.20064208771164777,0.20114300960413037,4.731417674954635e-05,0.20073512078785913,2.660972494874682e-05
2022-05-29,0.1880325607779349,0.19496279352489126,4.9958343974601195e-05,0.19228323756542096,2.7442911800740345e-05
2022-05-30,0.1777318752927907,0.18715255230122196,5.129252811142059e-05,0.1827372064101894,2.583648780252559e-05
2022-05-31,0.17495928653130252,0.185144058519624,5.7779736878132714e-05,0.18050005599182609,3.0310419806766972e-05
2022-06-01,0.1675308950591738,0.17624326170187554,4.987999003956836e-05,0.1722117986912571,2.7385922864627883e-05
2022-06-02,0.16269530555012063,0.17363977910767048,4.666165068238696e-05,0.16814753169977756,2.3920354894568978e-05
2022-06-03,0.17123418716302186,0.21097113871278708,0.000741522546085118,0.17348825114249447,4.882339827266677e-05
2022-06-04,0.2619860121636631,0.296279492860471,0.0020610606756655925,0.26286928489075084,4.909933047097672e-05
2022-06-05,0.32083721046130126,0.25828374917064195,0.0001223518779437046,0.3025416213872452,2.7863147975939313e-05
2022-06-06,0.2818137300542235,0.2794288205533797,7.719749546927101e-05,0.2810073832402629,2.5389174488218925e-05
2022-06-07,0.2615802277579941,0.2665336668721034,7.269366425284659e-05,0.2640367830444174,2.991919902131416e-05
2022-06-08,0.3049972831646099,0.31954728858778947,0.0008868565943694394,0.3061589346473528,4.65669972358975e-05
2022-06-09,0.3002562493935277,0.29498791088095966,0.00011435370652052663,0.2979294097114046,4.1580263995596e-05
2022-06-10,0.27338598325685826,0.2695045654405643,9.742621362134422e-05,0.2715870999438431,3.7780463361281426e-05
2022-06-11,0.2484855994530061,0.24533987260792542,9.050930289080095e-05,0.24736838633002037,3.524559712625114e-05
2022-06-12,0.2365604679296288,0.23310213165906177,0.0001262146457311084,0.235765659255865,3.7485997933370404e-05
2022-06-13,0.23421375468549768,0.22872959015531866,0.0001308592787300283,0.23226510939286724,4.039022908917182e-05
2022-06-14,0.2200601323702998,0.20576469896399785,0.0001144265128978107,0.21487339479134004,2.9516409926842213e-05
2022-06-15,0.20327504649669137,0.19365626661486002,8.42380880903412e-05,0.19894246430563356,2.9098849879064112e-05
2022-06-16,0.18597511034904143,0.1814982362626819,7.051313043038553e-05,0.18388044148983948,2.9450815936327988e-05
2022-06-17,0.17164301940277327,0.1694807790023828,6.36666791394518e-05,0.17056523567194085,3.139342265045643e-05
2022-06-18,0.16383204498164144,0.17076274212262788,6.402127633185126e-05,0.16760806553926424,3.260170700156661e-05
2022-06-19,0.1711220969347873,0.1824158829885511,0.00013180828424206242,0.17389737928341975,3.5639907617737466e-05
2022-06-20,0.1860813593277778,0.19148465480531252,0.0002379714136183177,0.187491198902545,4.330646357519748e-05
2022-06-21,0.20451442734022368,0.18762357620707817,7.083662682949106e-05,0.19738396561391078,2.8128204630937753e-05
2022-06-22,0.28072676592816703,0.2622141284266654,0.0015107973226607542,0.2797752514873608,6.235885779675655e-05
2022-06-23,0.29587896582122764,0.32028546688374493,0.0007392891133400011,0.2970041911456844,5.446492527376867e-05
2022-06-24,0.3045570282023119,0.30333600859697546,0.00026268311775043494,0.3042662551471951,3.7403730912042846e-05
2022-06-25,0.2851134220898942,0.32519451203875765,0.00033979092568157666,0.29127949023195865,4.4639663801042356e-05
2022-06-26,0.32431857345417436,0.32391353500932385,0.00042063894452535857,0.3244277880156821,5.2431816365624013e-05
2022-06-27,0.319127297087125,0.3239296014336342,0.00013254711786464548,0.32059291831075226,3.3902258457097875e-05
2022-06-28,0.2834034205054406,0.2931985745054443,5.7744394327368455e-05,0.28850177697099016,2.3687068814042936e-05
2022-06-29,0.2614522767687617,0.3100390141923328,0.0005724476199702409,0.26479233581107475,3.930121897504546e-05
2022-06-30,0.34113487767647965,0.321216507374674,0.0007468183761991466,0.3403104443703247,3.7991829935145594e-05
2022-07-01,0.3086964943171777,0.31088342376547934,6.158581405025312e-05,0.30952731253950355,2.920127376779906e-05
2022-07-02,0.2760217488147536,0.27615516955207514,7.56730877709097e-05,0.27704085507240767,3.171669650586156e-05
2022-07-03,0.25172200189355914,0.2588280543478279,9.297530744503683e-05,0.25374266619796987,3.489744461048491e-05
2022-07-04,0.2776347073988104,0.28907200899436775,0.0005770656629115752,0.2778700045480552,4.7632176928661806e-05
2022-07-05,0.27371161965084884,0.25484103374642947,9.509236844271441e-05,0.2664358108289838,3.473109117734903e-05
2022-07-06,0.24855118022475356,0.24168970045106472,7.117887272316304e-05,0.24549988374250337,2.8440919201903472e-05
2022-07-07,0.22827332520022814,0.2223633465017179,9.407190076860112e-05,0.22672725802604846,3.455208863944032e-05
2022-07-08,0.21105216311731478,0.20604825516699246,6.547551262694574e-05,0.20872835728648603,3.547954833780425e-05
2022-07-09,0.1955913796884186,0.19102285148539047,6.796560306195075e-05,0.19406524422084714,2.9136651788959655e-05
2022-07-10,0.18162524116710715,0.1795766509410208,5.913220916124029e-05,0.18017758030369893,2.8379184336662993e-05
2022-07-11,0.1702195969789101,0.1686365318332008,6.0798580857983995e-05,0.16931515174888329,2.953703092039479e-05
2022-07-12,0.1612359499313879,0.161824579128514,5.202596683675987e-05,0.16127393429121548,2.4740513258799567e-05
2022-07-13,0.15502481545897373,0.15518374017048286,4.8983998421702405e-05,0.1552169205639408,2.45962391017706e-05
2022-07-14,0.1508176421978661,0.15172873822896965,4.2907389010926236e-05,0.15163185754622635,2.2439241707813053e-05
2022-07-15,0.14775388724078337,0.149479018901947,4.855487977713746e-05,0.14883279941081046,2.664841596153286e-05
2022-07-16,0.14563168118723985,0.14732366620248216,4.864526248683378e-05,0.14675252082408785,2.6538939030724746e-05
2022-07-17,0.14380594715899334,0.1447151366830554,4.630268101553011e-05,0.14362271164074852,2.4562242350210158e-05
2022-07-18,0.1423866838813208,0.14380190445370633,3.5284709092407265e-05,0.14348526575351217,1.888440700777021e-05
2022-07-19,0.14188955147503216,0.145785430321913,5.021393437319545e-05,0.14389628848085223,2.5084546990723524e-05
2022-07-20,0.14492534473558255,0.1494248622102576,4.717808950189555e-05,0.14719732548528494,1.9170248798409942e-05
2022-07-21,0.1444263863193767,0.14655871498889428,3.207747763439113e-05,0.14560092198852426,2.2071445165305005e-05
2022-07-22,0.1436900921956734,0.14741615500410998,3.856947385923231e-05,0.1459590296417493,2.6076118051052395e-05
2022-07-23,0.14311288160557997,0.14613896160428552,5.073192385297324e-05,0.1453625814502434,2.4083822358143814e-05
2022-07-24,0.1423903087607385,0.14351916377146973,4.086925993984609e-05,0.14303836558795732,2.2125242821916494e-05
2022-07-25,0.14224020811230137,0.1463698078157559,4.767414712532542e-05,0.14371254214041207,2.675325619747308e-05
2022-07-26,0.14229969233933648,0.14676739866350993,4.554914792664304e-05,0.14464496925184742,1.9931729331695402e-05
2022-07-27,0.14228207040523688,0.1460750577591928,3.9631224568362245e-05,0.14422953856566292,2.151051701947921e-05
2022-07-28,0.14225400687338022,0.14448733424754504,3.257338279945074e-05,0.14350075487340308,2.1847963935324765e-05
2022-07-29,0.14474373871448326,0.14916137057939158,5.195370962506128e-05,0.14739058599674348,2.7150979984494286e-05
2022-07-30,0.14490161433726043,0.14715912785313504,4.1970163077098794e-05,0.14587685121573682,2.0958937104407248e-05
2022-07-31,0.14391971516924418,0.14476707145689086,4.205450120171815e-05,0.14440281075838313,2.58390569072576e-05
2022-08-01,0.14277603140136552,0.1442565627551327,4.291886898784186e-05,0.14401658012486032,2.2794891749663992e-05
2022-08-02,0.1418508345441196,0.1428863230596122,4.11946802483865e-05,0.14198964496540017,1.696772801172976e-05
2022-08-03,0.14101254701587074,0.14049665072388107,3.9927937502928505e-05,0.14077379950460053,2.512035882036257e-05
2022-08-04,0.1499751108291481,0.16773407082727693,0.00032906247334677543,0.15272844859604884,5.354387135840946e-05
2022-08-05,0.17642149669021645,0.1540765110852107,5.067039036696627e-05,0.16553360894974134,2.772172573830262e-05
2022-08-06,0.1707565525366531,0.16148470763871167,4.71408077026339e-05,0.16473213901682823,2.636757478682838e-05
2022-08-07,0.1612264063087591,0.15939147887954785,4.7099002976383074e-05,0.16091002565498155,1.960130256038645e-05
2022-08-08,0.15436776548888675,0.15443698502476338,5.6750309377073416e-05,0.15467504319415037,2.5551096634503374e-05
2022-08-09,0.15000424410270335,0.14964224940888424,4.574023199762812e-05,0.14946303355316767,2.3553731413288404e-05
2022-08-10,0.14676557594180623,0.14606621187435223,4.267661348446608e-05,0.1457337187541293,2.9621679700428824e-05
2022-08-11,0.14425888395686987,0.143405052169071,4.85984214228877e-05,0.14363594855232617,2.1803974125263653e-05
2022-08-12,0.142899206810859,0.14410166305914238,4.65510803758494e-05,0.14293690482070218,2.2954696972465257e-05
2022-08-13,0.1431838137274954,0.16116669549666823,0.00015007146798228028,0.14761746847905804,3.735242292512529e-05
2022-08-14,0.32433908898785807,0.2841870268889583,0.003519798787965164,0.3232705429132073,5.392159436487729e-05
2022-08-15,0.29281437599332233,0.2983748411649149,7.636401123435675e-05,0.29547899994489346,3.171232054886491e-05
2022-08-16,0.273668403481613,0.3079378139631867,0.0003352832248634394,0.2787035180093758,4.239918134877397e-05
2022-08-17,0.3542634414749436,0.34183917021113286,0.0008033294061406883,0.3535764649767909,3.601757499274437e-05
2022-08-18,0.32939738734848345,0.33671381283760127,6.576323627061816e-05,0.3324497917115438,3.250230963894926e-05
2022-08-19,0.2982746196999031,0.30612280912614337,7.98990934342994e-05,0.30054538776113704,2.8684385581321983e-05
2022-08-20,0.2719701903526556,0.2732297889822408,7.076556128314269e-05,0.2726202879595814,3.300774786647087e-05
2022-08-21,0.25135341415763124,0.25120036735774376,9.54943516024133e-05,0.2510283448342824,3.653119832318741e-05
2022-08-22,0.24517796889345475,0.24766899943988915,0.00012640085949037095,0.24656233750174475,4.025727143091069e-05
2022-08-23,0.23858600206616282,0.22589615319711118,7.894679487710955e-05,0.23323149589304873,3.481616112596686e-05
2022-08-24,0.22073911479054004,0.21000635720362668,7.633867701611952e-05,0.21612067823686265,2.8592062191176552e-05
2022-08-25,0.208485174930644,0.20902302692928806,6.267916937959763e-05,0.20907044042541262,2.7289880958249657e-05
2022-08-26,0.20475680934960905,0.20397272803820649,6.82223025335896e-05,0.20484898522331008,2.8441432665802977e-05
2022-08-27,0.19680663120121866,0.19269681671889075,5.3402447290868516e-05,0.19510400770075417,2.1931540448630338e-05
2022-08-28,0.18459079133612,0.18264535001662605,6.233986949334617e-05,0.18340572396343532,3.120171995729651e-05
2022-08-29,0.17990236925796746,0.1904073812142489,0.0001181260117010741,0.18427200252121204,4.200149988534267e-05
2022-08-30,0.19949484108152898,0.19757500710765463,0.0001473365296855422,0.19964615015539755,3.359041450266934e-05
2022-08-31,0.20432610868967052,0.2063217264672391,0.0001145814685748331,0.20431960314486158,3.996533658071513e-05
2022-09-01,0.21290248687656718,0.1967671404512355,5.057681773398814e-05,0.20570148901458007,2.8025567659193994e-05
2022-09-02,0.2083140843189032,0.20700759268522795,9.53063181592062e-05,0.2080286901481877,4.0513558381298505e-05
2022-09-03,0.20308782952268875,0.20110072221168815,7.708383649695862e-05,0.20265947873478563,3.437006645772117e-05
2022-09-04,0.19321065801024087,0.1898963158308497,8.857046551417465e-05,0.19255882335683933,2.7814202963537417e-05
2022-09-05,0.18261178206371584,0.18243287339592887,6.200977114461051e-05,0.1815760562796077,2.1877394563951665e-05
2022-09-06,0.17406544103762908,0.1759534669468537,4.366526856936059e-05,0.1754189159720663,2.1897886685975895e-05
2022-09-07,0.1687337470737608,0.17382286491524337,4.89302341276018e-05,0.17101077700088343,2.668893664053751e-05
2022-09-08,0.16774371007348401,0.17477102069550576,4.572629298368431e-05,0.1717111366166566,2.419396712724113e-05
2022-09-09,0.18080273412865286,0.18689254273237688,0.00010248091383550795,0.18286101239240107,3.5682446782776216e-05
2022-09-10,0.17891911869584576,0.178101324151558,5.880115000121033e-05,0.17855609136626444,3.0088304409959812e-05
2022-09-11,0.17174231927608913,0.1727054629450732,4.4840920398738355e-05,0.17245927954288007,2.3952241173730564e-05
2022-09-12,0.17974328298152412,0.18715676777690377,0.00017631575097720137,0.18198964911924445,3.752730432189893e-05
2022-09-13,0.1944565068930567,0.1838631634530161,8.195264557362187e-05,0.19039208524883974,3.4377918061292243e-05
2022-09-14,0.1992533282271457,0.19531738120755385,8.133247946685436e-05,0.19790966545146246,2.91047265487101e-05
2022-09-15,0.1924750262387185,0.19158464565413819,4.761716703480913e-05,0.19151747791939847,2.685796478098477e-05
2022-09-16,0.1852708221314316,0.18676986603781273,5.4843232375130636e-05,0.1861167317858511,2.6657326161800424e-05
2022-09-17,0.1784848142706871,0.18168873164276486,4.4514238555649363e-05,0.1796059511961161,2.7154468048982684e-05
2022-09-18,0.17265634846473857,0.1754155581423408,5.448058563440606e-05,0.17380206570801243,2.8151267597475264e-05
2022-09-19,0.16785106071517658,0.17040419813997773,4.847661142250924e-05,0.16979429420897232,2.398075200852412e-05
2022-09-20,0.16413784076599436,0.16729525765983502,3.638599467905556e-05,0.16649651781470676,2.091407452621362e-05
2022-09-21,0.16123972600397496,0.164779791842544,3.9805815910244575e-05,0.16356995974208874,2.8459976932513086e-05
2022-09-22,0.15881653723571695,0.16138269839491032,4.463977597718762e-05,0.16033998944781885,3.2927087632168224e-05
2022-09-23,0.17215422546301387,0.2031406781922055,0.00042734873293618036,0.17522951706704545,5.153024216419072e-05
2022-09-24,0.21982663252804702,0.203002345597901,0.00034773260422386876,0.2167249312459671,4.4545974226404594e-05
2022-09-25,0.23970543279430523,0.21508691121239976,7.697513552700561e-05,0.2303361928265677,3.193663128720218e-05
2022-09-26,0.23304515905713197,0.23502601405392898,0.0001445667418988645,0.23384842575214584,3.34433354826827e-05
2022-09-27,0.25764916147860156,0.2567269963690849,0.0004826538922823717,0.25715286635230356,3.635844775814799e-05
2022-09-28,0.3015147978319914,0.3018572528295378,0.0007910672503707654,0.3020310914354557,4.589192692710026e-05
2022-09-29,0.36932960566221545,0.38166406472935127,0.0004797804705939272,0.3716239701862225,5.066384187065387e-05
2022-09-30,0.3364846279390723,0.3446924749515731,4.413180130289628e-05,0.34008837488412974,2.3024538058930224e-05
2022-10-01,0.30519214892619073,0.32092133917150983,4.7940041018942276e-05,0.3133915194018278,2.736416524610404e-05
2022-10-02,0.29025999490561527,0.2950627512964126,4.9628327794877416e-05,0.29272972559462984,2.4482095140951544e-05
2022-10-03,0.2770503066887716,0.2755132562013019,4.0476862980430866e-05,0.2763497814424501,2.44370766224941e-05
2022-10-04,0.2642639550207751,0.2614038618630214,5.771135430785462e-05,0.2631888478559498,2.171222061798204e-05
2022-10-05,0.2522431827146469,0.24804616998016799,5.4028402731463174e-05,0.25065324066653527,2.6356160262290858e-05
2022-10-06,0.24395103579214125,0.24112074835202266,5.212647926311996e-05,0.2435185952032872,2.378472907328051e-05
2022-10-07,0.23778786356820414,0.2330693078959512,4.794848701919242e-05,0.23491313712669815,2.3308769126172694e-05
2022-10-08,0.23803802178950595,0.2493456990646698,0.00018151318596854114,0.239051908107561,4.0391069377874587e-05
2022-10-09,0.24966487583750693,0.22762716662776275,6.209617228477749e-05,0.23911248258605108,2.8512923376316625e-05
2022-10-10,0.24005218174535653,0.2293425737707149,6.304534336965915e-05,0.23527003029985277,2.9839544007311644e-05
2022-10-11,0.23381352349311157,0.22819866152211268,5.054602606757587e-05,0.23103380530454426,2.1475190426841163e-05
2022-10-12,0.2280045142748092,0.22291989512041943,4.9869802653141434e-05,0.22533928110742882,1.68395762300966e-05
2022-10-13,0.23584380953470369,0.25386835821440207,0.00029286342959021294,0.23898698685585548,4.5260810668626754e-05
2022-10-14,0.271919382399739,0.24945423180557355,0.00013614911376891978,0.2659282359884565,5.228522603318622e-05
2022-10-15,0.26415485684794554,0.2521431612275272,8.447249323240768e-05,0.2589883909340472,3.6432580146420154e-05
2022-10-16,0.2517273529616176,0.24647865743545086,5.757834224960731e-05,0.24933585611488185,2.313351219586866e-05
2022-10-17,0.2757359317852234,0.28119465855572906,0.0005692295434584612,0.2762503460503116,4.67247406502272e-05
2022-10-18,0.276157270468719,0.264163134494633,6.322663360207088e-05,0.2708269393480405,3.490252776520317e-05
2022-10-19,0.2614461902978703,0.26849190316334764,0.00010382991148813959,0.2643580491216926,3.916277728805251e-05
2022-10-20,0.2622758155986421,0.2714404539756095,0.00016699381955257076,0.263436684852661,3.469625516130404e-05
2022-10-21,0.2662732586804765,0.2574347260064384,6.061583604328706e-05,0.2621222549991076,3.0207402095579256e-05
2022-10-22,0.25669370829291116,0.25169949609500447,6.354544961102661e-05,0.2542209039654079,3.170748614915512e-05
2022-10-23,0.2472928741264934,0.2454582728829846,4.863618011767656e-05,0.24611242898020863,2.1975704406046925e-05
2022-10-24,0.23902487919398502,0.23773347345349324,3.9670204065140326e-05,0.2383388512835733,1.751234918988523e-05
2022-10-25,0.23165281594107842,0.22923098176525392,4.4166347148794e-05,0.2304332265995979,2.8068611172155626e-05
2022-10-26,0.22459629483705013,0.22241316304228295,4.871933934300384e-05,0.22324638560755056,2.4090754591924446e-05
2022-10-27,0.21798743953634162,0.215633415635793,5.099781790844264e-05,0.21678911627773104,2.781696074456296e-05
2022-10-28,0.21137733012817508,0.2131079313660929,5.678727164079203e-05,0.21249831829135707,2.4424464469837478e-05
2022-10-29,0.20496005888524266,0.20812824120407086,5.91239530501004e-05,0.20684026864637733,2.2864875941000394e-05
2022-10-30,0.2004475357693123,0.2051953678522041,4.9700906256546825e-05,0.20258522882189045,2.782060678829532e-05
2022-10-31,0.20222557128450544,0.23487868317174654,0.0005561841226273543,0.2047437732366284,4.139916057769113e-05
2022-11-01,0.23991906330580237,0.20613833207399013,7.013297057439199e-05,0.22539929948719187,3.053222116457227e-05
2022-11-02,0.23427902345063528,0.21995687285555718,4.6573813496130616e-05,0.2262479515385862,2.6277827170992098e-05
2022-11-03,0.2308633983644929,0.2282689086840279,6.323558065946146e-05,0.22919655732380786,3.1556316771098326e-05
2022-11-04,0.29739969966872537,0.31130160907552484,0.0013046837207821257,0.2973460502992688,5.693518863680867e-05
2022-11-05,0.3019051486677469,0.28668266891069044,8.789868495258055e-05,0.29539392126298214,3.884566121785167e-05
2022-11-06,0.2836999503795469,0.28325351819603933,5.456989772840093e-05,0.28355818297052776,2.4755539572980045e-05
2022-11-07,0.27044224662071653,0.27299292239021555,5.044994648877538e-05,0.27177110799298765,3.37356849713643e-05
2022-11-08,0.2618096115702177,0.2679695873902642,6.510767962250686e-05,0.26429459057373433,3.339120563450872e-05
2022-11-09,0.2868082412967165,0.3010178271390264,0.0004427393827628085,0.2882710251570792,4.278964732766139e-05
2022-11-10,0.30045047126358876,0.27926856933875965,6.563497255327503e-05,0.2914318518258386,2.4840901127750143e-05
2022-11-11,0.285466851167436,0.28089037018540075,4.924814767255846e-05,0.28332746555195243,2.6887913204252477e-05
2022-11-12,0.2738544064045913,0.2742410821100075,4.723703968653469e-05,0.27452835143347454,2.066817217593513e-05
2022-11-13,0.264905547526775,0.2663324816854682,4.70174788112316e-05,0.2661178206541912,2.549291975793033e-05
2022-11-14,0.28176231624405434,0.30026107439456795,0.000576573230964264,0.28340790421524276,4.126727978036785e-05
2022-11-15,0.3147249933482566,0.337817522932567,0.0005817071600094617,0.31650189116787936,4.867685923216661e-05
2022-11-16,0.3320966173540689,0.31990923203760496,0.00012455853392028693,0.32870721855338175,3.8389660845124596e-05
2022-11-17,0.31726752887022636,0.3316441041351368,0.0001080337963728282,0.32174749972483646,3.3343286022376555e-05
2022-11-18,0.3359099835342373,0.36669896128434376,0.0003633426667382401,0.34061965088759266,4.466913351132708e-05
2022-11-19,0.37732009172017456,0.37468469816609234,0.0004149889862918832,0.3781007020651233,5.264655213572075e-05
2022-11-20,0.34618815383487733,0.3539872081237465,3.515754111261675e-05,0.3513053173836115,2.2953660430638853e-05
2022-11-21,0.38560579391687266,0.4063835626412938,0.00014127457728755577,0.3920337016590805,4.109168830036171e-05
2022-11-22,0.39871834326623184,0.396286472000628,0.00017080175482709012,0.3979606170994726,3.7121544190737624e-05
2022-11-23,0.4112555010299186,0.40714204133077625,0.00011740622942794655,0.41063979207969437,3.323408568226218e-05
2022-11-24,0.386908702693938,0.37721985628839905,4.513973760647687e-05,0.382024589786882,2.4803246830554662e-05
2022-11-25,0.40490087180681633,0.4050434093720481,0.00014546258276095048,0.405408445060581,4.591223074606785e-05
2022-11-26,0.3878950162152876,0.37096106914546256,4.036500109030132e-05,0.3783224099337047,2.1333468988755783e-05
2022-11-27,0.37314302816824896,0.3618746815624746,3.7061781307945095e-05,0.36616063609414984,2.3680942701294017e-05
2022-11-28,0.40627863707605794,0.4061193714243906,0.00020730004704522478,0.40567416528394523,3.893375093111555e-05
2022-11-29,0.3855752412925029,0.3769153563354156,4.0986747381794396e-05,0.38084168134471647,2.5902826301561757e-05
2022-11-30,0.37197575344635775,0.363325850096012,3.592412019192034e-05,0.36677502667468614,2.1650968477096375e-05
2022-12-01,0.36211356959086766,0.35565452135991704,3.382747600266813e-05,0.35794709638105604,2.1745990430644836e-05
2022-12-02,0.3547892094220569,0.3531099135081692,3.1491855852508e-05,0.3538514152517345,1.8747596356206593e-05
2022-12-03,0.35880257673753946,0.37564553111362536,0.0001861264082771734,0.3620385023312801,3.4903074357320466e-05
2022-12-04,0.38418161608646817,0.3659403018287813,7.741339919074831e-05,0.37674458099046193,4.200259862378117e-05
2022-12-05,0.36258492899494715,0.3611093773998127,3.110121589986352e-05,0.3615725367721815,1.615124300036752e-05
2022-12-06,0.35365381137424834,0.3548755085912979,3.250528484070786e-05,0.3545078019915535,2.0104738216237535e-05
2022-12-07,0.3474692895686564,0.3497634853747326,4.76250306748676e-05,0.3485024299986428,2.4424214520916857e-05
2022-12-08,0.3457213941024323,0.3564353790497604,9.362838370025689e-05,0.3495445181350965,2.9243348243385285e-05
2022-12-09,0.3796651138928687,0.374004929849843,0.00019020490306038203,0.37869585899619096,5.356483889796772e-05
2022-12-10,0.3609590359246987,0.36362175358196924,3.507910500711176e-05,0.36265097852460376,1.961863574867063e-05
2022-12-11,0.3508135903398428,0.3564434009444205,3.345490313245816e-05,0.35493632610837944,2.0590144894323645e-05
2022-12-12,0.3652301845930193,0.3832836591961105,0.0002583015478221888,0.367741925226555,3.8674239405834535e-05
2022-12-13,0.3829157176557014,0.37058453226939053,6.946504255780102e-05,0.3777894952430165,3.1022443631968924e-05
2022-12-14,0.389791079155972,0.38135695280834825,0.00011503578865313913,0.38745161038079695,3.1755705221348485e-05
2022-12-15,0.38193044681076926,0.3838847581309087,0.00010616025561767145,0.3827279821795228,4.2446541256715195e-05
2022-12-16,0.4042748071325677,0.3961414647968185,0.00018719017737740527,0.40280943699786287,4.0770405736416494e-05
2022-12-17,0.38171412247566877,0.3765244729370684,3.6879167477655425e-05,0.3784365819348666,2.336605684964551e-05
2022-12-18,0.3709736626313115,0.3641667666849138,3.477157663426438e-05,0.3662866099027697,1.851810848087986e-05
2022-12-19,0.36359682494769424,0.3590150715678291,2.784000960417495e-05,0.36040619846366306,1.782669269077983e-05
2022-12-20,0.3620830793319823,0.36785720666940835,6.874701433475133e-05,0.3646080039725653,2.6670437580134227e-05
2022-12-21,0.38104466151709465,0.37076671881958084,5.600919243479536e-05,0.37585514243661655,3.0153990212872687e-05
2022-12-22,0.3715564698864433,0.37292264386407914,5.093542294877848e-05,0.3722476445786997,2.8369163462063247e-05
2022-12-23,0.367899749458503,0.36146204494116224,2.9035040467295665e-05,0.3631294906775796,1.5878732762901493e-05
2022-12-24,0.3577039445266615,0.35763112825497223,2.8612927939169487e-05,0.3578157677982341,2.054068178706054e-05
2022-12-25,0.351441769971712,0.35473362909936207,3.7565817411683774e-05,0.3531225430715557,1.949695896404733e-05
2022-12-26,0.3510750883293389,0.3586981674221301,4.9590203266208266e-05,0.3549111113202658,2.6290536966450027e-05
2022-12-27,0.3555490674998657,0.35692041608346203,3.46900526872581e-05,0.3564201513196601,2.124453564524956e-05
2022-12-28,0.34865022349538155,0.35385941893069506,3.027131134203273e-05,0.35211777989837595,1.8551018255778934e-05
2022-12-29,0.3670741437586173,0.38989833917834277,0.0002666839564693628,0.37120080917904,5.510388703764985e-05
2022-12-30,0.3836665963093915,0.3711146840894793,6.708585412806098e-05,0.37798105311481334,2.6568489484618525e-05
2022-12-31,0.36777155409529694,0.36535691419995353,3.5015688989598856e-05,0.365730922492671,2.0962409243640742e-05
2023-01-01,0.3582788712515296,0.3594718951407636,2.5900438227536462e-05,0.35885168586081867,1.9404243633956037e-05
2023-01-02,0.3536908039536309,0.35922786150979724,2.8111212425220588e-05,0.35766282379672654,2.0012769168165342e-05
2023-01-03,0.35167071509036574,0.35680331565552414,2.8187285461712837e-05,0.35489020637025676,1.783342136602825e-05
2023-01-04,0.3467580741368144,0.3517172326897984,4.1636097757535274e-05,0.34976221991684653,2.4990257627626287e-05
2023-01-05,0.3422456534851499,0.3489389614944704,5.0160314732415545e-05,0.34586556214845154,3.2684548167738585e-05
2023-01-06,0.33898488837461555,0.34474297331784115,4.922046044218592e-05,0.342631141287302,2.7098127833060215e-05
2023-01-07,0.34382306415657093,0.37857846295027187,0.00029326469537351246,0.3491954221056712,5.149384659938375e-05
2023-01-08,0.40196055962179494,0.4041429324188632,0.00033626251255385194,0.402330573192697,4.9856817185076164e-05
2023-01-09,0.40634608201220046,0.40416803527138645,0.0001318592043051813,0.40611997047750675,3.698861635770651e-05
2023-01-10,0.3892041419574435,0.3783369455391531,3.770044097792572e-05,0.3827925305001708,2.0999208324932615e-05
2023-01-11,0.3864219513973295,0.3792345653910623,5.5406938909852086e-05,0.3830517550786044,1.98007591143072e-05
2023-01-12,0.3770253529345189,0.369601174133169,3.06525229782443e-05,0.3726350780782514,1.3353505793152235e-05
2023-01-13,0.37110106196510734,0.3676332715639795,2.5746103298274313e-05,0.36895935938079466,1.7041217377466266e-05
2023-01-14,0.36405292374085013,0.3610842556684637,2.4494642472102076e-05,0.36231013425797043,1.6073544007101966e-05
2023-01-15,0.37408477943288043,0.37462170404511697,8.849604552727805e-05,0.37396987736944615,3.965262793429003e-05
2023-01-16,0.408853615362449,0.42174748443810856,6.238866923793409e-05,0.41438564473962275,2.9110079623509318e-05
2023-01-17,0.4219161233449873,0.42470646113262683,3.1832468170235675e-05,0.4231016430019369,1.7148536694745126e-05
2023-01-18,0.40714258988067564,0.4047630947912044,9.282850431210126e-05,0.4071966448645428,3.176784801424375e-05
2023-01-19,0.4124654845767379,0.42309292744048144,8.17374137710207e-05,0.41682142945615397,3.2142713058647676e-05
2023-01-20,0.40620517900999487,0.38732213314641584,3.579032643113809e-05,0.39518125995507075,2.673164804939814e-05
2023-01-21,0.3959362930456199,0.38101749936806056,3.677367296184505e-05,0.387476555700856,2.281284206962966e-05
2023-01-22,0.3875125025718715,0.3751851046498249,3.123977119739362e-05,0.38012150482553025,2.268210129495057e-05
2023-01-23,0.38188106023150475,0.37340648863401765,3.215609264755771e-05,0.3764721893866416,1.9347891619821055e-05
2023-01-24,0.3778551725433363,0.36899203926893775,3.391948292731687e-05,0.37224326814545683,2.1444188960186203e-05
2023-01-25,0.3742590103439362,0.36735488472535666,3.0123208522995623e-05,0.3697293983434864,1.951617893218027e-05
2023-01-26,0.3771922983583851,0.37270326589657693,5.3079668088719666e-05,0.37525422625969723,2.872004039523919e-05
2023-01-27,0.3809846051908547,0.37886513993329074,8.994496011214936e-05,0.37986792731780766,3.564607183706953e-05
2023-01-28,0.3781150180333303,0.36971113630978425,3.1055684539394766e-05,0.37334556478876196,1.9459233157525545e-05
2023-01-29,0.37292099304535076,0.36779908315596016,2.5047414184061942e-05,0.3692141278894087,1.9448829070268347e-05
2023-01-30,0.3689786658610245,0.3641736452343178,3.243323822608867e-05,0.366143040472312,2.0225186426993607e-05
2023-01-31,0.3665531646248322,0.3624556186280985,3.221627246983568e-05,0.3634145144794734,1.947013024086552e-05
2023-02-01,0.3648956204560382,0.360782649761413,2.959085554141857e-05,0.36222128595014647,1.8658236043895848e-05
2023-02-02,0.3615594192439047,0.35940853155249364,4.0757896436894086e-05,0.3603988863192626,2.4579619391823346e-05
2023-02-03,0.35814004580705217,0.35726372646563725,4.23743699205927e-05,0.3574966734774188,2.205732719045663e-05
2023-02-04,0.3556054918822876,0.35470430858741436,4.69985692660151e-05,0.3550876843437034,2.6220494555930503e-05
2023-02-05,0.3537222806311486,0.353265088287784,5.770230526774388e-05,0.3535916858696062,2.3228332355459602e-05
2023-02-06,0.3507042038912647,0.3503337960285166,5.422157552299337e-05,0.3510245305514551,2.7752407139274945e-05
2023-02-07,0.3543803101369851,0.3586687168572159,6.210780868522471e-05,0.35604678401199896,2.7099810533763397e-05
2023-02-08,0.3532388156112108,0.35265178516634904,4.443433112748312e-05,0.35197917097606846,2.7535808033303055e-05
2023-02-09,0.34800839177500487,0.34938506251647494,4.7693944551706976e-05,0.3488790407871757,2.7807461716707446e-05
2023-02-10,0.3447798404355815,0.3453411952439852,4.998768608835713e-05,0.34484654322029845,2.5349281567420256e-05
2023-02-11,0.3418802089127427,0.3410510251203211,5.266345008865295e-05,0.34093374908315466,2.9631242617435943e-05
2023-02-12,0.33932298891632817,0.33751698830095367,5.4748905508327105e-05,0.33876547126480544,2.8976372420169653e-05
2023-02-13,0.3370228828251841,0.3350355828623392,4.192116093659721e-05,0.33616413683025825,2.4084090586125042e-05
2023-02-14,0.334797894616819,0.33339537537514796,4.0949563283843225e-05,0.3342744857062408,2.6153379192499942e-05
2023-02-15,0.3324077537508093,0.33122335713882245,5.901236279041016e-05,0.33173543097792285,3.316070997972453e-05
2023-02-16,0.3296787357815067,0.3274778266608799,6.58430432581009e-05,0.3284912854271145,2.9761688066433245e-05
2023-02-17,0.3271515977073205,0.3246199158205175,5.294279962208302e-05,0.3264037230288083,2.3125732962199787e-05
2023-02-18,0.324549139623009,0.3210416307392526,5.488764238639972e-05,0.32255774165677237,2.25002255500751e-05
2023-02-19,0.32287169454073633,0.3204740309965215,4.421839931063317e-05,0.3210902819540371,2.3097086206852088e-05
2023-02-20,0.32159285982629315,0.3174104977391518,5.0736519683628396e-05,0.31937646857999136,2.916841044116031e-05
2023-02-21,0.3234948413538876,0.32345647346327655,7.493896030654994e-05,0.32327543372720613,2.2315818244429036e-05
2023-02-22,0.3380990346818027,0.3472251084151234,0.00015191638222531427,0.340523965873307,4.621963975107573e-05
2023-02-23,0.3864198269107639,0.40741194608441567,0.00029533932191951826,0.3896372574591623,4.1542577952676145e-05
2023-02-24,0.3984190921947101,0.38823489517322884,0.0001463495616344653,0.3961760808918276,2.9242180422357205e-05
2023-02-25,0.38215669185424717,0.37041670053676434,4.240870073583578e-05,0.3748883830814912,1.9728875601650614e-05
2023-02-26,0.37185614326084193,0.3620962605925439,2.9478746437127353e-05,0.3656740077226246,1.9263390894672085e-05
2023-02-27,0.3642085814052408,0.36148130744372386,3.0380244938028885e-05,0.3623877410537721,1.909305276229256e-05
2023-02-28,0.35964769298890714,0.3568047006088588,4.819088417044951e-05,0.35856910008049975,2.2713383725537664e-05
2023-03-01,0.35504194218392826,0.3539227923215406,4.078012055472906e-05,0.3547854943121092,2.1180203457000996e-05
2023-03-02,0.35100404399412577,0.35218863546603046,4.762347094580138e-05,0.35154415013371554,2.2255244900215524e-05
2023-03-03,0.3477521734427298,0.34764878196368587,4.0302611189427344e-05,0.3466353691426483,2.0059014307147378e-05
2023-03-04,0.34365396322116676,0.34216023458810435,4.306945387208816e-05,0.34276050276754566,2.4795938056349844e-05
2023-03-05,0.3392926279962855,0.33672236012247386,4.656670280510561e-05,0.3373151819880429,2.4133565596660745e-05
2023-03-06,0.33574705257999793,0.33330576380631577,4.649853553773706e-05,0.33389732997971,3.076285147076896e-05
2023-03-07,0.35908484203595453,0.3710386681362159,0.00025791488112972424,0.3611926665451527,5.446654307869331e-05
2023-03-08,0.37710052015267603,0.3787741618832884,0.0002123901406729466,0.37792924711351433,4.618943001787291e-05
2023-03-09,0.3892964110385116,0.38477670259545066,0.00019956763580015536,0.3879786618639651,3.813238857651378e-05
2023-03-10,0.38124459815343076,0.3824920551740854,9.011042397399083e-05,0.3816184187723167,3.702393109809357e-05
2023-03-11,0.40011845028934623,0.4082342171683709,0.00018408496328405197,0.40206107784812756,4.61665059030734e-05
2023-03-12,0.3962581726358612,0.37921097998501396,3.4958093723543296e-05,0.3858778189043896,2.5418079017281887e-05
2023-03-13,0.3829376415513382,0.37100137033095826,4.719569159187472e-05,0.37649809098016396,2.2984261449395278e-05
2023-03-14,0.3827536963191229,0.37580996318431903,9.138932629774115e-05,0.3809243865914555,2.5993714248553192e-05
2023-03-15,0.3787313484038379,0.37023722983690005,4.082895589548862e-05,0.37368787331551334,1.8776140727652592e-05
2023-03-16,0.36665569189229613,0.3577684112434113,3.511760498416077e-05,0.3613336546593829,2.0595595673673824e-05
2023-03-17,0.3592356187312249,0.35893032006849895,3.775268435159794e-05,0.35909759154579063,2.4705709333866504e-05
2023-03-18,0.35859183411196915,0.3616968259351917,5.8399320929498e-05,0.35950773382980394,2.662793694616881e-05
2023-03-19,0.3652829528789533,0.36021481024506025,4.443674317562259e-05,0.3626431534379912,2.3463345048469322e-05
2023-03-20,0.35509492507803786,0.3538421101581317,3.98605870740998e-05,0.35407950865493854,1.904140863499478e-05
2023-03-21,0.3477352709739293,0.34750349987370704,4.177403125568544e-05,0.3476692682757506,2.2249414935743466e-05
2023-03-22,0.3422262725806354,0.3379423908752849,5.332989444928434e-05,0.33974640363500636,2.8329385976838113e-05
2023-03-23,0.3355109083825728,0.331299560858644,6.348658091469507e-05,0.3335392224564951,2.9476816308599357e-05
2023-03-24,0.3311863182299277,0.32997676652728175,4.9555432704856086e-05,0.3305432398752941,2.6702763391742475e-05
2023-03-25,0.3260811834159389,0.325071112489658,6.795322348486906e-05,0.3260027341194376,2.549310358811776e-05
2023-03-26,0.338947140917232,0.36202633954710955,0.0002951843838084316,0.34314445877051464,5.0294481947001225e-05
2023-03-27,0.34933095232167544,0.34205724971030343,8.881146905363046e-05,0.3462026774057356,3.0912147348983084e-05
2023-03-28,0.33480823508627855,0.3348462396173603,7.250850069949951e-05,0.33499666292277597,2.9315842671218618e-05
2023-03-29,0.32217856537014866,0.32150870995194303,5.658366106900248e-05,0.32153443129002623,2.228636865649669e-05
2023-03-30,0.3144857686761517,0.31281918070225423,5.596053609093507e-05,0.3135648269628541,2.312329200155232e-05
2023-03-31,0.31468514073118165,0.3181483445246242,7.895159700413063e-05,0.31577444785440373,3.307169138153516e-05
2023-04-01,0.3297722401264255,0.3526081479942112,0.0003539038222218654,0.3324185566302155,4.981473232963337e-05
2023-04-02,0.3569583187571359,0.3571122737706816,0.00024163184312288704,0.3569602703364889,3.857583405068458e-05
2023-04-03,0.35084281968564013,0.3509821003973169,4.276011382734085e-05,0.35099950043292005,2.1860851791868563e-05
2023-04-04,0.3358921667884409,0.3403609553412912,5.3179767828682126e-05,0.33815033844777326,2.6004514524673837e-05
2023-04-05,0.3231984919347206,0.3263736364305349,6.417604422331807e-05,0.32479571695529097,2.9834818688926357e-05
2023-04-06,0.31446463212631637,0.3161572899132087,6.881292985970753e-05,0.3152843443424423,2.074152278400319e-05
2023-04-07,0.30647090355675516,0.30470937211181587,5.571311650418537e-05,0.3058991651395271,2.873295855320987e-05
2023-04-08,0.2973118611476218,0.29460449607955447,5.8855101995564214e-05,0.29488570287225224,2.0446340915563402e-05
2023-04-09,0.2888443058999709,0.2842346963259699,5.264451569893845e-05,0.28647678900968765,2.902759982975458e-05
2023-04-10,0.28125429097240806,0.2804097022540239,5.9395091343162936e-05,0.2807623387727669,3.175159775141405e-05
2023-04-11,0.27506482815547617,0.2744983806616433,6.681943727306328e-05,0.2750579100819446,2.786307015983872e-05
2023-04-12,0.28564724768619554,0.3042055555354054,0.0004073758275075791,0.28780216887962284,5.710487233566687e-05
2023-04-13,0.3369260924384695,0.3492924078926499,0.0006406761422141053,0.33743169510867754,4.462239080041909e-05
2023-04-14,0.3553509084325896,0.36256566602405244,0.0001948007001546144,0.35630409776660615,4.124350921141091e-05
2023-04-15,0.3518637932719807,0.3522024901756827,5.701617292682235e-05,0.3519988744500515,3.1299386795903134e-05
2023-04-16,0.3279661140850259,0.3373066023097301,6.17003471268112e-05,0.3324881068076067,2.620121050243527e-05
2023-04-17,0.3140937877203907,0.31775940557021437,5.327845753909635e-05,0.31572044591080367,2.9964662075303205e-05
2023-04-18,0.3055597700594976,0.30540614638641267,6.328765650436169e-05,0.30544337094091634,2.1154058908876757e-05
2023-04-19,0.2961190210127768,0.2904172251832308,7.277349864732413e-05,0.29421257412209745,3.938634513069091e-05
2023-04-20,0.28521465244806954,0.27937562267851673,7.014721120741636e-05,0.2824859293982452,2.5015004633476396e-05
2023-04-21,0.275139677930682,0.26741077182620754,6.728898819291256e-05,0.270964915246809,3.8434567932842355e-05
2023-04-22,0.3094519022918668,0.3252277230583108,0.0006051375797743697,0.31035853977330574,5.24182040448965e-05
2023-04-23,0.3512478185172258,0.35224836801456844,0.00036363043588522954,0.35079271274081114,4.457233244753087e-05
2023-04-24,0.3519812316005609,0.3502360694693374,7.93774301588344e-05,0.35090628544595454,3.3179718509601854e-05
2023-04-25,0.3623801082494254,0.37218610699864874,0.00014346391117597463,0.36458807162426154,3.32919217842976e-05
2023-04-26,0.35741927860878736,0.3566159145684354,6.584874384907969e-05,0.35719421221613584,3.3989155375510644e-05
2023-04-27,0.3511698699756297,0.3413767384637347,6.333283340785036e-05,0.34671223687556724,3.533946558343787e-05
2023-04-28,0.33307204521551415,0.32525921118814916,7.884527459971243e-05,0.3295095215818067,3.5394363616383145e-05
2023-04-29,0.37386386922121007,0.39886617134582747,0.00024224921524727014,0.37931357868082544,4.577852329858929e-05
2023-04-30,0.38926617792664175,0.37366615331068936,0.00013392543523117203,0.3842253532346476,3.5668642823814996e-05
2023-05-01,0.3804042746608525,0.3640218935133216,4.6338218254065803e-05,0.37131636030627385,2.3946297412945787e-05
2023-05-02,0.3589242497997434,0.34530220238682413,4.810014738775035e-05,0.35169856838252417,2.2669434701225783e-05
2023-05-03,0.3385731053772193,0.32940100577157483,8.254248394050049e-05,0.33469363086372633,2.7294971062888977e-05
2023-05-04,0.32283810990209405,0.3176886639408614,8.816783435572199e-05,0.3211076872959865,3.526636642107945e-05
2023-05-05,0.3124668257088484,0.3067185697897691,7.717551005278258e-05,0.3102175514966488,3.328959685720284e-05
2023-05-06,0.3094197432737541,0.3156653549165368,0.0002145259826174845,0.3119584818607979,3.8698011294917415e-05
2023-05-07,0.34245044828425136,0.3487036856940875,0.0003613626588573667,0.3428448524284549,3.821067291951631e-05
2023-05-08,0.3362569037011791,0.3333253947026541,7.628534760994573e-05,0.3351143465274759,4.249962328836995e-05
2023-05-09,0.35086736725046114,0.36367416309792133,0.0002540033041525601,0.354585855877192,2.9822735762745306e-05
2023-05-10,0.35045670517810523,0.34581333325652386,5.9286475310010475e-05,0.34843451118422225,2.6967743391211647e-05
2023-05-11,0.3525368371277198,0.37315185617313545,0.00028199639675131004,0.35504952997610517,3.6504862346988185e-05
2023-05-12,0.370220922432175,0.365597585271232,0.00020530901228600748,0.370084900833336,3.819513627689757e-05
2023-05-13,0.37091112836764895,0.3593285884466036,7.085267962385098e-05,0.3656910811232938,3.098794581599077e-05
2023-05-14,0.36996081472939346,0.36923677370387553,0.00020209730993351647,0.37060043942917964,3.44094261493586e-05
2023-05-15,0.38655308607434335,0.37484743682243826,0.0001293017365023194,0.38410006909828825,3.26894082761362e-05
2023-05-16,0.38440634177011024,0.37398825553557274,0.00012335569232639642,0.3819942630074549,4.013580986362613e-05
2023-05-17,0.3567460749282581,0.35179886535304195,4.446733498705512e-05,0.35422746734069605,2.0713133663048152e-05
2023-05-18,0.34163696301871244,0.33789071840751406,5.014687706195336e-05,0.3403434640328439,2.381232715067693e-05
2023-05-19,0.3346550389021176,0.3286722812983331,6.602082154192258e-05,0.33220150326092823,2.7653142603636857e-05
2023-05-20,0.325965927739889,0.3161962293657099,6.521463185602723e-05,0.3208916511312356,3.333357892863289e-05
2023-05-21,0.3205418505138733,0.3169289372536815,0.00012049758067549241,0.31874599280831056,3.1260934744076334e-05
2023-05-22,0.3284712428280611,0.33331441403082707,0.00018735604221858856,0.3293377104075098,3.800479836571368e-05
2023-05-23,0.3634469750816201,0.3660310367598527,0.00044215381446845864,0.36455208004039824,4.2662387384277684e-05
2023-05-24,0.37676794336628644,0.3680218331085497,0.00019696290571749015,0.3760065775543979,4.9227976559596116e-05
2023-05-25,0.3546401234786225,0.3481683443707469,4.986240324485797e-05,0.3510556198531463,2.599016893015162e-05
2023-05-26,0.33201215876888046,0.3250368346086043,8.527876805291683e-05,0.3296581703099777,3.910640259638856e-05
2023-05-27,0.3133939816923111,0.30704929512468215,0.00011894524828534689,0.3109330886962638,3.598029904023778e-05
2023-05-28,0.3164598659819958,0.3370912136705572,0.00042118472105558927,0.31784240915828177,4.217433179108895e-05
2023-05-29,0.341468507602706,0.31547383249947414,0.00013719248173701864,0.3341790218152562,3.649050766238479e-05
2023-05-30,0.32951021769339967,0.32016621072573204,0.00014865202287106264,0.3267659154217533,4.103133403562887e-05
2023-05-31,0.3141974766131166,0.32320329220598204,0.00010959685345592495,0.31698200042560926,3.479619931683549e-05
2023-06-01,0.3576553264109739,0.35336130475847205,0.0004067149527117187,0.3561428266075468,5.6274295084840864e-05
2023-06-02,0.33577651075928877,0.3421053751755483,0.00010998533895293835,0.3385018060069024,3.33869660423797e-05
2023-06-03,0.34696123029942255,0.349456046163572,0.00020501863288707747,0.3475600598565212,4.739613766629453e-05
2023-06-04,0.33442144354180126,0.32842921540896314,9.222136692018777e-05,0.33111416145668243,3.679836436087606e-05
2023-06-05,0.31469352562515124,0.31232566336542394,8.492774132094335e-05,0.31380427176268755,2.8940541967334784e-05
2023-06-06,0.29795018542268786,0.29465093616101423,7.474040519432321e-05,0.296557852031188,3.147342332984163e-05
2023-06-07,0.28230954341625436,0.2758338359727899,8.629112559774683e-05,0.2794260652827656,3.711930592686349e-05
2023-06-08,0.2700635188827534,0.27115771960585283,0.00010918465141741749,0.27039872926436803,4.0092491071430774e-05
2023-06-09,0.327126674640945,0.3564664691732225,0.0010183373531455926,0.3290790521885474,4.824150864717394e-05
2023-06-10,0.3365083615770419,0.32745528453965206,0.00016123909939071076,0.33463000538786486,4.061448638259341e-05
2023-06-11,0.3338643749561382,0.34063726057644295,0.00017498334797541256,0.33528655533083784,3.327304623067207e-05
2023-06-12,0.3571534959599717,0.35367004091444865,0.00019915085587739664,0.35614115449428796,4.37452141615663e-05
2023-06-13,0.36324699535070126,0.39029083300209844,0.00024381110870159157,0.36846900160277163,4.795929296080825e-05
2023-06-14,0.3653158292841244,0.3441658478237383,5.303075121771541e-05,0.35486904157846966,1.9571713671536215e-05
2023-06-15,0.3423086656201767,0.33299068439346086,7.091336779064985e-05,0.33835916247846226,3.41408917834266e-05
2023-06-16,0.3247140566424622,0.31091989580461393,8.078359312528795e-05,0.3193519746951545,3.16284974139005e-05
2023-06-17,0.3092605996203541,0.3059757581345636,0.00015400170234399304,0.30883826567594097,3.898183846234141e-05
2023-06-18,0.3102996996447137,0.31014697784782086,0.00019364840603061206,0.3096138388792531,5.131482621145548e-05
2023-06-19,0.3207169233830009,0.30421834200566916,0.0001320766665941348,0.31593553694755416,3.8922035601101126e-05
2023-06-20,0.32592430682172724,0.36315505699355916,0.0005226098981030986,0.3299945550889444,4.6614369475381826e-05
2023-06-21,0.37321839176157157,0.3759487864399069,0.0004364979047649897,0.3730977340753394,3.8769042855217226e-05
2023-06-22,0.3933482016330542,0.39938274195378926,0.000155607959418533,0.3939795967887949,4.1787142934943685e-05
2023-06-23,0.3673113479341664,0.35053015019191774,5.416744303231992e-05,0.3589306693159754,2.6774036033469873e-05
2023-06-24,0.34479229640626785,0.32938347139008556,6.15139747216634e-05,0.3372767622413713,2.5184188376863836e-05
2023-06-25,0.3247765807290878,0.31118558144660985,7.337685006191354e-05,0.31926976973863946,3.3975759206335066e-05
2023-06-26,0.31067213161335444,0.305507447308057,7.118440745243514e-05,0.30854258754968433,3.033115589672977e-05
2023-06-27,0.29701633493001334,0.28545548628428297,7.947029601668191e-05,0.2928295172368549,3.385556604612405e-05
2023-06-28,0.28071968893220023,0.2708748948483361,6.697862033300536e-05,0.27662319895586257,3.5354501239585476e-05
2023-06-29,0.26677915337720487,0.26030404063151463,7.975650891660963e-05,0.26363561039192546,3.4186088826051184e-05
2023-06-30,0.2636371138998032,0.27486507503939966,0.00013213911238957074,0.26616685880079255,4.0138663699060514e-05
2023-07-01,0.2741457205625327,0.27148284545792994,0.00016706770042280381,0.2732981064750441,3.908708863757769e-05
2023-07-02,0.27944190847436734,0.27502552354118026,0.00012269909702082802,0.278140925766151,3.617453570000453e-05
2023-07-03,0.27045687094608917,0.25645389496403653,7.26331516652932e-05,0.2643309412958291,2.880095754417138e-05
2023-07-04,0.2589591674436704,0.2531525820080514,7.379836559163589e-05,0.25745433743626567,2.8418542648776115e-05
2023-07-05,0.25149450237434334,0.24778281994897766,7.353223070088666e-05,0.24976855038148085,2.980062498154072e-05
2023-07-06,0.24397513514806185,0.23128866506575488,0.00010712603204939163,0.2397278552776856,3.250261054681975e-05
2023-07-07,0.23286750432230305,0.22164954456913125,0.00010188166516657306,0.22927916367484397,3.3814818139248445e-05
2023-07-08,0.22170069327121614,0.21097350855409086,8.192954019172311e-05,0.2177241786089046,2.869381123959873e-05
2023-07-09,0.20880472661816274,0.20366866408184134,7.841981818230019e-05,0.20678959091752427,3.430749838282629e-05
2023-07-10,0.19624884729943715,0.19415890642842878,6.877294501849904e-05,0.1951111714466416,3.149907865545881e-05
2023-07-11,0.18546931972367953,0.18747226517138288,5.1830765775254185e-05,0.1868388525234958,2.3359712646849106e-05
2023-07-12,0.1784714804431328,0.18532191215045452,4.668057854576623e-05,0.18238477452403937,2.5322709656391295e-05
2023-07-13,0.17359355619664738,0.18049168809526195,7.394804412818817e-05,0.17634220112636279,3.583318968183786e-05
2023-07-14,0.16716303117011208,0.1695982279292062,6.702815580532828e-05,0.16853163481818142,3.395541082761019e-05
2023-07-15,0.16337524116585248,0.17129439226135923,5.965647579809019e-05,0.1669160899547631,2.4992355039165433e-05
2023-07-16,0.16205392178585515,0.166416139042871,4.1969843866954075e-05,0.1645026036794172,2.2967670187241856e-05
2023-07-17,0.15852139343321664,0.16367668296935722,4.613735408134731e-05,0.16064878928525012,2.8033030682496726e-05
2023-07-18,0.15499850456814138,0.15856243977675194,4.185802537134589e-05,0.1573528421700894,2.180063885302338e-05
2023-07-19,0.15239316871645164,0.15902745177275682,3.588067079691112e-05,0.15670701446343627,1.9993607132926558e-05
2023-07-20,0.15061085644278027,0.15737811046612468,3.861264903712557e-05,0.15434688460096477,2.3859351015962075e-05
2023-07-21,0.1496527080186021,0.15586291147016704,4.641738794616674e-05,0.15282243513459987,2.4026814593721554e-05
2023-07-22,0.1487968030933376,0.15445793842380698,4.293276878136697e-05,0.15195103460775222,2.172428586745931e-05
2023-07-23,0.1574877883862041,0.20915436544797486,0.001044087121995404,0.16073242284798675,4.78422802662823e-05
2023-07-24,0.25403847490850606,0.18905560634732507,0.00022254265309489573,0.24198928782623444,4.0197869372802455e-05
2023-07-25,0.23866331111420683,0.23076811087595164,7.494722571892422e-05,0.23530370292363278,2.6084033446339543e-05
2023-07-26,0.22456657727961543,0.2217100014619486,6.533317683427885e-05,0.2232143859381445,3.0511561314624236e-05
2023-07-27,0.21306361613983307,0.21125420633801476,8.492585121623326e-05,0.21209029354662928,2.9784140578325464e-05
2023-07-28,0.20504763331920225,0.19785796926944307,6.472498152120765e-05,0.2023078566233182,3.2608174498394355e-05
2023-07-29,0.1941261991293047,0.19482718208341862,4.8296837955329616e-05,0.19455107827910287,2.4390301105633295e-05
2023-07-30,0.1860975070156741,0.18847898291449647,4.8808247244619876e-05,0.18731097632482402,2.0187192793641052e-05
2023-07-31,0.17704699397549872,0.17837256638189736,4.5718182818272367e-05,0.1780434064172577,2.4664727339143442e-05
2023-08-01,0.1722562488368254,0.17897147504736025,6.032291124905216e-05,0.17507194525953795,2.5071266709183396e-05
2023-08-02,0.1697852223716136,0.17683307025313597,5.058017005116112e-05,0.174062327984542,2.693185356540418e-05
2023-08-03,0.17061468343482109,0.1824905141985025,9.106288345841511e-05,0.175127557845407,3.076530857623448e-05
2023-08-04,0.19279104605352979,0.1890504201215232,0.0001013105279751938,0.19246509003459433,3.550484035482948e-05
2023-08-05,0.190608838301357,0.19014898326053653,6.068037761287179e-05,0.19067177320690307,2.9098827438840815e-05
2023-08-06,0.18699595166087876,0.18736937159563913,5.0890164567939946e-05,0.1873562793735198,2.482935335608985e-05
2023-08-07,0.17862929111425355,0.1794748687761745,4.199851266363874e-05,0.17942010635281783,2.1636318081420894e-05
2023-08-08,0.1698339840240663,0.17147034082372448,4.517498210193274e-05,0.1709158736896579,2.3157989159179643e-05
2023-08-09,0.1620548523404742,0.16162083143292733,6.052932573590941e-05,0.16191523210918216,2.5566699371643367e-05
2023-08-10,0.15657225297569086,0.1603187409039268,5.1992525447565944e-05,0.15784819651659546,2.245883057629065e-05
2023-08-11,0.15340579488158465,0.15539788951861921,3.0018889083805008e-05,0.15476134678032197,1.9032855843932894e-05
2023-08-12,0.15074187212553203,0.15431983372875846,3.461235700747485e-05,0.15275225022433078,1.9522282940959362e-05
2023-08-13,0.14895528695156435,0.15599938856034268,5.287089135691214e-05,0.15254866626886074,2.3063814006371513e-05
2023-08-14,0.1509011185795528,0.158543066126147,5.520455493499427e-05,0.15445516697309308,2.812199074493164e-05
2023-08-15,0.15544731905943904,0.15765775921420827,5.416352988214068e-05,0.1566755263360256,3.1193185399695736e-05
2023-08-16,0.1558327631747016,0.16163975753307086,7.232374491671167e-05,0.15841107071768185,3.366101036126022e-05
2023-08-17,0.1571168366804888,0.15483385798333618,4.375038542941281e-05,0.15533832974598694,1.7156416609670583e-05
2023-08-18,0.1536310027375749,0.1521356279162135,4.731131704698734e-05,0.15282159174083718,2.7175946871562707e-05
2023-08-19,0.15065722316273147,0.1522698729011111,5.1286304535205955e-05,0.15201445308611852,2.402942060626887e-05
2023-08-20,0.14820951462582355,0.14984477341777075,4.702562475056382e-05,0.14936987625565204,2.130697960717771e-05
2023-08-21,0.14648169589022358,0.14874548697473217,4.4742094530748083e-05,0.14822663252722604,2.5927164770571615e-05
2023-08-22,0.1457379265170323,0.14771441357465764,4.242728275764952e-05,0.14634351711337135,2.0576772934981164e-05
2023-08-23,0.14557227485042426,0.14885549940216428,3.6969314701098024e-05,0.14749921591814796,2.276590335178717e-05
2023-08-24,0.14699509849757061,0.14603948318031282,3.565370335509278e-05,0.1463392289860951,2.0894072922223835e-05
2023-08-25,0.14869998954845554,0.1520090627545955,4.2922784354544896e-05,0.14997178796445343,2.184411392232441e-05
2023-08-26,0.16528980626898487,0.21901643779879,0.0013785906835928467,0.16741685632463596,5.4628784883889415e-05
2023-08-27,0.2588792790999478,0.17560161371366909,9.078300227259131e-05,0.2281671664344863,3.6023445638553915e-05
2023-08-28,0.2452028352545194,0.22144277731188441,7.996677883556222e-05,0.23557913760657148,3.548332695410877e-05
2023-08-29,0.23321439383010142,0.22583810212250366,6.641776173940563e-05,0.2292135606820385,2.6979722808489274e-05
2023-08-30,0.2316897048641647,0.23471821684778812,0.00013596534169113387,0.23166742108372243,3.798879542638517e-05
2023-08-31,0.2303042538968563,0.21603085243096282,6.487735387118498e-05,0.22445580461222345,2.917373738787525e-05
2023-09-01,0.21645016391225091,0.20466476101496942,7.413714622916114e-05,0.21146612374703333,2.791204562703258e-05
2023-09-02,0.24678048037047762,0.2942664852276529,0.001953884414719029,0.24758864131857458,5.157137382007403e-05
2023-09-03,0.2970187789773054,0.22681662184424434,9.703700087276144e-05,0.27243198756391984,3.429714069109869e-05
2023-09-04,0.25419535996420395,0.24905267639779385,6.571796380025961e-05,0.2512012815293777,2.9172417824768597e-05
2023-09-05,0.22489271975773595,0.22918373880138923,7.701179131420885e-05,0.22640558658319684,4.014273247580598e-05
2023-09-06,0.20518564009237153,0.21046121675179358,8.023478462046577e-05,0.20704748847453242,3.635023346891069e-05
2023-09-07,0.1895481744046887,0.19471160959573122,6.106884361048066e-05,0.19165442971119773,3.5345402464957135e-05
2023-09-08,0.1775044202768212,0.1826640165140761,5.1595808054256153e-05,0.17973251792128933,2.5546236486360614e-05
2023-09-09,0.16867496919581565,0.17208724736246442,5.026798267639713e-05,0.17035332270150483,2.6126887303735783e-05
2023-09-10,0.16245822129497223,0.1659573335154665,4.2887343259438476e-05,0.1643820428095732,1.7664292478006582e-05
2023-09-11,0.16271770128991728,0.18732079352216296,0.00023321165925961274,0.16673383738557743,4.0561435100541696e-05
2023-09-12,0.2211929602881772,0.19398938515712316,0.00030214499783555514,0.21642224162038481,5.475941176967342e-05
2023-09-13,0.24264433651780995,0.22834445508873177,0.00017564164671388425,0.23937169929057706,4.6617209030081185e-05
2023-09-14,0.23420024720582489,0.22312039187984042,6.965048444896567e-05,0.2298488880018583,3.021781642281937e-05
2023-09-15,0.2241563291350975,0.23661750902632725,0.00017574042131317355,0.22585250198816417,4.365980852288746e-05
2023-09-16,0.23815812186925928,0.2146669943748154,6.473952015620919e-05,0.22764520735103486,2.7108111117051617e-05
2023-09-17,0.23303442165491295,0.24666611591839296,0.000338504484678347,0.23519930796884675,5.013485579949777e-05
2023-09-18,0.24990325799848884,0.22625472286003245,7.854364037303774e-05,0.24107589369732638,3.142961761769279e-05
2023-09-19,0.23595792250710826,0.22788698722339093,6.423307124349336e-05,0.2320267986609458,3.5677860212684616e-05
2023-09-20,0.2220853805867634,0.2178172373876096,6.798914722308507e-05,0.22052974085725655,3.5034491671971586e-05
2023-09-21,0.24486672502185666,0.265281466725653,0.0006060575205139328,0.24667363531672495,4.709312984572961e-05
2023-09-22,0.2860113124579445,0.26466433327749134,0.00027357955166738336,0.2822939364680979,4.096631092697568e-05
2023-09-23,0.27539317225566845,0.2711402506225117,6.863089410480743e-05,0.27403175287668285,4.106529653670066e-05
2023-09-24,0.2561313282092244,0.25604724437604653,7.987991458322632e-05,0.25612126518083933,2.4878350483574473e-05
2023-09-25,0.23820916086694438,0.23903888130769768,5.9070140040107794e-05,0.23806114587593005,2.8646861591386286e-05
2023-09-26,0.2230663281026946,0.22273400377297695,5.5560338107103665e-05,0.22270575643928048,2.8374733442070278e-05
2023-09-27,0.21091060125259592,0.20843443461434302,4.633652445004515e-05,0.20983088356068208,1.9881484717203456e-05
2023-09-28,0.2006340300100916,0.20057796396203617,4.856170285644326e-05,0.20048515690024846,2.8083115095647682e-05
2023-09-29,0.19203074832104333,0.1930218226361422,4.88418074028251e-05,0.19315989874071182,1.7267133065481857e-05
2023-09-30,0.1851892885929749,0.1865964249633242,4.8478524225395344e-05,0.1863015543973756,2.3599603309413606e-05
2023-10-01,0.17850743917085476,0.17965542157582526,4.850847575367777e-05,0.1790129534871631,2.1867447377362697e-05
2023-10-02,0.17230151187595455,0.17506311422217474,4.100098007874292e-05,0.17356866234889076,1.8984371269372518e-05
2023-10-03,0.1691927911696185,0.17518320717632993,3.8548636615580514e-05,0.17267138928506934,2.1252325031715493e-05
2023-10-04,0.16749877709686356,0.17165987383272804,3.5945042291687265e-05,0.16999218725437998,1.804612023999303e-05
2023-10-05,0.16447626835201795,0.16776083700799227,4.0098008434157074e-05,0.1660612117310312,2.1918633539500496e-05
2023-10-06,0.1619961636180114,0.16498889309354312,4.727886884645704e-05,0.16405188804734028,2.1726542792023627e-05
2023-10-07,0.15967536001137228,0.16249339463584825,3.944333709246322e-05,0.1611497267677879,2.0394929591454616e-05
2023-10-08,0.15778280741453565,0.15962870957999045,3.9235574510641635e-05,0.1584610251862225,1.9261450320342326e-05
2023-10-09,0.15638765559920065,0.15803495262958028,3.774344171659144e-05,0.15701518740027692,2.6832569445093486e-05
2023-10-10,0.1552979514831307,0.15747897536982616,3.870416713781564e-05,0.15611850413663977,2.6038973504452886e-05
2023-10-11,0.15456209174780045,0.15686065598226462,5.3050821223151895e-05,0.15574865412502834,2.301633865902817e-05
2023-10-12,0.15369559342990585,0.15569033597072682,4.796271031745302e-05,0.15452803480769295,3.210002261524847e-05
2023-10-13,0.15300490961305704,0.15535106026106038,5.349672189765334e-05,0.15505505367085504,2.7595551067211424e-05
2023-10-14,0.15576362698451296,0.16267789055702925,7.373557493957857e-05,0.15884640459841756,3.3465489429721075e-05
2023-10-15,0.1563179575530943,0.15924806100774114,5.772442497187302e-05,0.15722156080518715,2.315525147163697e-05
2023-10-16,0.1563545238339077,0.15975472896026674,4.8953614783021675e-05,0.15806423225287772,2.3535322191035703e-05
2023-10-17,0.1559252035443419,0.15896518587280264,4.149914846551151e-05,0.1575696369260748,2.0582252642087657e-05
2023-10-18,0.18465158452560168,0.20618279318507288,0.0007427399951259887,0.1851279229482384,5.0925778891845896e-05
2023-10-19,0.2350651406592949,0.28862123508207416,0.0021354655837873683,0.2377289871523084,3.900112883086328e-05
2023-10-20,0.34396610008516637,0.28849787335467825,0.0008354686402972016,0.3416123965653643,4.81718435306379e-05
2023-10-21,0.3147061847246419,0.32939887666345563,5.745037171659465e-05,0.32173715693474114,3.4262243404249906e-05
2023-10-22,0.2882909435416298,0.3039833609011044,5.413460032031996e-05,0.2959427699072441,2.3851097088488923e-05
2023-10-23,0.3220687654131539,0.3508997066298382,0.00047325506818432224,0.32407611892599464,4.96553535524567e-05
2023-10-24,0.35304704002846965,0.3500812562341501,0.0003140348924184508,0.35289222725296776,4.665576869048918e-05
2023-10-25,0.3283550687150406,0.35839742853343887,0.00014500481508457772,0.33636855878753896,3.643132259826816e-05
2023-10-26,0.4027293909107196,0.4045905062155595,9.754543433026638e-05,0.40332771231264775,2.9845572304263892e-05
2023-10-27,0.3902711532300473,0.38077457874640963,0.00011012175757274485,0.38731697751234906,4.002264860360771e-05
2023-10-28,0.3698763855007533,0.35576396707445257,4.062177758056863e-05,0.3614177710345766,2.4891513982321117e-05
2023-10-29,0.3759529446090373,0.38457349077281117,0.0003239111236062898,0.37783561992502057,3.864099126647872e-05
2023-10-30,0.40275476965193613,0.3850977655363086,0.00024223791656060765,0.3987783351178167,3.427275339872419e-05
2023-10-31,0.37872109759514583,0.3668601111042642,4.054823300732092e-05,0.37233342463562324,3.052273858651056e-05
2023-11-01,0.3699781320975774,0.3591584728192852,4.774462174975986e-05,0.3639608242355085,2.666548047539661e-05
2023-11-02,0.4104358297561704,0.4108508154402182,6.962314746480187e-05,0.4103155230388929,2.9932316873394556e-05
2023-11-03,0.41647837305860225,0.41260168301539113,6.034950346430793e-05,0.41444529778292655,3.188308108644638e-05
2023-11-04,0.42064362344200346,0.41611211483237803,3.99391116991761e-05,0.4176332108797481,2.335250712147761e-05
2023-11-05,0.40868452923359916,0.4007757440661702,0.0001237293886115652,0.40653062331403683,3.4955828470947335e-05
2023-11-06,0.391768758947844,0.3820070214042504,4.611149100055301e-05,0.38622656984808396,2.338039206246698e-05
2023-11-07,0.3760122860736773,0.3675600541516625,2.8810041010732333e-05,0.370355726142738,1.8066204281781476e-05
2023-11-08,0.3680088852432024,0.37116831268994843,9.727113225117687e-05,0.36968214109497743,3.18472659022801e-05
2023-11-09,0.40788503867610376,0.4146021340025672,0.00015043569174691981,0.40986399455991845,3.1700535568040625e-05
2023-11-10,0.41612588918082644,0.4196070329757158,7.497602378003357e-05,0.41829422459311294,2.8752031848585335e-05
2023-11-11,0.403547875158897,0.4103537669227879,0.00013197664413226902,0.4043332950928149,4.3244056299918023e-05
2023-11-12,0.4033564207764177,0.38877891205647797,0.00010525118446296793,0.39743247150457334,4.534166660801716e-05
2023-11-13,0.3846440572062397,0.37323237692281647,4.3701680537035776e-05,0.37867541025259455,2.349015688927369e-05
2023-11-14,0.3734654789042463,0.3679431086265657,3.345206571367456e-05,0.3699996546377919,2.0661598763151817e-05
2023-11-15,0.36565163160413294,0.36312581676583167,3.0086814205256906e-05,0.3644141614907524,2.1562022386847992e-05
2023-11-16,0.3788694021745703,0.3746249244048348,9.178999506167033e-05,0.3766348964754823,2.735723048291736e-05
2023-11-17,0.3683574806177153,0.3679988859155706,2.5030145135241217e-05,0.3682410817972862,1.83716597355789e-05
2023-11-18,0.3605715395047417,0.3611885747538897,3.143113407795655e-05,0.36075532262007054,1.8977913555785055e-05
2023-11-19,0.3546548012447936,0.35641668230504314,3.267381714582045e-05,0.3560754341615201,2.074403578414438e-05
2023-11-20,0.3545957205742278,0.36200790681279676,4.714228197563225e-05,0.3589127945407416,2.270237329355746e-05
2023-11-21,0.36281828699909896,0.37133312426003817,8.635059242769564e-05,0.36591520170578223,3.547058510486503e-05
2023-11-22,0.3623899208476358,0.3630369847472747,3.6770038719929256e-05,0.3627536795894588,2.2561273305722786e-05
2023-11-23,0.3537177601498901,0.35806010219716067,2.96895893676871e-05,0.35668312587049483,2.065488985870228e-05
2023-11-24,0.34966782081728665,0.3579201165481796,3.8883925546446105e-05,0.35380964031012335,2.1687405129166282e-05
2023-11-25,0.3495270323104744,0.35481682489542893,3.704775663199777e-05,0.35270969619100584,2.1886718461533217e-05
2023-11-26,0.34371764149199735,0.35116533975235953,4.546163842768702e-05,0.3471633608829891,2.4740485378227093e-05
2023-11-27,0.36070049251134395,0.380194853346214,0.00025814036250369917,0.3641567047091712,3.944859899449273e-05
2023-11-28,0.37748698687140586,0.3634046634524068,4.176402884686933e-05,0.3696516700363255,2.097640734361479e-05
2023-11-29,0.37364860259143695,0.3858969749724374,0.00019186527837826312,0.3759863846140361,3.4720308085022655e-05
2023-11-30,0.4145391628166575,0.4171367376493063,0.00012336582065213366,0.414980347137055,3.400338460186841e-05
2023-12-01,0.42305096458545466,0.42162200394773836,6.39831795623517e-05,0.4225298623172414,2.6529537216963426e-05
2023-12-02,0.40313558760113805,0.388642112739386,3.266484432953622e-05,0.3937689560450605,1.7445436604558947e-05
2023-12-03,0.3891049722239387,0.37604641960608576,3.103690473218365e-05,0.38046449077229694,2.071418813856429e-05
2023-12-04,0.3869454346379207,0.38179094078516324,8.10082938889729e-05,0.38434229520930363,3.729247617198712e-05
2023-12-05,0.38944343397882625,0.37663733937663657,3.583218707909144e-05,0.3821596151405901,1.828404624542436e-05
2023-12-06,0.3791919777705093,0.37078612002510153,2.704048216918246e-05,0.3733854938349822,1.8562491581754577e-05
2023-12-07,0.3841546456485354,0.4113233424395844,0.00024611516454318776,0.38822510691568596,3.694387132525916e-05
2023-12-08,0.41681609784928975,0.4052669575009486,0.00021407526057268698,0.41372988560582263,4.003705145164679e-05
2023-12-09,0.4029830886503539,0.3916553066682285,4.953902668553913e-05,0.3976172645941846,2.9581218992791976e-05
2023-12-10,0.4005291583046943,0.3919898432883887,7.56551551276704e-05,0.3968220936264615,3.581787309834518e-05
2023-12-11,0.40586012257915993,0.3866174194617597,5.229524615177192e-05,0.395421867434772,2.387764115910932e-05
2023-12-12,0.4030161233133035,0.40895361474828845,0.00021065366377322076,0.40478277937341495,4.608739271899558e-05
2023-12-13,0.42064057982204806,0.4202810205891537,6.930029477594933e-05,0.42058884227709314,2.080009380032715e-05
2023-12-14,0.4106975592491849,0.3953486641045945,3.395620129001656e-05,0.40102285954794875,1.706752964856235e-05
2023-12-15,0.4030089364657787,0.38621413247539693,4.8719692142982826e-05,0.3942854530845294,2.2030383357483772e-05
2023-12-16,0.39384589155948013,0.3767708789379434,3.3566084094804664e-05,0.3830554201632481,1.9204731973392283e-05
2023-12-17,0.3878086554300968,0.3708222890076644,2.95109489149428e-05,0.3772005043454501,2.068964158392299e-05
2023-12-18,0.38348385487852593,0.36730219742449954,3.739482805472528e-05,0.37377011361179685,2.0117243757672952e-05
2023-12-19,0.3812453574158723,0.36871534524841754,2.6926644538824733e-05,0.37293060174961373,1.832317892687042e-05
2023-12-20,0.39381595410044634,0.38089154193910024,8.08595809413563e-05,0.38871317586394716,2.7430219064953643e-05
2023-12-21,0.38560179585466126,0.3766338378271741,3.621455397585565e-05,0.3802137368373318,1.8960242069189185e-05
2023-12-22,0.3879317119214602,0.3775891543163828,4.040810926838861e-05,0.3826096802657078,2.6212311090869e-05
2023-12-23,0.3839545685722731,0.37326736541728195,2.6693701270098354e-05,0.37664103531264914,1.7304396474432338e-05
2023-12-24,0.3793684048979777,0.36853405934468614,2.4686975874835466e-05,0.3719663367070221,1.36392243353776e-05
2023-12-25,0.37570589021654743,0.36544877983676555,2.8476772658648403e-05,0.36885158863502454,1.66891711519887e-05
2023-12-26,0.37210104678798805,0.36376364499205843,3.208595108383988e-05,0.36720456021439213,1.7795022425317088e-05
2023-12-27,0.3691339782576623,0.3611680402867063,2.591645390465194e-05,0.3636452303397866,1.7117717992992872e-05
2023-12-28,0.36693177121516,0.3599429092569612,3.421691641821254e-05,0.36276799761710943,2.2986716296276213e-05
2023-12-29,0.36604121225986735,0.36136137581565786,3.2436681541443154e-05,0.36313980697094533,2.0129794985865464e-05
2023-12-30,0.3658694142990926,0.35955837658742235,3.0020389740361563e-05,0.36193769865812797,1.9859282618839387e-05
2023-12-31,0.3789480300897842,0.3757461047784765,0.00010267364752781999,0.37884750691557095,3.456752202659177e-05
2024-01-01,0.3761053172272254,0.3698453288501486,4.193466027706671e-05,0.37302717716262523,2.4886644191434966e-05
2024-01-02,0.3710450197682625,0.3691729765539114,3.9799952986666925e-05,0.3697703616213841,2.2675494046871514e-05
2024-01-03,0.37344984227432454,0.3648321434141104,2.2684066482568157e-05,0.3676909558973046,1.5059628266297432e-05
2024-01-04,0.3679625114914665,0.36183782567728245,3.053998004563496e-05,0.3638574922512117,1.868378773026364e-05
2024-01-05,0.38479480754045525,0.382239372417792,0.00013353839669905782,0.38376676651054953,3.086700228044946e-05
2024-01-06,0.38770434769578677,0.3781135190637641,5.006224809164713e-05,0.3833096668698252,2.424776402912322e-05
2024-01-07,0.379276696292124,0.3715099715302543,3.408995938155912e-05,0.37439839503015293,2.126483667622108e-05
2024-01-08,0.37552853875083364,0.36790312922512636,3.10953330021156e-05,0.3706982880410978,2.043450616005139e-05
2024-01-09,0.3708408802141287,0.36478323427704784,3.056575402644458e-05,0.36744957456083394,1.8706764396888777e-05
2024-01-10,0.3730190141635082,0.37087429292900326,4.495184858078518e-05,0.3719254696282965,2.5107954071759362e-05
2024-01-11,0.3755233504242254,0.36853467939594176,3.2071537093154706e-05,0.37148651937666377,2.2723853175792024e-05
2024-01-12,0.37015059322723703,0.3652032026163283,3.340276758012441e-05,0.36689548520800214,1.7212756491296574e-05
2024-01-13,0.3659526651698163,0.3623779275599709,2.8583583071234866e-05,0.3634149899213028,1.7652407547984844e-05
2024-01-14,0.36937557053495934,0.37031514851473446,7.144491042518423e-05,0.3702997485685488,3.624423895996991e-05
2024-01-15,0.395680857951519,0.39241316722064945,0.0001981317762841959,0.3950221678479879,4.3011279562409875e-05
2024-01-16,0.39912529738480146,0.38490786668902865,7.160453851317307e-05,0.3925397227196417,3.578327501668039e-05
2024-01-17,0.3906294042467371,0.37538126438062447,3.688743272068368e-05,0.3814986828887589,2.228412613879325e-05
2024-01-18,0.3878692356058874,0.3787652927007339,7.295751516837477e-05,0.38360825094977125,2.7563975892208837e-05
2024-01-19,0.3846655478670085,0.3697266513085251,3.593836848308325e-05,0.37530916171205514,2.060289770170729e-05
2024-01-20,0.3760674033328931,0.3658747198175357,3.056933804847933e-05,0.369874134618395,2.074267878752352e-05
2024-01-21,0.3719513765892735,0.36333689776244876,2.9230883299224968e-05,0.3666977017532861,1.4478449990354589e-05
2024-01-22,0.37133817838619576,0.36448763485830205,3.499174118222954e-05,0.3673816739808259,2.526827602621013e-05
2024-01-23,0.36983098525803954,0.36081944630305424,2.508679615215323e-05,0.3639465852651306,1.6113463817668913e-05
2024-01-24,0.3658650991466621,0.3587213242211353,3.396283643479254e-05,0.3615768734172621,2.357780290481656e-05
2024-01-25,0.3624382050451692,0.3576209766127986,3.808105530934383e-05,0.3596554634091918,2.0635343325252706e-05
2024-01-26,0.3602098620824735,0.35809877944527024,4.200536297584495e-05,0.35874520549556554,2.672480634201362e-05
2024-01-27,0.3577507735217015,0.35607221789852483,2.702009742264948e-05,0.35670717612819947,1.7543508838133217e-05
2024-01-28,0.35472003245356165,0.3533756251229889,5.271858840028258e-05,0.3542530045757924,2.9441076291992067e-05
2024-01-29,0.351495735507853,0.35171016612222034,4.042737261922923e-05,0.35145623209384874,2.3310016090759485e-05
2024-01-30,0.3487561404551491,0.34899537893562554,5.604610913026637e-05,0.3484793445348404,3.103818088944293e-05
2024-01-31,0.3465256459501339,0.3448113594297832,5.102834801212924e-05,0.3460349365027301,2.750827010206687e-05
2024-02-01,0.34639075869686053,0.3475684495973275,4.6315566679009144e-05,0.3471579338797523,2.578972132575787e-05
2024-02-02,0.34696415493906857,0.34494133209892747,5.711672975779997e-05,0.34658373824251726,2.347673732827968e-05
2024-02-03,0.3452980920132368,0.3455828373620189,3.1874027635717764e-05,0.34505276780990124,1.767646461116929e-05
2024-02-04,0.34344706427589095,0.34438752736228645,3.4415102832822954e-05,0.3443675316526727,1.878678649202701e-05
2024-02-05,0.3418533612317631,0.3429297117725136,4.0454460623860055e-05,0.34245903793774296,1.8969821867104223e-05
2024-02-06,0.3404659491001496,0.34152930502861134,4.578538211393396e-05,0.3414165854859369,2.6619790000851564e-05
2024-02-07,0.3382788098043633,0.3405853541164117,4.432462486959364e-05,0.3398279175171151,1.9983314227003086e-05
2024-02-08,0.3390025734578969,0.3416991852106805,4.7657087104076984e-05,0.3400826110103825,2.616125018353254e-05
2024-02-09,0.3705507992560545,0.37710960649103525,0.00028165557885964675,0.37124761507114035,5.167832529584786e-05
2024-02-10,0.3996708960685625,0.4088776491271113,0.0001854720669820005,0.40131947828861103,3.689703513365268e-05
2024-02-11,0.40118795245153116,0.3928342428619393,7.637257676984616e-05,0.39787533625885163,2.9612687540473363e-05
2024-02-12,0.4033517059939114,0.40215146718894634,0.00016471182491364624,0.4024348764906131,4.274249532952137e-05
2024-02-13,0.39142048530155915,0.37522879644131657,3.6817597705352805e-05,0.38198182623712135,2.132863603047352e-05
2024-02-14,0.38048870108214466,0.3650439022593991,4.5217009318489276e-05,0.37245342219545435,2.7134133869366802e-05
2024-02-15,0.37486883194660303,0.37426040153241025,8.131690610777852e-05,0.37436836293924236,2.882893673793336e-05
2024-02-16,0.40697523284064047,0.4008038168546479,0.00023162331904917968,0.4056189333582123,5.011516685443365e-05
2024-02-17,0.3903006747487693,0.3784380129043825,4.164329908777916e-05,0.38379233963229775,2.328607464163867e-05
2024-02-18,0.38045883236923733,0.36610177679823414,3.5514302170340154e-05,0.3714339711931607,2.6359001973733486e-05
2024-02-19,0.3796921978996932,0.36813850819651345,4.223332217327279e-05,0.3728925381607622,2.492820831813429e-05
2024-02-20,0.37276790789548375,0.36299063884942256,3.072776224858052e-05,0.3662834086463307,1.7225343526378444e-05
2024-02-21,0.36739346358373043,0.35826275067267477,3.719668389131548e-05,0.3614294368186073,2.0748671596135443e-05
2024-02-22,0.3706771151341248,0.37114144009882444,0.0001005586892212216,0.3711491462145149,3.253672983899863e-05
2024-02-23,0.3782918855925677,0.3719049072767769,7.436987604047022e-05,0.3754794443934288,2.954463297479898e-05
2024-02-24,0.37435509209152384,0.37086033160567494,5.0277241057617125e-05,0.3726080694335107,3.0284937911092955e-05
2024-02-25,0.40236175684232517,0.4155858892175634,0.00013148900839814884,0.40631045630885493,3.634180359182053e-05
2024-02-26,0.40638773717638405,0.3991434266448603,0.00012458100844169753,0.404268934233734,3.6342639429627024e-05
2024-02-27,0.4054691919929335,0.3986585535453011,0.00013815402055270576,0.4034669656821499,4.066585215778122e-05
2024-02-28,0.38978249047695,0.37592113283593176,3.121378542907848e-05,0.38122927499129966,1.9533482337535995e-05
2024-02-29,0.3866841252933439,0.3838223508899132,0.00011762770891092331,0.3853295616255158,4.256410152777032e-05
2024-03-01,0.3932518305412533,0.3758446036202973,7.387333548066753e-05,0.3857858077745873,2.7708982380804965e-05
2024-03-02,0.3985074092143033,0.40675326379498755,0.00018524125411304267,0.4006663652163588,5.158761047120401e-05
2024-03-03,0.4073706069650446,0.39956231594617586,0.00012784324588763655,0.40558814592879777,2.918317013669456e-05
2024-03-04,0.3990770922921651,0.39158738123266773,8.386605845427964e-05,0.39672912869581706,3.770533207508318e-05
2024-03-05,0.39792130211853305,0.38640744888612766,7.143810057128664e-05,0.39362998746915406,3.991014276391513e-05
2024-03-06,0.3967094270375234,0.3802952307669761,5.971741553473246e-05,0.3893413250902762,2.1989458111639578e-05
2024-03-07,0.3830230553543566,0.3681665977491073,3.967622719177052e-05,0.37467583332445964,2.3474907265694087e-05
2024-03-08,0.3968986719087999,0.40634268384708894,0.00022475797041941392,0.39831875561933444,4.4865845324584316e-05
2024-03-09,0.3999548745514703,0.3851497331114011,6.942317936753122e-05,0.3939731477611058,2.7555637278031374e-05
2024-03-10,0.39735036417457037,0.3905589308530174,0.00011425108468034465,0.39562506508757506,4.2357487046050566e-05
2024-03-11,0.40655873094506506,0.4034117478306067,0.00015899971820710617,0.4055564354010274,3.844439730865751e-05
2024-03-12,0.39638101675805304,0.3798287780074256,3.907379878214393e-05,0.3864974626993428,2.4838195511795618e-05
2024-03-13,0.3852207693412569,0.3665399935418543,3.5039350031628676e-05,0.3740066089649462,2.315869632105932e-05
2024-03-14,0.3761926299576369,0.3596143565236234,3.2720290869770325e-05,0.36572900627742017,2.0971096382226794e-05
2024-03-15,0.3782305618444032,0.37022322509777766,7.703766531655837e-05,0.3755979396143187,2.8444132957160832e-05
2024-03-16,0.37756102711702944,0.361683041721481,4.298473099055406e-05,0.369038672204727,2.0020692495640998e-05
2024-03-17,0.3668888983178047,0.35677153110168647,3.307722775863052e-05,0.36041975428516343,2.1838592437641852e-05
2024-03-18,0.36767284400377886,0.360172088676658,4.0046556617569916e-05,0.36347202067304,1.994782043413182e-05
2024-03-19,0.35996164224132626,0.3540389420989415,3.6525718754752046e-05,0.35655126678949245,2.083600779113807e-05
2024-03-20,0.35154289958244817,0.3498018710853447,3.9965284155929514e-05,0.3506287164207604,2.3801656590613237e-05
2024-03-21,0.3461013016510549,0.3434688955188198,6.006696044662105e-05,0.34474389358336965,2.870679929021239e-05
2024-03-22,0.3408610462677849,0.334437285194884,6.23912714955095e-05,0.33838658923701787,2.5979247235253788e-05
2024-03-23,0.33820763850132624,0.3405990514386554,5.121754503213483e-05,0.3395966474401399,2.7388607786861316e-05
2024-03-24,0.3347021976842667,0.3404215293993568,5.986796014155794e-05,0.33723808660606464,2.5020126328390664e-05
2024-03-25,0.33917804804708684,0.36561093988288174,0.00019490202083211292,0.34490216455757206,4.290248181600438e-05
2024-03-26,0.4041271531994137,0.4086525106451884,0.0002088392494503966,0.4059770576236373,3.346973925720351e-05
2024-03-27,0.38720517627435197,0.375019559362895,2.9180131611389544e-05,0.37934671390630476,1.8697896917185637e-05
2024-03-28,0.3770507436099956,0.36196247060838993,3.231734772397327e-05,0.3679016411279899,2.3554227777421445e-05
2024-03-29,0.3949601671171969,0.40614864049867655,0.0001920153945804519,0.3975992204911903,3.602415968648926e-05
2024-03-30,0.3977012378975338,0.37401129090364615,4.256395793649848e-05,0.3843707792160734,2.094145350030296e-05
2024-03-31,0.40325036153643556,0.40855158112056933,0.00015919792833446,0.4038946187390633,3.3621565331011234e-05
2024-04-01,0.39453028519738914,0.37318829081680155,4.394638970946778e-05,0.38220331550932407,2.3443510603385852e-05
2024-04-02,0.3802955155184728,0.3624475731692797,4.4656889632779276e-05,0.37085391706133075,2.3146774364800172e-05
2024-04-03,0.37239263560764696,0.35731200762578036,4.1931735265612374e-05,0.36398518185675555,1.9264491006621894e-05
2024-04-04,0.3620842968499969,0.34967576214448115,4.6920930343795286e-05,0.3558200834170482,2.304022807588147e-05
2024-04-05,0.35150431187554354,0.34397057396503977,5.024963571527719e-05,0.34786953364675577,2.6218596922201723e-05
2024-04-06,0.3408221191916545,0.3357598911221962,6.211274039568574e-05,0.338438768093353,2.437597036387861e-05
2024-04-07,0.3353426458462954,0.33367218191168,5.5446609923268925e-05,0.33488742238408603,2.1726242213066913e-05
2024-04-08,0.35714766154121147,0.39134644343164493,0.00032929156989795695,0.3618827054423538,5.293589090497528e-05
2024-04-09,0.3953678123159934,0.3867925573337038,0.0002746962599908515,0.39368147336330334,4.5475360959006765e-05
2024-04-10,0.38348940735133374,0.37166683792136385,4.742727898411069e-05,0.3774278979162719,2.241192499509136e-05
2024-04-11,0.37015532715868876,0.3558712321736383,4.0399995762277034e-05,0.361741503327149,2.102231088577498e-05
2024-04-12,0.35887749372425726,0.3450228828720035,3.724236118942124e-05,0.35075181790354376,2.2702949880724753e-05
2024-04-13,0.34853849573462853,0.3336346306397118,8.345533948412094e-05,0.3434625631957296,2.9317562110461226e-05
2024-04-14,0.3390437793207401,0.32763145469811156,5.8024585931091805e-05,0.3332267846960722,3.340162902913871e-05
2024-04-15,0.3342841801212287,0.329299343278893,5.467026377799492e-05,0.3315203727022217,3.117674396149331e-05
2024-04-16,0.33531679360502153,0.3388720594135567,7.378391938743556e-05,0.3373875696176986,3.2248278187508836e-05
2024-04-17,0.33263415884030956,0.33687152303289536,5.9750572319501594e-05,0.3348547268197967,2.537788591325992e-05
2024-04-18,0.327485786673325,0.33137293065965556,4.781502986053544e-05,0.3294003709887881,2.3318971618231444e-05
2024-04-19,0.3192079480273528,0.3173318902643225,6.767570643871631e-05,0.31893838926977347,2.7698380213126518e-05
2024-04-20,0.30950153264450236,0.30949445802963116,5.2616268054134566e-05,0.30982257333282165,3.073407297301529e-05
2024-04-21,0.30051768411674895,0.3018703284979608,7.52179787123265e-05,0.3014046466460006,3.334984591037428e-05
2024-04-22,0.29344246077124814,0.2954374810812499,6.799703829209013e-05,0.2940651163910974,2.6817233170430393e-05
2024-04-23,0.29002190723115906,0.29084081192831723,6.363419289919984e-05,0.2900229478546116,2.5615474413763046e-05
2024-04-24,0.2924782678412662,0.3008269750831025,0.00013486873451264077,0.29541468234238805,3.814645809489565e-05
2024-04-25,0.3076118996552619,0.3177634735415154,0.0002587191528415727,0.3095083194447898,4.3215477569300355e-05
2024-04-26,0.330759385959173,0.32375812350195643,0.00019233145550782806,0.329586001310031,3.679741161484298e-05
2024-04-27,0.3487574870959485,0.38156259106310064,0.000371365112070096,0.3533585245061748,4.1732557827128476e-05
2024-04-28,0.3558309074836075,0.3406672981934928,6.715022633135153e-05,0.34928147549657235,3.544121484241987e-05
2024-04-29,0.35700257056535006,0.36778858099441636,0.00019994789317809893,0.3590763395463485,3.8795833750962974e-05
2024-04-30,0.37557107265286654,0.35464379990511774,5.0357288545286866e-05,0.3652488150851504,2.397844813494063e-05
2024-05-01,0.3766035832754398,0.38221517269333627,0.00022931383332677364,0.3777534081454062,3.6353554364596785e-05
2024-05-02,0.38372934297305694,0.36660631642339164,6.912104478828349e-05,0.37562151509063846,3.816751906554783e-05
2024-05-03,0.36563718658741623,0.35148955661470876,4.8971895112120834e-05,0.35847044373917375,2.0452835472892542e-05
2024-05-04,0.3704487672578404,0.36774950915947663,0.00015871217940081642,0.36968572367518204,4.4357938329423746e-05
2024-05-05,0.3881812134816128,0.4035436371122846,0.00011794825590345669,0.39343392042032316,3.9207218625326995e-05
2024-05-06,0.4059549703883911,0.38427897889118917,0.00012934498266635596,0.39999913977372414,3.053692911166171e-05
2024-05-07,0.3992682742300652,0.39723895977501555,0.00014831219689768766,0.3991722966237285,3.324626856874294e-05
2024-05-08,0.38925509756410587,0.36428558058870886,4.239790462648223e-05,0.37584868145479694,2.3885218568664184e-05
2024-05-09,0.3712275027998656,0.3491916065272682,5.76384134276777e-05,0.3600867617696326,2.942992307160685e-05
2024-05-10,0.3550418938651796,0.33750938157959304,6.428418970662306e-05,0.3468712711460873,3.099296642505476e-05
2024-05-11,0.34025246923136576,0.3279405953394885,9.903113725095338e-05,0.3362981901595208,4.4371567670053365e-05
2024-05-12,0.3724190620688955,0.36716909386327484,0.00031413885437227675,0.3717833842697032,3.762704440684147e-05
2024-05-13,0.36035294635808496,0.3747099828429273,0.00023968571231681806,0.36294159703216056,4.401892733497984e-05
2024-05-14,0.4140444365936755,0.4074949156129207,0.00015682776614882833,0.41144752694578224,4.0229931468523255e-05
2024-05-15,0.4043373482882722,0.3975989008456063,9.741645675208691e-05,0.4018189414239307,3.228397617688859e-05
2024-05-16,0.39496211766336037,0.3804643851432467,9.51965296945851e-05,0.3897725489121698,3.450001134107568e-05
2024-05-17,0.3899026100160179,0.37090715754027814,8.966307869507423e-05,0.3825636809165654,3.590015430005456e-05
2024-05-18,0.39043692133689356,0.3689051903464485,7.161575250203968e-05,0.38088886401050515,3.472236973132317e-05
2024-05-19,0.3844292058394634,0.3769831857396115,0.0001588493305725228,0.38222604943744803,3.772122277097639e-05
2024-05-20,0.4048286326742693,0.39453833169371855,0.00020834275939888368,0.4026893703695691,4.6470913742446535e-05
2024-05-21,0.3884659574515573,0.37626753839050925,6.299169661720563e-05,0.382413537990646,2.8932241348092533e-05
2024-05-22,0.37831459366667897,0.36888715235655256,6.001307140846358e-05,0.3742210037659824,2.5267405385901595e-05
2024-05-23,0.37804398522474264,0.3643898762079526,5.6552424211505634e-05,0.37146252646988337,3.198305020899348e-05
2024-05-24,0.36610140844606126,0.35014758520040934,4.940419818135125e-05,0.35768565360144144,2.6313112125141298e-05
2024-05-25,0.3524621386454584,0.33748917682709895,5.934310949595015e-05,0.3455117132326634,3.1332680486221826e-05
2024-05-26,0.34226038549868665,0.3352142016513719,8.181201472171068e-05,0.3389592047121093,3.173594041354645e-05
2024-05-27,0.33674634490853267,0.3311744004790518,5.716261146106414e-05,0.33407843475996424,3.22082507881827e-05
2024-05-28,0.3283351285229874,0.3192802720718054,8.832455074766701e-05,0.3250241751941033,3.1683594518379325e-05
2024-05-29,0.31724292596383996,0.310485758919848,6.799071712898833e-05,0.3140025603500666,3.076250195399057e-05
2024-05-30,0.32017730067649325,0.3204550564634732,0.00010844981440390886,0.3205842047796336,4.1062389242947947e-05
2024-05-31,0.31795562420606577,0.3131560432875139,8.993984954892906e-05,0.3162242392416033,3.86587204906732e-05
2024-06-01,0.31209514244821135,0.31558825976910065,0.00011065799508217854,0.31339778542838664,3.809144268115282e-05
2024-06-02,0.31057563842031227,0.3083001127999732,8.277239044749378e-05,0.30938973055997254,3.2415022718595424e-05
2024-06-03,0.306496214414167,0.29785604271412774,5.9769004621610376e-05,0.30202596010911426,2.600812410830242e-05
2024-06-04,0.2971781048378577,0.2844193132629348,5.6552987226896264e-05,0.29058633025596853,2.870869871112888e-05
2024-06-05,0.2840521427981033,0.27361098488153235,8.400557893020393e-05,0.279726273797708,2.7039677451040415e-05
2024-06-06,0.2709488031465317,0.2652760290594803,7.18020646480537e-05,0.2689626703389855,3.449168760334843e-05
2024-06-07,0.26034571450004024,0.25714091002829187,9.494966070149184e-05,0.25890838763642077,2.9564333858109863e-05
2024-06-08,0.2758831531123876,0.3304558679760208,0.0008733076538796689,0.2790765511186067,4.476472646246294e-05
2024-06-09,0.3991151274796299,0.3984044745155031,0.00043081027813489554,0.39890502125845495,4.523609420746924e-05
2024-06-10,0.3758050863791843,0.36257071876447555,5.079446395290186e-05,0.36876116074987075,2.3342193270847325e-05
2024-06-11,0.36383156964233865,0.35711498297995775,6.456673771822814e-05,0.3612815322612091,2.936178651452044e-05
2024-06-12,0.3549685546422121,0.343657664107337,5.1803738627345754e-05,0.34911468838963006,2.5278831684934833e-05
2024-06-13,0.33701714191275645,0.3266904929790615,8.347814593294969e-05,0.33281031467116895,3.372864882085816e-05
2024-06-14,0.33461077834356023,0.35721551050995864,0.0002613322002627317,0.3376885072371256,4.727237491450129e-05
2024-06-15,0.3603530035384081,0.32707093654562397,8.007502850222193e-05,0.34687021943988017,3.5420518789519613e-05
2024-06-16,0.3376288529519465,0.32404170304197794,8.332641286324527e-05,0.33273636970789705,2.81251304630872e-05
2024-06-17,0.321907992427172,0.31295836671287824,9.760806995691995e-05,0.3182192635782141,3.3825344400116914e-05
2024-06-18,0.3088967029106813,0.31989424773631936,0.00016625489324648796,0.3116817563272764,3.969345409921403e-05
2024-06-19,0.37912361609991607,0.37263034745252754,0.0005102523419832492,0.378579796400582,4.5403663400151286e-05
2024-06-20,0.4006190246312247,0.40783980841895734,8.21181521176181e-05,0.4034147854883614,3.075615030784221e-05
2024-06-21,0.39667502580786806,0.3830013736740773,0.00011320558930528293,0.39343176532600005,3.617281273410064e-05
2024-06-22,0.38127036420476174,0.36804987066017,4.185577590422611e-05,0.37430686513428424,2.296015894372181e-05
2024-06-23,0.3739959208241636,0.3571950955096165,4.3099501439162086e-05,0.3648382192844336,2.5121510566882337e-05
2024-06-24,0.3604749883089024,0.34092315452591165,5.8126251983235376e-05,0.35009581392874395,2.713658842344084e-05
2024-06-25,0.3453077561115713,0.3272604908991755,8.888071602097044e-05,0.3376491262235398,4.242324013815491e-05
2024-06-26,0.32924166449447345,0.31580780640858674,0.00011485810162258925,0.3244889768850156,3.5227570987985585e-05
2024-06-27,0.31886705758159656,0.3232811950604437,0.0001447271774923785,0.3204845412385642,5.013995003496989e-05
2024-06-28,0.3279655479488443,0.31999465937549415,0.0001740387431385298,0.3260022469428825,3.997103376635166e-05
2024-06-29,0.3801600413599786,0.4051884926199032,0.00015493734821261346,0.3866192489558616,3.439769064901089e-05
2024-06-30,0.3802729198035486,0.35942362581197246,5.277025868769527e-05,0.3701001694040731,2.3092121496876675e-05
2024-07-01,0.3693018180746882,0.36032915233275375,5.2359501946216936e-05,0.364598392710108,2.443866647650688e-05
2024-07-02,0.35983867032850947,0.3519350295266788,3.6350044129962437e-05,0.35500189097904056,2.1060134378118118e-05
2024-07-03,0.3486459107965505,0.3424678104787761,6.065287506791148e-05,0.345368390701023,2.3705180858561818e-05
2024-07-04,0.3381992493397463,0.33595368635634293,6.531038829650852e-05,0.33726485793996697,2.8098142675613546e-05
2024-07-05,0.3300637026091392,0.34072559330029045,0.0001220540512119208,0.3339115348319923,4.028751482608494e-05
2024-07-06,0.37473965335595955,0.3688495356839787,0.00038532404026508433,0.37460844520943776,5.351221629904538e-05
2024-07-07,0.3576156607449418,0.3494282511090123,4.8545555580134135e-05,0.3538490312697601,2.180053222959553e-05
2024-07-08,0.3355329438463179,0.32807765040062575,8.595118414296656e-05,0.33263944255952127,3.360388705461308e-05
2024-07-09,0.3283787091418204,0.3641982649518591,0.0003579475565586321,0.3330576319758841,4.287275234822482e-05
2024-07-10,0.36424589696623777,0.3249497298612403,9.70415144492861e-05,0.35076614920667437,3.3543657181198336e-05
2024-07-11,0.3447235443048109,0.35387252500884875,0.00015278811603607425,0.34765060324673797,4.217502900573598e-05
2024-07-12,0.35060744814791045,0.3384932639238785,9.497487315623029e-05,0.3462025118894872,3.095684693446357e-05
2024-07-13,0.3310027112745117,0.3283821211321296,8.022157253257131e-05,0.33061704678440074,2.696342375060175e-05
2024-07-14,0.31347502149338174,0.309434663797282,9.463904171872639e-05,0.3115257071945345,3.2252502319620546e-05
2024-07-15,0.3016305274961356,0.30357791690805674,8.561822612382811e-05,0.3021873243453075,3.768643758582364e-05
2024-07-16,0.29503674530131646,0.2918105536204306,7.842348444825491e-05,0.2934447435389618,3.316411906617777e-05
2024-07-17,0.2853229182458115,0.27784735846120023,9.111176266374085e-05,0.2814323060283283,3.481266764411006e-05
2024-07-18,0.27218655008392867,0.25835586304647107,0.00011501914447776382,0.2673319421482019,3.294288408890126e-05
2024-07-19,0.25909416987052114,0.2527380803184149,8.856430530211356e-05,0.2569473712341816,2.8254024464996036e-05
2024-07-20,0.24867469869239917,0.2620138445930387,0.00017612138160964314,0.2524638914979544,3.2795471181350176e-05
2024-07-21,0.35042420504567456,0.34930161252731856,0.0010905134805629625,0.35016102466155485,4.692446870489775e-05
2024-07-22,0.31818732096109065,0.33242685060237426,6.469313968503249e-05,0.32429906023012334,3.0395865194148326e-05
2024-07-23,0.29483455545657294,0.3034390534336757,9.152463557025171e-05,0.2979334585193642,3.439259468761496e-05
2024-07-24,0.27650881493817075,0.28018671078730256,7.905113966125752e-05,0.2781104399964411,2.989386495467899e-05
2024-07-25,0.26149068998605984,0.2608875707174313,7.338081981982618e-05,0.26181088731303176,3.1390667969343286e-05
2024-07-26,0.24825132696601926,0.24595970113055937,8.912385543688805e-05,0.2469693441918131,3.035263881354472e-05
2024-07-27,0.23677102565228916,0.23336990207373787,6.78399043368084e-05,0.23549357098574064,2.8108972358327498e-05
2024-07-28,0.2267134728606626,0.2201107235938777,7.662674153097271e-05,0.22378161083935116,2.6120397760306653e-05
2024-07-29,0.21509280445679826,0.21058627938339738,6.476553227845962e-05,0.2130454303017517,3.0219446594716117e-05
2024-07-30,0.20567166272567833,0.2042850713073717,7.859986316899696e-05,0.2053379270725855,3.0091727065434487e-05
2024-07-31,0.19864876127112213,0.1980979088404001,7.070398459446847e-05,0.19855853674501797,2.9294745111301795e-05
2024-08-01,0.19085925233866569,0.19485269672498057,5.473064132374772e-05,0.19337381812105797,2.5395604536480656e-05
2024-08-02,0.18490249232481934,0.19193553448759723,5.427936230560391e-05,0.1885634178722139,3.0167215888338254e-05
2024-08-03,0.17984689864945452,0.1865005415530987,4.755575884568473e-05,0.18367655673974193,2.427842925448264e-05
2024-08-04,0.17518701449000887,0.1810636855458391,4.551801008757702e-05,0.17886633807201535,2.2682253256950747e-05
2024-08-05,0.17059408060684667,0.1753772482121341,4.828364910347848e-05,0.17240615793407776,2.5459225747009168e-05
2024-08-06,0.16640866053707484,0.17117298581813695,4.90623489258428e-05,0.16935133366222768,2.7015097572773728e-05
2024-08-07,0.16532073424378896,0.17347279800952792,5.1193259964988476e-05,0.1696531086038145,2.815687934397694e-05
2024-08-08,0.16306199027064766,0.1696641213678889,5.1132859452736685e-05,0.1669190487969145,2.4605618305529405e-05
2024-08-09,0.15990785740898494,0.16636013419439344,4.874585434150568e-05,0.16309544815716082,2.357900443942647e-05
2024-08-10,0.1569436864703024,0.1615440445265908,3.792251713049407e-05,0.15956849381929544,2.08542902114996e-05
2024-08-11,0.15418431086595347,0.16034021795447864,3.637232814294267e-05,0.15684671328622485,1.8345469867359086e-05
2024-08-12,0.1519290587376279,0.15975551016123476,3.501157316986155e-05,0.15692019644793997,2.2377089980586302e-05
2024-08-13,0.1530996510532191,0.165095712497452,4.5042622760490556e-05,0.15947344809128036,2.668690814745294e-05
2024-08-14,0.32083565271041103,0.3404397773641928,0.0030363048550127885,0.3203142339549413,5.4809694195441904e-05
2024-08-15,0.33869285710020125,0.30020355381479985,8.214072368837413e-05,0.3241507403291815,3.2350890469043154e-05
2024-08-16,0.3017895630702079,0.30187586225116264,7.72148145871875e-05,0.3012866006531546,3.0777444428446905e-05
2024-08-17,0.28051067788984385,0.29098095095042653,0.0001083489388152448,0.28360034061401235,3.701516508131119e-05
2024-08-18,0.2718515847192254,0.2708335601284135,7.94263089608205e-05,0.2711728975529272,3.793205387983506e-05
2024-08-19,0.25374446144047413,0.2528659836976617,5.2187398614879684e-05,0.25314304810021293,2.480765119726234e-05
2024-08-20,0.2386642983288907,0.23432587941506863,6.999494940059389e-05,0.2366454609875833,3.4110710656833304e-05
2024-08-21,0.22538534355601242,0.22555222196119395,7.740035096132441e-05,0.22583253903855524,3.1234031533356715e-05
2024-08-22,0.21348328085317647,0.21007747246372335,7.003585905850583e-05,0.2119589315935034,3.181160470146267e-05
2024-08-23,0.20295851430668624,0.20183132081980923,5.71029826085379e-05,0.2018851441408766,2.8915102464391823e-05
2024-08-24,0.20040942464474104,0.2132238116445543,0.00015703953628071356,0.20254244610078584,4.5576345570375685e-05
2024-08-25,0.21238160771163364,0.19843044028618753,6.517553783818421e-05,0.20551596117310506,2.8710711833449398e-05
2024-08-26,0.20262153612770856,0.19665346392570499,5.116692857910288e-05,0.19930818634079664,2.718121381648085e-05
2024-08-27,0.19295839009319585,0.1881292043279727,6.0749221411257056e-05,0.19104545544540877,3.361832976731038e-05
2024-08-28,0.18466428085177833,0.1833012190814252,5.981265289582031e-05,0.1842612440412145,2.4475821724543555e-05
2024-08-29,0.17927240715966875,0.18015191618820484,4.38366049931652e-05,0.17903499521031196,2.5357648904312955e-05
2024-08-30,0.21066125361760385,0.2029745187691712,0.0003366210432833065,0.20988625181959372,5.289815546316887e-05
2024-08-31,0.20712284413370452,0.20730925665969915,6.816590098649464e-05,0.20738622669057752,2.965566941206452e-05
2024-09-01,0.3016272645945176,0.29868494524800204,0.0018260684071448935,0.30180528931537187,4.8041518692158536e-05
2024-09-02,0.30530897407955215,0.28143935059671193,6.970065462361146e-05,0.2953361252403152,3.0101493514226872e-05
2024-09-03,0.35683730640541095,0.3638608483536382,0.0005165447257156941,0.35715435614541813,4.3354138500951754e-05
2024-09-04,0.3457698286797579,0.3529176127183304,0.00010116342655199351,0.34738869870797645,4.2328814238484686e-05
2024-09-05,0.3203039454335085,0.3305560896204198,6.995809792278194e-05,0.3245821597670324,2.6324262835664716e-05
2024-09-06,0.3378058051687872,0.37794591031394814,0.00041405471503971165,0.34146953840570426,4.033528461698506e-05
2024-09-07,0.3860903051436063,0.3634088445011402,0.0002653746749769481,0.38176612909370555,4.132746549183486e-05
2024-09-08,0.36320220250601354,0.36828403176425256,0.00011155724156983152,0.36494887399919657,4.214662877121425e-05
2024-09-09,0.35979368396656886,0.35086690779581675,6.733521339524034e-05,0.3562584607212749,2.764600606135491e-05
2024-09-10,0.3439239810502712,0.3396898322774916,4.119158666611417e-05,0.3416581643885514,1.9544865646903572e-05
2024-09-11,0.34393551611404327,0.36375656275795515,0.00029848311119931337,0.3471419535107032,4.42141875920856e-05
2024-09-12,0.36755480298262977,0.3318779521561296,5.6641056918673485e-05,0.35020916079664927,2.8749440729885247e-05
2024-09-13,0.3405984979222561,0.3330709628654142,4.727484797491891e-05,0.33638415918597436,2.4426684233668896e-05
2024-09-14,0.3229603121115153,0.31859715647273,6.56225195290932e-05,0.3207916885287876,3.111522757218091e-05
2024-09-15,0.3092851147533956,0.3033161502766289,6.956495125296395e-05,0.3068342818001156,2.817604914463321e-05
2024-09-16,0.2982474034427688,0.29001800318603893,6.855967798560777e-05,0.2943388411317025,3.0398247289537266e-05
2024-09-17,0.2902859755309388,0.2827993790415585,6.307708898776737e-05,0.28636498369286045,3.191404381295182e-05
2024-09-18,0.28391252215175444,0.2714810125305441,7.007634975026538e-05,0.27787984833192236,3.1639699110085415e-05
2024-09-19,0.2747688761934714,0.26376517093375373,6.489268503216358e-05,0.27001175089166646,3.468762490168118e-05
2024-09-20,0.26709197579188626,0.2612703546917397,7.250176560422863e-05,0.26503738862598797,3.0713965755763164e-05
2024-09-21,0.262531906411709,0.26052686342142023,8.178907240159858e-05,0.2617606409027949,3.6009445873708465e-05
2024-09-22,0.3427191167124086,0.34334088961449055,0.0010156192596309814,0.34253497816520706,5.036893854899264e-05
2024-09-23,0.3450135147079518,0.33911493450789365,7.18887647807565e-05,0.3427717102945537,2.881220100393026e-05
2024-09-24,0.36308449599132187,0.3584410908154465,0.0002011500149221205,0.362640148166935,5.184057736284947e-05
2024-09-25,0.33588090679094346,0.34106896091224975,5.378619297258426e-05,0.33845264391169644,2.6576093240678624e-05
2024-09-26,0.3798981085527744,0.3976046886865495,0.0002902654125580209,0.38291697444676154,3.4361724568117255e-05
2024-09-27,0.3958413093912279,0.3869222637764803,0.00022411180858510416,0.3945980162439136,5.491191497026519e-05
2024-09-28,0.3847842102209915,0.3643921941282564,3.8771269460695705e-05,0.37263260853888786,2.471856448575779e-05
2024-09-29,0.36429258768541306,0.3486615691124493,3.511110141272764e-05,0.3549679882194184,2.1242451937973272e-05
2024-09-30,0.3529943406827573,0.3416941468797927,4.051035993010606e-05,0.3464072132570299,2.1477799179186425e-05
2024-10-01,0.3530054592910632,0.3479787629433296,7.816393620278685e-05,0.35107808521500067,2.933023810367035e-05
2024-10-02,0.3586474280977912,0.3531680378617312,5.762343710694655e-05,0.3564960796128064,2.747964952492387e-05
2024-10-03,0.3636778496263037,0.35244102724477927,5.292960661447107e-05,0.3577496435023615,2.4705704968141874e-05
2024-10-04,0.3507218656380521,0.3443498799513051,4.744606510822193e-05,0.3476706329565016,2.7425032863834374e-05
2024-10-05,0.341359363658629,0.3525857347578306,0.00010021479526597903,0.3448471112262335,4.341636404936875e-05
2024-10-06,0.40322687269832375,0.3981171814401545,0.00026093399294486774,0.40150252972172906,4.519862360656743e-05
2024-10-07,0.4139451002806388,0.412349651724276,5.506888831585011e-05,0.41381286873807077,2.688182254298821e-05
2024-10-08,0.40882961739630574,0.37833635907327945,5.126200014538455e-05,0.39326300099139094,2.3213625370071167e-05
2024-10-09,0.40918064206021365,0.3988671689478147,0.00020640029500330128,0.4070972116525575,3.253175294169132e-05
2024-10-10,0.4046135152591095,0.3847570270011547,7.137751243700372e-05,0.3961557299759986,3.2879716341071816e-05
2024-10-11,0.3867474583549577,0.3686054066224734,4.0945156710005956e-05,0.3762416687777298,1.863652757312232e-05
2024-10-12,0.3759189048507119,0.3615467626426197,3.359797795117546e-05,0.36692536906961026,2.0971299298810877e-05
2024-10-13,0.36611362568078337,0.3533779747172126,4.6569748415935604e-05,0.35970653855481727,3.0609164769856983e-05
2024-10-14,0.3657091888569258,0.3596548458513943,4.734074901596916e-05,0.36252446141108097,2.5131616234357854e-05
2024-10-15,0.35728303746629464,0.35445537159670676,4.124526888284219e-05,0.35557458404190634,2.3802416923037954e-05
2024-10-16,0.35568407066136865,0.3780571297628127,0.00026800366160542523,0.3605705632106707,3.776438276031405e-05
2024-10-17,0.4118424546008622,0.41014930904304825,0.00020638786822088504,0.4123363730316315,3.3324125801586225e-05
2024-10-18,0.42383956764642056,0.4190569880267369,7.242289711174003e-05,0.42124933844377416,3.100034125501012e-05
2024-10-19,0.40507687421324107,0.388553736657164,3.498844392575439e-05,0.3946630850903107,1.9586918826243594e-05
2024-10-20,0.38886645752369525,0.3703915703011785,3.261959703612152e-05,0.3777685534630732,2.1559617731764136e-05
2024-10-21,0.3768235462917234,0.3627957050408536,3.168990031179367e-05,0.3680061019628764,2.0228342495667163e-05
2024-10-22,0.36985812987323063,0.36211331430008575,3.28679023264034e-05,0.36470950218768694,2.5792573342195484e-05
2024-10-23,0.3636995213557462,0.3574565855158214,4.4575346414612686e-05,0.36003976197314613,2.3713473301482803e-05
2024-10-24,0.35677059507908554,0.35474753061581277,4.488061043677742e-05,0.355676072528155,2.3949994567292835e-05
2024-10-25,0.37624074000209873,0.40357731610848196,0.00024921898057303287,0.3806243979301886,4.239351239736914e-05
2024-10-26,0.42076797248219666,0.41368495281743184,0.00019430440202224404,0.4196200746491442,4.259228954922135e-05
2024-10-27,0.40987829719920554,0.38999051716804756,4.284585075613056e-05,0.3988136045087059,2.169605888046593e-05
2024-10-28,0.39521572668639454,0.37774381672491925,2.9678320678814614e-05,0.3836040073935441,2.0455972712894393e-05
2024-10-29,0.39052628689555696,0.3712130384995107,4.398806998452473e-05,0.37998778880783995,1.906008766548204e-05
2024-10-30,0.38093641645825804,0.3659315338059932,3.158326323865609e-05,0.37166127909366786,1.8984544549659024e-05
2024-10-31,0.3727427372153387,0.3629132050800585,3.0754471606238854e-05,0.3666694557264234,1.663990715507674e-05
2024-11-01,0.3660381373170062,0.35896962352393713,2.8345927908716553e-05,0.36201787197098584,1.946042634076215e-05
2024-11-02,0.36007486552424833,0.3566724558095284,3.14503540555955e-05,0.3576715577008887,1.8632439222266278e-05
2024-11-03,0.35494393586444395,0.35335551739277604,4.532971518040328e-05,0.3545645048327197,2.2653885370684412e-05
2024-11-04,0.3512924016768341,0.35148450468992487,5.0298343417044434e-05,0.35172038677221645,3.082268501213365e-05
2024-11-05,0.34887144977094314,0.3490427688881778,4.43908978693487e-05,0.3489914339898701,2.674759559133172e-05
2024-11-06,0.3463052524057316,0.3457941417169739,3.867230316246061e-05,0.345856771644905,2.1899162204558997e-05
2024-11-07,0.34300182986082706,0.34375806728323033,4.156493830371708e-05,0.3438289361069662,1.97042656963453e-05
2024-11-08,0.3394882693453114,0.34119157718237375,4.082919200251747e-05,0.34051636490991805,2.537228501403899e-05
2024-11-09,0.3437241887737978,0.35598095600016655,9.6493637716296e-05,0.3485551963079838,3.762529871732817e-05
2024-11-10,0.35246079210434017,0.3547817950815453,5.5249754328427696e-05,0.35346539211925565,2.839081399595168e-05
2024-11-11,0.3491460877081467,0.35333387256826027,4.625740321645316e-05,0.35172311112208343,2.319031990639733e-05
2024-11-12,0.34946571679807525,0.36045325530481515,5.688852952711851e-05,0.3543939189855257,2.6366730454306147e-05
2024-11-13,0.36786886466073654,0.36827357022342466,5.401094533198183e-05,0.36790880019897704,2.470754664195241e-05
2024-11-14,0.35837689182021415,0.3589507620992675,2.292284203151839e-05,0.35878614514061724,1.5858887388981866e-05
2024-11-15,0.35019856235789676,0.3543499335066301,3.195047554291007e-05,0.3528772203307197,1.984573758791591e-05
2024-11-16,0.3455880320799001,0.34943743209154093,4.383169274929144e-05,0.34762327425123346,2.0792563579128895e-05
2024-11-17,0.343239311183137,0.34576900875256633,4.311204053560435e-05,0.34519920321754927,2.7248372040688917e-05
2024-11-18,0.3416627112604625,0.3439271185485718,5.8881161190303944e-05,0.3429167600072171,2.544393868778237e-05
2024-11-19,0.3410918677791819,0.34723859827343323,4.7945164595746296e-05,0.3444147232579175,3.1401471506503444e-05
2024-11-20,0.40072774825758944,0.4070738373853684,0.000310312682587664,0.40224878149878285,3.426157422231231e-05
2024-11-21,0.4110134965288006,0.414157382916092,0.00011144262307955705,0.41156188501683977,3.3856204562097075e-05
2024-11-22,0.40056706550865423,0.38542295526553244,3.412668830195987e-05,0.3914426409128163,1.9965407123926368e-05
2024-11-23,0.38743950036459507,0.37156050119298256,3.229656527067027e-05,0.37731905173407454,2.3101409194501604e-05
2024-11-24,0.3789727174380012,0.36464818392365844,3.4296589533245e-05,0.3698668450076109,2.1307674536128367e-05
2024-11-25,0.39209736431007897,0.39671417149395966,0.00022854461032331837,0.3930766217878591,5.177696124630704e-05
2024-11-26,0.3942625490439622,0.3736251611226862,3.733581223718284e-05,0.38182415850100637,2.1667014005273542e-05
2024-11-27,0.3840372693104935,0.36813872720790175,3.235094625867301e-05,0.3740859484145315,2.085667260482193e-05
2024-11-28,0.3773110765257572,0.3645537429120017,4.0938528116957596e-05,0.3700702655173231,2.3595072645663604e-05
2024-11-29,0.37230671400813503,0.3614874060859621,3.4051532661696336e-05,0.3654828385711313,2.161195405001733e-05
2024-11-30,0.3686583858451943,0.3609666231791275,3.152756321948422e-05,0.3636727940251802,1.90786968977604e-05
2024-12-01,0.3655368420594328,0.359732355450766,3.623793448291832e-05,0.3619596118835326,2.3383465805213973e-05
2024-12-02,0.37618957722028823,0.373392435341004,7.246125724166377e-05,0.37557575842896157,2.8358724147921076e-05
2024-12-03,0.3781227731770782,0.3728912378191471,5.0221234298741195e-05,0.3752339092342937,2.348742379093858e-05
2024-12-04,0.37459076601434493,0.3655002202974844,3.957744080255333e-05,0.3693085519599175,2.1872754856077036e-05
2024-12-05,0.36972711329397245,0.36996124833941024,4.424785440188128e-05,0.3699229126867792,2.350573043081952e-05
2024-12-06,0.39417436866536365,0.38604129011165,0.0001955902374038303,0.39186989832106967,3.61178201514348e-05
2024-12-07,0.40154138462307687,0.40296162711215383,0.00019953339423189168,0.40218386298835945,3.238641845660146e-05
2024-12-08,0.40092246111703594,0.3922862487844364,7.829952391708484e-05,0.3975057665624735,3.893865504081411e-05
2024-12-09,0.39728833352193,0.38603655656498737,6.487188977523383e-05,0.3922690579220329,2.309168521249322e-05
2024-12-10,0.38936214896780474,0.3767297631473761,3.259471035375179e-05,0.38102312550803297,1.9014191870238564e-05
2024-12-11,0.3828883623868705,0.3686975868235842,2.4488494352750603e-05,0.373249811383458,1.7603593245658734e-05
2024-12-12,0.3773498230932185,0.3650826392965345,3.715283620596787e-05,0.3700842494473699,2.490089487994783e-05
2024-12-13,0.3758124913916418,0.36637480981931375,3.087812190081721e-05,0.3699942284873452,1.8568566592591288e-05
2024-12-14,0.3839440557619811,0.3801793173403215,9.970148370650889e-05,0.38259311026512216,3.30007469386342e-05
2024-12-15,0.3930511931871771,0.3792295292282869,5.271439113354878e-05,0.3860402653431551,2.8554826378459512e-05
2024-12-16,0.3812515802577353,0.37062222946146717,4.2773457297030625e-05,0.3754785789803986,2.926357121337582e-05
2024-12-17,0.37611935983443956,0.3667836269369088,2.5531468598768167e-05,0.36999420386129545,1.729853120233101e-05
2024-12-18,0.3724584606054802,0.36246895995262973,2.212801030433276e-05,0.36541604953310186,1.772816572911053e-05
2024-12-19,0.39828133161757984,0.39674026609527857,0.00025760727019513366,0.3990677117952936,4.5954493436578944e-05
2024-12-20,0.3895919190192069,0.378108995146498,2.98141375006559e-05,0.38196657850603694,1.7552922537973985e-05
2024-12-21,0.40709458741861276,0.4028344927810441,0.0002147368186957344,0.40580069354614323,4.838296176214189e-05
2024-12-22,0.4074266635729874,0.4045396138713954,0.00014844988264371272,0.40766314037486795,3.529593999415955e-05
2024-12-23,0.3977076085078251,0.3822271975751053,3.1743493836462206e-05,0.3881728450112428,1.7507201912333844e-05
2024-12-24,0.39390684322764513,0.3806541482802541,4.155045916637153e-05,0.3864247074622636,2.359135480608792e-05
2024-12-25,0.3875342317352551,0.37161710714782276,2.560707022230329e-05,0.3767206256987269,1.6046008228604516e-05
2024-12-26,0.3824897124296312,0.36813044214608964,2.6940717798711355e-05,0.3731802742447282,1.593115475582602e-05
2024-12-27,0.3782821361042316,0.3654459659176508,2.8492448536244073e-05,0.36998764611604934,1.8440049521873936e-05
2024-12-28,0.37467933722736724,0.3626615306997201,2.4541462789455047e-05,0.3662218885213066,1.8499805674737754e-05
2024-12-29,0.3722764241724814,0.36282720800819285,2.6636914229364478e-05,0.36595917568259545,2.0012608686566944e-05
2024-12-30,0.3700800576522369,0.3630072296945757,3.5612108590059705e-05,0.36602757528755314,1.7351924340031034e-05
2024-12-31,0.36783048439776617,0.36258524831498595,3.112172736634661e-05,0.36461076138445864,1.77094383587214e-05
