day,y,hxb,hpbh,hxa,hpah
2016-01-01,0.37748295097002055,0.29726109991916116,0.001164743027793818,0.3074827718282454,0.0009040716575036718
2016-01-04,0.4034355237698458,0.40852525297447223,0.00023490315919759547,0.40808733033532235,0.00022470848383953013
2016-01-06,0.3665336504473228,0.4106931937957888,0.0002810068913830853,0.40839277658119577,0.00025046357153493904
2016-01-11,0.4124213011239852,0.4179520367981934,0.000163107688821281,0.4177602218726784,0.0001618566696452985
2016-01-13,0.40450506044519924,0.3860851147118977,0.00015158478201082788,0.3861064758576187,0.00015772381843120784
2016-01-18,0.3269880107839332,0.3879682474067538,0.00031809245323946594,0.38447207348111967,0.0002810006566972358
2016-01-23,0.3692279419139798,0.36511133263977513,0.00018266655219295223,0.36531494418657756,0.00017744421158818915
2016-01-25,0.39116923078177546,0.3514252194771786,0.00028081611452128365,0.35280604064019205,0.000274318505484146
2016-01-28,0.3708604365084767,0.3479671298499772,0.00032654176886048577,0.34895791991772174,0.00030485011734489184
2016-01-30,0.35078354166093895,0.34297104161608954,0.00030722244940844406,0.3439024923770752,0.00028299475610840197
2016-02-04,0.3676187874134533,0.3591548059704703,0.00020330514283263152,0.3591210033954828,0.00020270007002772572
2016-02-06,0.37141523168955426,0.35358646524720966,0.00024211189384159036,0.35413218967179316,0.00023839340324583982
2016-02-09,0.4003899282071035,0.41799010504699313,0.00016160670390698542,0.4177639109549461,0.00015947408654550828
2016-02-11,0.3585729916106564,0.39790732064892687,0.00022258476621919503,0.39661117192166634,0.00021504155709442855
2016-02-18,0.4007814610053992,0.3872173458065845,0.0003195043967821739,0.3875831145490999,0.0002889421904237734
2016-02-23,0.3955028351117356,0.3724415482027812,0.0002749924050152244,0.373920115428396,0.000242216310330023
2016-02-28,0.3233705735055692,0.3940757209549598,0.00028783531503880094,0.39021235864154524,0.0002653484762847228
2016-03-01,0.3828365465510943,0.35878156688087076,0.0001371351582705833,0.359179343548841,0.00013353981848351142
2016-03-04,0.4153398268601062,0.4071579109475124,0.0002569215358440996,0.40793848121964776,0.0002575790693887422
2016-03-06,0.3708697790007444,0.3872918385742887,0.00015973695635555327,0.38694757097889293,0.00015653146186314423
2016-03-11,0.2759493167801702,0.3625455736218396,0.0001917382411031454,0.36000026653316497,0.0001831147841803109
2016-03-13,0.3940453703251969,0.3487436310299015,0.0001985119470818512,0.35006847126871493,0.00019433501418787826
2016-03-16,0.3152500254035483,0.3490094003530981,0.00029471184257262025,0.3476276328845038,0.0002811935131179853
2016-03-18,0.34639745517383075,0.3443949790662702,0.0003117388469042367,0.34429465622822214,0.000308199117756194
2016-03-23,0.2781486392202317,0.3391110101636324,0.00022355226414472719,0.3371264662464226,0.000225946109461541
2016-03-25,0.32272138029484687,0.3372055549333598,0.00037851135754320207,0.3365414247993476,0.00035368116782291675
2016-03-28,0.2971412579072595,0.33963568555006485,0.00035915345052381505,0.3379368307198626,0.0003461746925481483
2016-03-30,0.4031244588547624,0.34284529522452806,0.0003806047897573088,0.34579924303676784,0.00036092943672221125
2016-04-04,0.3995703422883908,0.3563391726078256,0.0002668831413924959,0.3577975843968776,0.00024590604715310163
2016-04-06,0.3703585958949736,0.3471351594917813,0.00023742599905003355,0.3476792823105013,0.00023521253456615463
2016-04-09,0.3246271410625474,0.35428076516174095,0.0003520283328501562,0.35309198804600456,0.00032094203043707886
2016-04-11,0.2793356285797448,0.3783907093745866,0.0005256419186848326,0.3719905821791265,0.0004902416799674758
2016-04-16,0.37948192781924284,0.3754929259336574,0.00039215862971944817,0.37594794521624997,0.00037503377225165
2016-04-18,0.3434927194477715,0.3542258646314863,0.0002567268115850245,0.3538389114546103,0.00023023664341361946
2016-04-21,0.4101534498799576,0.3649454198681424,0.0006605359458942412,0.368886197214194,0.0006396910358923126
2016-04-23,0.3216675349527333,0.3647079568758478,0.00044474655823699974,0.36161802174443863,0.00040119246689433356
2016-04-28,0.27625477550933575,0.3150244773208896,0.0005480319822316564,0.3117519164439264,0.0004729406514580805
2016-04-30,0.2795109527996886,0.34998782358326436,0.0006807212309998285,0.34277752919449855,0.0006312241640844432
2016-05-03,0.26301596208872424,0.30015484890608124,0.0006838676754199128,0.297327585603475,0.0006097428935753858
2016-05-05,0.2580152047879991,0.2665460547828854,0.0007677231853849965,0.265586353044245,0.0007341438031235766
2016-05-10,0.2802295126881506,0.2950515137253848,0.0014407316012277713,0.29337423111654,0.001263201672631151
2016-05-12,0.2998084014661987,0.32779421943756865,0.0009012552053746656,0.3257668682322775,0.0008217939435787824
2016-05-15,0.22545449231018844,0.3470100887652549,0.0005228230831953669,0.33596393520740797,0.00045433678936346284
2016-05-17,0.30272666508098917,0.30582590831275225,0.000578019059648024,0.30546542638357177,0.0005230964218743191
2016-05-22,0.3378933196862438,0.32772989264240243,0.0018731971856706586,0.32928030339900977,0.001370134136522738
2016-05-24,0.3026637454968839,0.29209426512182324,0.0012273320432727454,0.29231092462842767,0.0009428822621781759
2016-05-27,0.3937051460817578,0.2885446494598782,0.0008580277159073775,0.30120146174715123,0.0008166176946550978
2016-05-29,0.267100767068021,0.3816917279143234,0.0004286671179980292,0.3739658945005091,0.00039499735920059826
2016-06-03,0.2953959267631069,0.3186892725476359,0.0003337219216646526,0.31790967564750633,0.00030705202399391166
2016-06-05,0.1427205961721192,0.28501857906900974,0.0006011753225204962,0.27281372146637733,0.0005036092577089199
2016-06-08,0.32199539776989317,0.2312945660711823,0.0007525315806602811,0.24160315612484637,0.0006941372461198513
2016-06-10,0.3590499345989603,0.24215907212577828,0.0011053296625683881,0.2595041367790139,0.0009523538186709707
2016-06-27,0.1690756403194025,0.2008298654698014,0.0007725992452798693,0.1983326453106754,0.0007155276784310897
2016-06-29,0.2184556067484146,0.1833921413333303,0.0005517578293492455,0.18542607794979876,0.000530179164805621
2016-07-02,0.19240495999648238,0.18177368107631078,0.0004530348305349108,0.18197088148997714,0.000436242372737333
2016-07-04,0.2206326296370975,0.19774243765300345,0.00043238643515643355,0.19956160520512017,0.00041799033652490205
2016-07-09,0.18071756834960642,0.1860557445913939,0.0005954432685604348,0.18447551164454695,0.0004987489732818492
2016-07-11,0.12301832912306691,0.18252141406641684,0.0004487272651171632,0.1798581534927505,0.00039940686591798824
2016-07-14,0.14400870973827787,0.20325579205271327,0.0007480723569155666,0.19660700117907176,0.0006606488231506134
2016-07-16,0.28414756438932093,0.1758078438803676,0.0004318160242941537,0.18273979499700613,0.0004032111049367272
2016-07-21,0.2597995386034676,0.16675014457836382,0.0003998178240360725,0.17300588921814455,0.0003832702716182681
2016-07-23,0.28329404441528994,0.2520965386264258,0.0021571049958793637,0.258264205535161,0.0018369578350203248
2016-07-26,0.27250073773272654,0.1998776264258006,0.0010017113640645283,0.20764401251209505,0.0008300328246100806
2016-07-28,0.23812523300794933,0.18578780531958053,0.0005365551986858364,0.1890645977793647,0.0005048805457848276
2016-08-02,0.1697563826737607,0.16325343603024045,0.00030086664188498657,0.1638033308481712,0.0002811705434117942
2016-08-04,0.26930362016289977,0.17915975698619804,0.0004649208679813562,0.1849472865637517,0.0004414332540866816
2016-08-07,0.28776745365887574,0.16612211407077493,0.0003681788177004663,0.1726017332980351,0.00035330850918663924
2016-08-09,0.21429531355973327,0.17216954044697552,0.00039900137479395733,0.1742682250114843,0.00036612339370681703
2016-08-14,0.20835577662077281,0.15446634989189456,0.00028184986071803464,0.15664577014686418,0.0002634862929505216
2016-08-16,0.14501156521976336,0.15517613489495655,0.0002697391795749446,0.15470906621181144,0.0002734757403901978
2016-08-19,0.3439547711704802,0.16276507544252308,0.00035528052823522165,0.17198290340391764,0.00031395017857522976
2016-08-21,0.16548980062692825,0.21209348373942152,0.0009907239850475728,0.20467619656477531,0.000783964812925161
2016-08-26,0.16856790493596485,0.1627182531925002,0.0002914293890971567,0.16235741915166876,0.0002608362929306289
2016-08-28,0.1313191944755459,0.16162998612908464,0.00034374193509372717,0.1593103731137915,0.0003382692207190079
2016-08-31,0.12435673407483884,0.1574284291877579,0.0003440996348842945,0.1559388197562556,0.0003368423314927667
2016-09-02,0.1855459819671345,0.15065049770500244,0.0002718344843826447,0.15202363672787328,0.00026020788093752235
2016-09-07,0.13136684178927907,0.14910758587168432,0.00028499082519431495,0.1486068166748199,0.00028131450379217037
2016-09-09,0.26559539187991155,0.20846358619731614,0.0012828108997639796,0.21688545464051256,0.0009349820564874699
2016-09-12,0.1519259193078286,0.18365020561988246,0.0007084955747754928,0.18077086809144724,0.0005945670500418934
2016-09-14,0.39250650482664934,0.35618717309592507,0.0019810952011949075,0.3692275234435851,0.0015761408791566775
2016-09-19,0.14038953073212776,0.2869657041837305,0.0006843133819433823,0.27280905489880575,0.000572381161830014
2016-09-21,0.14659770510916736,0.243063812004041,0.0006885642253525469,0.23512163112701112,0.0005689709249817693
2016-09-24,0.20087790999275326,0.2014911390449845,0.0005378391268219281,0.20232578602119872,0.0004936653373392885
2016-09-25,0.14556752636993706,0.21513364056880596,0.0005673365460142337,0.2095470610978493,0.0005055104538278079
2016-09-26,0.14699559877531404,0.20111655146387084,0.0005078448765679245,0.19672142352756736,0.0004555775070508878
2016-09-27,0.1730592276022646,0.18784340846626882,0.0005040356718351352,0.18585454439863214,0.00047616703818449896
2016-09-30,0.28898154375339835,0.17092460791050038,0.0003455297054440586,0.17651552951951047,0.00030839713876618634
2016-10-01,0.22245904764522456,0.2103834918855607,0.0004437223969328755,0.2108949897689433,0.00043983703528204237
2016-10-02,0.185060058858023,0.21371785034082597,0.0005274122675510974,0.21117284015165655,0.0004655835508860135
2016-10-03,0.1661394169372878,0.20288763829836945,0.0004917395041684347,0.19995961472095666,0.00048339016399678094
2016-10-06,0.18649672320878546,0.2071402792549047,0.0005736924860529465,0.20475180678224972,0.0005331937290631438
2016-10-07,0.20725007130614662,0.19803614176863385,0.0004878457532970264,0.19836133109492174,0.00047325612433190867
2016-10-08,0.23987000426213428,0.19366101245161743,0.0005202154114842238,0.19845369979287183,0.0005074879869200703
2016-10-09,0.15075334460851705,0.1928933592545001,0.00047024976906765294,0.19000966357461885,0.0004653238626893117
2016-10-13,0.3249514099582822,0.30184583870048864,0.0024970007581067584,0.30828922098788103,0.0017789129849896607
2016-10-14,0.3062451579104873,0.3515366184102885,0.00099609014178756,0.3482483254718209,0.0008878026143179287
2016-10-15,0.30257552579446945,0.32209540709335427,0.0006564897360981397,0.32111533040015705,0.0005830551831228771
2016-10-18,0.16125879990245362,0.27804150274009815,0.0007379304857500674,0.2663282787366755,0.000651450040041555
2016-10-19,0.2242890605203987,0.254406540281209,0.0005514812479030269,0.252432259046637,0.0005201097068475833
2016-10-20,0.16476415606798292,0.24292454575883482,0.0005158321732356136,0.23637132614303283,0.0005441899834867323
2016-10-21,0.17310439873526703,0.22904017277677585,0.0005571375817175166,0.22504675662825935,0.0004816663209745719
2016-10-24,0.22328138831740535,0.2839020845273209,0.0015785156929747951,0.2717688020481553,0.0012128288236191492
2016-10-25,0.30868803960281077,0.2746119117725142,0.0012709702278917072,0.2794191970406265,0.001163762120777856
2016-10-26,0.28948542377464676,0.2721019470851651,0.0011695381270454034,0.2759189461662725,0.0010025542491380892
2016-10-27,0.3081852675831012,0.26290602318496187,0.001030890869063587,0.2696963815769286,0.0009036412401446652
2016-10-30,0.2568362691754773,0.24001035101121992,0.001033174509917432,0.2427668606360383,0.0009434334631454207
2016-10-31,0.25002609425054123,0.23432262320793956,0.0009180514557454157,0.23648062352576116,0.0008299461533367924
2016-11-01,0.29325342601501353,0.22789462264139654,0.0008169699825585037,0.23574269832828434,0.0006613185834703673
2016-11-02,0.2751056109424492,0.22927072041725705,0.000696349277577736,0.23397805948406103,0.0005908319156529249
2016-11-05,0.3249828797343186,0.2954999380109032,0.0013187722369750918,0.30141178427789933,0.0010960670485756288
2016-11-06,0.27661282471835463,0.3252900761504713,0.0009350849358660234,0.3179418845515234,0.0008386776424832657
2016-11-07,0.2900018547185833,0.3413740345959526,0.00074951281698473,0.3348107376756264,0.0006434890603450949
2016-11-08,0.3935732591071794,0.33064104122043886,0.0005860963554014713,0.336933867762897,0.0005778751665254726
2016-11-11,0.30551643585355687,0.36462422887894874,0.0002975824709090006,0.36173173342758425,0.000303070836574029
2016-11-12,0.29988705079826955,0.34547313677488084,0.0002602163893565375,0.34361448686433127,0.0002494604003454411
2016-11-13,0.3549322388592031,0.3649305478938295,0.000329152466873452,0.3644311572251353,0.00030969271636539797
2016-11-14,0.4065912367882848,0.35203612441049914,0.0002228611592559438,0.35340719533824355,0.00020644886094155294
2016-11-17,0.26422735498821315,0.3150271842394075,0.00043283433834489897,0.31141379010914566,0.0004201117352050426
2016-11-18,0.3318828260780412,0.33237837168484907,0.0006214714561790551,0.33177200560433895,0.0006084932855128723
2016-11-19,0.3558971358055678,0.34422126652344565,0.0005245813686187382,0.3453964784018402,0.0004959898558506342
2016-11-20,0.3755792070774079,0.3464942894449626,0.00045395547097877435,0.3487508782982516,0.0003771313657513262
2016-11-23,0.37717317314109255,0.39227760502990533,0.0003833589706409693,0.3909675136120919,0.0003686694610480064
2016-11-24,0.33974212340435356,0.3652244848481695,0.00018139608008632736,0.3646751631829369,0.00018274533907386222
2016-11-25,0.29157013042345675,0.3556227875551077,0.00019130581720651493,0.35384050729322264,0.00017644985439023978
2016-11-26,0.37574535833118905,0.3466268766948258,0.0002169602787197403,0.3476538334438262,0.00020425354794469504
2016-11-29,0.3100803708321972,0.32090892468227417,0.00038185297595159776,0.3203998536784034,0.0003667082477519435
2016-11-30,0.3063572980373879,0.31210144765623066,0.0004531443347178647,0.31271489089824883,0.00041087863530149397
2016-12-01,0.3493814331706784,0.3071521931365817,0.0004492801674738086,0.31115289905731236,0.00043889741932837004
2016-12-05,0.28020562638506935,0.2892180100378543,0.0008093196397782681,0.28795020581072434,0.0007813127461919049
2016-12-06,0.3331188703362886,0.2835656087736209,0.0008982492949059698,0.2879915657478067,0.0006788078654332993
2016-12-07,0.29343160104304433,0.28432318205924406,0.0006684032148762028,0.284987033712952,0.0006073182882408093
2016-12-08,0.33647267185122426,0.28243369244685756,0.0005782153055916862,0.2862081435014934,0.0004937174575741398
2016-12-11,0.24459657116062478,0.27874606862385226,0.000719972089069237,0.2752066284015605,0.0007109975990440033
2016-12-12,0.33675905950027946,0.2725854593196778,0.0007015419642430109,0.27899370193876927,0.0006517205116397024
2016-12-13,0.25362582746314144,0.275000008460047,0.0005767252993343085,0.2732956453275226,0.0005634600406812005
2016-12-14,0.3250445634459391,0.2708247302921966,0.0006378465783263789,0.27554548229521886,0.0005729445741458994
2016-12-17,0.2805906715933497,0.26883116143103686,0.0007461989145806574,0.27092676993540105,0.0006506076778697176
2016-12-18,0.3248081992229363,0.2686340153856189,0.0006536319920547633,0.2737384280063295,0.0005385816939986492
2016-12-19,0.3038074139059928,0.28216344803840854,0.0005003542099956517,0.28373228925410376,0.0004934621780178304
2016-12-20,0.3135471396134188,0.2843974637012358,0.0005376284344465904,0.2865399525524817,0.0005068867379360651
2016-12-23,0.37023905857344697,0.3325988675157513,0.0007123198338960927,0.33698469024591154,0.0006048017403677583
2016-12-24,0.36692177557511313,0.3329792521518534,0.0006313018688574083,0.33600020836722516,0.0005738578394027674
2016-12-25,0.3320662987823429,0.33043326019837643,0.0006339290108927268,0.3303320688518625,0.0005756995821569892
2016-12-26,0.29133834535771685,0.3258325883835559,0.000510054644207059,0.3239491756123851,0.00045573837288189156
2016-12-29,0.3295708526286611,0.3041510255857725,0.0005253227230488111,0.30504288122464657,0.0004829767597505111
2016-12-30,0.3015946218744282,0.30242253186868157,0.0005275867177951324,0.3018505109614051,0.0004578732512062032
2016-12-31,0.34818684154547797,0.29846862698165827,0.0004858229255874403,0.30155869674285357,0.00045569611931161144
2017-01-10,0.3116729682263458,0.3402454319188235,0.001139232003229348,0.335700155464102,0.0008786997437501445
2017-01-11,0.3686193686140844,0.3331860558099448,0.0007109350065099081,0.33700072472455284,0.0006283084074243224
2017-01-12,0.35113385716400725,0.35340920380076385,0.0005179260026253304,0.3537287651617255,0.0004921974072408968
2017-01-13,0.33243957147808306,0.35388681713686937,0.0003692171760625465,0.3524183922742513,0.0003377031947164894
2017-01-28,0.2949314660000997,0.3229208847805152,0.0007900851961683634,0.3212595448829157,0.0006592538706521021
2017-01-29,0.3061720244159743,0.31360044611965665,0.0007839273674770265,0.3124028188704124,0.0007604412621022529
2017-01-30,0.2958734133861079,0.32034981833816706,0.0007408579217871092,0.31876903402870566,0.0006788490500908156
2017-01-31,0.2964805743093123,0.3140811978101712,0.0006623851897788484,0.31244473861731276,0.0005983203047659945
2017-02-03,0.35036758703388027,0.3537938506606034,0.00046906009920968293,0.35435710435866336,0.00042734486844024877
2017-02-04,0.38435585422082974,0.3853595938654313,0.0005709268707237538,0.3858287482249271,0.0005009245674556439
2017-02-05,0.3834440183624838,0.40640284533369575,0.0002531432783380554,0.40552656522132,0.0002409902819320897
2017-02-06,0.3631502921839242,0.3801708378733681,0.00014991580284545874,0.37974345252398556,0.00014246141829962514
2017-02-09,0.35567147080875566,0.3561497313306243,0.00019195811183234842,0.3557500808545474,0.0001911600136464866
2017-02-10,0.3408003416133567,0.3466934971978688,0.0002543762967520193,0.3457044775088701,0.0002356980778087645
2017-02-11,0.34428831861230247,0.3381747071313358,0.00026600761314672736,0.3386044924246205,0.00024342571761478354
2017-02-12,0.37213706976483235,0.34082833370353727,0.0003613714581895016,0.3425572199250737,0.0003489769077194988
2017-02-15,0.30103241404611225,0.35188688962515513,0.00021165165190712554,0.35075267564860374,0.00021537929032788405
2017-02-16,0.2995824987213368,0.3405960451733066,0.00021634986867708094,0.3394350076696733,0.00021118839273255108
2017-02-17,0.30580205249263503,0.33110322078805515,0.00030114958430663336,0.32951167593370523,0.00028009927021016237
2017-02-18,0.3348706412639867,0.3235086656127929,0.0003360106054846888,0.32433081695301197,0.00031033122317645253
2017-02-21,0.3001554424843639,0.30860824144098203,0.0005258113553288968,0.3081031089123587,0.0004959759623426754
2017-02-22,0.3215761539534387,0.30325034572087095,0.0005392492309618339,0.30546529926494664,0.00048097534970962266
2017-02-23,0.29902824123184807,0.29843120122394634,0.0006433311205157738,0.29981726101323886,0.0005660696472131814
2017-02-24,0.30781110525177213,0.2997037302094525,0.0006200239227999307,0.2991830437608436,0.0005462265845177112
2017-02-27,0.30665827073090735,0.306768998082566,0.0007426951442581928,0.30673114322556017,0.0006934735063105473
2017-02-28,0.3300084932782531,0.37221437916561567,0.0007616532019348644,0.36705892635001347,0.0006477901120512229
2017-03-01,0.3730057564832005,0.3586349002873299,0.00034766007477622646,0.3601166925314418,0.0003175597572258752
2017-03-02,0.3549428524014374,0.3478015006404434,0.0002956884537272756,0.34790503474880496,0.00028645163664927433
2017-03-05,0.37557897173004795,0.3871353502760214,0.00021241095106360592,0.3865663256046453,0.00020950979356378375
2017-03-06,0.34572954592667215,0.37867887804020123,0.00020177686223156786,0.377466416298965,0.00019131796584885924
2017-03-07,0.416928487547174,0.39877668403255845,0.00030067033862533644,0.3995128208972558,0.00027893303438881106
2017-03-08,0.3864865259311044,0.3786062097527775,0.00013246032978978567,0.3786691070704745,0.00012796791675530214
2017-03-11,0.34459552712172686,0.3355892962062263,0.00029260788373872533,0.3358777273568719,0.0002769390251849497
2017-03-12,0.3412796589298301,0.3838710461386452,0.0003317277455076387,0.38211067435209684,0.0003058876102072682
2017-03-13,0.313582196094053,0.36662494289870723,0.00018061182513761417,0.364908104777079,0.0001726933346737515
2017-03-14,0.3388767893892708,0.34996466094621503,0.00020499943779838387,0.34948286616887025,0.00020244325247073007
2017-03-17,0.2882533421074923,0.3163449156030016,0.00046636833325895634,0.31458783821772474,0.0004612284033564926
2017-03-18,0.31634676796140876,0.3109439914956343,0.000563221365886535,0.3111814706109809,0.000500772665524204
2017-03-19,0.27594784877351775,0.30469858478932627,0.0005309711876933736,0.30244179090554163,0.0005202873575812082
2017-03-20,0.3118209089939768,0.29896584647271673,0.000590530553675994,0.30024903193241576,0.0005291278837016318
2017-03-23,0.32627259820229965,0.39160908393974225,0.0005217851678813092,0.3868090882537172,0.00045841615670586645
2017-03-24,0.329246180050922,0.37564265951609443,0.0002908991899834554,0.3740673520970669,0.00026549527292222907
2017-03-25,0.3388296551903225,0.3880476392985991,0.00039142936835447756,0.3845365370976853,0.0003618166873483475
2017-03-26,0.35405318092399946,0.35699426595001704,0.0002233731948023109,0.3565389641467939,0.00022029061980882657
2017-03-29,0.28443022966241543,0.322915918932753,0.00048000471645232853,0.3204352464998075,0.0004814472541618359
2017-03-30,0.2696579831325419,0.30646474823574443,0.000634563803476568,0.3024047878707644,0.0006178421641742593
2017-03-31,0.38201178148217374,0.3693059803954614,0.0009659164836411435,0.37093878651447293,0.0007824734157409162
2017-04-01,0.3283522084420187,0.3732315509685849,0.0004267044136982962,0.37095809622300085,0.000403906178266133
2017-04-04,0.3313032328555893,0.33729049918185067,0.0002540068028431743,0.3373164210982626,0.00023891658470814818
2017-04-05,0.26368891663937233,0.34617869046200844,0.0003409223257359619,0.3415133740609332,0.0003136454536170682
2017-04-06,0.30746454945037777,0.32880476612177967,0.0003692686895685121,0.32809015518226453,0.00036252253672692077
2017-04-07,0.26143514291328696,0.3128352300974616,0.0004275990297718436,0.3087800752700514,0.0004103382021404904
2017-04-10,0.2736027651214013,0.2682328680666467,0.0008468628840761978,0.2691357142622802,0.0008245459035199862
2017-04-11,0.25483526334577644,0.26635436544277136,0.0009014999153726026,0.263692581103675,0.0007753606557584617
2017-04-12,0.26798324191645906,0.25388119448444024,0.0007518061104312782,0.25590412952767466,0.0006951438364857568
2017-04-13,0.278261774610639,0.2465077374393278,0.0007047400789969001,0.2494506737609784,0.0006905775436715161
2017-04-16,0.24518011412101925,0.24002237168211482,0.0007569715921374651,0.2400897433190203,0.0006792969432315793
2017-04-17,0.2420100796923863,0.23243515403211837,0.0007171884844309046,0.23346495499949171,0.0007083579591738513
2017-04-18,0.24202147680160946,0.22889314328229662,0.0007006437632692742,0.2297138292762707,0.0006051837289782823
2017-04-19,0.2826187939991193,0.2269563394209476,0.0007146237870585101,0.23376108333720272,0.000682291542250175
2017-04-22,0.26990804426208836,0.21295024741766344,0.0005406784619856048,0.21766963655907812,0.0005200720699137278
2017-04-23,0.2410630724756554,0.2084727170644158,0.0003899595724242089,0.21024269332134518,0.0003378524256478274
2017-04-24,0.24049906204951674,0.204540708322325,0.0003482211345010369,0.2064258553445476,0.0003357676390793204
2017-04-25,0.2792123544682813,0.2971839927590129,0.001917100731477791,0.29522820311884584,0.001443716479782171
2017-04-28,0.29612007511019467,0.26979520728429773,0.0009039249004934154,0.2737931544023322,0.0008099655142830114
2017-04-29,0.26352586973209136,0.2575137125219189,0.000868907032976258,0.25876816472326064,0.0007580744785296774
2017-04-30,0.34414192889477346,0.2910246090363218,0.001167672939711082,0.2987894155625401,0.0011258796498177144
2017-05-01,0.25156441809532987,0.30622848475081876,0.0010522260514844682,0.2967825835733483,0.0009829244105927042
2017-05-04,0.2699916592651682,0.312277549736856,0.0007240974723795948,0.307674659908154,0.0006650516763822921
2017-05-05,0.38124725375652324,0.32982495471925505,0.0006223980704159989,0.33445167348608024,0.0005684183989070476
2017-05-06,0.34043548146471525,0.3577882530589916,0.0006630665948578738,0.3556748771312321,0.0006161705262089797
2017-05-07,0.21830468114357368,0.3304795661890637,0.0004766484332533582,0.3229424127953251,0.00043154187832839815
2017-05-10,0.34681124349346026,0.2817427937446213,0.000813784576117889,0.2880952136239272,0.0007059304289737633
2017-05-11,0.3138972224978637,0.31914160613292736,0.00112493327005731,0.3195211612606618,0.0009670976830246359
2017-05-12,0.21960900363588945,0.298125145957851,0.0008947055570246095,0.2885759489877596,0.0008291737037568199
2017-05-13,0.3323593097810017,0.2886785406598457,0.0008476352102238965,0.29460430059764375,0.000734457759379403
2017-05-16,0.24366235579261225,0.23016067485133068,0.0010261316668013236,0.2305448517683347,0.0009199233378280435
2017-05-17,0.4018125015627472,0.2678748650393659,0.0014619397025326603,0.29498823297773996,0.001112747944985944
2017-05-18,0.3678285848081018,0.384552938379939,0.000758590683136311,0.38215133018069136,0.0006372864575379881
2017-05-19,0.31920848699394316,0.3595200150915693,0.00027165093311893126,0.3572311255366784,0.00026785469011431713
2017-05-22,0.2650753483498504,0.307494064520731,0.0006286511914004113,0.30363479757838974,0.0005818371098729362
2017-05-23,0.3384286669470028,0.2854839547008633,0.0006267497723020219,0.2899553162336618,0.0005567524907251132
2017-05-24,0.29163470798119084,0.2667469291428879,0.0007037769512289808,0.267922334001064,0.0005521684378835667
2017-05-25,0.23560651388737816,0.24310332271018506,0.0007057026177532209,0.24167048297976967,0.0006884517081894735
2017-05-28,0.2304881784818909,0.20217662579848608,0.0006993267237406665,0.20476577738357896,0.0005902332089776579
2017-05-29,0.39427556141485204,0.19971844332923364,0.0005508044918597333,0.2152947570812261,0.0005588594706864812
2017-05-30,0.368865627669154,0.3011574947841173,0.00228669983862281,0.32178715148109743,0.001649137678944662
2017-05-31,0.23815825448597022,0.326062379625371,0.001509650720036428,0.3069576152723929,0.001148090905512433
2017-06-03,0.29101424026918726,0.3617506656093796,0.0012695127895990237,0.3498834401787334,0.001018859268758102
2017-06-04,0.283252440174836,0.3408183175508202,0.0007619878843952063,0.3358958129666068,0.000626795934005671
2017-06-05,0.2402194459561725,0.3136010488397426,0.0006667352236348435,0.30750455062797605,0.000598686858404512
2017-06-06,0.2275007342368552,0.3021138296186266,0.0006508661123654505,0.2951127507729192,0.0005463738013500548
2017-06-09,0.21787924878125836,0.27874189244214165,0.0014063747382844869,0.268191692130112,0.0011542906206284678
2017-06-10,0.22659986998593762,0.24313780057033313,0.0011228280851185775,0.23917971911547473,0.0010188937811108777
2017-06-11,0.24751525237765692,0.2162935215441808,0.0009174805838255314,0.22133405139853526,0.0007345439341510784
2017-06-12,0.27522657969848435,0.20743054534147617,0.000570506074939808,0.21249328756647695,0.0005725906401243032
2017-06-15,0.10100265876402748,0.18023123432773114,0.0004073063274031304,0.1757829362245313,0.00038738262838735075
2017-06-16,0.1830158686965872,0.17119675415777644,0.00032357108559769493,0.17161172132859634,0.0003052961523664373
2017-06-17,0.327387809206804,0.16623788960585004,0.0003237544542863242,0.1745951757400915,0.00030471720597037696
2017-06-18,0.08989264309640838,0.1659286045845665,0.00023129861870533412,0.16332844655380094,0.00021989465280078163
2017-06-21,0.2002594206301832,0.15726047339279853,0.00019619558115092404,0.1584920204055193,0.00018503949597763644
2017-06-22,0.25089856145253975,0.15408150382151556,0.00020154571218452202,0.15673015711981403,0.00019083222961775866
2017-06-23,0.14935204259908888,0.16099516756671808,0.0002478430948763905,0.16008706707656753,0.0002492542316578664
2017-06-24,0.1866002258192065,0.16084755955914398,0.0002592157585878698,0.16169044291218668,0.0002451718794996725
2017-06-27,0.3402528678230078,0.2831169553557855,0.001893094996764313,0.2959972141466438,0.0013549783153896226
2017-06-28,0.24823973779834335,0.33559365684107834,0.0013250272709383832,0.32221944598427366,0.0010498554544288356
2017-06-29,0.2829123772309147,0.3314045193313831,0.0009439379306347249,0.3248591446810421,0.0008572070137614864
2017-06-30,0.38456575355841405,0.35711120222555626,0.000706188395156688,0.36024348899181,0.000623957913623923
2017-07-03,0.20425025260621832,0.30698932812596397,0.0004934950647622032,0.2996530343927388,0.0004714586743425187
2017-07-04,0.15708021219792712,0.26598419167860615,0.0006359157513833226,0.2572189229537094,0.0006495684183381277
2017-07-05,0.15989971155435503,0.23220302522810385,0.0007656296114839217,0.22370689179406925,0.0006915701746520295
2017-07-06,0.17099586734846373,0.20165373447233667,0.0006556870026283223,0.19898794572519107,0.0005286615206207031
2017-07-09,0.29668167349982766,0.23447183344914443,0.0013221819695228517,0.24303112189940035,0.0010730909030836758
2017-07-10,0.29043743483973733,0.3072277908458157,0.0020731394220826205,0.30244910057856045,0.0014421983390509904
2017-07-11,0.2470260781615737,0.28566989703371204,0.0012642967359122838,0.27933916682482063,0.0010856538821856737
2017-07-12,0.2760150867311296,0.25695504388102175,0.0010037688383232473,0.26089484595175266,0.0008317136532762547
2017-07-15,0.16547655394318145,0.2051908918122785,0.0006423342283218448,0.20201923430190546,0.0005766957040844925
2017-07-16,0.16784592758784145,0.18622474951909085,0.0004657902625205976,0.18504820352280896,0.00044232996188848253
2017-07-17,0.14143026558278615,0.17041815136495006,0.0004197576677864366,0.1685056688149803,0.00038179487367008514
2017-07-18,0.23946989209781863,0.1610652642907014,0.00029226157750703485,0.16418291117703654,0.0002912803663769892
2017-07-21,0.23428532452749046,0.24912213487100637,0.002141869643342149,0.2489845637020824,0.0014722708927489968
2017-07-22,0.17927329283597276,0.2303964023023619,0.0012599683601942162,0.22040685460566567,0.0010740685536305516
2017-07-23,0.22563501944738856,0.20898093820319052,0.0008466032983412545,0.21203349529150559,0.0007216809555226222
2017-07-24,0.21403654708705225,0.22746278710107098,0.0008874239013684984,0.22696086007272417,0.0008422905664887376
2017-07-27,0.16368802199241306,0.20064616054122716,0.0007251146375653377,0.19813886221424784,0.0006927792289633317
2017-07-28,0.2002340278225841,0.19170731056598597,0.0006168543572851262,0.1931264159386646,0.0005898583076692787
2017-07-29,0.2184699111603557,0.1803957686440325,0.00046425454803587047,0.18307160928964947,0.0004266902456922856
2017-07-30,0.1525781593713151,0.17802111484779654,0.0003841577097514732,0.1765447591701481,0.0003451496398218039
2017-08-02,0.11159906490227653,0.16711027894898592,0.0003099985254124653,0.16415239830288197,0.0003135493977487057
2017-08-03,0.21363345901017736,0.15915796394224904,0.00025522985219300723,0.1614385801142676,0.00022114940479102792
2017-08-04,0.11279695873186116,0.15825243873150596,0.00028877948951890904,0.15608587045143074,0.00026569735404034946
2017-08-05,0.11285098203350286,0.16096828729482415,0.0002686294140088609,0.15925263692305938,0.00027055111834304804
2017-08-08,0.19517608547563742,0.3437698100881581,0.0020511654056490198,0.3081646969276138,0.0014217319658963437
2017-08-09,0.14961631040680773,0.3125682415707251,0.0011733305556747332,0.2866569966075665,0.0009913926686949681
2017-08-10,0.16513519684677913,0.30268384292164036,0.001151226090109394,0.2830092539900595,0.0009275860192897171
2017-08-11,0.11541713961726416,0.2660371834820423,0.0009081482489821932,0.2467573249785452,0.0007510553272204968
2017-08-14,0.17547574603125138,0.18696405115806866,0.0004710434685288592,0.18563380395576928,0.0004311372239011627
2017-08-15,0.23598242944467976,0.1807530978563946,0.0004266357633473152,0.18341654938001745,0.00039622328167313487
2017-08-16,0.13073011331583784,0.181693706692151,0.0004279971666511784,0.1786076375992982,0.0004043447538883215
2017-08-17,0.12026303368882502,0.17041115825735736,0.00033430646098950946,0.16771400478133497,0.0003186066643233961
2017-08-20,0.1466317611207178,0.16045357873578264,0.00033001136471157275,0.15981637519884742,0.0002978875458522781
2017-08-21,0.1235936720794671,0.1540157505859583,0.00034365050080261366,0.15276253449552765,0.0003343768830969913
2017-08-22,0.12117177267388789,0.14990031811423188,0.00034335138193681164,0.1478150561489691,0.0003297705006269539
2017-08-23,0.12157470644284489,0.15107385644534768,0.00036621526181005495,0.1496044268139734,0.00035108228420490284
2017-08-26,0.278175279914018,0.14716730835147043,0.00023948239331117997,0.15226683116344047,0.0002325630368847345
2017-08-27,0.2622991839797397,0.15574968367591663,0.00026211961444402946,0.15994645629471094,0.00025940069588216213
2017-08-28,0.14100133507071816,0.16916944155031685,0.00030595115331856205,0.16793652788923782,0.0002900011657703769
2017-08-29,0.1260220104091113,0.16254454458942505,0.0003278563925740429,0.16119105002835607,0.00030225705538451084
2017-09-01,0.2691984985880362,0.26102108237273075,0.0020470411731674594,0.26285054809198716,0.0016641399735191505
2017-09-02,0.18738294294573155,0.24627940659385947,0.0015162714678647361,0.23631679968602878,0.0011009215711007402
2017-09-03,0.17743789194661164,0.223551977019781,0.0010556744560635681,0.21692504222565046,0.0008247952650196738
2017-09-04,0.24082441195262952,0.22835694637298787,0.0010163683068814113,0.23073685639354277,0.0008537803140692867
2017-09-07,0.18916433367580465,0.20025201749297966,0.0006163357704811483,0.20052149381697698,0.0006324945338684935
2017-09-08,0.3228227553362073,0.19235106972345967,0.0005415010064360325,0.20333453262637038,0.0004653074063256353
2017-09-09,0.17441850736857495,0.32978911870361943,0.0021079118669761325,0.28568353835810256,0.0012992717445342178
2017-09-10,0.21087303560098986,0.2738276153739584,0.0013099989599892736,0.2607313141082082,0.0011023959448994802
2017-09-13,0.2137580544200824,0.22993258238951003,0.0009412422693289036,0.227932556841874,0.0007404996298100298
2017-09-14,0.31473602463147443,0.23689114100248074,0.0009517268103914056,0.2467329230169477,0.0008920076966870597
2017-09-15,0.2725677521527209,0.25473493244029055,0.0009414301086779604,0.2572352712425344,0.0007338261529183194
2017-09-16,0.2531415481395618,0.2545359516106849,0.0007981537318392996,0.2533669619225568,0.0008069615509565613
2017-09-19,0.2648730825525523,0.3055412386521683,0.0012360073606516584,0.2991719409835658,0.0010565636547862029
2017-09-20,0.24968860650192864,0.27791403436496487,0.0010665861468974341,0.27129486370855416,0.0008173480182129581
2017-09-21,0.2494939541094799,0.25077463754084606,0.0007472522366884988,0.2517292839640616,0.0006743735579198217
2017-09-22,0.19035434621603492,0.2406096851196682,0.0006757394576819477,0.23533958204623073,0.0006101149873517456
2017-09-25,0.2895474365005732,0.23548970439401637,0.0009057363916936756,0.24245570895440885,0.0008022746671012497
2017-09-26,0.32272160051232923,0.23808528633981163,0.0008284372961727673,0.24665075483025461,0.0007526923008901318
2017-09-27,0.3526524393399928,0.22865289792324694,0.0007762541045046852,0.24113276376958248,0.0006365241989166236
2017-09-28,0.18029314858890366,0.2267398262086402,0.000643030343087968,0.2214688313867982,0.0005826669494268558
2017-10-01,0.34130765134704893,0.27139857963624975,0.001838780088636862,0.288152241697742,0.0013569318804196157
2017-10-02,0.41448654053978473,0.29285527313983,0.001170515041570486,0.31075915046153996,0.0010471458346654997
2017-10-03,0.33271685493198055,0.3070135084047776,0.0009686108742428406,0.30908387084584343,0.0008462840133596398
2017-10-04,0.30286640447472635,0.2900039895613557,0.0007645398930898133,0.2907535444862338,0.0007066096039525479
2017-10-07,0.20218034310449035,0.26826601299073727,0.0008018416345749964,0.2611859736238978,0.0006975603587696244
2017-10-08,0.26416823267653006,0.24992124215209585,0.0006137253770793816,0.2512893702086802,0.0006395899877784379
2017-10-09,0.1980583536204433,0.24250588585891006,0.0006617944269032997,0.23934415891153685,0.0005700256193871266
2017-10-10,0.19964826678174777,0.231194800535282,0.0006189296968718492,0.22879324087572211,0.0006280820170856306
2017-10-13,0.25636885874097964,0.20598975179269224,0.0006293767098024045,0.20935732420935518,0.0005538908594325259
2017-10-14,0.3375138869204224,0.20057375357631282,0.000637169538341254,0.2122135310337376,0.00059429857281652
2017-10-15,0.25084010458933903,0.2056080811312708,0.0005768976792635951,0.21025768665925898,0.0005686264211445611
2017-10-16,0.2255272322483775,0.20634875659092466,0.00053384418692702,0.2074664486019299,0.0005022230939277722
2017-10-19,0.3390213985593928,0.29076544366665646,0.0016454927949769564,0.3016388085510049,0.0013458191149838203
2017-10-20,0.3513239543435626,0.2884049874895377,0.0011661729557089244,0.2971804605927095,0.000991991501991974
2017-10-22,0.3216123261691176,0.28338121132557,0.0008711231029592747,0.2875945520813936,0.0007906456151504972
2017-10-25,0.2785409215787308,0.2558672315079783,0.0008120107003112316,0.2594550157003715,0.0008371840159706333
2017-10-26,0.274556060570568,0.24839636168030543,0.0009003331278372387,0.25029873912067135,0.0008062291532551947
2017-10-27,0.17434374501396416,0.24489761076996724,0.0007173748994396641,0.23840490305306283,0.0005864863746661999
2017-10-28,0.29835339773952096,0.23226291807610533,0.000713328586495371,0.23856998319350986,0.0006665262942834713
2017-10-31,0.20878983148908709,0.22618526801604444,0.0006705897123701459,0.22446972530189638,0.0005813389185687886
2017-11-01,0.32615709563941303,0.22110866386087427,0.0006167493984226245,0.22949589454908687,0.0006010493096783925
2017-11-02,0.23502823299569064,0.2263358894710244,0.0005502781810205058,0.22699460966361276,0.0004934531777094144
2017-11-03,0.2843927616699,0.2232445609398096,0.0005568748614435034,0.22816370870309907,0.0005033190067258159
2017-11-06,0.19251971751546543,0.3141832011748754,0.0011037228729442532,0.29716137078516025,0.0009644173619880293
2017-11-07,0.2720405664507973,0.28601825658215285,0.0009290759927073517,0.28362982666177816,0.0008112524831562357
2017-11-08,0.3105778607982701,0.31040993725574256,0.0009743657596438048,0.31032407360726494,0.0009134350990003548
2017-11-09,0.28656406292329306,0.32960143032450273,0.0007565105041813316,0.32452913636895475,0.0006483495880925764
2017-11-12,0.3473455347770892,0.32548906759807417,0.0007541971394530288,0.3276012847486522,0.0006243028701187327
2017-11-13,0.23569684107349168,0.3169029233098624,0.0005776203436569767,0.3098405957864722,0.0005416663862729374
2017-11-14,0.2721390900292655,0.29799271114567427,0.0005483015787497264,0.29533147730488046,0.0005526824052382674
2017-11-19,0.35537128496937354,0.26110173137416054,0.0006846933879360081,0.2698625395386347,0.0006831161131852212
2017-11-20,0.29294255513001644,0.2616014116144147,0.0007029455998541662,0.26395454532373264,0.0005976098009364836
2017-11-21,0.25668323242758284,0.2588329262570151,0.0005736100341204157,0.2578210937261643,0.0005179208853976976
2017-11-24,0.3602360996387962,0.26752518306343553,0.000838623521287,0.2792851054119769,0.0008627466646425262
2017-11-25,0.2795237059693609,0.33408038899542275,0.0014183685755064887,0.3238532134234849,0.00117758517782756
2017-11-26,0.33759515194930634,0.31445277201858934,0.0010517613989813194,0.3182123510212946,0.0008861890934447437
2017-11-30,0.3416530812007391,0.3230079419005889,0.0007233297924313785,0.3239069235447418,0.000623424482919249
2017-12-07,0.36640875223470726,0.3114134712709935,0.0009767855530702562,0.31775174631034353,0.0007210464310671372
2017-12-08,0.41463061494750153,0.3354857231576201,0.0007444953154532958,0.34376391295872166,0.0006221274543229434
2017-12-09,0.3403037127252789,0.3627744891016582,0.0004488032321934754,0.3609037019716418,0.0004545296432099961
2017-12-12,0.3691580328913141,0.37532886538870097,0.0002377613431080744,0.3749876787429152,0.00021914162612192363
2017-12-13,0.40709311653529756,0.36830197636363976,0.00018345554497288026,0.36910325166755953,0.00018098403997795538
2017-12-14,0.3996129716802945,0.36777018454264615,0.00019850415855034262,0.3688311462027675,0.00020194202156345863
2017-12-15,0.4173733696239641,0.39610705192447276,0.0003649686660804852,0.39775713109700495,0.0003291291517258383
2017-12-21,0.38974038954496015,0.3464604130751256,0.00023975232350837236,0.34812699098531175,0.00023102229525467327
2017-12-24,0.354766370751055,0.33931817334721304,0.00036062590782260273,0.3411974342780157,0.0003500846896004807
2017-12-25,0.3219097652508779,0.33616715341396863,0.00038846444541716034,0.3360227840021942,0.00037658840148156335
2017-12-26,0.34306084600391024,0.36219235742322975,0.0004477689862820148,0.36055798326133087,0.00041942655633186575
2017-12-27,0.41460070758703915,0.3998029970863488,0.0003912953583659242,0.4011241697753983,0.00035106435082680283
2017-12-30,0.36743888452503526,0.36928057700958195,0.00014858228596878882,0.36859487322873763,0.00014509815713666091
2017-12-31,0.35752911441579593,0.36528097793052794,0.00016981914982242563,0.36510361279364384,0.00017051430568926828
2018-01-01,0.3697248147365313,0.3906139015462624,0.0003644516120638614,0.38950608100103745,0.00033635354585945406
2018-01-02,0.4148007283829338,0.3958496641832674,0.00026712522867818603,0.39638653961308157,0.00026790596732301035
2018-01-05,0.4083436615152594,0.37817715175060274,0.0003001915741950992,0.3792292237481714,0.00029709062559650913
2018-01-06,0.37869501136209754,0.415496645346532,0.00023027830287772807,0.41422751302032246,0.00023975503779887687
2018-01-07,0.32654033761684714,0.419072831770141,0.00016511444976235077,0.4166531766284068,0.00015328648674227974
2018-01-08,0.3383754695116869,0.3990275529139788,0.00019283305116412649,0.39721013267348004,0.00019187445243377548
2018-01-11,0.3732943209658548,0.3758414705417313,0.00011402081250426998,0.3759672233052324,0.00011565601881634374
2018-01-12,0.3432451896333752,0.3660052703820872,0.00014326363029966137,0.3653870222687639,0.00013966198464279326
2018-01-13,0.34469729962981066,0.36049938471795095,0.00011477085287377871,0.3603675498355841,0.0001149326753066692
2018-01-14,0.3770888852783372,0.37666997596141644,0.00022860639913070991,0.3767643844018442,0.00021822381658918473
2018-01-17,0.40381504757224407,0.3738710703555526,0.00017058608864118572,0.3746126767815739,0.0001708081736049103
2018-01-18,0.3871815081186654,0.3660597593772983,0.00016701656114248562,0.36638695564315965,0.00016872732676771437
2018-01-19,0.35398939242811445,0.37945730593262633,0.00027676722528842184,0.3779794965845529,0.00026175259968063466
2018-01-20,0.41455098612918717,0.4020273736926715,0.0003326954216207131,0.4027987962491103,0.00031975654469505775
2018-01-23,0.3877330337341552,0.36752557086606347,0.000141564008190873,0.36803634493332515,0.00013446370305361059
2018-01-24,0.36752703375922274,0.3606875215059656,0.00015351091526451084,0.3606547775626211,0.00015059221406347415
2018-01-25,0.37043989198523125,0.3790891196431297,0.0002204525690912398,0.3786681967016745,0.000222210308763254
2018-01-26,0.3588042067299954,0.37817256113208225,0.00011283485378644208,0.3777457051071246,0.00011301880093203687
2018-01-29,0.34221314624960664,0.35713266143457945,0.00020165714330266053,0.35673718480927746,0.00020140567454263303
2018-01-30,0.3730589948321637,0.3531641721003709,0.0002144642617562642,0.3539361425560891,0.0002068643736422658
2018-01-31,0.35860032814214177,0.35168849997139423,0.00018755068521004442,0.35205405024229625,0.0001917270933990743
2018-02-01,0.3866157957440929,0.3913443131374288,0.00039251253719135376,0.39217035626447294,0.00035587818046181315
2018-02-04,0.3862175600442129,0.3719935271811351,0.0001629748404898809,0.3722558081546847,0.00016134500855606343
2018-02-10,0.36852194469201904,0.35760038689981544,0.00015574293800124327,0.3579014526336151,0.00015049196961812819
2018-02-16,0.3735201439571063,0.3804810332331614,0.00015629439669658491,0.38023249305624773,0.0001503376042596738
2018-02-17,0.33550914354623423,0.38174764444685005,0.00028442084884837605,0.3792252347838557,0.00026656071061252113
2018-02-18,0.38774607340425105,0.3816006557185335,0.00021166299071684,0.3819233229582615,0.00020777744379168897
2018-02-19,0.34953239456183927,0.3717481656324216,0.00012445445747128188,0.37101570150899904,0.00012022656169434465
2018-02-28,0.38801761827521175,0.38242483279560413,0.0003650907775053371,0.38276567916268933,0.0003466869759690257
2018-03-01,0.3577607785039765,0.37514679508230586,0.00021136153179657767,0.37480478785118065,0.0002079074231300244
2018-03-02,0.37645446391080034,0.39432814891863294,0.0003060114825219547,0.39441361741589426,0.00029418425779288005
2018-03-03,0.41174280454853424,0.3813008830852666,0.00020223871377536443,0.3815141399449706,0.000196651561714388
2018-03-06,0.3423248041531988,0.3664823017697872,0.00013396352926480263,0.3659435246844693,0.00012936526713313288
2018-03-07,0.36915783548476594,0.3639042580991543,0.00015850616482495104,0.3638971820037409,0.0001499426969695031
2018-03-08,0.3667683053453019,0.3535870232763627,0.00015865647556278367,0.35400488086818677,0.00016047920380106418
2018-03-09,0.42144094337029725,0.3569778979209614,0.00013610675560648582,0.35845331742856096,0.00013626066853421787
2018-03-12,0.32509823708747915,0.3758814033188455,0.0001741693819102364,0.3748719396765384,0.000179363419358859
2018-03-13,0.3580402119125699,0.36121203898396514,0.00016214157883181422,0.3611517861127595,0.00015926923818602738
2018-03-14,0.3813618741067157,0.3613975957942515,0.0001523238176932971,0.3616672840104504,0.00014887378344249035
2018-03-15,0.40600444192023677,0.3610135886744112,0.0001683781422138189,0.36177107547974496,0.00016413443191439634
2018-03-18,0.34578028698518676,0.38123791798771806,0.00023887353060909262,0.37910817176440126,0.00022243425642613099
2018-03-19,0.3400729522685999,0.3892410664712888,0.00026849789943272456,0.3871016697766325,0.00026261681416143886
2018-03-20,0.3437223544665405,0.37019664603399055,0.0001695966881221313,0.3696103016468122,0.00016611529796042352
2018-03-21,0.381711606760524,0.3573939351411087,0.00020162431495845194,0.35863350529369087,0.00020015943207698215
2018-03-24,0.34070724858004015,0.38290344723479186,0.0004770536703137129,0.3798967766909084,0.00042888276152482476
2018-03-25,0.3558780907520684,0.367720234877257,0.00022883176586717375,0.367390162486922,0.00022092555156616895
2018-03-26,0.323636676685682,0.3755918304822746,0.00026946871451883156,0.3740649787839989,0.0002554914477619937
2018-03-27,0.4161398374527581,0.3904186991584673,0.0004033017156192702,0.39229802458667007,0.00040668365264231315
2018-03-30,0.33752427009800223,0.36407108147437156,0.00017228565563877962,0.36311154698699866,0.0001599430216626098
2018-03-31,0.3625129499949234,0.39031747972193204,0.00033495536666453403,0.38901413102192345,0.00029444774899295564
2018-04-01,0.3676297040184673,0.3635792453816942,0.0001672710172489982,0.36352525870538266,0.00016089216162887572
2018-04-02,0.4060983712589622,0.3507982863545697,0.00018131308453838452,0.35244432412871846,0.00017594234234951376
2018-04-05,0.3063256914450965,0.3572278326309171,0.00019686507641762937,0.355367528981178,0.00019291027287992408
2018-04-06,0.2969823678720016,0.34676097224217917,0.0002049371679365492,0.3454809595085333,0.00019450745322817823
2018-04-07,0.30131091389877346,0.35365815816896,0.00025043902588459105,0.3515304891390796,0.00023570481536375364
2018-04-08,0.3788404011490604,0.4011852647730458,0.00042056467323317007,0.39996928376738,0.00039062924173268593
2018-04-11,0.31340012676869694,0.39719990749933,0.00024504029911108516,0.39429322714279463,0.00023198130436107467
2018-04-12,0.28096239702624265,0.36626424861103224,0.00014517515671331083,0.364195267320701,0.00014399519123279607
2018-04-13,0.3455739918461568,0.36851802489597935,0.0002670466897599903,0.36791558345464703,0.0002505999149115541
2018-04-14,0.3244295367109663,0.3563244136937175,0.00023268926154111034,0.3553715074555048,0.0002277181733778647
2018-04-17,0.30268770696560193,0.3323351769915191,0.0003190264819843821,0.33068005215695906,0.00032752000553707
2018-04-18,0.28518781346914723,0.31520731438267674,0.00043434105549710743,0.3133671910759557,0.00040942342186630986
2018-04-19,0.2799016572921691,0.3027671295067085,0.0005198252333899666,0.2998439723731147,0.0004786861444752912
2018-04-23,0.2949267587242514,0.26725807905972965,0.0007557535502594081,0.2686031802512587,0.0006773929331035601
2018-04-24,0.24049906204951674,0.26198499202160064,0.0007304488007744792,0.2594263846346208,0.0007033205156630028
2018-04-25,0.2512629109433203,0.26089728427101233,0.0007292609072119298,0.2603889153222324,0.0007469462242236659
2018-04-26,0.24085655566156022,0.2549900914836427,0.000686930801633116,0.2533900417993187,0.0005792237315276934
2018-04-29,0.32469640563818425,0.40884566391782234,0.00023415055437423608,0.4060779708070436,0.00023844266010991655
2018-04-30,0.23613239092030647,0.3844295556314802,0.0002152703749190334,0.37981461770096553,0.00022122505071189597
2018-05-01,0.2501997161223974,0.3620608041381656,0.0002270548528190295,0.35824027855291524,0.0002199247038903789
2018-05-05,0.3222118488616592,0.33356492772277085,0.00031665377198719365,0.3323400952072683,0.0002996833826222058
2018-05-06,0.3363521559728321,0.3109056070855319,0.00047169852821542767,0.3123832841529149,0.0004068639314839645
2018-05-07,0.2695965844024046,0.31010411953308936,0.0004746962256291832,0.30661039563246667,0.0004110580904298493
2018-05-08,0.34943021765038096,0.3000986224004914,0.000426191835254811,0.30387543657161126,0.0004325335619524985
2018-05-11,0.4057348656984019,0.2831956769700743,0.0008436602186789035,0.29671246372045174,0.0007233714782368385
2018-05-12,0.3468723764291782,0.3580791682809144,0.001012040607237413,0.35807725298321125,0.0008417334014227281
2018-05-13,0.40442341479517785,0.38153725662085924,0.0006243485389770793,0.3825922518179736,0.0005981765999458871
2018-05-17,0.32085000267175634,0.342210192090934,0.0002370693861353928,0.34087693794478424,0.00022510666003032096
2018-05-18,0.3361055492478999,0.3226580249263241,0.0002992071794843677,0.32299170834166147,0.0002791354744835316
2018-05-19,0.19419740956753115,0.3086392579479427,0.0004407653999320262,0.3009338955689631,0.00043615362143319516
2018-05-20,0.27292927583544685,0.28677730642380406,0.0005892163051062619,0.28586976149494925,0.0004546577160962525
2018-05-23,0.22696374225673435,0.2867664623048928,0.0012301075139001527,0.2792895366796028,0.0010566837018839278
2018-05-24,0.201501243937717,0.2678650355679187,0.001078476229986592,0.2604648084759298,0.0008831571672115375
2018-05-25,0.2978486080072564,0.24775049271932947,0.000955252349816473,0.25266719178186314,0.000789030003425049
2018-05-29,0.3772036960158177,0.3898245034939447,0.0002639585220993371,0.3891429454364807,0.0002522657876692457
2018-05-30,0.38021975605672975,0.4037240117368109,0.00021667876966871083,0.40272046674633233,0.0002000773191959616
2018-05-31,0.39421812828150155,0.3690213708008161,0.00018572167980105447,0.36977447246258704,0.00017830974704789208
2018-06-01,0.34541236847568874,0.3415313811326533,0.0002284342745489796,0.34204944075987365,0.0002284696105991833
2018-06-04,0.3963087718084599,0.3551816662545768,0.00043792775673319733,0.3584139721643178,0.000400918992529449
2018-06-05,0.39744044756995695,0.4165816708791232,9.710218597779453e-05,0.41658916419025893,9.544970931424245e-05
2018-06-06,0.2677148459458743,0.4034065130215113,0.00018293885038972647,0.3997194679521827,0.00016926906790652428
2018-06-10,0.3414448550626259,0.4071731381029351,0.0003767581289081419,0.40291814466923737,0.00038355142188894125
2018-06-11,0.36639425632029016,0.40183181823710384,0.00018914437570355822,0.40075979583649257,0.0001809895580268806
2018-06-12,0.36597338580734795,0.4137917720441202,0.0001439818266966398,0.41264819961764887,0.0001434964506203771
2018-06-13,0.26452285333568876,0.378353682539877,0.00013646694710931179,0.3756933309728726,0.0001355830563104331
2018-06-16,0.3091186712094637,0.34185641337176287,0.0002685703573768918,0.34081896211362894,0.00023447103331800627
2018-06-17,0.21399549168952928,0.3321915911630611,0.00037270747880171297,0.32624901161806596,0.00033627267800447844
2018-06-18,0.18058927048706588,0.3142395225545272,0.00044587250800729464,0.30616589027440627,0.0004653533282310479
2018-06-22,0.15676975521654352,0.25216458301122224,0.001025423950130417,0.23870983698548023,0.0007739362978167365
2018-06-23,0.1943180406236312,0.229716997852063,0.0007624688014995135,0.22632564578160438,0.0006334812693521755
2018-06-24,0.17575668963559038,0.2170533753880269,0.0006741126857831956,0.21368975703059534,0.0005628478808375236
2018-06-25,0.24708894024821162,0.2061299057879177,0.0004953203101456415,0.20838608164334893,0.0004576486917043118
2018-06-28,0.24342841586260092,0.19263880366414216,0.00042848915322379503,0.19595335791964746,0.0004067757955174359
2018-06-29,0.2460676430552404,0.19190794828817448,0.00036077358448188075,0.19509387551494434,0.0003451023159949023
2018-06-30,0.24991904222599104,0.19027177853122926,0.00029994278509086963,0.1933813088203193,0.00029095825833300875
2018-07-04,0.3763641554137167,0.29173486845846625,0.0015216231498144323,0.3090123030597111,0.0012583230736303889
2018-07-05,0.3754998978597816,0.3193868792358354,0.0010059612669239657,0.32841999300095864,0.0008770306547205474
2018-07-06,0.37353341331648793,0.3102620966901878,0.0008671864960181239,0.3201614402159049,0.0008086442861635106
2018-07-10,0.16160352766379904,0.22920149830767467,0.0010943751719154878,0.2186762920564378,0.0008998859394774054
2018-07-11,0.2801058233835833,0.20683514247764667,0.0007630726878386305,0.2151443889915956,0.0006304130072510137
2018-07-12,0.22933511403049586,0.20307309112332064,0.0006041974632675327,0.20557600486759584,0.0005729080491639081
2018-07-16,0.2288964422904435,0.3321448260432414,0.0020979975792254383,0.3055183727292768,0.0016005210687841211
2018-07-17,0.2185767312218897,0.28314557277993063,0.0013556208710643301,0.2723686675426226,0.001151204127549944
2018-07-18,0.2774842500515562,0.25426032279886646,0.0010885438341001704,0.2572440794909028,0.0008681928834537458
2018-07-19,0.25829255996665734,0.23542177484901497,0.0008098277561866245,0.23782427613100757,0.0007260988396563027
2018-07-22,0.1787587326762637,0.22760285322342028,0.0010590797788896677,0.21951493127669433,0.0009612458404479746
2018-07-23,0.2046302179221082,0.2045162378767913,0.0008258120999413029,0.2054969080610979,0.0007251264253348212
2018-07-24,0.20421055280534564,0.19201020243455846,0.000655214005741118,0.1936451053799271,0.0005674268599292086
2018-07-28,0.26493053295533475,0.28707501411825304,0.0032154881935215923,0.2800618814274143,0.0021272524235107504
2018-07-29,0.20045292901724024,0.25521471411482416,0.001777690342302625,0.24009899524214184,0.0013313332777537027
2018-07-30,0.17473454012850637,0.21849166641092915,0.0011294257073485665,0.2144396846545319,0.0008665863580565232
2018-07-31,0.2495696044890462,0.20691868903285568,0.0008118421679703561,0.21329999760828053,0.000752574319451703
2018-08-03,0.23625533141716226,0.1752771016327056,0.0003448903520080261,0.17862238722236407,0.0003111569143167808
2018-08-04,0.18507521658191103,0.17172265328201813,0.0003465740416747858,0.17199859357633174,0.0003286964721974538
2018-08-05,0.15788863380659413,0.16508169336669865,0.00033994166570363644,0.16473207236990073,0.00032219552899680784
2018-08-09,0.2523942336799565,0.1789894524924955,0.0004378805809540611,0.1838067692210755,0.00038743503343773646
2018-08-10,0.2296941306821033,0.17682054865186247,0.0003440592835779367,0.17950651774382922,0.0003140822038931273
2018-08-11,0.15369521184510754,0.17187925999498752,0.00028840176304077453,0.17087518058517792,0.00028441187571680266
2018-08-12,0.1632028335344326,0.22509012783661433,0.001423322894309698,0.2130564504041555,0.0011123201415823717
2018-08-15,0.20387680332575214,0.2235147693320576,0.0010917527716792536,0.220855360632999,0.0010151724349002507
2018-08-16,0.2248107562584094,0.2126303577795345,0.0008002282190088934,0.2155490777439099,0.0007278278305355525
2018-08-17,0.1883161681387891,0.21108257338038947,0.0006326150250113405,0.20877000977685406,0.0005187675594269262
2018-08-21,0.14044801863302206,0.17041414897693485,0.0004076693871967113,0.1680939217369586,0.0003603968010813224
2018-08-22,0.1616369485178048,0.16399101398647822,0.00026580769383728045,0.1634098632618595,0.0002641864646201646
2018-08-23,0.17703946543133914,0.17934864478006987,0.0004176536958592212,0.17833114074392145,0.000396973153911833
2018-08-24,0.26386014665694124,0.18252872070491769,0.000429669930398732,0.1881489821598701,0.00039843767680926024
2018-08-27,0.12550531611210033,0.17934379438352535,0.00045067956622879253,0.17607902601664235,0.0004213200367715891
2018-08-29,0.22315472889053897,0.17969602423202835,0.0003807062649349863,0.1832605823943612,0.0003668941952844922
2018-09-02,0.18844424052069086,0.16185831623156713,0.0003172012513585323,0.1633911946988391,0.00028335893931995124
2018-09-03,0.16242840061073366,0.1602776399669416,0.00030594321992691287,0.15961038748884218,0.0003086059267702918
2018-09-04,0.18028190882137957,0.1570312554619565,0.00026947855359861874,0.15789332952791438,0.00024909837331601125
2018-09-05,0.22602920681639935,0.16661825516184345,0.00027946422591972894,0.16890655475882702,0.000274285046488097
2018-09-08,0.2754726775030143,0.24740234709371264,0.002086174834546503,0.2563108730236575,0.001517058602415774
2018-09-09,0.22302814159359355,0.24053288778577983,0.0013504910594908754,0.23861218641899704,0.0010412608820775256
2018-09-10,0.286227330465881,0.22469934353811244,0.0008101740156022777,0.2313454079500794,0.000674941200330833
2018-09-14,0.1743879356927273,0.1919215876796991,0.0005799337662261985,0.19069287209521943,0.0005455298050485317
2018-09-15,0.13688874737962026,0.18395087434887458,0.0004917367299750086,0.18080087870808417,0.0005057690605047951
2018-09-16,0.20483310478127448,0.1745043681562038,0.0004772647351966139,0.17670590592944002,0.0004737711161137536
2018-09-17,0.13849796477639836,0.172982362131773,0.00044742292625782115,0.17045025951739531,0.0004044146127691626
2018-09-20,0.16845897332203497,0.16392522510149182,0.00037954349022949343,0.16474269645540493,0.000384777304422106
2018-09-21,0.27388872881938153,0.16743067485544472,0.00037962029014343256,0.17355561774075906,0.00038729057570281814
2018-09-22,0.21195253181531312,0.17266184195192685,0.0003594675678649044,0.17482825060386123,0.00034876304041264614
2018-09-26,0.1716592241546958,0.181459832217332,0.0004184966414903901,0.18100011963660328,0.0003806332000716861
2018-09-27,0.2793265160544091,0.17650490119452203,0.00031064206630564313,0.18140131923684058,0.00030313404122310895
2018-09-28,0.14579775976074935,0.17708491707454718,0.00032582704084297895,0.1760443401540263,0.0003046995499872381
2018-09-29,0.14648283829272318,0.17418403336907431,0.0004042905265604166,0.17301826609935755,0.0003779658818470424
2018-10-02,0.14764070346030617,0.17009953183536375,0.0004416254281781956,0.1683499329214576,0.0004053396788355633
2018-10-03,0.22231215001681184,0.1669346423919867,0.00040429640427200943,0.17041157955130729,0.0003750855064236782
2018-10-04,0.14802196955520802,0.16911533113052712,0.00035210612813008074,0.16776727944059797,0.000353583069686379
2018-10-08,0.28438638201319477,0.2782587871042722,0.0018910876953352027,0.27974203125643354,0.0013208251598197085
2018-10-09,0.3080036765424929,0.26410209133291984,0.0012557501464526843,0.2718062954049392,0.0011283116700903284
2018-10-10,0.21501481081538232,0.328427811832388,0.0013000386028793952,0.3080348973800709,0.0011289218165945378
2018-10-11,0.24967931034772492,0.29808869605599353,0.0009544391186658499,0.2930590266888474,0.0008109225415755997
2018-10-14,0.42308112040650137,0.3716350227784311,0.0008770421397128349,0.37795655069468753,0.0007578268686765938
2018-10-15,0.2163303466829895,0.39735997662550643,0.00032276169747717467,0.3890657253533134,0.0003380941185296444
2018-10-16,0.375396293942027,0.3551279441771447,0.00021747477155091436,0.35520563404177613,0.00021390799732927385
2018-10-20,0.25732247357423965,0.30136186850550806,0.0004139657334101283,0.2986738248597887,0.0003893642025585696
2018-10-21,0.385696367952912,0.28676900544323053,0.00041104734938231333,0.2932567871248364,0.0004080846881566378
2018-10-22,0.24609176262336935,0.28194914451600434,0.0004969171393675456,0.27999369038546124,0.0004404174532851658
2018-10-23,0.2264777021640996,0.27024413537566905,0.0005990555289684209,0.26709001134327726,0.00045281467893530154
2018-10-26,0.29599486925896223,0.24668159623680727,0.0004983464932235723,0.2498205461903228,0.00046914883608861394
2018-10-27,0.23650371145416646,0.2513329288408249,0.0005903146901572486,0.24895504107932087,0.0005257414057859977
2018-10-28,0.30208700632498353,0.31911770587740224,0.001361857818742035,0.3153972938744645,0.0011215518132884164
2018-10-29,0.3410874189835136,0.312068227477836,0.0008978637912882324,0.31674090086984497,0.0007668313347868386
2018-11-01,0.3949217480991081,0.33363904244616294,0.0008139357631902356,0.3416783480293422,0.0006984531724145475
2018-11-02,0.32103006895630415,0.34843978618101107,0.000501924680990416,0.3467064580558719,0.00048230279528886454
2018-11-03,0.36342384879350736,0.33096984004043667,0.0005656004964133287,0.33355680693705236,0.0005332896444772705
2018-11-04,0.32661296940101614,0.31997164874845685,0.0004875695148015134,0.3209633075348317,0.00044757761339838
2018-11-07,0.40932502792960573,0.36366029001090355,0.00023382205892730055,0.3646370048525282,0.00020932120342448656
2018-11-08,0.306171211932818,0.34964645862007315,0.00015697027047178178,0.3485242085402295,0.00015083612833885411
2018-11-09,0.3701437924098695,0.3444015958358831,0.0001764136176572961,0.34474145360563485,0.00018252382957811315
2018-11-13,0.3629764654611537,0.34315455756912366,0.0003107748328545602,0.34450183859428835,0.00029218470700363594
2018-11-14,0.35021456411354285,0.3320552801200381,0.00033363384778775434,0.3333305939546109,0.0003419134247093701
2018-11-15,0.307763817618016,0.3237201218044862,0.00045395550207455324,0.3236437880923063,0.00041520463915180973
2018-11-16,0.21505875551408515,0.313212552446789,0.00046077490990219667,0.3073596164696813,0.0004275416305881162
2018-11-19,0.23312816086790458,0.29023829011691277,0.0005826607631643757,0.28583395542450657,0.0005464247642345889
2018-11-25,0.3549046155397036,0.3050401278782968,0.0011970833504430921,0.31297167641609497,0.0009478851278675976
2018-11-26,0.32997779982199604,0.30900572866037157,0.000867594146771631,0.31026031659290876,0.0007581460985419542
2018-11-27,0.30179982594331317,0.3021905973714507,0.0007254844938756985,0.30190611218459307,0.0006738142158380177
2018-11-28,0.2267882470570058,0.2965474973061688,0.0006408631802737284,0.2906014935087828,0.0005830716530972179
2018-12-01,0.3578230318126942,0.37605722796538155,0.00043729996206983736,0.37462230220537807,0.0004027948626395952
2018-12-02,0.30843405294288306,0.38927543573484213,0.0004055491103751217,0.38397711725124894,0.00036113139989422575
2018-12-03,0.3621751368645516,0.3918271424039492,0.0003115598088255283,0.390731533747891,0.00029306387002935784
2018-12-07,0.39131505342062994,0.3388465990054236,0.00024044890674154636,0.34001825618715514,0.00023567286010750017
2018-12-08,0.3344158128821502,0.3339689162122714,0.00029776484326348064,0.3334512384725278,0.000289872678469508
2018-12-09,0.29673207898321236,0.33408791844555685,0.00033264660868127604,0.3319628411587636,0.00032644012413399827
2018-12-13,0.38308473147228217,0.3878377385632196,0.0006057108884280883,0.3874535072355431,0.0005116180887984573
2018-12-14,0.29002336883137564,0.3638594829162596,0.0003423310025759429,0.3598202531674255,0.00031133592682785897
2018-12-15,0.35892082386012353,0.3830541083457683,0.00045746161998807953,0.3813561507336861,0.00042676409983697343
2018-12-19,0.3536350383895448,0.36164320668872185,0.0001813177311157668,0.3614933423327829,0.00017469644981022272
2018-12-20,0.33295613759695064,0.35399788454907344,0.00021621348713295356,0.3537522471854282,0.00019406121830951886
2018-12-21,0.34461182056358697,0.360817726395571,0.00025185769192073314,0.3599560376417439,0.00022691178327176
2018-12-25,0.389449345902028,0.35000513397544175,0.0001833662148072123,0.3510480862068511,0.00018063972222120508
2018-12-26,0.2685614722627176,0.3451626470470807,0.0003016859582496617,0.34249804530940425,0.00029023451086622194
2018-12-27,0.36271900293227166,0.3396897468085291,0.00031406702413649864,0.3401665570562025,0.00029522508082901414
2019-01-01,0.3079821695172224,0.3289923824509057,0.0004548200429766227,0.32800758162085414,0.0003911614863708531
2019-01-02,0.34268715138288747,0.3240591790549161,0.000539574126939069,0.3247230706762648,0.00048079657396587745
2019-01-07,0.30285248409747034,0.3166040325065484,0.000768247405542338,0.3132265525498839,0.0006751513286375443
2019-01-08,0.30916295821257167,0.31588514252538297,0.000621624686376236,0.3165543980014027,0.0005397976200729784
2019-01-12,0.3484923494012104,0.3143010364384358,0.0008071666346763834,0.31773949614111546,0.0006596677023822605
2019-01-13,0.3683161602099343,0.3175350212984631,0.0006803244393681785,0.3223652313821346,0.0005871611352757499
2019-01-14,0.3511372616880445,0.323670430774863,0.0006436777051301853,0.3260427889568351,0.0005619416200591697
2019-01-19,0.32071750922749914,0.35308215681841254,0.00035215410688747286,0.35138627665361605,0.0003671878605267285
2019-01-20,0.33821301828306544,0.3553200897179946,0.00030192832393652607,0.35544503813584766,0.00028233288749407513
2019-01-24,0.3339671890281082,0.3730165884781137,0.00021698927854616845,0.3715806696360099,0.0002036361572589398
2019-01-25,0.35476634260417544,0.3642700031246395,0.00019258125697473418,0.363978522055648,0.0001865483809014101
2019-01-26,0.3417860309752055,0.3571413542796135,0.00022335915196846975,0.35671194886533675,0.00021334467677658006
2019-01-27,0.35645120229706007,0.37551343417366423,0.0003377299665973675,0.3747889284749164,0.0003155133673052844
2019-01-30,0.3876385313166984,0.40851068530129175,0.0002948419313477671,0.4075995688114724,0.00028401136958250216
2019-02-01,0.33777584933583293,0.4237044402174621,0.00011623139839741184,0.42221129476610164,0.00011426530368128829
2019-02-05,0.40952484288901125,0.4089311353924651,0.0002355335857814994,0.4091416009692663,0.00023829102075846644
2019-02-07,0.3795540410837041,0.3788671942974356,0.00016968192219224363,0.37920559969455175,0.00016483733086613522
2019-02-08,0.38490015157957685,0.3666826663261262,0.00017832505680927965,0.3669595374278846,0.0001826398537696412
2019-02-11,0.3432286631636398,0.3559758376838865,0.00028180045465771476,0.35511283962425433,0.00026843380181493427
2019-02-17,0.33096640324018156,0.33096589975485047,0.0005186058902549962,0.329893620094903,0.00048759779648661477
2019-02-18,0.3047160261626813,0.3268416163931525,0.0004749300586267597,0.3250556160041971,0.0004731024938983697
2019-02-19,0.31844858580139906,0.3242658154458806,0.000490968060318324,0.3237180161335707,0.0004636672018263804
2019-02-23,0.29902824123184807,0.30978025973646106,0.000629663589745758,0.3092954653174979,0.0005757149097473318
2019-02-24,0.30317752439108986,0.30712553360509826,0.0006445916430925356,0.30664447855716487,0.0005323741045699012
2019-03-01,0.29254139026411735,0.294235105732786,0.0006585315852953587,0.2923635154422524,0.0005820175910835177
2019-03-02,0.30522827756485016,0.2923501773303548,0.0007093819228340628,0.29266344258036503,0.0006527669551262788
2019-03-04,0.30903219986743946,0.2918991981391347,0.0007270468406301742,0.29328216966177456,0.0006276817855160023
2019-03-07,0.33824933440975924,0.3178227685819481,0.000639679404947539,0.3187137504175802,0.000641666309857397
2019-03-08,0.30246858437415197,0.3205284284927994,0.0006171058380938934,0.3196282792130398,0.0006318621540769563
2019-03-09,0.32809196987345446,0.31272325346410473,0.0006305419823656004,0.31484755281292126,0.0006069103682301638
2019-03-13,0.38756102803770515,0.3386166662971082,0.0005199577029118298,0.3423300900365571,0.0004405004222428995
2019-03-14,0.36556682277172214,0.34910374511113906,0.00038281980209927134,0.34927357603379094,0.00036574092028731947
2019-03-15,0.3937102001276742,0.34286780594689403,0.00032171342106080986,0.34566611949617687,0.00030986059166404677
2019-03-16,0.34555223043769256,0.3351607101896038,0.0002820298304275316,0.3354891534698693,0.0002840950299574479
2019-03-19,0.29029044460111253,0.3473878981688568,0.0004591152616005882,0.34364544533509045,0.00042887039782271496
2019-03-20,0.27334339169102523,0.3310700694373401,0.0004436235748987582,0.3270381167941142,0.00042785371368577363
2019-03-25,0.31748809782289555,0.278059333798812,0.0008467794725198198,0.28272717047265206,0.0007049373694040943
2019-03-26,0.2760010045548103,0.2751438427603515,0.0007702246541360363,0.27684796346492413,0.0006054865134685318
2019-03-27,0.3246297751547483,0.27151155106775954,0.0006429795804818594,0.27592918245109366,0.0005951156662588499
2019-03-31,0.2776554675561143,0.24746177915895284,0.0008155998570978034,0.2515458303939822,0.0006965016227865299
2019-04-01,0.3988959398045267,0.2594008325285971,0.0006740604047890024,0.27347306963590723,0.0006090509957394301
2019-04-02,0.3572673001547933,0.28464152753128497,0.0007157410333379762,0.2918290114136071,0.0005625115529957496
2019-04-06,0.40670214289441514,0.37579578472347336,0.00059477272542274,0.3775337420529112,0.0005087892524399123
2019-04-07,0.3234209585470907,0.36692488418425334,0.0003208417278144095,0.36511352154575377,0.0002907524728218709
2019-04-08,0.4122429733410754,0.35945241928548266,0.00022338662274943918,0.36119057825626755,0.00021196621374297466
2019-04-09,0.2704140551797782,0.34529460193602574,0.00021174599649411232,0.3433226128578657,0.00020365401212106427
2019-04-12,0.30686601258258756,0.322166854350478,0.0003434672152944675,0.3216806289654201,0.00029405297458979753
2019-04-13,0.2605251769083834,0.30664864295203126,0.00037542856223639207,0.30447814684305535,0.0003616055688993629
2019-04-14,0.30331303206776,0.29447887520264177,0.00043769689726905875,0.2947967056989155,0.0003972800581045552
2019-04-18,0.2557422604824592,0.3127490273282843,0.0006595550006652278,0.3079795748321791,0.0005924027549537189
2019-04-19,0.2456359890625862,0.29563774653647223,0.0007243148197895198,0.29009056961598817,0.0007642386678637648
2019-04-20,0.36645179523415816,0.2767652624383288,0.0008764259431653112,0.2863784307467991,0.0008413682009317232
2019-04-21,0.27742753924751623,0.28014911860291053,0.0008805423297132611,0.28080352849517337,0.0007318303985461461
2019-04-24,0.37067568114250965,0.38257923457722465,0.00045852223218336265,0.38208705141379495,0.0004481751382618906
2019-04-25,0.40899544467781546,0.39508172051117035,0.0005201234337602099,0.396049029274709,0.000480101592554746
2019-04-26,0.38338798947680375,0.37663508427175446,0.0003076952329208417,0.37614295529274344,0.0002875878682426766
2019-04-30,0.28228737351775923,0.3044589225734263,0.0005595404260328784,0.3040282344262127,0.0004950751404656909
2019-05-01,0.3119038102527908,0.29001370126881904,0.0005578098923662935,0.29114717537026474,0.0005256723539988791
2019-05-02,0.32196355603432397,0.2844990532035382,0.0006807655039869475,0.2891849083788762,0.0005820440112119272
2019-05-03,0.3134238791074422,0.31098696425706024,0.0006965861581908721,0.3121740118843974,0.0005815976712020332
2019-05-07,0.4076608958341352,0.2710443931626804,0.0005983552414326103,0.28279596239287996,0.0006323017973087631
2019-05-08,0.3801497376751963,0.3062058453154784,0.0009054788363485214,0.3154143808553361,0.000808877810065822
2019-05-12,0.25815882717456523,0.29235633491792784,0.0008351313583355489,0.2876139735613467,0.0008035454162502209
2019-05-13,0.24146898104204975,0.2723576376670231,0.0009489534082067261,0.2684360573529979,0.0008452437033348812
2019-05-14,0.2946126756838036,0.2526477315077155,0.0009137472095567089,0.25876060867038725,0.0007108040173079486
2019-05-15,0.28222594650880584,0.24415180536305836,0.0008896364358733609,0.249766970712063,0.0006914286439071878
2019-05-18,0.3203491054854034,0.36145706060028504,0.00048035672216757545,0.35838492636123964,0.00046835494707371305
2019-05-19,0.35109600311854555,0.3717768707884639,0.00035532193331837194,0.37026695582514163,0.00033059563751751994
2019-05-25,0.36742750116126544,0.35483486745749465,0.00033375427110078295,0.35516787495906116,0.0003087174891085401
2019-05-26,0.3120860431685167,0.3386730849562356,0.0003670876763637793,0.33771516527833045,0.00035558042799910044
2019-05-30,0.2884159777138887,0.29462746005683593,0.0007876754402293588,0.2940879927165948,0.0007319502022853521
2019-05-31,0.23666862846746842,0.27011405826833956,0.0008859248388773509,0.26432539536797495,0.0007836697617137121
2019-06-01,0.3185917114082469,0.23967472561428302,0.0010078257535965868,0.25265876850165264,0.0008595468522541893
2019-06-05,0.39744044756995695,0.37384724973809474,0.0017662315796411533,0.38029734090443235,0.001416008345817581
2019-06-07,0.299750642302691,0.3345085466182765,0.0006854833077014448,0.33221955882767823,0.0006802277137263477
2019-06-08,0.21991502763058884,0.30793232484647437,0.00070345680124315,0.299962640185543,0.0006381497592214177
2019-06-11,0.3279324396895992,0.29173786899406823,0.0010210064248517797,0.296562496015143,0.0008795190052869171
2019-06-12,0.2797204532827959,0.28498737906456356,0.0010142632651745501,0.2835026551186435,0.0009076473594571282
2019-06-13,0.23631624568949747,0.25875257156131853,0.0010607910327772535,0.2565418667025646,0.0008878669064970064
2019-06-17,0.25921870866740604,0.2457344367701906,0.0015060947132209423,0.24770074073549161,0.0010690833665943518
2019-06-18,0.3221188816389982,0.2271036389492134,0.001128002510733199,0.24417034007556812,0.0011393096320084766
2019-06-19,0.314087498799007,0.2340947194899922,0.0011359299749853936,0.24641919845687177,0.0009389312591177295
2019-06-20,0.22201800627184837,0.27003658280064397,0.0012529026556420972,0.2631233304628069,0.0009882586266388679
2019-06-23,0.23982382870442565,0.24733440285204503,0.0011597647875654811,0.24756124489133494,0.0011015862442467282
2019-06-24,0.31915306605332916,0.22622366961536813,0.0009981953613024202,0.23740897306169295,0.000810384588027396
2019-06-25,0.3274612863600346,0.21862520219610748,0.0007874897707890844,0.2320765380102605,0.0006206311900618743
2019-06-29,0.35618584287672084,0.17911617021778156,0.0004098306425839663,0.18965524672470196,0.0003405712537016183
2019-06-30,0.38456575355841405,0.18272271496546477,0.0002961983836348129,0.1917039186583698,0.000274495243688646
2019-07-01,0.30553486833875326,0.1858856027235913,0.0002840341500975004,0.19070427437529325,0.000235364348245402
2019-07-02,0.20751282711205693,0.18891248724310475,0.00027557505641382957,0.19017835893804022,0.00026860549855722604
2019-07-05,0.2512322932850021,0.16657843204980063,0.00026286291035206575,0.17003259180096822,0.00025650734262850646
2019-07-06,0.2947113085199591,0.17340120482130306,0.0002672146913581226,0.17849880458314007,0.00026714497032504295
2019-07-07,0.37203741179545935,0.17655716482262376,0.00028161023197243574,0.1851470250077961,0.00024973876303809164
2019-07-11,0.31652521186726995,0.20412936687024413,0.0009257092339210951,0.2193403001674311,0.0007832313374182395
2019-07-12,0.32049321631241035,0.19816994050546666,0.0007190339333733894,0.21093286839180284,0.00066875293654092
2019-07-13,0.2176679399685208,0.1990010452196892,0.0005813752098465783,0.19969939586392577,0.0005618173528731314
2019-07-14,0.17994528808298807,0.18670194466239873,0.00043959035535959907,0.1870993151892667,0.00041432910634415913
2019-07-17,0.27538548040706057,0.1646117019502618,0.0003143557777897262,0.16964643632395354,0.00031519589348923377
2019-07-18,0.2723601620080469,0.16791894720841116,0.0003549575418320699,0.17311685355023443,0.00035014202777655374
2019-07-23,0.1867915224083898,0.15337443533807546,0.00018126870519678923,0.1545050581140178,0.00017343265193782957
2019-07-24,0.22019180278267006,0.15158657355304428,0.0001775585718907885,0.15335999385728122,0.00016386804879156715
2019-07-25,0.20540444563151677,0.1642455379221303,0.0002845274399246424,0.16573608252134206,0.00029255404422120373
2019-07-29,0.22683590183967112,0.26021077322709724,0.0017019632288322337,0.2506009480955304,0.0012760479081330512
2019-07-30,0.2936609676562736,0.2429591450518319,0.0010366136237862618,0.24954765189595673,0.0009394599508959049
2019-07-31,0.15515992288056038,0.23070359409354452,0.0009147487679029726,0.22130190943823014,0.000845704747843266
2019-08-04,0.2617420877781595,0.18580173627072102,0.00046783985236190713,0.19075372456871034,0.0004918286402282852
2019-08-05,0.26663817427540804,0.18124304750327092,0.0003544431687023038,0.18587196959180724,0.00035932762906039714
2019-08-06,0.277718265747561,0.1780426768394213,0.000338808278905288,0.18336515647947824,0.0003142493336495408
2019-08-07,0.28319768361538994,0.3318475580306918,0.002682454494358187,0.3145389886713279,0.00193071051648131
2019-08-10,0.3167790561759446,0.2930609511177256,0.001608095998109758,0.2984493641541084,0.00117192582316365
2019-08-11,0.3360241553589434,0.3523091890051531,0.0010949739268859458,0.34998462309891776,0.0008577060323525997
2019-08-12,0.2905211131428273,0.34284769655150654,0.0004369738901328321,0.33886178761035657,0.00039832667287528366
2019-08-16,0.2485928491194064,0.24988588998179082,0.0006594875497524562,0.25071896717162234,0.0005531868149962023
2019-08-17,0.20514752174030126,0.2285794476023288,0.0006725068070609571,0.22669133589421336,0.0005771178047191166
2019-08-18,0.2849420240250077,0.2751888235676887,0.001705361924888585,0.27695408922155784,0.0013716588373143932
2019-08-19,0.2048327314546982,0.264482276803791,0.0012367411323988072,0.25317324921053386,0.001108715636211008
2019-08-23,0.3162013380950226,0.21646362923513585,0.000987834489553646,0.23058065672398392,0.0008566340237906897
2019-08-24,0.28244752819374563,0.21237056921694233,0.0007683721088508154,0.2195987089076797,0.0006701171845327409
2019-08-28,0.2254128015325096,0.20279288211685617,0.0006018171276256177,0.2045838169709894,0.0005737687382144965
2019-08-29,0.2676725778666412,0.19446826449977198,0.0005487874647841281,0.20028265232725076,0.0005214233815626412
2019-08-30,0.2202520026525277,0.18994532059408414,0.0004007084827112153,0.19197481174280814,0.0003916442542289063
2019-08-31,0.19305431700154294,0.18669768232359818,0.00035330080168923385,0.18688862459788788,0.0003476717015125389
2019-09-03,0.153067483524925,0.17988298018735338,0.0003875661164938652,0.1783896909913497,0.0003515167711904791
2019-09-04,0.3766541071858383,0.17471426105143334,0.00033263146784974165,0.18494228159570106,0.0003369979146209954
2019-09-05,0.1496747478838268,0.18393677841352096,0.00035628710189633116,0.18237023233229485,0.00037304045118820485
2019-09-09,0.27409553706682227,0.17652244596385888,0.0004281607184791636,0.18238780620633313,0.0003781594299612999
2019-09-10,0.2740816753513883,0.20803444186962974,0.0005450548228670744,0.21314897650475004,0.0005412276180072394
2019-09-11,0.21054924829867822,0.20157309794128267,0.0004967301364780742,0.20181047839753657,0.0004541367994836625
2019-09-12,0.2832455476136945,0.19159823670247886,0.0004772632270311949,0.19938274336983813,0.00042026921548901
2019-09-15,0.26122547249806094,0.17828037870481375,0.00034947451016151525,0.1829216326312823,0.00033842909361896323
2019-09-16,0.2255293327374087,0.1801992734731414,0.00032019586429160037,0.1822844111156888,0.00030063938871544677
2019-09-21,0.2319371659244548,0.18534950381831763,0.0003721992297666677,0.1884664788525665,0.0003542578673107016
2019-09-22,0.32229217233714225,0.27976685654875144,0.0022632636835617755,0.28932047858722787,0.0016418899520796882
2019-09-23,0.38740405516858534,0.2708548779141632,0.0013917229559134436,0.2929366613446097,0.0011958289378738098
2019-09-27,0.2431617912804554,0.2812756293494134,0.0008144341835018543,0.2773869308572682,0.0006995151259349637
2019-09-28,0.36294106690778516,0.26451873188952585,0.0007813873398561454,0.2750984274001855,0.0006360316770175149
2019-09-29,0.23943515532197035,0.258923944889398,0.0006503562969635544,0.25781798216586027,0.000615358395278198
2019-10-03,0.24692575718664303,0.2455754084968275,0.0008128009930756959,0.24538929696524064,0.0007103144800791179
2019-10-04,0.36421384665450585,0.24223188387909583,0.0006787623684328972,0.2550099659286137,0.0006828120147317379
2019-10-05,0.19618502847240854,0.25112885512303235,0.000683411608627068,0.2451123344738692,0.000583200787724407
2019-10-06,0.24460269501127094,0.24388656315894913,0.0006586160941653415,0.2433131184397797,0.0005654875872548909
2019-10-09,0.30397634582702066,0.24091091359681996,0.0004900215607779335,0.24522304816140564,0.00044773496314387274
2019-10-10,0.25791663400527826,0.23784757765050465,0.00047772184381685966,0.23880130585316053,0.00039520075391130986
2019-10-11,0.27385101504664633,0.22764606468598983,0.00046326095687010215,0.23072780706865528,0.0004592206388100138
2019-10-15,0.27886744309197614,0.3800854661851597,0.0004787432488801532,0.3730580457266764,0.0004584846561551854
2019-10-16,0.2791406722745326,0.34732345870466247,0.0003328183591021711,0.3431330334950099,0.00031379925066675604
2019-10-17,0.35080969265815864,0.33483939768645166,0.0003763340121679266,0.3364276546863724,0.0003739624328463696
2019-10-18,0.3086904085123604,0.3513867967247393,0.0004286046032363262,0.3486349267865914,0.0003849034899307379
2019-10-21,0.35859144540770443,0.3390220346813825,0.0002829484956039235,0.34005098582108667,0.0002769990808536987
2019-10-22,0.33619481722108835,0.3830905639652195,0.00044398374469901134,0.3794519531786923,0.0003884038161082998
2019-10-23,0.3568426206235913,0.40652972106725827,0.00022205671255866498,0.40463400618500983,0.000220415940454019
2019-10-27,0.3703448740966679,0.3349114915186398,0.0002845525215253276,0.3366282933658827,0.00025670884274078695
2019-10-28,0.36645709290914663,0.32849295272857737,0.0003538079725532131,0.3308677130595983,0.00036451331371097426
2019-10-29,0.3153046261558307,0.31966922750321825,0.000456074967295416,0.3189657610702412,0.00042606967655657037
2019-10-30,0.28225558329494277,0.31596134783920776,0.0005337114466234979,0.3141156249468385,0.0004805411214916175
2019-11-02,0.3233025656660919,0.4107496258754209,0.00026969631571667794,0.40695513562156826,0.00027572073632912335
2019-11-03,0.3864204151719853,0.41420921464937427,0.00014017666287817365,0.4138232344221025,0.00012988297648124886
2019-11-04,0.3921925845308535,0.4153549212822519,0.00012569133546581516,0.41506912653382216,0.00011887910645078021
2019-11-08,0.42111410102973695,0.40513062232187197,0.0002765590726048557,0.405523501412411,0.0002714986987864134
2019-11-09,0.3621449723541421,0.38702954221287056,0.00024658939237739676,0.3863721051378274,0.00023409726043355708
2019-11-10,0.29632742808201656,0.37427188203332756,0.00017668494738763924,0.37209504602258553,0.00017493088308490954
2019-11-11,0.3729149337281975,0.3801121650998024,0.00021726377553244407,0.37985274361712257,0.00020790911755981268
2019-11-14,0.33501813464865526,0.3979045757604011,0.00038969370959882066,0.3947199153230471,0.00033194353450496044
2019-11-15,0.39240005390844507,0.4116423547107945,0.0002688590825555527,0.410919730907816,0.00023669014356022129
2019-11-16,0.38396263459221835,0.4137474987355506,0.0002302436309170019,0.41271312137246313,0.00023322049069041635
2019-11-20,0.33053103075422324,0.3629402990996409,0.00016932459591128396,0.3620195234480321,0.00015411452897484194
2019-11-21,0.3582968787187949,0.3593500779405987,0.00020587334459068221,0.35958682067314696,0.00019847047620540518
2019-11-22,0.32226571074057614,0.3645310755903989,0.00018671623125003585,0.36338210717550934,0.00018320810600297837
2019-11-23,0.41833481983518045,0.3832613805053715,0.00027257669188717,0.38460230636646364,0.0002677906863505239
2019-11-26,0.41659464424515424,0.3657958741777558,0.00015790127182225668,0.36707923631143197,0.00015876936269118284
2019-11-27,0.41230471471017643,0.37579213550284374,0.00016951034355476823,0.37669990755041666,0.00016909547632084604
2019-11-28,0.40579312486127234,0.38589027685402905,0.00023118096282788092,0.3865810281829408,0.00022661414970636401
2019-12-03,0.378800081158464,0.3601628834313653,0.00018640906092687654,0.3605240896314452,0.00018906046730487723
2019-12-04,0.39281849545104175,0.3568875859877019,0.0001670280956304007,0.3581031021776191,0.00015870018081424276
2019-12-05,0.32138145887429603,0.3562538028923369,0.00022463638487133373,0.35455772004490105,0.00022069905680000985
2019-12-08,0.34500563172342685,0.3757427975883747,0.0003234079314964096,0.3742345811293955,0.00030885748632986494
2019-12-09,0.3709437168702287,0.3833291544791255,0.0001952923829220126,0.3827126527891577,0.0001830827722305884
2019-12-10,0.36409424357976494,0.3685530346757159,0.00013562340859708423,0.36844207335467916,0.0001236967172249244
2019-12-14,0.3604207804013158,0.3922331343736375,0.00013286406533533006,0.3917628460768566,0.00012950965917151106
2019-12-15,0.38954849650776124,0.3728504828247403,0.0001301604326253057,0.37314480496164765,0.00011987370675584362
2019-12-16,0.41625005938459914,0.36499822981738655,0.00013814415659783272,0.36653712345152606,0.00013760039825127488
2019-12-17,0.3785841139062969,0.37115441937521654,0.00013213330810834376,0.37155420023888674,0.00013549847608435966
2019-12-20,0.35173700707638395,0.40290767405487105,0.0003153794382134677,0.4008793675369754,0.00031118673630703284
2019-12-21,0.3880702114877078,0.42355830801967087,0.00014362614931637916,0.42275746683577414,0.0001468582726970491
2019-12-22,0.4124145724226778,0.4274371147700338,0.00011185815187489246,0.4271553769676253,0.00010709034649734554
2019-12-23,0.41314726676731456,0.3989197567978922,0.00017166456365460704,0.3990044961195901,0.00017632334767657399
2019-12-26,0.3603888605282242,0.36454262258280473,0.00012101366637762971,0.3644175180328133,0.00011331906485460887
2019-12-27,0.3871692554226421,0.3615349222606715,0.00018080673858385116,0.3621001438992559,0.00018217607135956562
2019-12-28,0.35814016035171004,0.3595059367416294,0.00023879170660655576,0.35960376353265844,0.00023423342746962508
2019-12-29,0.3414836753433835,0.35737659167644353,0.0002566886623636408,0.35662000425687684,0.00026125390334749167
2020-01-01,0.3329163063627361,0.356300496387675,0.00021937451469602017,0.35560489793388134,0.0002187209262745788
2020-01-02,0.3565624260551157,0.35377288357844494,0.00020420525237860253,0.35381386328721065,0.000205167793391219
2020-01-03,0.38883690149615197,0.3540066141278103,0.0002359700215501783,0.3554165160651344,0.00022690776211325379
2020-01-04,0.3624175223979858,0.3532576064847713,0.0002281914891542511,0.35388779924855707,0.00021345862335375054
2020-01-07,0.31881477642878586,0.3515231901086571,0.0003111227539154779,0.34961812168015993,0.0002967908840230834
2020-01-08,0.3719832360328799,0.34895825468869934,0.0003309751113969698,0.34978067868875423,0.0003419122329797035
2020-01-09,0.39104147567711933,0.3578751546268879,0.000275519057313112,0.3588884018673754,0.0002613193603455217
2020-01-10,0.37405170043660113,0.36092653002709363,0.00022506354025055088,0.3609967868864041,0.00021001344978372656
2020-01-13,0.33950555487841766,0.349051456712097,0.00025810956773080493,0.34905634224127374,0.00024378757998527145
2020-01-14,0.3621042517846875,0.34667558473003834,0.0003227232527756355,0.34762642882906547,0.00033890843797042015
2020-01-15,0.3558680762931502,0.3454462972357828,0.0003091102095654111,0.34629173313542233,0.00029431401833642494
2020-01-16,0.3633108031141715,0.34311208989615993,0.00036276869131189387,0.34444396253849385,0.0003390493823072429
2020-01-19,0.28672368117176,0.36417568404862416,0.00013792056162071142,0.36245972375991853,0.00013842819616613982
2020-01-20,0.3625046814093761,0.35765584811645984,0.00014370188770225555,0.3577773424594975,0.0001458096780728259
2020-01-21,0.3212887208069656,0.3532575469165345,0.00019949377014439742,0.3523760918055473,0.00018725522178756707
2020-01-22,0.3877139693121767,0.39485448921807526,0.000423326358512368,0.395325859485762,0.0004076714253444262
2020-01-25,0.34881014340566685,0.3627846462602545,0.00013707038342991457,0.36230064234954945,0.00013208252965024692
2020-01-26,0.3569075550242706,0.3733980427563647,0.00024096424538232124,0.3728123623803091,0.0002186793321058054
2020-01-27,0.39845590033057215,0.36963451644527423,0.00014638989733433967,0.37012568355676057,0.00014298078565908617
2020-01-28,0.38581781299927703,0.37495213401329847,0.00015452733951250994,0.37514423526796753,0.00015544089344341066
2020-01-31,0.3972289414854815,0.3862830180509193,0.00017079216852130643,0.3863389461420104,0.00017210705807803016
2020-02-01,0.3624185434671441,0.3841379442487705,0.00016796409030025154,0.3836531048902277,0.00016011214848238203
2020-02-03,0.3802069900047536,0.3583861162154737,0.00016660410654569636,0.3591104036994285,0.0001602264828908983
2020-02-06,0.343000995715386,0.3463832308839848,0.0002412249778264228,0.34592406688849964,0.00022079442480408708
2020-02-07,0.3662363713677019,0.34314808135953734,0.00026819379661687,0.3438192574774137,0.00025139319831192974
2020-02-08,0.35376445752810537,0.3418426378033772,0.00029607557451675603,0.3418616534112751,0.0002824148729209684
2020-02-09,0.37780406917727516,0.3371136685466329,0.0003464720373202092,0.3388995110269101,0.00030919872433441157
2020-02-12,0.3675130376114968,0.35424397250837847,0.0002636573713488632,0.3547303490849846,0.00026917134096069307
2020-02-13,0.3552859133789138,0.34947879609091437,0.00027039867558502296,0.3492423644222125,0.000250648467736858
2020-02-14,0.32188411146753315,0.3436674301333658,0.00030498037101398483,0.3429561694819504,0.0002824758894432908
2020-02-15,0.3742986261152616,0.3371030058111877,0.000303996038953182,0.33876448996086944,0.0002985722845358331
2020-02-18,0.3502528275420611,0.3425399534587876,0.0003535195717203213,0.3430340515589667,0.0003258639543731906
2020-02-19,0.32828343580533603,0.3422510869326779,0.0003644307238046645,0.3405986068259276,0.0003385985815522409
2020-02-20,0.3179801677212714,0.33439491938659366,0.00036404591869621276,0.33340029006290406,0.00031960353864334895
2020-02-21,0.3816663308679843,0.3302269285488278,0.0002961560003578165,0.3325736164507744,0.0002709836017249023
2020-02-24,0.30953074235944145,0.32187810266424327,0.0003425397539811847,0.3211965728728212,0.0003305370394694066
2020-02-25,0.4058092334789314,0.3456636802483199,0.000431602077139132,0.34892320199747145,0.00040171802741867407
2020-02-26,0.3903965330034143,0.3621924139106429,0.0002503605953026397,0.3628695581235084,0.0002517861777194046
2020-02-27,0.40613213222525135,0.40211667522172073,0.00031419841194229615,0.40271986380068525,0.0003003879274409
2020-03-01,0.41836240116626133,0.38411869418741956,0.00022964419147767647,0.3855935565680634,0.00022162009588544632
2020-03-02,0.41892057272067607,0.4092709250794879,0.00026119230454978013,0.40939731959594483,0.0002419842483051884
2020-03-03,0.41504466758209196,0.4198719993941627,0.00013732840383414406,0.4194862243567767,0.00013054179897822348
2020-03-04,0.4111146499118639,0.40930154432337473,0.0002355926657681348,0.4095280051554518,0.00022365288397383501
2020-03-07,0.39147486050720326,0.38287268392332385,0.0001699067006822287,0.3832031473174735,0.00016254551980844777
2020-03-08,0.4191532717563505,0.37304792624489463,0.00016982875518970785,0.373748237842985,0.0001588835573250981
2020-03-09,0.3907801934218617,0.3743059258098584,0.00016116809363347486,0.37472493876709073,0.00015230400470485095
2020-03-10,0.36453978978827595,0.3690970241708466,0.0001658827571028713,0.3692837322872742,0.00016007395450234874
2020-03-13,0.3843845077163974,0.3601044473511081,0.00015655798454332728,0.36067249030931636,0.00016246446624061507
2020-03-14,0.3453826749656503,0.3509055564477833,0.00021853571190374416,0.3506614178590814,0.00020037042041166642
2020-03-15,0.3728201698919032,0.3537615447089093,0.00024550169965286106,0.354404271334532,0.00022981587622347336
2020-03-16,0.4181791897000155,0.3901227984498737,0.0003722221383270603,0.3928064346193239,0.0003162623207296537
2020-03-19,0.3603822290808447,0.3464425677223555,0.0002253438435432449,0.3474791476839304,0.00022333674665028864
2020-03-20,0.32926823942744904,0.33880471655144573,0.00027000825977162096,0.33852415856351314,0.0002685179893561533
2020-03-21,0.3336883937946498,0.33297416052752127,0.00037874674906232503,0.33339201723494677,0.0003550560214547936
2020-03-22,0.3662265160824839,0.3247812845432109,0.00045587722065475585,0.3279306815794971,0.000446578055121192
2020-03-26,0.3273601815086472,0.3430579502031609,0.0005577864209432689,0.3423868268683535,0.00046866526938748
2020-03-27,0.3566170579086865,0.3333368728651578,0.0004319144267821251,0.3353132141643993,0.0004143845969365447
2020-03-28,0.3536020688825677,0.3248284514656144,0.0004518098608910266,0.32642452471937683,0.0004276234968010744
2020-03-31,0.31967533277477134,0.3193060626140458,0.0005596635521895877,0.3193137470345146,0.0005092549897889985
2020-04-01,0.3421623774554865,0.3106618937062758,0.0004952797727724323,0.3132844464292272,0.00050356764306369
2020-04-02,0.29958784243246045,0.30834964665746184,0.0004897646031600499,0.30748893965238755,0.0004891468167923817
2020-04-03,0.30955232792565657,0.30088658127381934,0.0006189271439008164,0.30170420029383826,0.0005518825317400792
2020-04-06,0.30986828252518256,0.2799448135375864,0.0008583161650481917,0.28458083075354146,0.0006913182820531344
2020-04-07,0.31364486163829003,0.29155945590940685,0.0008035439782974582,0.29349989674939947,0.0007191070363936793
2020-04-08,0.2601585759367124,0.28619299825188305,0.0007443427983985766,0.28231059123415503,0.0006151085557052666
2020-04-09,0.3096267955804165,0.2739156688493775,0.000646010651331218,0.2765120031828369,0.000614495074142325
2020-04-12,0.3936169502096724,0.26172296823843005,0.0006621250588565747,0.27588633767463694,0.0006177603678957365
2020-04-13,0.3543545364387255,0.2830218661160239,0.0007781570202922767,0.29192622339034974,0.0007039635008625218
2020-04-14,0.24786749396511593,0.27968562988897366,0.0008144213543675545,0.2741236468761701,0.0007113649599473243
2020-04-15,0.25584375546704724,0.2638331303641565,0.0007248251622485089,0.2632204349872217,0.0006386588297025196
2020-04-18,0.39025966121323075,0.25779647410428824,0.0008778131349578436,0.2735402270078785,0.0007847157832828107
2020-04-19,0.4012351087390539,0.30542157573437123,0.0010227461565901225,0.3206247376551886,0.0008906868199791657
2020-04-20,0.34987698424028313,0.3516215012297684,0.0005574800581458832,0.3505469693964649,0.0005231755097028944
2020-04-21,0.4101534498799576,0.3995977439560413,0.0003869686831871197,0.39955144682548893,0.00035769522186175265
2020-04-24,0.3474111803294922,0.3340941015954729,0.0002764001093830736,0.33420731913248675,0.00027469314950879137
2020-04-25,0.35036345415357273,0.3241672224724617,0.00037943630358753546,0.32583886559357256,0.0003876362745655598
2020-04-26,0.3437366381138068,0.3255137134786685,0.0004879313047643164,0.32746626779589805,0.00043861529590018836
2020-04-27,0.39765901140485543,0.35845147587884685,0.000583201695714185,0.3610897856586101,0.0005515018268636339
2020-04-30,0.39108793117461127,0.36553083807137005,0.0002867086252150435,0.36645889892303307,0.0002956792947307673
2020-05-01,0.3798423621796471,0.38807380752525555,0.0003517102081303018,0.38792367219412605,0.00033857713542503854
2020-05-02,0.40903056736154514,0.3834283227834892,0.0003697701521771701,0.3841290527500651,0.0003367989981315792
2020-05-03,0.3588693375142735,0.3529975940213282,0.00020570153244704617,0.35319254305249426,0.00019013778144294442
2020-05-06,0.28759303115006757,0.3081749046321032,0.0005578098094990205,0.30603372646097127,0.0004709667336033028
2020-05-07,0.3262208732706213,0.2862068674804473,0.0005860420902030244,0.28926061385946805,0.000564132171121277
2020-05-08,0.2125296090869213,0.28107227043569816,0.0007857465212200976,0.2736702771125776,0.0007326997713194869
2020-05-09,0.2770758195898248,0.27271943357595624,0.0007627150439442085,0.27361620520840724,0.0006534005067481567
2020-05-12,0.40442341479517785,0.3860611310345542,0.00017978907981780799,0.38651115459368346,0.00016788766187655983
2020-05-13,0.39469250431719405,0.39881285698769303,0.00029332657064130786,0.3989048734441819,0.0002873942710968732
2020-05-14,0.40429032981729807,0.3873888136566533,0.0002849142340633049,0.388762354749597,0.00026624459953566504
2020-05-15,0.3745972332006312,0.3678382621583776,0.00016668463117330763,0.3682001996334182,0.00015910869455627638
2020-05-18,0.29041520171643265,0.31503032449259094,0.0003988728347955785,0.31383814050553943,0.00038386039931597116
2020-05-19,0.2415189849772984,0.29870835482177943,0.0006409385333860082,0.29371158613879855,0.000609094973584026
2020-05-20,0.30754071514383957,0.2764506116026743,0.0008304405663978263,0.2793796778603642,0.0007512009625833491
2020-05-21,0.3308573068492612,0.267170648788018,0.0008458094029136373,0.2740273834222441,0.0007592297479870071
2020-05-24,0.2750569114380071,0.2632840588098002,0.0010631244993358014,0.265158333077274,0.0009077382919996238
2020-05-25,0.3363558483440808,0.25143263084307527,0.0009795521806184103,0.26153566708858744,0.0008530089675110143
2020-05-26,0.21922587441094543,0.24761540201185286,0.0010843301575269818,0.24336349974099047,0.0009604538833601063
2020-05-27,0.2937876310483919,0.23030068004774246,0.0008863007960897939,0.23729454424704768,0.0008329729647384519
2020-05-30,0.30375405167133707,0.2053821692321919,0.0007212307103757654,0.21508722792270807,0.0006618284170916303
2020-05-31,0.31815809633617637,0.20588406900841644,0.0006160471185274037,0.2153206282635407,0.0005516796177973574
2020-06-01,0.15793615719225734,0.2875710529356274,0.0018165830122432527,0.25863904107079516,0.001271031950405818
2020-06-02,0.33974124590168253,0.24711849536083405,0.0013233907682984958,0.261127397239979,0.0011947570899444532
2020-06-05,0.31826309083452753,0.3004580482127552,0.001649265042201079,0.30490083570690957,0.0011746733596331256
2020-06-06,0.3462601190456284,0.31985066997275263,0.0008403569076817367,0.3230770475835721,0.0007003493609078497
2020-06-07,0.34461369127328345,0.3169396104694234,0.0006992405122476863,0.3200051201849783,0.0005700055482673796
2020-06-08,0.3801907697639197,0.35139379847668645,0.000602958583026418,0.3537211424571246,0.0005766944491578503
2020-06-11,0.37296466783033144,0.39456466776393107,0.0004575322622840166,0.3925414809457066,0.0004236261420350918
2020-06-12,0.3133059844928043,0.3547221054433268,0.0003118682051632058,0.35197836483169814,0.0003058803178167948
2020-06-13,0.3198596039091795,0.3390582678228789,0.0003638859184944741,0.33733641520147517,0.00034288385914468144
2020-06-14,0.29003204172863545,0.3198112196504281,0.0003750448362369347,0.31834660025415,0.00033382896008449887
2020-06-17,0.27006165295750195,0.3196744032062587,0.0006605053385168412,0.31562757051962576,0.0006735183824143633
2020-06-18,0.34452487190766035,0.3144726721246152,0.0008196032388328655,0.31940525382359236,0.0007060625768259283
2020-06-19,0.2903810874459641,0.29892799944336657,0.0008605508897305443,0.2981610215801861,0.0007735472589242091
2020-06-20,0.274395786003392,0.2796728338504821,0.0008755753603623558,0.2792793004297875,0.0008601426734837161
2020-06-23,0.2766212417422217,0.22955564822826777,0.0010809234382306032,0.23627436755409068,0.0008191569322208197
2020-06-24,0.24583079954554776,0.2156044334942891,0.0007451618177175891,0.21794621952839718,0.0007329564870121112
2020-06-25,0.29414050166558614,0.2186255571740249,0.0007384154792797931,0.22642338041718457,0.0006774472482115141
2020-06-26,0.34177950307759186,0.2496363999627156,0.0009170152275036599,0.261695033846253,0.00087776457424929
2020-06-29,0.21222349852245104,0.26347615271320013,0.0011895553385800992,0.25724278495739195,0.0009477624724687146
2020-06-30,0.3528076359037567,0.23756158715483233,0.0009331647302281658,0.2525293114938299,0.0007753945533310862
2020-07-01,0.3835057138340519,0.2387739121864143,0.0008378922670656291,0.25610410587377636,0.0007788932109753117
2020-07-02,0.2847288214988912,0.25247842869423137,0.0007459030536414146,0.25580260588617576,0.0006871881055109619
2020-07-05,0.3159082005358441,0.2109171805595345,0.0006860560711114584,0.22100071781512523,0.0006633058515154242
2020-07-06,0.29402021453895877,0.21532550013124382,0.000635245441489468,0.22128881487317034,0.0006164527641605334
2020-07-07,0.21695756542120143,0.207024122622636,0.0004792950373346455,0.20680258586108594,0.0004290655275860219
2020-07-08,0.22247286855900325,0.194127913688563,0.00037551230164586057,0.1955251044525962,0.0003398885209747021
2020-07-11,0.23888690746333216,0.1809235455029643,0.0003746517295868757,0.1839713176197638,0.0003268511073611872
2020-07-12,0.2469427548521192,0.17614820265223238,0.00030605220129297823,0.1790314163579654,0.0003092526793361315
2020-07-13,0.2416859174217236,0.17255022730846495,0.0002824554391171671,0.17568095388692492,0.000267694570985938
2020-07-14,0.1879253743821575,0.17195602695519882,0.0003113715341374589,0.1717251694636204,0.0002790786207173219
2020-07-17,0.23069511959083336,0.18550863247736693,0.00038594898274151615,0.18788590830852525,0.00037178234673109574
2020-07-18,0.2717953606525361,0.1778153758943617,0.00037171758275812364,0.18277479809071626,0.00033384639869048726
2020-07-20,0.2124228659436378,0.1666562335474546,0.00028988398376479614,0.16915619955539474,0.0002815818727169783
2020-07-23,0.24556464770882225,0.16970959895509172,0.0003263543815626765,0.17265929839711666,0.00030882076288553373
2020-07-24,0.2933651535329521,0.16953881903758516,0.0003527999072271338,0.175615518254262,0.0003571891789452514
2020-07-25,0.1994656003201753,0.16945322673241545,0.0003212280308050667,0.17137193159068143,0.0003137535415278201
2020-07-26,0.2402737071867543,0.17000799884075754,0.0003071019159137296,0.1734052417446766,0.0002822282618334249
2020-07-29,0.20174634364730074,0.16288819924414014,0.000259058434372513,0.16426236434901786,0.00026213471452149077
2020-07-30,0.1857468999828924,0.15984012500864245,0.00025733555203123477,0.16135142559593185,0.00023536842027509778
2020-07-31,0.19029820927743366,0.16280421654942173,0.00024770827051983854,0.16355119969924178,0.00024305993569097168
2020-08-01,0.20727551093926758,0.16252205928310925,0.00029505721737620145,0.16478621759970483,0.0002916148031769621
2020-08-04,0.14275260657322955,0.1654040789657319,0.00028805529150224477,0.1645739166737236,0.000290625005864598
2020-08-05,0.20295347032035194,0.15974089261748475,0.00025730349989238016,0.16173385918384414,0.000246599987039502
2020-08-06,0.18736612121065646,0.15434921191549072,0.0002534726089611829,0.15583059169459323,0.0002574194817389934
2020-08-07,0.2249311043073643,0.15400131464626154,0.00023714115570283402,0.15684178147516586,0.00023133477748263684
2020-08-10,0.11536285190362365,0.160974856983929,0.0001614564513118381,0.15976915526092608,0.00015602331074254905
2020-08-11,0.2187504397477081,0.16873202229986484,0.00019087956728615317,0.17026497455592346,0.00018289326070459834
2020-08-12,0.33487199105888277,0.20358401018106978,0.0006492157899009313,0.21424783352622925,0.0005704271194582344
2020-08-13,0.2804514963436556,0.22071788177978746,0.0005409085598428159,0.22488570492325402,0.0005377702309644778
2020-08-16,0.19184817563811474,0.2717326668108262,0.0018342610301711258,0.25180419432820766,0.0012475313342353034
2020-08-17,0.2575167375662176,0.23048527303244168,0.0011332047304146225,0.2352422305248715,0.0009278312460887158
2020-08-18,0.16383269202969183,0.22026375623680314,0.0008574488573409498,0.21303219907552642,0.0007261390668906383
2020-08-19,0.21228660033429012,0.19427151224044226,0.0006006585020990816,0.19451480061358337,0.000552792255646601
2020-08-22,0.21274875475504468,0.2900825353137126,0.0018508252376355132,0.2743203295258918,0.0013078412030040451
2020-08-23,0.2735760657513006,0.2571454591759376,0.0011992100043435611,0.2608265055808857,0.0009192884561089168
2020-08-24,0.12270036458780126,0.24077403924418342,0.0007654962421411177,0.22717893298312994,0.0007042679492582081
2020-08-25,0.15561751292404832,0.20722966393719416,0.0006455700508645833,0.20205008457829085,0.0006224176762761946
2020-08-28,0.3604987853140946,0.22138904197566384,0.0009562630185911561,0.2386636993302188,0.0008989096254932315
2020-08-29,0.25228066486016015,0.30906577963475595,0.001761576903918534,0.29834895875195727,0.0013267356464443613
2020-08-30,0.2555574657669083,0.2998184387325144,0.0011937144051669894,0.2914844787897881,0.0008902307348054278
2020-08-31,0.27327964798653254,0.272193484993846,0.0007603988100658746,0.27258673495294666,0.0006329715194041597
2020-09-03,0.23980778940994385,0.21886900623650352,0.0006485006841438772,0.22135599699728034,0.0005474431975270438
2020-09-04,0.13935967823027773,0.20459309423121244,0.00046283895130655494,0.20039260078932042,0.00044580045863348584
2020-09-05,0.14953939933626004,0.19174358638862554,0.00042070402039218045,0.18922875077909915,0.00037015354715876943
2020-09-06,0.2517812312923565,0.18559343906135262,0.00039797892839214,0.18989035907853538,0.00038135456041238597
2020-09-09,0.2691606711456228,0.17440245184744121,0.00036874513639641475,0.1803635269927632,0.00036255996495003647
2020-09-10,0.22448612310400812,0.17730476801479703,0.0004217565232511947,0.17987228804423924,0.0003976282976932889
2020-09-11,0.14693313709948647,0.1757129402126193,0.00047541661265004337,0.17381704534144377,0.00040212629220512836
2020-09-12,0.21174922933753973,0.16963852123380652,0.00038486184791126893,0.1723163683976916,0.0003297896332639087
2020-09-15,0.14495095766438787,0.16345234945993636,0.0003350895914180011,0.16251475166353344,0.00029678700960219276
2020-09-16,0.14197544336700912,0.16007905355131172,0.0003379612548735754,0.15925912219147734,0.0003138495055064189
2020-09-17,0.20013311457864386,0.15769187683431346,0.0002960262464137769,0.16010691948491312,0.00029361299251144744
2020-09-18,0.1473737385321216,0.16202699990489555,0.00030707141117681147,0.16190741794652555,0.00026917618494772926
2020-09-21,0.3829260738063154,0.29428337636721413,0.0023968367907268168,0.3168485851539776,0.0017436148003983163
2020-09-22,0.39187932968099504,0.3590011486908822,0.0010799893861214343,0.36536810821696597,0.0009201498494123947
2020-09-23,0.23529870488009613,0.3365397780585784,0.0005492877572523422,0.32941580002357546,0.0004849461767736445
2020-09-24,0.4028029512993586,0.3607962786645612,0.0005772753355625093,0.36461923121137246,0.0005372526208272551
2020-09-27,0.3007203068508307,0.3695944539717363,0.00016586744956884668,0.3677911970114718,0.00016846432823587861
2020-09-28,0.2566538726847973,0.3449136508348283,0.00020293978656230015,0.3424029777320864,0.00020482215170152156
2020-09-29,0.32133213358957013,0.3251751237690159,0.00028220914685480263,0.3247613034219693,0.00027505210398539904
2020-09-30,0.35740498824315414,0.30735741383951454,0.00039603340129384473,0.31035806749144973,0.0003814030904947812
2020-10-03,0.35110424811980245,0.4022613027849043,0.00025287175251702997,0.40057558036843255,0.0002444623911082667
2020-10-04,0.41806452954696144,0.3922217522048336,0.0002488138086691142,0.3930728615856055,0.00024029441484390407
2020-10-05,0.33809950912472475,0.36845958870923007,0.00017189658460591256,0.3672932966126527,0.0001606621461536183
2020-10-06,0.40642355285673454,0.404631426333658,0.000223954889395664,0.4046564061664181,0.00021850202658542142
2020-10-09,0.4224201235258366,0.3357780580787143,0.00025088818689507407,0.3393899713292935,0.0002318918213782726
2020-10-10,0.36769550818262237,0.32993552596572784,0.0003122102404781158,0.33158942273828756,0.0002760808789756747
2020-10-11,0.3018562336882275,0.33674627910634874,0.00032294952452353274,0.33523417724428695,0.00030188074961420115
2020-10-12,0.33520770936022587,0.3382501475095613,0.0003353480838045197,0.3381388976321796,0.0003320459438159448
2020-10-15,0.42150756499307207,0.36526804448057953,0.00024230239981762268,0.3669232192949984,0.0002338416621662521
2020-10-16,0.34256684207311516,0.3498404957160468,0.0002018426852321854,0.34983164952320317,0.00018953033578679958
2020-10-17,0.42387753711042647,0.33802180356738815,0.00023677390055216267,0.3405633193931849,0.0002177421140314523
2020-10-18,0.30977638291743403,0.33023656508988863,0.00030390742504275204,0.32892765302657795,0.00029608113722827585
2020-10-21,0.30811440628452524,0.31904561223540484,0.0005523289368208277,0.31676233125330766,0.000480701144788205
2020-10-22,0.3331740299177723,0.31527201408343486,0.0006043543125628157,0.31758220659218456,0.0004749910246963448
2020-10-23,0.32035411950945025,0.34935174837332994,0.0006106559049650752,0.347671489647669,0.0005403570964938664
2020-10-24,0.23955291313237748,0.3342621116602958,0.00046029819303198427,0.32819548671511517,0.0004455540503714504
2020-10-27,0.39169830001679806,0.3795287367090981,0.0003844982387259068,0.38014751726901913,0.0003452719399952426
2020-10-28,0.34963843087398333,0.3606450694485676,0.00022517616120505568,0.36003373459293525,0.0002196218528556638
2020-10-29,0.326827249384508,0.3483560307581434,0.00024438375088168813,0.34722914586397396,0.00023069926465191573
2020-10-30,0.2922359018461072,0.3372527462109162,0.0002490639185004033,0.3357821086515035,0.00022380677322691674
2020-11-02,0.386991244908688,0.31916072808641344,0.00047716525708241367,0.32334214610026457,0.0004989635698287897
2020-11-03,0.3423211166965107,0.33653343784983053,0.0005070773278842952,0.3368383074457208,0.0004369573139552404
2020-11-04,0.2483574760016184,0.3305888616213582,0.00043982615491689755,0.3241024285501621,0.0003726980648127852
2020-11-05,0.3425529146762293,0.3167263321276081,0.0004683762698878055,0.3180157794595124,0.00043454146115748924
2020-11-08,0.4202228692843403,0.32867078801090477,0.0005755143991451191,0.3366419172151977,0.0005073254303114605
2020-11-09,0.3476895594261502,0.34561115725974206,0.0005380332326778203,0.346052793364823,0.0005291575761618183
2020-11-10,0.336773754732255,0.3567281197582963,0.0004806960242856744,0.35619248983267726,0.000451481365938532
2020-11-11,0.3032983887000052,0.34665223832707526,0.00047935532130822676,0.3431551100027439,0.0004366386898129946
2020-11-14,0.3635413983818836,0.3229345475227353,0.0005360950003061265,0.3256512666093514,0.00045127951454652113
2020-11-15,0.4138846439836351,0.37838968031481834,0.0006158775255292183,0.3821527624898097,0.0005293588410808658
2020-11-16,0.284164190177577,0.36449241930807774,0.00032584491430177334,0.3604996008399332,0.00029963043877459603
2020-11-17,0.3556875813886582,0.35002951596329934,0.00035094448863142797,0.35070471585222984,0.00032636706081251766
2020-11-20,0.3501041085730777,0.33754469819353006,0.0004335244885156403,0.33756262739486753,0.00041395290891239005
2020-11-21,0.2865816293835068,0.33301221293467315,0.0005148928370967231,0.32924458976333354,0.00047005807844630905
2020-11-22,0.2926407594769861,0.3246128148665521,0.0005397535877774949,0.32214794198544316,0.0004954944505884061
2020-11-23,0.2872604554007384,0.318320754914436,0.0005760637514642988,0.31563977037577534,0.00051889937005926
2020-11-26,0.3029796612521678,0.3061723690604959,0.0006319221280152338,0.30540285837553094,0.0005682699612472405
2020-11-27,0.39305605376167174,0.3046041298199345,0.0005442331119248869,0.310200663854839,0.0005438175243847752
2020-11-28,0.37332029600022765,0.3092768486481657,0.0006186066550985105,0.314375180912494,0.0006385131329640435
2020-11-29,0.34366198110347296,0.309782641039614,0.0006303401743827687,0.31234036840268076,0.0005613743534378194
2020-12-02,0.3416732989060025,0.3256662339963906,0.0007050602225443115,0.3265576789947868,0.0005923323232349341
2020-12-03,0.397873029247706,0.34668749679037025,0.0005019270049123988,0.35030040373410304,0.0004374359012928992
2020-12-04,0.3959135216180309,0.37103986380172366,0.00039192998309635785,0.372900094339693,0.00033818389215394033
2020-12-08,0.3883044047590276,0.38969292877974454,0.00028752492396862524,0.38994692333045483,0.000261973233738774
2020-12-09,0.417818972166112,0.37746401338582186,0.00020593556477957768,0.378995395573655,0.00019682582538253925
2020-12-10,0.4026151613185555,0.4143753304522543,0.00023210878956797607,0.4139509173736894,0.00021439179498763323
2020-12-11,0.4122384100000447,0.41919610257147133,0.00016637737819091372,0.4188756101407013,0.0001614755709123138
2020-12-14,0.4000660688427243,0.36798846041639316,0.0001600864106896469,0.3686949697780081,0.000154331361736576
2020-12-15,0.38555670494947186,0.3847120554823104,0.00034455456894770265,0.3847892636687458,0.00034699335666886873
2020-12-16,0.3863443974545919,0.3714537615518114,0.00018036885352225583,0.37230097569136844,0.0001842884486587183
2020-12-17,0.3721600852942541,0.3627854712197934,0.00016478198290845324,0.3629754614264467,0.00015645244728399347
2020-12-20,0.37123616471132453,0.37120997290288593,0.0002273639856611395,0.37175048048900516,0.00022556172412467593
2020-12-21,0.3687597415018696,0.371732171078785,0.0001662229799333633,0.3715261657148453,0.0001549008766550565
2020-12-22,0.3364631071825219,0.36301147945185563,0.0001649315849030142,0.3625551062932358,0.0001584388323891692
2020-12-23,0.4133284175154583,0.3630117146389836,0.00018524432241366425,0.36479636215403227,0.0001869602194725976
2020-12-26,0.3307343504040136,0.3606643873162024,0.00014516539503189906,0.36011419818770024,0.0001481615459935505
2020-12-27,0.4145978298942666,0.40176339387675547,0.00039532502617226046,0.4023327595751581,0.00035052831784076143
2020-12-28,0.4154086777989196,0.4239482537359118,0.000135926733701436,0.4239284707797553,0.00013590104953015898
2020-12-29,0.40695145469718186,0.39605762300185615,0.0001585719871080159,0.39627393974001174,0.000153333907936946
2021-01-13,0.34751543341225194,0.3554121215618866,0.00021627699045024949,0.35521027122789356,0.000211134776100254
2021-01-14,0.3192757471183819,0.3649269721168654,0.00021896047341239263,0.36359403864200585,0.00020397220379135274
2021-01-15,0.3405778963364888,0.3613562646537875,0.0002186810303065427,0.3610070722763078,0.00021193364267539622
2021-01-19,0.3692360364610776,0.3568670138969852,0.00015751610670218906,0.35696974226275835,0.0001598987544421741
2021-01-20,0.3341758581125139,0.3528619180205709,0.0001912107619657474,0.3522719885396803,0.00018932494129875933
2021-01-21,0.3296382437732555,0.36868969114576833,0.00024607351303150473,0.3673571390800792,0.00024466865999579925
2021-01-22,0.37759685621966105,0.3934212235663149,0.000436594359842771,0.3919145753187132,0.0004270389564865894
2021-01-26,0.38036601781613527,0.38647877404087366,0.00015808091084742776,0.38645245637097875,0.00014467810481961344
2021-01-27,0.4135723006830487,0.3881799844671507,0.00017246439296615473,0.38862009003925485,0.000162971695978883
2021-01-28,0.3993216914953652,0.38122349256550714,0.00014963036306005873,0.3815486745901521,0.00014434182368661092
2021-02-01,0.39523880600408146,0.42466328613864585,8.545524813775958e-05,0.42438025331851065,8.453774433201313e-05
2021-02-02,0.4020106502703172,0.3987383556328522,0.00012491308119772006,0.3987495765814763,0.0001225040506860964
2021-02-03,0.4106590487006701,0.3801554379348614,0.00015391345799051714,0.3808390206427332,0.0001535249662291561
2021-02-06,0.3964468283635715,0.3956484938733534,0.0003154993955432227,0.39517915079430926,0.0003073435894142351
2021-02-07,0.3652889625295081,0.3864178510690072,0.00021121906145403287,0.3856038757696266,0.00019559145477908053
2021-02-08,0.400357510710528,0.41048266052172805,0.0002656394514548145,0.41016871576068675,0.00025086358197822764
2021-02-09,0.41254630671617065,0.4051210121853886,0.000230027081570676,0.4057823835292986,0.00021457827729567383
2021-02-13,0.34700876795924657,0.3761487428706624,0.00017316580098818049,0.375445644136631,0.00017284502109032727
2021-02-14,0.38426032317443964,0.3656579323159141,0.00014330365113366755,0.3662241933571441,0.00014425911963012456
2021-02-15,0.39521306405910717,0.3598887135799267,0.0001183246739607268,0.360659661901316,0.0001178735804177389
2021-02-18,0.368736226398162,0.35323270829918324,0.0002701060298248209,0.35405857321473777,0.000266383668459254
2021-02-19,0.3445717316561006,0.348782441947313,0.00030408179358422545,0.3487566081317416,0.0002936331680293511
2021-02-20,0.37802216670081434,0.3434761500239861,0.0002648067742202366,0.34554296696810566,0.0002588473755925526
2021-02-21,0.3742529497779766,0.3425947157632611,0.0002716974178617034,0.34363525729318356,0.0002653627070346577
2021-02-24,0.3700071071487277,0.3380015758815928,0.0003509043561533427,0.33948546132138796,0.00032409134393038546
2021-02-25,0.40977970530877095,0.3349383781614006,0.0004191361756838624,0.3392725330470616,0.00039038366618279936
2021-02-26,0.29739034556620003,0.33537860741374914,0.000408296749300557,0.33317651929641984,0.00040819308397464066
2021-02-27,0.35697251216423015,0.3280899584442234,0.00043156865171920677,0.32964533341613894,0.0004254148296103566
2021-03-02,0.319094626063909,0.3199987031958715,0.0006520203791335066,0.3195515512802913,0.0006232277425945997
2021-03-03,0.3742111400757488,0.316222012096003,0.0006545162409797057,0.3207151914786245,0.0005626953856714109
2021-03-04,0.3538187847458048,0.31812795537201455,0.0005706763819157291,0.3210548859544147,0.0004772869409453361
2021-03-05,0.3488678868859921,0.3199107846263983,0.0005148212286732669,0.32217785123271886,0.0004499964056832882
2021-03-08,0.3097029759530847,0.33715350604556826,0.0006341596406434836,0.3351247694162333,0.0005510431920100539
2021-03-09,0.3007485401382046,0.32940472946607113,0.000483853181607493,0.3275670754138657,0.0004037933396549319
2021-03-10,0.32737359292164747,0.32162376293043843,0.0004705200081988706,0.32204289307090966,0.0004411794170282956
2021-03-11,0.35070859207364774,0.32971441160051446,0.0005826413388993958,0.33105699659140747,0.0005138811990147951
2021-03-14,0.3433422184771588,0.3509517765374859,0.0003363254790927692,0.35074790657091404,0.0003136241203400544
2021-03-15,0.35106567929401317,0.35235162934219133,0.00027272168176220633,0.3527735400355677,0.0002721984717130384
2021-03-16,0.3758102880435516,0.3477783836169195,0.00024393882284273128,0.3488289488397696,0.00023868525134354627
2021-03-17,0.319711167722004,0.3479092828805528,0.00024779927635350675,0.3467244923014235,0.00022866279481385712
2021-03-20,0.3213697742975996,0.35055420661263026,0.00026142615885065554,0.34938962053027206,0.00025263624434093663
2021-03-21,0.32148715891847485,0.3386622409483053,0.00032559456655391214,0.33653875596601296,0.00030829837969146136
2021-03-22,0.3337205413510498,0.3285839337237196,0.00040614554394825336,0.32895595122859417,0.00035697940556418987
2021-03-23,0.30154409799878995,0.3190865503250623,0.00045337301894099593,0.3180883398979355,0.00041367571416888306
2021-03-26,0.30579492500249117,0.3036650048824521,0.00041726755928789326,0.30432937183824454,0.0003997152642504314
2021-03-27,0.32060174389496426,0.30168005477394755,0.00048807592320984617,0.30335744201157433,0.0004309814605132411
2021-03-28,0.3431128470746261,0.29408056211176686,0.0005293283250967673,0.2986440832850036,0.0004830060111654715
2021-03-29,0.2968893119131311,0.29009135754441545,0.000523943871104285,0.2908730127994162,0.0005033478021816587
2021-04-01,0.27162002388397655,0.26434541091303376,0.000652118472615543,0.2649394564100179,0.0005779607053645056
2021-04-02,0.3221170347184833,0.2572510793325585,0.0005671480824747645,0.2626555187004722,0.000552250434948924
2021-04-03,0.3188168573074531,0.25805571023489277,0.0006890884949612028,0.2628805405509745,0.0006480538292384168
2021-04-04,0.27119264545721183,0.2581572192596219,0.0007084879349391394,0.26055024791083314,0.0006377386589761733
2021-04-07,0.26143514291328696,0.25608144346136213,0.0008896864475712433,0.2565090111571211,0.000775626168809564
2021-04-08,0.28238264861543505,0.24742410153936412,0.0008234659301765212,0.25157703588629454,0.0007507960116042132
2021-04-09,0.366329688448382,0.27192801998243854,0.0010697876198417396,0.28514907798290173,0.0010502004963109258
2021-04-10,0.30726025499927384,0.2786986485635275,0.0009152772663870845,0.2807642468200614,0.0008136218533829719
2021-04-13,0.2507468774026283,0.29921303285102424,0.0009412594416207428,0.29232495306139095,0.000861122576662389
2021-04-14,0.24889858281916424,0.28235664939029337,0.0009312848477315193,0.27914868528125203,0.000863670048172927
2021-04-15,0.24786749396511593,0.27070339295157775,0.0008708140064474114,0.26809790785914667,0.0008773936022267825
2021-04-16,0.24518011412101925,0.2608054597601394,0.0009052240760575587,0.2585031094821366,0.0008256695392364763
2021-04-19,0.26276701614055076,0.23242152128096852,0.0008859151572703491,0.23516279866968282,0.0007082039311761415
2021-04-20,0.28735297223213463,0.23034598413294585,0.0007149090185572762,0.23629660141182007,0.000619508286872862
2021-04-21,0.28363526569058733,0.23055550588473564,0.0005882627282844768,0.23413360361348468,0.0005167129766186341
2021-04-22,0.2794634159111683,0.226663070886047,0.0006040372184520036,0.23154278539430298,0.0005347064624342118
2021-04-25,0.3332412619313682,0.20486728105481092,0.0005210061633710821,0.2149016676819143,0.00048495994602861816
2021-04-26,0.39449815810114874,0.28294164184968545,0.00173661159295143,0.3067914688113451,0.0013460591077345968
2021-04-27,0.31329545585006213,0.3110635470045373,0.0009559793057899629,0.3108528142910351,0.000841892526797339
2021-04-28,0.3548227637765253,0.30473039058490015,0.0006852174946465288,0.3091528195372386,0.0005989184102759634
2021-05-01,0.32087452199706007,0.3555708694037127,0.0006850812358873153,0.3512517571698346,0.0006385537364493959
2021-05-02,0.24432532390798045,0.3285616642044426,0.0005442366794963663,0.322686990454065,0.00046925222426185765
2021-05-03,0.24728881054795415,0.3028787793055277,0.0005922624741325937,0.2981998046066295,0.0005200021427194784
2021-05-04,0.2875714774221628,0.28034179802603004,0.0005451976968084143,0.28108810758054,0.0004370338249115115
2021-05-07,0.3308476884883311,0.306172782705181,0.0008404460709164215,0.308213051541636,0.0007217666085314333
2021-05-08,0.3127543967758782,0.28204483012062587,0.0007802393384188491,0.28642225854441283,0.0006675272613883441
2021-05-09,0.3764819346992648,0.33037285307083275,0.0011607430973509683,0.33763442747957617,0.0008849910699600839
2021-05-10,0.37220596883564405,0.33022942226317864,0.0006957830897988714,0.3341389360859122,0.0006241639819826034
2021-05-13,0.40442341479517785,0.36513345530993246,0.00040698749572407934,0.36803713808152994,0.0003925135387127057
2021-05-14,0.40457384197614443,0.3526785945467276,0.0002608796970263064,0.35509557173496703,0.0002637663369896706
2021-05-15,0.40429032981729807,0.3864322666880402,0.00048554717919075015,0.3870954226836,0.00046800766569406226
2021-05-16,0.3624494393261317,0.38041061836014967,0.0003468601489295197,0.3794295340646455,0.00031804726832643454
2021-05-19,0.337100082278149,0.32697205297024984,0.0002675524645672335,0.32741778125883686,0.000255936954493426
2021-05-20,0.25871439962949316,0.3068931642599117,0.0003845504403509662,0.3037245776524,0.00037661664096467183
2021-05-21,0.3741013605806113,0.32372677712380615,0.0006686801444373156,0.3282138007473957,0.00062211339322265
2021-05-22,0.3312825272246119,0.3162033802728495,0.0005928535353777926,0.3161556673037596,0.0005421894494805327
2021-05-25,0.2500522374132317,0.2799120036600346,0.0009696127920783841,0.2761943433160063,0.0007488357446169881
2021-05-26,0.21803045586704906,0.2580728206130532,0.0008033067466895038,0.25519084762736494,0.0006117830638797963
2021-05-27,0.24275210823428897,0.23553530980566176,0.0007892324083133579,0.237824997453516,0.0007219161554500625
2021-05-28,0.25541979841994117,0.22082700265128666,0.0007019896647652784,0.22527380304998204,0.0006255571009147699
2021-05-31,0.30826397557043556,0.2183691511300842,0.0008598826839503844,0.22932564924597504,0.000708830878301059
2021-06-01,0.34935566891323977,0.23866304291615223,0.0007916051177460102,0.25083847654653757,0.0007721570749923986
2021-06-02,0.22685738894369542,0.23859233398069105,0.000785544411804884,0.23638515764210066,0.000629240721635866
2021-06-03,0.2610882572315244,0.2249369625487116,0.0006295266228613901,0.22773873838769534,0.0005291228243578443
2021-06-06,0.23010255226753837,0.3000597471011315,0.00103201866399209,0.28972981792661584,0.0008990202637717858
2021-06-07,0.2918271487252553,0.2718680586384411,0.0008660816467227252,0.27493300624678585,0.0007914208950521688
2021-06-08,0.1438099118750631,0.2502989167557286,0.0008283712740304428,0.2378501068681601,0.0007136319171986559
2021-06-09,0.30091527115542954,0.21766869999091137,0.0006566769010359988,0.2255635213857988,0.0006197706561966517
2021-06-12,0.21981277354534123,0.1917906045695728,0.0005958739706149297,0.19499707842679237,0.0005077653550429706
2021-06-13,0.39798467627284184,0.1835778973217784,0.0004561553773730353,0.19787800059733837,0.0004054020324195006
2021-06-14,0.3551063443378818,0.18363987448928562,0.00035030000651825567,0.19289315152271347,0.0003256841706104773
2021-06-15,0.25319100081141205,0.18548265024773966,0.00034236950764407096,0.1883822087605685,0.0003237810436309843
2021-06-18,0.19148251492412527,0.2822985761685193,0.0022463471171106906,0.2605062740319599,0.001649026698744048
2021-06-19,0.3917565058875562,0.32151028056124353,0.0019057845250479541,0.33767915577093205,0.0011451527623522115
2021-06-20,0.27382445701987934,0.32575854043785735,0.0008005352531094716,0.32134849472753574,0.0006543661926589542
2021-06-21,0.3874512340364584,0.3235585089209985,0.00068516318912049,0.32916295933770257,0.0006357331987667775
2021-06-24,0.2713513906625341,0.3127145953631847,0.0006924556350342956,0.30775212887006526,0.0006895971271729586
2021-06-25,0.15278713603833788,0.2839021544171389,0.000834892349726704,0.2663172495794654,0.0007907255303102403
2021-06-26,0.2249807804515373,0.35307735357791886,0.0012298905754558572,0.33248207750595105,0.0010310602269122462
2021-06-27,0.2936811267202756,0.37923285865482215,0.0005452261884267667,0.3732870385437067,0.0004733172351522047
2021-06-30,0.2260437656689676,0.32625762903565525,0.0003408356935070512,0.32000422592437927,0.00029088904079001016
2021-07-01,0.2419278341538315,0.29211229475473294,0.0004609729124633236,0.28895119953195186,0.00043647955253027775
2021-07-02,0.2831531023786331,0.2634381011069685,0.000549064936164561,0.2644139237624609,0.0004832309992165974
2021-07-06,0.36162052914720016,0.30623228158606985,0.0009402625893160685,0.31324467612384205,0.0008281745636890251
2021-07-07,0.31832727482392104,0.34413219118736393,0.000759399348359799,0.3410753790693852,0.0006512959994865485
2021-07-08,0.22938870941800282,0.3252442395967952,0.0006248129888461244,0.31582852097484365,0.0005687034514514721
2021-07-09,0.19652594119080818,0.29163778376436544,0.0007621537854869614,0.28412256705350264,0.000710200220410583
2021-07-12,0.36582473110298586,0.2661643560287368,0.0015336412722322039,0.28471107007404034,0.0012899562734374618
2021-07-13,0.31614109876823,0.3100414316665019,0.001354126516210394,0.31120562627293646,0.001221741218883814
2021-07-14,0.36635475247103855,0.31181642753982497,0.001128193216444538,0.32168789225284655,0.0009801755694679034
2021-07-15,0.31570072654244963,0.3042875408216409,0.001057079534930095,0.30433677314552554,0.0009422942409530542
2021-07-18,0.16535388148085883,0.2360705812658307,0.0009366887163712854,0.22673769863498755,0.0008564228150318593
2021-07-19,0.23335848270617449,0.20795813031356872,0.0006665398959394711,0.20967519650080807,0.0006164594721749338
2021-07-20,0.21232398729504506,0.19380247938873932,0.0005216738880389404,0.1963138984485596,0.0004615340221023324
2021-07-21,0.14597975849331268,0.1865235286482241,0.0004169810380291865,0.18359386054620447,0.00037492087073966597
2021-07-24,0.20054684381928972,0.2631141026675138,0.0018272492189768058,0.24854615685865544,0.0011798373604576214
2021-07-25,0.2668807738801918,0.23352424971845942,0.0010850539604814586,0.2396288572949497,0.0008790508483646818
2021-07-26,0.22608818068699113,0.23044511405665502,0.0007633525021827856,0.22956530344508339,0.000678019108633939
2021-07-27,0.21742852818504402,0.234572063598448,0.0007940045263422246,0.2321813977312301,0.0006478014541744204
2021-07-30,0.1642225184462218,0.21462494712241195,0.0006313724868709944,0.20890576971038352,0.0005862325972821931
2021-07-31,0.32652227213246593,0.2521975949401172,0.001407327793649024,0.26413160351930487,0.0011933220488264341
2021-08-01,0.3237762970270539,0.28726504776988365,0.001464902446277889,0.2940827445664004,0.0010979705824357212
2021-08-02,0.2477016345199904,0.275187117518432,0.0009475211324049488,0.27173095774539563,0.000762789393686225
2021-08-05,0.18783468102031117,0.31055843130215743,0.0010814330883273833,0.29279583023696126,0.0009210684912808759
2021-08-06,0.2781695412626697,0.27353049021499115,0.000981276402811937,0.2713227737133755,0.0008915285886781489
2021-08-07,0.28708293670503177,0.2899778266476914,0.0011690531840330243,0.28637659193636894,0.0009803299148577022
2021-08-08,0.22421451186514418,0.26645322214884964,0.0010353970898301053,0.2604882803682629,0.0009104777240375999
2021-08-11,0.24221191650552876,0.20336976300866116,0.0008044174807508756,0.20863305539798346,0.0007701814152230438
2021-08-12,0.22164639525807028,0.25471102252688094,0.001663499115403581,0.24738293223401261,0.0011982840716160412
2021-08-13,0.19882536645879362,0.22807332815951542,0.001074875086800347,0.22295130265964447,0.0009127240447782339
2021-08-14,0.211413313608132,0.20605263659330894,0.000719063971306502,0.2056682545347659,0.000591204221281378
2021-08-17,0.12686019060217094,0.18787922232558502,0.00040803352562536623,0.18430166863581196,0.0003618920286324848
2021-08-18,0.15501058289459968,0.17958205919093345,0.0004153506670725717,0.17825055411740906,0.00037761552050681455
2021-08-19,0.20109399084216023,0.1773569038058685,0.00037917886335128926,0.17818231426890893,0.00035579654197317583
2021-08-20,0.2507332543394055,0.17066551995259613,0.00034374681732426347,0.17537036835029082,0.00032607613925395116
2021-08-23,0.2520596672421736,0.1707625638793145,0.0003105465505144723,0.17480028591271535,0.00030074695790799675
2021-08-24,0.20452095705070647,0.1712855906967605,0.00029436975647332604,0.17338810477552197,0.0002966341202973022
2021-08-25,0.2908197085703006,0.1668838323426225,0.00027212079671199097,0.17190711463131036,0.0002473369747563254
2021-08-26,0.13437562207308368,0.1675241002410835,0.00023133387498023013,0.1663234065700259,0.00020875970642020145
2021-08-29,0.12598868692408693,0.16034868652936715,0.00021252624774004627,0.15940652327103774,0.00021121312578841346
2021-08-30,0.18583411602268787,0.15869005696599733,0.0001923638724213735,0.1593396228215489,0.00017652139132037298
2021-08-31,0.1815950905967823,0.15780043740233343,0.00018586156348810245,0.15814617984326668,0.00016981343030277876
2021-09-01,0.18451378535285215,0.17236028339309917,0.00024299739005665002,0.17247899344180218,0.00023771935887084402
2021-09-04,0.3766541071858383,0.19117173743800475,0.0003857142082942624,0.2014333471073072,0.0003557479418913076
2021-09-05,0.26299774469582793,0.18956696735881898,0.00039421108434335977,0.19391344682867345,0.0003768762394507092
2021-09-06,0.30523639828891297,0.18389474378827578,0.00036521674011614775,0.1914065075309695,0.0003277010764255352
2021-09-07,0.19466147959834004,0.1834494094769013,0.00029807502929457677,0.18418742179611808,0.00028456691061553023
2021-09-10,0.2668307459311476,0.3854197049160591,0.0003991821755731387,0.37818602148913166,0.0003537391300535894
2021-09-11,0.3328332037637161,0.3423551722393347,0.00023490743033845302,0.34219973140254145,0.00023721451764496468
2021-09-12,0.2854263663715046,0.31757116237464433,0.0003768862757141343,0.31556474531704726,0.0003380081982784511
2021-09-13,0.16610680114707696,0.30284809804007795,0.0004924320522236894,0.29298652952461773,0.0004786915914782344
2021-09-16,0.35223883076426854,0.31244560622393797,0.000713637139998291,0.3155493839337882,0.0006937453884728631
2021-09-17,0.3395900712072852,0.300973450208725,0.0006988790169834691,0.30559390486198557,0.0005321929680761238
2021-09-18,0.39575288274658765,0.37467020185145683,0.000818929505984501,0.37764184222067954,0.0007462155351081337
2021-09-19,0.29147203689190804,0.34997359284254687,0.00035470646507442357,0.34668251142955797,0.0003510092612052151
2021-09-22,0.23718733938657693,0.3279005471800465,0.00031646401903084545,0.32385602936978136,0.00029559069855027723
2021-09-23,0.35774174044855617,0.30611898289586786,0.000385540300096937,0.30944585305129907,0.00036650600099848315
2021-09-24,0.2372439407187062,0.29121923904122116,0.00042888814601891673,0.28810363580589565,0.0004004157681664498
2021-09-25,0.2700791005988947,0.2946282951349538,0.0006227751677895491,0.29265795271155726,0.0005171400362495279
2021-09-28,0.36789491628580795,0.2696352021078623,0.0006231113655512121,0.27798245561086066,0.0005857683210143064
2021-09-29,0.34541945776321875,0.2736813878621114,0.0005483081760432294,0.27991172781575435,0.0005050366758436928
2021-09-30,0.33552974913578115,0.2678323843321541,0.0005464247272644522,0.2745861612407261,0.0004710594286623776
2021-10-01,0.21730148884868228,0.2657520673173131,0.000496719240638475,0.2624899885434892,0.0004655121731800241
2021-10-04,0.3930686863916773,0.31983826701010576,0.0009502787577053988,0.3274534769054563,0.0008810114113127207
2021-10-05,0.41806452954696144,0.3573519240813326,0.0008819143028136129,0.3645391303903358,0.0008243584633583829
2021-10-06,0.3797921004009154,0.3414844153669302,0.0005492109049487394,0.3441231530360755,0.0005124126270621054
2021-10-07,0.2876463487777619,0.3265926024772333,0.00044804194002544853,0.3241197612032437,0.00045509573350013984
2021-10-10,0.2539301918566976,0.28700745800240046,0.000649605446198633,0.28356777966695834,0.000503842784806028
2021-10-11,0.3195736420684227,0.27327228351637217,0.0005550536954253734,0.2771977743095916,0.0005118869166102516
2021-10-12,0.26868558806367854,0.2677306576722741,0.0005751682417725048,0.26791863008557426,0.0005561650224106374
2021-10-13,0.29661523303548903,0.2590419510198878,0.0005854987231414777,0.26186005792839123,0.00048202539942400675
2021-10-16,0.30688873588860505,0.2403716195181066,0.0005603835634791068,0.24657882666809405,0.0004811730434406442
2021-10-17,0.2391202893112052,0.23927759820009956,0.0005567522814615613,0.23976772607507807,0.0004916622825829934
2021-10-18,0.2695749840862881,0.23479014590552374,0.00045431544875813943,0.23789898394295267,0.00042094617479610256
2021-10-19,0.37068020808726054,0.23320937860141405,0.00042079381085794875,0.24202449869493725,0.00044022465069677307
2021-10-22,0.3321397373339086,0.24580835441096113,0.0005569831421021153,0.2525602235099853,0.0005085294362606674
2021-10-23,0.23644083627075763,0.24798533306658985,0.0005003363940598061,0.2477730046975655,0.0004912436217031182
2021-10-24,0.3318499493595146,0.24309063975492265,0.0004585067821335029,0.2490016430091125,0.00046164884497485646
2021-10-25,0.2968606620983424,0.24562135434110055,0.000489868762241231,0.2494359447716695,0.00045602199209250643
2021-10-28,0.28046556060208205,0.24278639616420655,0.0006386029170824312,0.24665096279738222,0.0005621335265918612
2021-10-29,0.388135729023221,0.2559426896486174,0.0006521252128337611,0.2685811775408473,0.0005458533529910539
2021-10-30,0.4211204635613443,0.2826446381124048,0.0006014103197069476,0.29452113350819287,0.0005660284974822725
2021-10-31,0.4167123886275036,0.3481031269106143,0.0008746018120227013,0.3569781129534928,0.0007816261650232507
2021-11-03,0.4063886014859583,0.38004368938537214,0.00020254153093555012,0.38125999123971355,0.00019946045015159636
2021-11-04,0.379128914198547,0.36871747691131673,0.00019933970191173214,0.3693459732984848,0.000193493343301879
2021-11-05,0.41609295951464564,0.3604331480929689,0.00019114036214762446,0.3620128527072122,0.00018555463051308797
2021-11-06,0.259879938972237,0.34740086951496446,0.0001739082859642005,0.3447516737756743,0.00017503795587070733
2021-11-09,0.3264321829403568,0.33293298817425887,0.00034013233766268464,0.3333235868173656,0.000314197823615467
2021-11-10,0.3782487535376131,0.330900157052818,0.0003906447548587726,0.3340557910531237,0.0003715692719828825
2021-11-11,0.296248361754306,0.3466141840953822,0.000371202521103749,0.34385171731179226,0.0003472559532802956
2021-11-12,0.3139740425628195,0.33574264003360044,0.0004455332683904765,0.3342301893467015,0.0004129972747370154
2021-11-15,0.34497128008651257,0.34655132502772795,0.0005115047948959668,0.3464380402609236,0.0004719091143559697
2021-11-16,0.36374304409693403,0.3426940311684119,0.0005034076572808363,0.3429123890012098,0.000460104946897951
2021-11-17,0.38834200466757124,0.33920314052076656,0.0005201714900174492,0.34348035371450536,0.0004607210762832931
2021-11-18,0.3089094036441482,0.3343704536052117,0.0004953532058339237,0.33285131392251494,0.0004566765279848967
2021-11-21,0.2698106181296073,0.31946038367649526,0.0006263942253445302,0.3147927645214226,0.0006318987816392638
2021-11-22,0.2884048644379842,0.309554712095118,0.0006046481207664042,0.30800421552018925,0.0005832333530143729
2021-11-23,0.34838025836468356,0.3057735857107048,0.0005796665693524846,0.3104196225066063,0.0005476638970428376
2021-11-24,0.38649259861962626,0.36978713013229586,0.0007337558101268655,0.3707922042780036,0.00062023934012568
2021-11-27,0.37703428982250203,0.41242981081414803,0.00021931894016222065,0.41084319515404966,0.00020468849038103427
2021-12-03,0.36314712805514054,0.3654668589989003,0.00017263149365447122,0.36543315000319126,0.00016853480501993024
2021-12-04,0.25570312726546607,0.3947258597192392,0.00043436333756093423,0.38520517819890965,0.0003959584333645652
2021-12-05,0.34896601827981744,0.402484535258391,0.0003719038192864456,0.40013000370247814,0.0003489255802971465
2021-12-06,0.3689073046388801,0.3776602668599367,0.00020087916692058155,0.37789622562876624,0.0001940698574558498
2021-12-09,0.41805202028823996,0.42408379455410133,8.725219373948554e-05,0.4239808011640715,8.761781847169616e-05
2021-12-10,0.315822150387447,0.42276448237342656,0.0001272873489960534,0.4206397709129704,0.00012390102362781565
2021-12-11,0.3772265090469147,0.39057601320943314,0.00012012378561043199,0.39039540627292735,0.0001228116937016234
2021-12-12,0.35784848640876754,0.37394693702151505,0.00010788998968629881,0.37376374586861333,0.00010943124688612526
2021-12-15,0.3977977424525465,0.36140748359860164,0.00016587322916576097,0.3620941326647465,0.00016066682480314257
2021-12-18,0.3621181382325372,0.35443856202368546,0.00021177179198935745,0.35432649122760407,0.00020897049930367105
2021-12-21,0.40630338728093474,0.3503585449086726,0.00029319264782378356,0.35321557126186337,0.00026205180719407093
2021-12-22,0.3470564189597107,0.3506414555587298,0.00029869529833604215,0.3509133781971589,0.0002894157507641381
2021-12-24,0.37960217917088634,0.3500806056097989,0.0003827728521120968,0.35136721186613024,0.00033298567102077887
2021-12-27,0.3915343073612696,0.3924999028001646,0.00047613073456957196,0.3931182793124293,0.00045490078043168477
2021-12-29,0.40255932246277937,0.37262711749715804,0.00017383146791520254,0.37339951957803774,0.00016760953248767831
2022-01-03,0.3408853232203275,0.34574934297796517,0.00030346821319753156,0.3454022313781639,0.000285481454035535
2022-01-05,0.3640454102541656,0.35942289372186137,0.00024419340373128665,0.3598832467728436,0.00023683073181808434
2022-01-08,0.36988425593698004,0.373030282578436,0.00027272426359916427,0.3723199109935873,0.0002710970434674325
2022-01-10,0.412429061173229,0.4230583634699891,9.14005912505844e-05,0.422884572624698,9.043354184323272e-05
2022-01-29,0.3384190663586111,0.3446347933758219,0.0004265179791621088,0.3439206230680053,0.0003918513617934413
2022-02-01,0.3594362931683569,0.34813093805134954,0.0003928370961793983,0.34858154260269436,0.000383042298709639
2022-02-03,0.3570275618690138,0.3412973718869985,0.0003309655079730122,0.34175798058920487,0.0003071405437220715
2022-02-08,0.30370780180120355,0.34377007227276224,0.0004644479408723217,0.3416981131559604,0.000434803805722017
2022-02-10,0.3619112373030708,0.3326174597530849,0.0005017943288171858,0.33448877665552346,0.0004489231782526576
2022-02-13,0.3425536415484491,0.3481397203654112,0.00031852212669992227,0.34784788456613475,0.0003329982507435701
2022-02-15,0.4135046646026889,0.3905713764589318,0.0003099857266556369,0.39132971113916126,0.000283787586203977
2022-02-20,0.3492511607416018,0.3460612707830392,0.00023971903225532455,0.3466715393359706,0.00023710535799353509
2022-02-22,0.39927568623622156,0.34766887627607446,0.00019155577767407357,0.34916938209338,0.0001856343975399476
2022-02-25,0.3079962455665461,0.3362227306535,0.0003117449748698799,0.33507506539336535,0.0003036795964760801
2022-02-27,0.3275354943225764,0.32579379852229495,0.0004132521652108331,0.32555982776540987,0.0004120046371431218
2022-03-04,0.35966572936286784,0.3724290571850175,0.0004519862967143758,0.3714067373202015,0.00044468959227853905
2022-03-06,0.36997956080650224,0.3565099104552923,0.00024716594624011603,0.35685737723534056,0.0002262107948831586
2022-03-09,0.3274330467640356,0.343779283903694,0.00026352053022451663,0.34358130897450095,0.0002593376362588484
2022-03-11,0.3772474992440018,0.3986256686663437,0.000415635316584475,0.3976460516654317,0.000414504271771065
2022-03-16,0.353809893888644,0.3559385245883198,0.00013416911395812482,0.3557057513265028,0.00013044403719997963
2022-03-18,0.36509310586737725,0.37342236409384605,0.00021083933752177352,0.37348238875691014,0.00020105194345762702
2022-03-21,0.3126709457268501,0.34276160129780586,0.0003108756483031868,0.3414787765848616,0.00031843388614928277
2022-03-23,0.3278134561216576,0.32938732614038985,0.0004341546006407558,0.3294335879587927,0.00040764991301947003
2022-03-28,0.30718594578650593,0.2909757526140233,0.0008331140548371441,0.29409171156878133,0.0008082523952057447
2022-03-30,0.3568556023298416,0.3354706798550771,0.0006800781730506673,0.33661298818105445,0.0006099244179563365
2022-04-09,0.2601585759367124,0.34309893788811796,0.0003453161943434063,0.3391605315024905,0.0003397923866830345
2022-04-11,0.2764546440155048,0.31536591889841115,0.0005485196986567865,0.31242737163481205,0.0005100625354784089
2022-04-14,0.27233251853859386,0.3601765991523051,0.0002757024376222252,0.3561861332815129,0.00026926625232956853
2022-04-16,0.3287631004762777,0.32223876554632164,0.00044814787006522297,0.3230224467584851,0.00038171485076946265
2022-04-21,0.35526209989180924,0.3702734211256748,0.0002956678842455166,0.3697430497706112,0.0002837823927197716
2022-04-23,0.33534032575727235,0.4025968838698977,0.0003937126644032739,0.3992335565056038,0.00036137200878984634
2022-04-26,0.2811008561653123,0.33428111911214314,0.0003044713267005142,0.3316146782048881,0.0003121205695956066
2022-04-28,0.2694133611575922,0.3664214498940527,0.0004322606035293375,0.36008210397138357,0.0003916756038821152
2022-05-03,0.24638380716755776,0.3459195567228365,0.0007520895430813778,0.33567538046004053,0.0007230191832323803
2022-05-05,0.2966065892347891,0.3097490854911497,0.0007670649958342632,0.3098233003690461,0.0007394735512794541
2022-05-08,0.26860637697569734,0.26920569016441964,0.0010776325514449095,0.2722777599015528,0.001006239816923974
2022-05-10,0.269477243063249,0.24071135365486346,0.0010301510690265015,0.2445692740603689,0.000983539115070343
2022-05-15,0.3892316284281769,0.2808025978949917,0.002375390757747564,0.3100328140155763,0.0019013536654212309
2022-05-17,0.3269434323025533,0.2733412828212952,0.00184702805930371,0.2854205686190281,0.001421167128218974
2022-05-20,0.24023874419120456,0.24620817329386122,0.0015341863399874955,0.24313035616754064,0.001176261790679564
2022-05-22,0.23859850699336996,0.21311029028165676,0.0009756325594744473,0.217087564135468,0.0007878835984792462
2022-05-27,0.23286214525732346,0.2165925222587698,0.0007814342171193722,0.21750239242292702,0.0007194003349695806
2022-05-29,0.23888264230081346,0.19864287596423266,0.0006101575464423978,0.2022694211147643,0.0005786354515775264
2022-06-01,0.3116179812746521,0.18576821263645996,0.00046516104551991646,0.1941109623505211,0.00042566097015000754
2022-06-03,0.12910508705180812,0.22863205065348677,0.0010819703101337763,0.21330568800261962,0.0008252664731655568
2022-06-08,0.354122584426138,0.32263405699828906,0.0019009227114547469,0.33051746385956543,0.001335759656756931
2022-06-10,0.2565795358798944,0.28541340491002215,0.001185685231540849,0.28245548677806026,0.0009439859996422122
2022-06-13,0.25346283658619395,0.23466681294914085,0.0010682326677576707,0.23719494405477634,0.000997822459053212
2022-06-15,0.17623459938405733,0.19365357447451498,0.0007866859961866726,0.1901904452211707,0.0007479580862639819
2022-06-20,0.19978623986172242,0.1981005780921709,0.000646741179326776,0.19697005646581794,0.0006292149029978052
2022-06-22,0.10661263915160935,0.26054792221547574,0.0021508440405177175,0.22325675084413782,0.0017237923101894133
2022-06-25,0.3898769979992116,0.30175938771122984,0.0018972752780907324,0.32297546335839233,0.0011534237627818975
2022-06-27,0.3145729499622377,0.33365999863050055,0.0005366519547204473,0.330676694587239,0.0004767930485382144
2022-07-02,0.1334147229880001,0.288304879685702,0.0006015324245234672,0.27520138216317197,0.0006126721870490464
2022-07-04,0.15190021225158853,0.2912856399181474,0.0012937846821782408,0.2675175401835401,0.001154153329453944
2022-07-07,0.1683362769253117,0.20794909462834885,0.000905793752303267,0.20371608131280589,0.0006519356600357617
2022-07-09,0.22755324173271735,0.17794403283129034,0.0004435908873833306,0.18078156518802305,0.0004043246834937172
2022-07-14,0.14244309131216026,0.14925469728940047,0.00025992677221740006,0.14837909492411222,0.0002645867843124208
2022-07-16,0.2127505412693796,0.14666968592824478,0.00026644516611335097,0.14939199878601472,0.00026097681523650835
2022-07-19,0.1696996713475502,0.1472831649078827,0.0002797929115718658,0.1481387574278223,0.00026948971487584313
2022-07-21,0.20788447690783177,0.1502644964885207,0.00024033124146359192,0.1528000121705631,0.00023066435746783054
2022-07-26,0.21831566775684602,0.1524585190915305,0.0002972328343129667,0.1558728810825868,0.00026278043998611634
2022-07-28,0.14018454385549795,0.15268269429120804,0.0002544425324468905,0.15223770555604943,0.0002417764680616348
2022-07-31,0.1779218339090509,0.15026487822874407,0.00028331064461529484,0.1519601511554923,0.00026343371536372673
2022-08-02,0.16917687896383218,0.14761141478041756,0.0002657011732041004,0.14847323664636497,0.00024356096176036363
2022-08-07,0.12720354289970318,0.15903135476616787,0.0002983189939355308,0.1572720873205487,0.0002934658865250833
2022-08-09,0.1542246910489966,0.14721367264477286,0.00028063231652904744,0.1473924312876161,0.000282999284692145
2022-08-12,0.17498147056140967,0.1449195959484867,0.00026086540623003864,0.14646941216248732,0.00027126209195599916
2022-08-14,0.13382511814276105,0.29668984262545783,0.0031526525413746857,0.23996333168887968,0.002065306802061534
2022-08-19,0.21846066744453488,0.27780945878441005,0.0014790928123026548,0.2666754879347634,0.0010807572257913697
2022-08-21,0.1829737510360706,0.22288400546735734,0.000989233827660226,0.2187062913198426,0.0008436665430111727
2022-08-24,0.1827020113462467,0.1857010485397438,0.0006012979779918822,0.18534579882667707,0.0005880593356802896
2022-08-26,0.18889016198045974,0.1820391042535352,0.00044815344715955826,0.1823711868438008,0.00040109275638852915
2022-08-31,0.24519785276563166,0.1990620993189351,0.0005486466967228627,0.20305023582099543,0.0004908667845682637
2022-09-05,0.15829496120573366,0.17133954353023,0.0006133468335676021,0.1705077032409762,0.0006144969396716912
2022-09-07,0.13015670221861694,0.16551165704055118,0.0005583424573475206,0.1633960923974877,0.00048058595687527135
2022-09-12,0.25311350364056007,0.18378691450404297,0.00047195285621855876,0.18885813913243826,0.00044483704198079564
2022-09-14,0.2388126048345755,0.19297356915826,0.00046016466977573205,0.19567162703148205,0.00040849619643056756
2022-09-17,0.18667920365417856,0.17806679510493936,0.0002975171564811904,0.17904699007152108,0.0002674799611322285
2022-09-19,0.13954863239986237,0.1693137082216741,0.0003196736019653566,0.16791429982774883,0.0003090416736372576
2022-09-24,0.37567430960205783,0.22544820116746017,0.0009855091320348276,0.24673839403559572,0.0008722707728025902
2022-09-26,0.22039267207132932,0.24407774263653848,0.0007906153982230018,0.2411267407135284,0.0007334918114382785
2022-09-29,0.4108982442278171,0.37930299936854517,0.0008330542472136334,0.38301245086376473,0.0006980546547598035
2022-10-01,0.1952476764536904,0.32710771777718717,0.0003548440874383226,0.31963972191551915,0.00034793491450676864
2022-10-06,0.16702285938073458,0.2417585693752579,0.000682447236011274,0.2349286527174062,0.0005874493825512669
2022-10-08,0.21213156585002993,0.24162678784433095,0.0006970112757595744,0.238046163493675,0.0006195587827663703
2022-10-11,0.2752994805060079,0.21410659514519773,0.0006678765514036121,0.22074826686560822,0.0005769803420188789
2022-10-13,0.16970916409057618,0.243853125763711,0.0008508655713524142,0.2364405062215689,0.0007440502830522301
2022-10-18,0.23698267253826,0.24617571152868345,0.0013223985027777183,0.24366734002955862,0.0009524291501404999
2022-10-20,0.2861374803606556,0.24965456741544173,0.0011885661037253918,0.25542061916443104,0.0009907638550040979
2022-10-23,0.2813222663510925,0.23167953914661613,0.0010240588363961832,0.2372654991556298,0.0008893757396438669
2022-10-25,0.2538332699437758,0.2214243563350545,0.0008724240857365318,0.22315856730656378,0.0007944518297728407
2022-10-30,0.18929095582072034,0.19794687774173844,0.0006038790124638894,0.19744549476652132,0.0005306520531518194
2022-11-01,0.24850732792004143,0.22726526278260248,0.001028113116911495,0.23104500376450343,0.0008249850773448037
2022-11-04,0.313675742521948,0.30540070175292394,0.0021919852401244386,0.305017751258224,0.0017873733486225014
2022-11-06,0.289648114954191,0.27878150415375613,0.0012909901040031326,0.2830730268990168,0.0011357162950801534
2022-11-11,0.2561176230362046,0.2802859897484613,0.0010417032290536523,0.2775780623500113,0.0008886155169173912
2022-11-13,0.21761387061180992,0.2606549300784156,0.000936422831061607,0.2543798391206702,0.0008546908935785904
2022-11-16,0.35368970765198626,0.333793488230187,0.0008196472541748272,0.3356223833952383,0.0006969266263099008
2022-11-18,0.38119921905136367,0.37102382393112016,0.000557769924514118,0.37275558090773564,0.0005155275404762078
2022-11-23,0.41833481983518045,0.40857996016397585,0.00020002676439123646,0.4090996586711202,0.0001924636947650612
2022-11-25,0.41845123322370736,0.40367135901682966,0.0002463790852760436,0.4040450233029959,0.00023326298863971358
2022-11-28,0.37025087708033433,0.40479613675072124,0.000303734758993946,0.4030340593960426,0.000279056233847802
2022-11-30,0.27800937322306474,0.3610049975450827,0.00016337385878449447,0.3594061165939149,0.00016158589394024846
2022-12-05,0.3221187975713743,0.35564429981238826,0.0001830235115951989,0.35447882373983597,0.00017493438373289639
2022-12-07,0.3484498384649752,0.34242030617538677,0.00032358077440918463,0.3428825130797869,0.00033681350338812853
2022-12-17,0.3492072422523124,0.37284904365821164,0.00017572619565278864,0.37233192335019255,0.0001556412546001298
2022-12-19,0.40525020725060845,0.35212939514879854,0.00017950885855276324,0.353625603569527,0.00016845968761536093
2022-12-22,0.40117432126719055,0.36873114142218455,0.00020378118040960682,0.36975963257416417,0.000197863310612228
2022-12-24,0.31259608568739505,0.35143724191074993,0.00019558355406703787,0.35010125470911724,0.0001904468515195419
2022-12-29,0.3555150315481732,0.38798196255792455,0.0003774411817933328,0.38550019032160676,0.0003701038831932233
2022-12-31,0.3813289193867498,0.36401600286128505,0.00020719793033415675,0.3646813372013198,0.00020105831566976563
2023-01-03,0.4035646655252648,0.353864832722654,0.00020238464494126086,0.3550494072699706,0.0002005245910990004
2023-01-05,0.38373833254701795,0.34837769435793786,0.0003471251339084688,0.35057004583827367,0.0003153582221854991
2023-01-10,0.39369331354829445,0.3772566656551944,0.00016479365378439958,0.3773854387936467,0.00016521844169684575
2023-01-12,0.41294618109941833,0.36713482490685245,0.00018576120698606747,0.3685061430905385,0.00017492681481585566
2023-01-15,0.3964153199158153,0.3716459437275452,0.00019987756741714503,0.37256336898580117,0.00020697464252686826
2023-01-17,0.4128456866974473,0.424519098603847,0.00012099784747373251,0.42420703314553715,0.00012358414156410816
2023-01-27,0.38621731092444106,0.3747560180573213,0.00019185551087342855,0.37498079388662764,0.00018681854985104504
2023-02-05,0.34349186694408645,0.345096833542696,0.00035459041219769856,0.34477876147378544,0.0003305191373094346
2023-02-15,0.33598613570154745,0.3217462118722523,0.0004900986789926035,0.32426923611891645,0.00042777789437434505
2023-02-17,0.35403249105826357,0.31710572119096336,0.0004749899245319817,0.3196972870774981,0.0004620428834634834
2023-02-20,0.3607299738779137,0.309024743888081,0.00045179748978147876,0.31296896584903994,0.0004423378700126965
2023-02-22,0.34214119581404273,0.3397611393233003,0.000578294075291084,0.34016965002871735,0.0005413938530298654
2023-03-04,0.29194880873516543,0.33774363627348997,0.0003494871418097197,0.33593541368251406,0.0003360395235519892
2023-03-11,0.380422204562693,0.4078377318177319,0.00027372491052635715,0.4067202059127609,0.00027083848795943157
2023-03-13,0.3797912324395622,0.36902006046795094,0.0001517372851399046,0.36931885763520017,0.00014284498003890015
2023-03-16,0.3702046474354334,0.35245957812941664,0.00018129078708824085,0.35263616774608,0.0001732946138949227
2023-03-18,0.4195081390178913,0.35757922073393267,0.00022853827219851424,0.3598374070390178,0.00022279280450800324
2023-03-23,0.3481995032271625,0.32405708797179256,0.0005347225111594474,0.3267506893957583,0.00046352750451869975
2023-03-25,0.34229650895468966,0.3188103952246248,0.0006296622900265519,0.3212678369735878,0.0005264581365388531
2023-03-28,0.3413265869726218,0.3361397151671449,0.0005052637718094032,0.3356560705164833,0.0004410551690399066
2023-03-30,0.28336761901314345,0.31213867411205803,0.00045425420787760664,0.3106270615929726,0.0004276789172013714
2023-04-04,0.31551677799356936,0.34007500689027437,0.0005059519532783973,0.3387416274161081,0.00043509316250025094
2023-04-06,0.3586780845906296,0.31832261595074507,0.0006817741813639797,0.32134721702453173,0.000566282822525235
2023-04-09,0.3402527542237671,0.28765535989025265,0.0007043172482464561,0.2942286486851561,0.0006659830972513389
2023-04-11,0.2930270832213526,0.2815825815003979,0.0007704677929912604,0.28250025872143686,0.0007811064010110915
2023-04-16,0.26114695254891007,0.34433854108042217,0.00025944591028976286,0.34101583802434327,0.0002488065149625534
2023-04-18,0.2961070214832225,0.3145239956143941,0.00043252703325144076,0.3141645737781269,0.0003576804536944322
2023-04-21,0.3705996456771336,0.2690009401053644,0.0005657487629237989,0.27729829505364945,0.0005176409763937455
2023-04-23,0.3716546422921015,0.3619481923197743,0.0008871938635486651,0.3637029719570789,0.0008155356806048018
2023-04-28,0.37512963752857575,0.3247563723607974,0.00033575921735580293,0.3275871243910036,0.0003366284553338697
2023-04-30,0.33172421893363885,0.38480765699076863,0.0003090572719457432,0.38181522855209243,0.0003121757187579552
2023-05-03,0.3526848002623002,0.3222653086058087,0.00034352855745071125,0.32365694653277627,0.0003273739693067323
2023-05-05,0.30286314382588025,0.29700149531040837,0.0006298054905841206,0.2973221839419856,0.0005495270012352109
2023-05-10,0.34223481467987504,0.3479408308602622,0.00046014977673882287,0.34703522717871105,0.0004302479594954056
2023-05-12,0.38095308893144936,0.3734254760876378,0.0003365685938819036,0.3742938881026992,0.0003242887797383985
2023-05-15,0.3443096537716003,0.37525487826102016,0.0003007120174563445,0.3730376267764997,0.0002835787927347481
2023-05-17,0.33064787517558264,0.34480806811925063,0.00025083303724248866,0.3440023212952482,0.00023254080860087971
2023-05-22,0.39941295451854897,0.31753655735397485,0.0007796633546982251,0.3272046495302544,0.0007187580697897729
2023-05-24,0.3973520321778808,0.3667882389364883,0.0005844197522218708,0.3685713615601465,0.0005964591775283202
2023-05-27,0.30829954575084345,0.2939970119533317,0.0006984584611125575,0.2969143318657918,0.000705039554213491
2023-05-29,0.39427556141485204,0.31845313882275383,0.0010662546767414582,0.3294575135919712,0.0010121779681728214
2023-06-03,0.3897726060717967,0.3460311701411674,0.0006283897634405908,0.34995538497185313,0.0005656762616599694
2023-06-05,0.3258174738502728,0.3091426438802705,0.0007469549210102244,0.3094956885746204,0.0006532183007913935
2023-06-08,0.29948441019125244,0.2645554585204052,0.00103875473952102,0.2690640805692057,0.0009067435122277083
2023-06-10,0.2693930897658451,0.3399775468323516,0.000820934067304108,0.3314837628765799,0.0007389843929120113
2023-06-15,0.28172474414197013,0.3337706776452806,0.00034751783583219565,0.3306787117032002,0.0003567638713170955
2023-06-17,0.194412469538912,0.2929375073676094,0.0006853827319685321,0.28195079759249414,0.0006294033060727991
2023-06-20,0.390272673310528,0.3449500640105916,0.0015234323100173784,0.35361493044036285,0.0012492699044984734
2023-06-22,0.38691624941754454,0.402503708843521,0.00023706079883014833,0.40202002009225624,0.00022650583292727625
2023-06-27,0.30787578641935753,0.2687522051231967,0.0006369325855412899,0.27078360537469415,0.000639132861084973
2023-06-29,0.25185328364364556,0.23906851076434893,0.0008898244873441161,0.23886971468554727,0.0007281119741280695
2023-07-02,0.2653705628433377,0.2634245582300694,0.0011520240482106958,0.26435447817295415,0.0010538421331903434
2023-07-04,0.3763641554137167,0.2362292842425291,0.0010333423939300772,0.25563467386274275,0.0008514234839354417
2023-07-09,0.28186122233425676,0.19502035168404988,0.0008006245195253663,0.20569152552926123,0.0007269860385438683
2023-07-11,0.22740032345345645,0.1882922449405102,0.0005795841186757664,0.19055816551181992,0.0005973601962036094
2023-07-14,0.28343821073005815,0.1789803949354874,0.000531778901869457,0.18811046110361793,0.00047414960101235104
2023-07-16,0.22302265241426186,0.18438062534871755,0.0004389291152077909,0.18697203188518544,0.0003879392093450606
2023-07-21,0.2536674206458336,0.17088806781654167,0.0003742407523577282,0.1753811790912139,0.00034942615494199826
2023-07-23,0.27333575038911034,0.22803660067771808,0.0015261579429466951,0.23637459303952452,0.0011769115449125974
2023-07-26,0.3095477740237241,0.23238946953315465,0.001135729370991245,0.24345410121669522,0.000828946701359445
2023-07-28,0.18896603100053505,0.2157351487300852,0.0008244225915046335,0.21388994124270774,0.0006695807680727104
2023-08-02,0.20942763983869878,0.1887507989112891,0.0003778358846879926,0.19054099481075407,0.000362542636645739
2023-08-04,0.2861317102739863,0.20732752820522254,0.0004960190475183424,0.21353518175292957,0.00048600687830964207
2023-08-07,0.2340761363494426,0.193197265473434,0.0004619976959258519,0.19687565489561912,0.0004440313471703654
2023-08-09,0.21704026093680756,0.17275910373671594,0.00035542593908201677,0.17483490029800047,0.00032928316931405316
2023-08-14,0.22308778822509637,0.17081097524174246,0.0003506211519246643,0.17293497923134774,0.0003340492710213876
2023-08-16,0.28064911509155954,0.17512723885544584,0.0003258067053886351,0.17996574495277798,0.0003232321273287274
2023-08-19,0.1962114678902539,0.16270419845129463,0.00035599393238761984,0.16403697695670175,0.0003207385541716134
2023-08-21,0.1943565602009163,0.15753278165407514,0.0003205022197316962,0.15888495688811063,0.0002897591419941813
2023-08-26,0.33628340583756394,0.22748215235044034,0.0016378578481636872,0.2498364525893488,0.001442774400770124
2023-08-28,0.20921604503256444,0.238601371559056,0.0010743966928945864,0.233121125468398,0.000908150546543779
2023-08-31,0.2363983162425159,0.21856522041937704,0.0007557181491713372,0.21993947628380878,0.0006799052377526334
2023-09-02,0.2877467193764002,0.2870509187763571,0.002500804864700228,0.2860544013332975,0.0021736250492270697
2023-09-07,0.2814861121568392,0.20030555193116364,0.0008875450843666494,0.21043358476088111,0.0008407938419600419
2023-09-09,0.2865731844037934,0.18747271143674582,0.000502473811508774,0.19477341253846675,0.00047046381362580156
2023-09-12,0.3880695703545275,0.2300822027045209,0.0008069513857007389,0.24767215508236098,0.0007288188438373756
2023-09-14,0.24519283905637798,0.24112189457538252,0.0007679963763960806,0.24112262823998165,0.0007768515300202013
2023-09-19,0.331058349029383,0.23193736521204772,0.0007072839701131416,0.24154240414183062,0.0006381247890128013
2023-09-21,0.38962061786706004,0.27303608450076466,0.001200034383690175,0.2919622625920328,0.0008485119145459825
2023-09-24,0.3313289007612831,0.2753549431864867,0.0008949083973711151,0.2811769537391249,0.0008213570147581822
2023-09-26,0.25271939783932207,0.24575178813907672,0.0007746189244378476,0.24666226403668967,0.0006598721871182545
2023-10-01,0.27744674461030977,0.19256418083808874,0.0005480595747683937,0.19993199017167004,0.0005040697734084556
2023-10-03,0.3008378603871623,0.1928190304800256,0.0005101986659957209,0.20091766629166263,0.00047637078043028663
2023-10-06,0.2587788226511447,0.18673873811132805,0.00047518580765226276,0.19133643636395836,0.0004078257938594031
2023-10-08,0.2038618337500597,0.1809474631493372,0.00036751516450190055,0.1820270898207037,0.00035441511086443294
2023-10-13,0.3585906282629468,0.17289700276867204,0.00040017901908199224,0.18290213401824704,0.00036169053290293235
2023-10-15,0.29673288134134235,0.18543990260569426,0.00043600580674323005,0.19221970295457402,0.0003898594866105328
2023-10-18,0.3150066453490375,0.2379710351078599,0.0013836783386563353,0.2504180535592548,0.001156044053687371
2023-10-20,0.423533845923343,0.35954582242299493,0.0008790616039140089,0.3672386861610218,0.0007336056919618305
2023-10-25,0.4231930867334651,0.3722053944267449,0.00028933713093629276,0.3748725346360341,0.0002540149318521626
2023-10-27,0.3318019835737741,0.38928015912042596,0.00020066188047801868,0.3875881566585783,0.0001902891425316207
2023-10-30,0.39081506471947836,0.39306785312986114,0.00035692388957862494,0.3924502639522592,0.0003087838439053301
2023-11-01,0.313309173372158,0.35929913786294043,0.00016997063346771174,0.3576791013611246,0.00016437407213956665
2023-11-06,0.41858105672577417,0.3814024859458574,0.0001855067031317338,0.3825932964576364,0.00017491749197146497
2023-11-08,0.3740078918184949,0.3702969127949387,0.0002141722628348826,0.37067751756443745,0.00021557206479777059
2023-11-11,0.38391691469084166,0.4124354369076032,0.0002374727081804344,0.4112540593465379,0.00021797115460130012
2023-11-13,0.3553592250602139,0.3711993649401573,0.000169376832702216,0.3708040317501203,0.00016996173744783012
2023-11-18,0.41885866234099955,0.35832016385723037,0.00014581273892105032,0.3600367146683023,0.00014171158885596669
2023-11-20,0.3804797755041376,0.3597642190782209,0.0001863020192950816,0.3602457823478011,0.00016960422282948423
2023-11-23,0.3536929505700848,0.35818192778238184,0.0001641860292709558,0.35822572886743204,0.00016690966519311028
2023-11-25,0.2226959788045435,0.35549162794023137,0.00018902965164980048,0.3518336580202104,0.00018653648329066994
2023-11-30,0.4158600942813624,0.4186856177487473,0.00018098802487972004,0.4188793302096686,0.00017158774879069499
2023-12-02,0.37627234993746334,0.38813211000921904,0.0001361393896696898,0.3876753159418943,0.0001328643071259681
2023-12-05,0.4174066312963023,0.3731863376178078,0.00012095939821703386,0.3737997007590378,0.0001159023698430559
2023-12-07,0.41002272966209097,0.40896593672545206,0.00038373868696075115,0.4091932130988167,0.0003638827651125767
2023-12-12,0.4174772498119452,0.4041615175824625,0.000414094490409206,0.4046366458486124,0.0003721547438348353
2023-12-14,0.38934486659428585,0.395083584109331,0.0001521602779904542,0.3951166427054336,0.00014914125542333078
2023-12-17,0.36324145398251884,0.36427516984986774,0.00014104796199523463,0.3646356194927064,0.0001371041156779636
2023-12-19,0.34133202061230916,0.3597255361986458,0.0001748981047579758,0.3592567718941806,0.00016839649951800583
2023-12-24,0.3944475012026829,0.3632268368740121,0.0001233927541119883,0.3641587133440376,0.0001240547110828469
2023-12-29,0.4055470481172692,0.3507451154119305,0.0002436572863075727,0.35267502680902807,0.00023696002656529096
2023-12-31,0.35989410558859225,0.3690245627039876,0.0002723603988155235,0.3686550130543103,0.0002909073575720552
2024-01-05,0.4023794088924162,0.37804743388531425,0.00023919053212675528,0.3787133916498804,0.00023898712235938572
2024-01-07,0.4035199643545163,0.36738679199902813,0.0001692999147917022,0.3684530051365574,0.0001578307823203734
2024-01-10,0.3784227282611265,0.3667123663861935,0.00016922011209163722,0.367107077166689,0.00016975137192928207
2024-01-12,0.3048043622218973,0.361659909644357,0.00018335883009877528,0.3595684478336403,0.00017551793053853154
2024-01-17,0.35883237925144673,0.36987706232262846,0.00015276504519887157,0.3695327484935913,0.0001587172247843695
2024-01-22,0.38573592001249535,0.3579716786330346,0.0002361900347262468,0.35899108905895816,0.00022133031705976947
2024-01-24,0.3277505626563949,0.34997010531783557,0.0002482925438893604,0.349688900735253,0.00024219133168713078
2024-01-29,0.3424325569187909,0.338435280847168,0.0003688064198134829,0.3384805311315571,0.0003499182451219096
2024-01-31,0.3489036670182456,0.3328130650639347,0.0004332912920414604,0.33450872901572043,0.00039887295334185813
2024-02-03,0.3651889407860231,0.3336979844488736,0.00033842723766787174,0.33506279604193595,0.0003082252261577459
2024-02-05,0.3356882635918173,0.3338475079847551,0.00039763508973859445,0.3337888240513805,0.00035110918982203553
2024-02-10,0.37365045416427695,0.4075789656253564,0.0003164958489043562,0.4059093482165458,0.0002915028162235374
2024-02-12,0.40468639289376085,0.4005064814655245,0.0002525141585112551,0.4009071352215867,0.00022945266580127506
2024-02-15,0.4059263503454125,0.36807778395397056,0.00019019031787633053,0.3691232332085488,0.00019383371546184108
2024-02-17,0.35382577578681584,0.374647000147003,0.0001950987339396557,0.3741598810892237,0.00017889990322660982
2024-02-22,0.38988551446883246,0.3644669244272181,0.0002848476401145142,0.36573622027219704,0.0002502615841945024
2024-02-24,0.3889010168555446,0.36706884291225994,0.0002076058918374057,0.3681370284762388,0.00020598324786598717
2024-02-27,0.3884382261019365,0.39881295444242704,0.00027977916357008415,0.3985896250817127,0.0002885295533683749
2024-02-29,0.361896135906764,0.37990650936991494,0.00024304748253615766,0.378962394163267,0.00021021265252922942
2024-03-05,0.4078734471671214,0.3820805312055358,0.00018703614527875427,0.3830879669250157,0.00017341358801606463
2024-03-07,0.36434951212720984,0.3599189868231752,0.0001969791467960056,0.3599404217187479,0.00018529630087143123
2024-03-10,0.4103759600455611,0.3858071496082698,0.0002625489963675862,0.38720634828593553,0.00024129940735369529
2024-03-12,0.4024199235747501,0.3761667620022427,0.00018331623306075626,0.37671306697267604,0.00018002085962957805
2024-03-17,0.4224275018554628,0.34483551183533573,0.000284504066604414,0.34782293235198913,0.0002710373256799228
2024-03-19,0.36565265587620666,0.34265098095525276,0.00028287224862498083,0.3437221939014084,0.00029311728661685
2024-03-22,0.36148934415853035,0.32066735786941214,0.00048591726528868733,0.32244891904303685,0.000432881144230733
2024-03-24,0.3414840610472128,0.3268593137593132,0.0004233791040263508,0.32727683745766933,0.00039845682962034816
2024-03-29,0.396812612637863,0.4040345483067492,0.00027518687255148475,0.4036131122976638,0.0002377382879590467
2024-03-31,0.405316588349951,0.40516366379030716,0.0002886635973122751,0.40474649156515313,0.00027645807675264573
2024-04-03,0.32036190957277233,0.3480922707045489,0.00021656319795907464,0.3472573711929622,0.00021669984915849013
2024-04-05,0.39235772733725444,0.325960648343681,0.00038748427053418897,0.3292711174517673,0.0003791780585105677
2024-04-10,0.3652249284395304,0.3715028372698276,0.0001821565160681828,0.3718571978598508,0.00018924132573454284
2024-04-12,0.33522645412665614,0.33598450518205597,0.00021405485668301723,0.3360464925903045,0.00020320740579991432
2024-04-15,0.40996019342114637,0.30295763854096436,0.0004090931829480679,0.3102061656813455,0.00043102440684583996
2024-04-17,0.3187135998880672,0.3197600171700373,0.0005188581212774172,0.3190924092769445,0.0005389803326706007
2024-04-22,0.24281123614620465,0.28519362233361273,0.0006606543401085604,0.28245287784008627,0.0006384506642343458
2024-04-24,0.3354103627444287,0.28967773265882024,0.0009500360701382834,0.29662191216381567,0.0007235770820200466
2024-04-27,0.31127161922111435,0.3798606754686532,0.0006747465183907648,0.37351244084564156,0.0006307825320745469
2024-04-29,0.34494448970391756,0.36726932128051537,0.0003848520607094662,0.3663712170682287,0.00036979001016365767
2024-05-04,0.35341218554997317,0.3625768990927578,0.00027375059757152103,0.36217347225688223,0.00027956866035743985
2024-05-06,0.33729355109916603,0.3884387716052114,0.00022746013009696374,0.386584195614109,0.00022344921971035453
2024-05-09,0.2907746997132567,0.33849998996045644,0.00024134448337386665,0.3366159822620309,0.00023074997101164014
2024-05-11,0.28529416382829886,0.29797557901837723,0.0004981212339480944,0.297347811010799,0.0004769516556423225
2024-05-18,0.34080846312234125,0.356016454834853,0.0002112611401049628,0.35566898952974185,0.000202076477920322
2024-05-21,0.3428849862539727,0.36494796450715933,0.00021995577480527195,0.36433333203549706,0.00020783978547979565
2024-05-23,0.24064890248849027,0.3544124619690465,0.0002246917723908482,0.35083758781192936,0.00021876829508497207
2024-05-28,0.32434630794751024,0.2834112032650433,0.0007988094679604907,0.2881022343400506,0.0006657513314319933
2024-05-30,0.30931161596288853,0.2827606204747601,0.0008405487807508122,0.28392914940037345,0.0006861879286762019
2024-06-02,0.32181688508372874,0.27426278894099587,0.0009656461536714187,0.2806321305152945,0.0008563528853941187
2024-06-04,0.33335706873343474,0.25358937803288595,0.0009266603884297972,0.2631172487514421,0.0008624530424350666
2024-06-09,0.35798048598951315,0.40039962314327476,0.0005486554291154304,0.3972320035722059,0.0005406679930121932
2024-06-11,0.36340506618067486,0.3503770731481181,0.00032657086340465966,0.3516936470741412,0.0003216270090545433
2024-06-14,0.3955405780975822,0.3413919216266097,0.000598067553208258,0.3460101135698899,0.0005710432349131357
2024-06-16,0.2729377498467137,0.30711923437815747,0.0006995674031199395,0.30374573313231756,0.0006612148701501622
2024-06-21,0.3415904665522141,0.3803953942274793,0.0003066635397559115,0.3786932927732059,0.0002905900848825288
2024-06-23,0.37907001888018077,0.34552312122977463,0.0002000137755329301,0.34646550522929587,0.00019884067571099894
2024-06-26,0.22518945787770436,0.277630220154984,0.000740272228131089,0.2721016282321027,0.0007228446910317277
2024-06-28,0.3139969951407956,0.2725016900702462,0.0010626582081687257,0.27820788727893225,0.0009013157688311825
2024-07-03,0.2842274528377434,0.32182207476499963,0.0005501667991090538,0.31824311089369095,0.0005165708649332963
2024-07-05,0.3397264325765531,0.3138574150791816,0.0006805279404948311,0.317434459359513,0.0006718538359868273
2024-07-08,0.1743233835893978,0.303043785550469,0.0007672925547614661,0.2901173987883162,0.0007457021030168845
2024-07-10,0.32505497055923555,0.31914692935856254,0.0010774014961579266,0.32036542516805033,0.0008660757943485595
2024-07-15,0.21192428189509246,0.26399880900149225,0.001313998015885869,0.25616875279212237,0.0011308647247226288
2024-07-17,0.22793512175326944,0.23256146690871435,0.0012145584497751357,0.23414460612129617,0.0009473956381759889
2024-07-20,0.24211842393802205,0.2126036573113778,0.0008065727814286742,0.21684744549882468,0.0006616914456421331
2024-07-22,0.29233918131472414,0.2958195754637709,0.0018087566835950323,0.29425672488563415,0.0013532157208049314
2024-07-27,0.2649670063116063,0.20942441594887723,0.0007481650562942148,0.2157824519636771,0.0006199080278547751
2024-07-29,0.24358302518631642,0.19353302294267713,0.00042059928349203255,0.19614513352874013,0.00038997792319080886
2024-08-01,0.11854302321526347,0.18073133798898236,0.0003528328523891023,0.1773414168868693,0.00034895530228780077
2024-08-03,0.2982717210945405,0.1744462055948683,0.0003426649302429684,0.18044562667689287,0.00033007197132784203
2024-08-08,0.18064256637936804,0.16813032233199712,0.0003581014231258647,0.16886553949675925,0.0003561743844488667
2024-08-10,0.19780191044485024,0.16269619056540457,0.0002696177293397874,0.16435500671598857,0.00024823084089856644
2024-08-13,0.2730803493407787,0.1703574759790111,0.00030417342611084076,0.17477177424928844,0.0002900233126282051
2024-08-15,0.2606873791066781,0.3185356532158313,0.001595126609424597,0.3073211678245289,0.0011889983896922593
2024-08-20,0.262660997227791,0.22721286950057432,0.0008583111421291568,0.2315465969966935,0.000755557113072875
2024-08-22,0.2515785711669727,0.206362390198455,0.0006883622949274876,0.2104316528608855,0.0005614060855389334
2024-08-25,0.14282951313734324,0.20707881965834266,0.0005535374451387563,0.20107576279657757,0.0004770241434942136
2024-08-27,0.2199443596812354,0.1824303493679873,0.000314762425650255,0.1844847657017073,0.0003092585173885454
2024-09-01,0.37450088537962845,0.29127708902283383,0.002192871026355209,0.31426489605649927,0.0017269536982493236
2024-09-03,0.3766541071858383,0.35808505880604324,0.0009304686511868537,0.36054300789862187,0.0007849969313270637
2024-09-06,0.37073528399469546,0.37997051731195036,0.0005880488261691169,0.3789453849236227,0.0005334240556784445
2024-09-08,0.30489818748202263,0.3680242538937613,0.00031432925853695456,0.364656073913033,0.00030516638309866374
2024-09-13,0.3017567881657874,0.3239542562303351,0.0004186206324191867,0.322174372908242,0.00040376363123170267
2024-09-15,0.24965184811031924,0.2894788320060358,0.000621267464735046,0.28569043787831755,0.0005442850513859366
2024-09-18,0.2716690802171029,0.24950917150004698,0.0007708597786276844,0.2529243803030141,0.0006874253910927667
2024-09-20,0.24949625175701381,0.23540508565496512,0.0006709057178847289,0.23562162711300794,0.0006023380539852836
2024-09-25,0.40453610739782486,0.3187588910804208,0.0010603522105178515,0.32992529240590285,0.00097869255013761
2024-09-27,0.40203824767743956,0.39118421142329085,0.00035178401892650826,0.3918006310779863,0.00035160341890208313
2024-09-30,0.3106658065490153,0.3305395001422874,0.0002882058820301619,0.32946253424453126,0.00028600704193258237
2024-10-02,0.293506689389816,0.34029048251925814,0.0004028461188041244,0.33758153846535827,0.0003952336303444903
2024-10-07,0.4119625150890095,0.4098982767376931,0.00020258028482320113,0.4101801771823379,0.00019790663540876854
2024-10-09,0.4224201235258366,0.38946119537096935,0.00043019553818383086,0.3915746200919022,0.0004096568125426312
2024-10-12,0.4080566952862177,0.34408551816198596,0.00023159470132943483,0.34649862329446873,0.00021981082160226598
2024-10-14,0.31318307216299907,0.33707136441565916,0.00030436738420152427,0.33624975430000725,0.0002852027984173995
2024-10-19,0.383628402491506,0.3821911643422768,0.000184412839864851,0.3827308960670872,0.00017507845753914742
2024-10-21,0.310751561886829,0.3493526262132598,0.00020622233443449346,0.3482345507753498,0.00019899803624519766
2024-10-24,0.34775290234668343,0.3300571839242488,0.0005289839566879392,0.33103222759383355,0.0005081653440810332
2024-10-26,0.42185478865767295,0.412537245397777,0.0002843790450891916,0.4131295643929554,0.00029261900069258573
2024-10-31,0.3249924642140153,0.3466495212890681,0.00028601689147000247,0.34562965428179704,0.00027915402849316306
2024-11-02,0.27171187030934374,0.33412696618327503,0.00039640199435701204,0.3306277484704128,0.0003520802755971975
2024-11-05,0.32225647213208425,0.3203334023157833,0.0005642033698648791,0.3193011116744298,0.0005346480215847917
2024-11-07,0.28811444256168517,0.31410382231162,0.0006447679419301775,0.3118891833445627,0.0006117650377802054
2024-11-12,0.4204517188729191,0.34221808438004997,0.0005035489122327035,0.3477746766082282,0.00047335738158879825
2024-11-14,0.22250139346373782,0.35080144226924476,0.0002277242128309233,0.34634143020162755,0.00022338132563674886
2024-11-17,0.3899282388812974,0.3318963862249595,0.0004879158376606163,0.3361647406037283,0.00042933464904070857
2024-11-19,0.3211421964288656,0.3366389071280967,0.0004593912053214447,0.3356865385391135,0.00043054690179722475
2024-11-24,0.3982973912084846,0.35635219736460194,0.00018990175992320742,0.35740513545406727,0.00017586154801754885
2024-11-26,0.3585453988240195,0.37023957730229623,0.00021716681975679345,0.36981734545613,0.00021371662519678423
2024-11-29,0.40770207743372283,0.3463853144171383,0.00033272400199113854,0.34931479682390454,0.00032542747270117084
2024-12-01,0.389802332067266,0.3440566510987123,0.00041300631981915466,0.3464710078977679,0.0004024378534569404
2024-12-06,0.3850115440083479,0.3802726661673709,0.0003051448892514697,0.38028472563237803,0.00029284960728276073
2024-12-08,0.41805202028823996,0.38879738461460805,0.00022360659806029852,0.389932307830955,0.0002089380172996271
2024-12-11,0.3658499906186051,0.3621381000887415,0.0001286292351892884,0.3618374664123339,0.00011884129723882696
2024-12-13,0.3727583273723563,0.3572068332955365,0.00021912231606859107,0.35787307365896553,0.00021485722804437897
2024-12-18,0.3754509941028126,0.35400010805134036,0.0001880844128157752,0.3548727899365365,0.00018134503997576182
2024-12-20,0.3376600746673527,0.37343329050160856,0.00015683377602824112,0.37258089505115227,0.00015315823297647833
2024-12-23,0.4133284175154583,0.37764435130608276,0.00017726094691420484,0.37849276474806987,0.00018898208233084006
2024-12-25,0.4005810886299352,0.36580759584720574,0.0001047182243543801,0.3661415026018767,9.933944403215111e-05
2024-12-30,0.3897176167868272,0.35052929111741143,0.0002461237037047451,0.3520793461298065,0.0002292585880356859
