day,y,hxb,hpbh,hxa,hpah
2016-01-01,0.2828122082534618,0.3014105301936645,0.0004750355956676059,0.2837004983561545,4.139227372994752e-05
2016-01-04,0.3922076260404225,0.40512702845004794,0.00017038312158651185,0.39503729396604265,3.570617808237036e-05
2016-01-06,0.39643545305734607,0.40601520151757287,0.00013324825368704962,0.39869540516924734,3.735497277528577e-05
2016-01-11,0.4165302559591155,0.41686675444034504,3.905733557386169e-05,0.4166500455213541,2.331303648247465e-05
2016-01-13,0.39314165294355513,0.3833078678013417,4.677182596883519e-05,0.3868873142582465,2.7876867546316136e-05
2016-01-18,0.3826456298814723,0.3863132501397824,0.00019589350459354535,0.38255012159750157,3.159923251504993e-05
2016-01-23,0.378369694870894,0.3663236482682295,3.999854450778197e-05,0.371283610022573,2.4251479730783048e-05
2016-01-25,0.3566781487816529,0.3570378682562992,9.982962689510144e-06,0.356890890936172,8.870781516046103e-06
2016-01-28,0.3461977428137981,0.3553670485899245,2.5442269683656498e-05,0.3525538255526701,1.6546857647195505e-05
2016-01-30,0.34256724817076245,0.3482265401490085,2.6622179911907096e-05,0.346853277758586,1.8623709601584026e-05
2016-02-04,0.35418106450364834,0.3610231079642596,3.1995955677881064e-05,0.3583121381283455,2.0570780739393998e-05
2016-02-06,0.3394564275658498,0.3540376187804615,2.0128753387248018e-05,0.3502891634845852,1.5382194397376654e-05
2016-02-09,0.3972846371749399,0.41758584313782443,5.445274725084511e-05,0.40828549291147676,2.910820770515773e-05
2016-02-11,0.4020352785633999,0.39692604300840545,0.00010956889592666129,0.4002823546160664,4.6012989233897596e-05
2016-02-18,0.3946587867682397,0.38695283018190163,0.00015321260475131465,0.3920913066629293,4.275081706352799e-05
2016-02-23,0.37843208851367005,0.3731071725285696,8.245766608559442e-05,0.37691553623299817,3.184696939251446e-05
2016-02-28,0.396413342257512,0.3941813947471476,0.0001614797971911551,0.3944675404542841,3.372861986163755e-05
2016-03-01,0.3764750665280376,0.3612784785725836,5.947249613885019e-06,0.3626116309344946,5.743365559520356e-06
2016-03-04,0.40216958038449613,0.4081454460813283,0.00014670472348854823,0.4047236026198795,4.1272984765298766e-05
2016-03-06,0.40012088735370155,0.38654919886405154,4.583335969652289e-05,0.3925419316409569,2.3207510693806444e-05
2016-03-11,0.38375692714205467,0.3646329407712808,1.9421264128941977e-05,0.36930847300329506,1.3783565548136749e-05
2016-03-13,0.3695485201884117,0.35580220744601765,9.85595422214121e-06,0.3577340795844517,8.453024380063005e-06
2016-03-16,0.3618449340069565,0.3565746020193633,4.1886661194100954e-05,0.3588431464194619,2.670509109873688e-05
2016-03-18,0.3583958753814235,0.3545212427306004,2.1844670139332138e-05,0.35545210146557416,1.907906054908847e-05
2016-03-23,0.3526152895400213,0.3428404315177343,3.7461534648998135e-05,0.3466916435956548,2.5421366996530926e-05
2016-03-25,0.34874732243050355,0.3439926406281713,5.984045233754617e-05,0.34649898973927223,3.6220735339216285e-05
2016-03-28,0.3458617338756975,0.34799951479167185,5.2135479790678265e-05,0.34747628047329143,2.532249685826063e-05
2016-03-30,0.3533844291426521,0.34970217431210904,5.596095825192889e-05,0.3511268694557224,3.0263580821214246e-05
2016-04-04,0.3633374440893511,0.3602749882349757,7.552758491044988e-05,0.3616192897292832,3.4133823810556406e-05
2016-04-06,0.3570832335102657,0.35204838645775477,2.49312198520155e-05,0.3533044342544963,1.8424683101893906e-05
2016-04-09,0.3564450563863339,0.3585545318393845,5.071066558752092e-05,0.35788922554786845,2.6468740341036555e-05
2016-04-11,0.378950449118315,0.38219637583181326,0.00032580620442440464,0.38065475129130116,4.20309195440024e-05
2016-04-16,0.3815519442845543,0.37860396837864874,0.0002629245995577376,0.38131304981625375,4.8386764289280065e-05
2016-04-18,0.3708986185717852,0.3577148817516164,5.175500072479681e-05,0.36387088543622026,2.419958742599995e-05
2016-04-21,0.36701243227714325,0.3711012673497781,0.00026643980263162337,0.3675170751308849,5.19777544538708e-05
2016-04-23,0.36486567105276885,0.36682591791520575,0.00011906409743128756,0.36522960351300776,3.3082157974465316e-05
2016-04-28,0.32664189471347604,0.3262227610994543,0.00010049958128585338,0.3263209727092149,3.508745371633087e-05
2016-04-30,0.34765001981460886,0.3597820972890725,0.00030427099720552214,0.3492735298248105,5.557841827856336e-05
2016-05-03,0.31143570324150116,0.3115834989298585,9.967880679598736e-05,0.3119653196749867,3.652475612017775e-05
2016-05-05,0.2858556241804997,0.28311035509593946,0.0001023061130344889,0.2848183181080515,4.10769376692212e-05
2016-05-10,0.30945941157428053,0.3115502162584155,0.0007051089174542487,0.31012932683485633,5.075831431838846e-05
2016-05-12,0.3287794299490444,0.34166980336869857,0.0002525246297690577,0.3321454944050722,5.421122748758433e-05
2016-05-15,0.3502837556672432,0.3552985959025656,0.0001014838832581999,0.3506378342810663,3.698835741070876e-05
2016-05-17,0.3115008353453625,0.32436941114369866,7.433769497183342e-05,0.3171628018366041,3.0287756623947852e-05
2016-05-22,0.3354702333272303,0.3418397696082141,0.0009945958210530236,0.33552862667176375,5.8385344261135486e-05
2016-05-24,0.30569492303938456,0.30234111705772,9.978749502735163e-05,0.30388286341949405,3.755471558990362e-05
2016-05-27,0.2985955960118722,0.2992533965640402,0.00023594520955731867,0.29887499159739106,5.2594316414173344e-05
2016-05-29,0.37947743794284483,0.38182907446544534,0.0003318589206710418,0.3791416637711103,5.227924757471436e-05
2016-06-03,0.3359588469118302,0.32312655766130716,9.530676759432565e-05,0.33146809125293347,3.47572322876409e-05
2016-06-05,0.31179812909645505,0.298626141711791,8.988420300185851e-05,0.30655308671807513,2.9659301719035588e-05
2016-06-08,0.2846595719386899,0.2596563063733305,0.00017704988699745235,0.27888403551184054,3.9886137111177925e-05
2016-06-10,0.27049548230118764,0.2750671363947385,0.00028939616234147374,0.27134755794639726,5.56394151059146e-05
2016-06-27,0.21090122059137062,0.20222469273823504,0.00036475911938998567,0.21039286312454572,5.2158251159138745e-05
2016-06-29,0.19345847920984272,0.19148928627097775,4.956840996571964e-05,0.19196948675511652,2.875848766107875e-05
2016-07-02,0.18364307014191733,0.1852179332923861,4.84942804637988e-05,0.1841806388126105,3.2621709846650316e-05
2016-07-04,0.17641956127058134,0.1995753399490787,0.0002195721961616247,0.18181096893295126,5.187563774862031e-05
2016-07-09,0.20210706860625588,0.18223964896891742,0.0003518740720792739,0.19813536695888004,4.055292786948019e-05
2016-07-11,0.181420571952487,0.19008908088636392,7.993766500972522e-05,0.186167375564039,3.43327256723621e-05
2016-07-14,0.21914323094168217,0.2094214144622356,0.0003959205887112805,0.217510816587317,6.154241122313382e-05
2016-07-16,0.19378147251016264,0.1881057475991022,6.461438170003611e-05,0.19112378361158563,2.816154354714217e-05
2016-07-21,0.156068363120411,0.17134410960834193,8.494890424272544e-05,0.16312684934065744,3.2854914402556685e-05
2016-07-23,0.26352507571907396,0.24456892325388183,0.0019088939812328385,0.2623205405062701,5.86509186066172e-05
2016-07-26,0.20602147861359127,0.20053095240549676,9.758301006076651e-05,0.203025544898009,3.788322885096948e-05
2016-07-28,0.18215895765864898,0.1821862035773895,4.972959985749663e-05,0.18173597515671552,3.318437296476042e-05
2016-08-02,0.15557001581562002,0.16191477640179008,3.5184763453429525e-05,0.1597665906455824,1.8714565851932653e-05
2016-08-04,0.1576535898426767,0.17598032640960595,0.00014501083309628255,0.1626746008547588,4.407034896758388e-05
2016-08-07,0.15857078605994135,0.15601599954772036,2.306562814758853e-05,0.15666024963945735,1.799192402998348e-05
2016-08-09,0.15592108568345298,0.16194251592741504,3.88620478046387e-05,0.15932478906708053,2.4514466504685453e-05
2016-08-14,0.14690136924234004,0.1504063772725474,2.2972920920576003e-05,0.1493722122122059,1.47437487330337e-05
2016-08-16,0.14737403180857137,0.15100885944738748,1.990550058342373e-05,0.15006597123202875,1.653729096143158e-05
2016-08-19,0.1536671212980542,0.1580321327336379,3.4010308057859395e-05,0.15623949980724602,1.813294847654671e-05
2016-08-21,0.21782150102469797,0.20045110764161553,0.0007865202712484544,0.21581366637588786,4.7579537046387646e-05
2016-08-26,0.1610925131349007,0.16253194715226335,5.124754595272035e-05,0.16123617611390542,2.423750616729077e-05
2016-08-28,0.15484968103533975,0.15924703753693972,3.061190802890107e-05,0.15725815726966066,1.9883171516272175e-05
2016-08-31,0.1508451992785392,0.15512930017338047,2.3034759837790157e-05,0.15404009534420637,1.7472543110235626e-05
2016-09-02,0.147680154340522,0.15040150825746462,1.7501977218219587e-05,0.14975804318909358,1.218083645462644e-05
2016-09-07,0.14454933395062292,0.14802258066607382,1.4279610345725339e-05,0.1474635096011934,1.2623208354567045e-05
2016-09-09,0.16340878619045357,0.206608820399295,0.0006684195080290594,0.16635500861973587,4.865561259737889e-05
2016-09-12,0.19183825714530808,0.15666454397534874,2.471051783513268e-05,0.1670474322576698,1.9106484402400613e-05
2016-09-14,0.37093464612246846,0.35005577072843286,0.001973947976345446,0.37208850683600764,4.549269498212079e-05
2016-09-19,0.2680429680786599,0.2906691787535915,7.162069169430888e-05,0.27832566016628024,2.9252294216075528e-05
2016-09-21,0.2482189390083512,0.24906839284758164,4.437419800468945e-05,0.24931157520341446,2.234556108971471e-05
2016-09-24,0.2151854465596354,0.2097273518502939,4.697139124535603e-05,0.21261583004218962,2.4376415355787767e-05
2016-09-25,0.2139539591428948,0.22222309364898912,9.984667331428334e-05,0.21710451409428314,3.244502040786164e-05
2016-09-26,0.21842631307837793,0.20803253583129655,3.068306864354594e-05,0.21137718514756268,2.0342991495623955e-05
2016-09-27,0.20989022651139475,0.20198161909568846,2.4737074721806424e-05,0.20394731552141415,2.1445362786009247e-05
2016-09-30,0.18759503549425996,0.18408928931965465,3.33133522620161e-05,0.18503732249447005,2.1951073752589733e-05
2016-10-01,0.21614803146379064,0.21999435373394086,0.0002722791760152485,0.21650771668825525,6.895449489631425e-05
2016-10-02,0.23334180046327477,0.21775781458664756,6.434857822426713e-05,0.22560595863079283,2.9839067453054573e-05
2016-10-03,0.22515863639747305,0.21561617531852564,3.0382884147136365e-05,0.21869664814785522,2.166524632070063e-05
2016-10-06,0.22247972565019164,0.22071272970705014,0.00014586392873942769,0.22139193858205014,3.8736897733016204e-05
2016-10-07,0.2201959272153029,0.21426496390114388,3.348906059039041e-05,0.21623699661704193,2.309603456010069e-05
2016-10-08,0.21426619556036325,0.20924722627765885,2.435866262001013e-05,0.2111936281540503,1.6018498169403984e-05
2016-10-09,0.20843707196607847,0.20595234532647264,1.6783253812759406e-05,0.20649813843504553,1.5066158579753009e-05
2016-10-13,0.2568956284546926,0.3134609260746877,0.001997455346472523,0.2585220935631428,5.657941629249915e-05
2016-10-14,0.36472834697997913,0.3212964176019461,0.0009407136576807704,0.3640337099038845,5.328057786921718e-05
2016-10-15,0.31876410844112113,0.33926058923083724,2.8376241407259824e-05,0.33293308515198405,1.80410736576766e-05
2016-10-18,0.2759089058757053,0.29050926456323006,4.524200103275198e-05,0.28435693208162677,2.75191362162647e-05
2016-10-19,0.26706749396744894,0.27194714904527484,2.8567510975027084e-05,0.27053055144158067,2.5275112624995922e-05
2016-10-20,0.2595050103176686,0.26094971121538657,2.607391831901943e-05,0.26022548021798936,2.0311470071433607e-05
2016-10-21,0.2526948797012442,0.2515574753774741,2.2811337235921086e-05,0.25203418521320226,1.5605940371792053e-05
2016-10-24,0.29694552054623424,0.30571820653186244,0.0010174766822538118,0.29736694556420795,5.725659637093557e-05
2016-10-25,0.319481894084063,0.30004297627445653,0.00011711657393623764,0.3125983238539833,4.054610691391399e-05
2016-10-26,0.30913367329354363,0.3035212740080315,4.876092645566087e-05,0.3063634683726405,2.7163002472035333e-05
2016-10-27,0.294489191138592,0.2926652509289048,2.8896710614978037e-05,0.2933760079660537,1.904485972914324e-05
2016-10-30,0.2672728808967231,0.25987946521580696,3.9357964767843864e-05,0.2629338208742002,2.6791755965544664e-05
2016-10-31,0.2608968213103269,0.25327251482651725,3.326507124158655e-05,0.2560538802921365,2.098835572505607e-05
2016-11-01,0.255217587191884,0.24729983556939114,2.4695111556484204e-05,0.2497302050842446,1.4600316685728596e-05
2016-11-02,0.25019029714397645,0.24165141119028008,2.1272072266426762e-05,0.24395021008122936,1.261691673524218e-05
2016-11-05,0.3056533163647312,0.3045428675280328,0.0007735683115452575,0.3060326487391688,5.034897779947843e-05
2016-11-06,0.32647319344685777,0.3330681688869889,0.00022813822953745267,0.32715412350705414,4.943460343448068e-05
2016-11-07,0.345198368273815,0.3517457688140312,0.00016188629159748187,0.3461687780920057,4.368495052041769e-05
2016-11-08,0.3354460032225539,0.34182755840708984,4.4921317912590586e-05,0.3395870759332634,3.012323094111106e-05
2016-11-11,0.3596762344125795,0.3650699312238798,0.0001469727937688944,0.3608218569387527,4.684065613878741e-05
2016-11-12,0.33999408891388777,0.3484572699444981,2.1775848675168096e-05,0.34614272528127593,1.4195056767240032e-05
2016-11-13,0.35952157643187427,0.3668731031341036,0.000146543382906126,0.36163386721057816,4.409439799380802e-05
2016-11-14,0.3555475289567289,0.3511048792549562,1.988839604314093e-05,0.3518823472375416,1.5146778216778198e-05
2016-11-17,0.3241125389856216,0.3174890388312461,1.9182836842833677e-05,0.31895409596318425,1.752768133700138e-05
2016-11-18,0.33341197440791015,0.33993514504347444,0.00021111414074578768,0.33437069242857687,5.780612103734471e-05
2016-11-19,0.3570615969548923,0.3471897269730038,0.00012773012378067717,0.3541714736620659,5.0722026903899816e-05
2016-11-20,0.34148429255871143,0.3530394773473293,3.0250413504922337e-05,0.34931333533543873,1.5918953768460588e-05
2016-11-23,0.397224674090945,0.3951862329086786,0.0001921624659462999,0.3961467305332009,4.9304034309930095e-05
2016-11-24,0.3889207388460812,0.36896149559461194,1.5428034344545198e-05,0.3731730302614984,1.2326193365337865e-05
2016-11-25,0.3750698062348485,0.36085774407269,1.3010056664869099e-05,0.3634481336661301,1.0024659800032163e-05
2016-11-26,0.3646771933929239,0.3545335791965474,9.94409970520101e-06,0.35601331075163195,8.698492106488499e-06
2016-11-29,0.34191373652325097,0.33235852907669694,2.3497873750063562e-05,0.3351075665306744,1.804023923515884e-05
2016-11-30,0.33541987367955867,0.328240347414458,2.1211923626609518e-05,0.3305040790349059,1.4234729736406908e-05
2016-12-01,0.3299492245954762,0.32447533412788515,1.7315777421334847e-05,0.3261143198147058,1.3678949342035693e-05
2016-12-05,0.31431013538801,0.30604983198763236,2.7011606690676615e-05,0.3085557979400303,2.4087261230638966e-05
2016-12-06,0.3109882904649815,0.30445327788479104,2.6866030069567302e-05,0.30607507713996873,1.6423990289818852e-05
2016-12-07,0.3079792647819012,0.302252640039752,1.6635199194413675e-05,0.3034574317419782,1.1545265093990425e-05
2016-12-08,0.30487969920066416,0.3001810346411021,1.2958080274761512e-05,0.3008733437821164,9.956046911548213e-06
2016-12-11,0.2986609965384453,0.29259236506750297,2.049362265607735e-05,0.2941230932352137,1.6368297158417837e-05
2016-12-12,0.29631244125912237,0.291595706329119,1.822891699191332e-05,0.2927154313172647,1.3772995095216883e-05
2016-12-13,0.2942116938278948,0.29032823633036076,1.3591695283307891e-05,0.29106243302725643,1.202420559304639e-05
2016-12-14,0.2919803530582449,0.2889394169691967,1.4820732925673022e-05,0.289503626108643,1.2125066109032995e-05
2016-12-17,0.2864803593533816,0.2830687798369859,2.2109008730769977e-05,0.28420824414400353,1.4458827602248196e-05
2016-12-18,0.28464692488000204,0.2828457216864049,1.5252977344689992e-05,0.2831910708293902,1.0661676066963605e-05
2016-12-19,0.28725282566522353,0.29334069663479795,4.1968607317256945e-05,0.2908261172500329,2.4343727697320066e-05
2016-12-20,0.29411818714375115,0.2918174926325403,2.5330701165508944e-05,0.292460016684999,1.6676670805197977e-05
2016-12-23,0.33693187281166526,0.3377650188647275,0.00023863468892072488,0.33757357184148845,4.505438458749914e-05
2016-12-24,0.32644322727191116,0.33477804983039233,4.202557035548726e-05,0.33132127557816554,2.4194886453012573e-05
2016-12-25,0.31763085253067186,0.32789964780748254,2.8532659403805858e-05,0.32449102731280605,1.9426128376255156e-05
2016-12-26,0.31115885391536585,0.3210211949723582,1.7137993087731548e-05,0.3190135649590703,1.175156409624877e-05
2016-12-29,0.2958835838380746,0.30471703437990905,1.6245148142297974e-05,0.30254397696732677,1.2735275303506775e-05
2016-12-30,0.29390071262653295,0.30026053510289896,1.480363543953886e-05,0.29886775620644085,1.103002788665206e-05
2016-12-31,0.29181284149648223,0.2964152816126391,1.2249540887690413e-05,0.2955337951829674,9.530540470989264e-06
2017-01-10,0.3282437660269498,0.33951354810937273,0.0005275228272444207,0.32925793621605126,4.784808264554956e-05
2017-01-11,0.32434866894494013,0.3298409337024493,5.312889369824165e-05,0.32737741998265607,2.6434962758597513e-05
2017-01-12,0.3274148587519055,0.3493844597301341,0.00010104665311712564,0.3359672911330621,4.4624313760368623e-05
2017-01-13,0.34469493607555834,0.3455257537266142,6.426451762750089e-05,0.3448207658374266,3.0093076891406136e-05
2017-01-28,0.3174629543497257,0.3211422248583435,0.00014226080395617538,0.3194254056120142,4.2468281547162334e-05
2017-01-29,0.31272651495211196,0.31270774369241144,4.148703103171275e-05,0.3125749890908388,2.7421731949461603e-05
2017-01-30,0.3170243294328082,0.32115673428803937,9.193789816249357e-05,0.31919148010343157,3.8442723763054855e-05
2017-01-31,0.31007897231907117,0.31297975559518226,3.403122665106889e-05,0.31193137131261156,1.9290302830616903e-05
2017-02-03,0.35019545569981525,0.3542428226668462,0.00022025581008831694,0.3519449131352246,5.216440501976167e-05
2017-02-04,0.36696305202996865,0.38278818510655893,0.0003103357532249504,0.3700596293720301,4.9140324796107904e-05
2017-02-05,0.3917496705990429,0.4018662909638257,0.0001862414840140615,0.3941986429174642,4.3907636614508686e-05
2017-02-06,0.3699112796416586,0.374556306624293,2.3610693349534412e-05,0.37319388772346046,1.608478417203842e-05
2017-02-09,0.3596003909883016,0.3545475346007758,1.313561203813454e-05,0.35522861961123725,1.099821827369315e-05
2017-02-10,0.34918399168008324,0.3467444556894293,1.4195193845679782e-05,0.3468426211289134,8.926049009541152e-06
2017-02-11,0.3419515687617588,0.3388159817972465,1.2014621879442934e-05,0.33941701914600797,9.068830384730228e-06
2017-02-12,0.33807524846545495,0.3423379391846924,4.2615614711859246e-05,0.34060345300298556,2.9186044447627322e-05
2017-02-15,0.34768141968551464,0.3500390100606871,2.684121781000378e-05,0.3497694722378082,1.817993722824479e-05
2017-02-16,0.33751643542608817,0.3404565956973521,2.036136394607217e-05,0.33984369378233226,1.583170758176065e-05
2017-02-17,0.3305312803652744,0.3303266302497193,2.232031202714468e-05,0.33011648615447853,1.5876913960387754e-05
2017-02-18,0.3242898149584224,0.3218433040971243,2.1575431493331577e-05,0.32262442983226,1.6410258082013904e-05
2017-02-21,0.31256047987700547,0.3047425629693401,3.3596013702504404e-05,0.307621847810937,2.1028234362924967e-05
2017-02-22,0.30935772143588647,0.3023912935456168,2.6343672839793123e-05,0.30482635754191667,1.7455320731978524e-05
2017-02-23,0.3050853711309788,0.2984201098465975,2.655806459388247e-05,0.30090699532194626,1.5636591249898176e-05
2017-02-24,0.30269377910984036,0.3009474357009195,2.5873666777378897e-05,0.301066775919301,1.5491853145552747e-05
2017-02-27,0.292726589197037,0.3068481957402931,0.0001291860204826198,0.2971707184005082,3.626847710625227e-05
2017-02-28,0.3560639476703132,0.368858834748628,0.0005818022795754202,0.3567047984145526,5.306044404126608e-05
2017-03-01,0.35409948772138433,0.35468700521444796,3.193703499382323e-05,0.35496653591142346,2.1276956049134568e-05
2017-03-02,0.3414557766573951,0.34677002657385253,1.6883767967733837e-05,0.34549554008641226,1.3534492098357998e-05
2017-03-05,0.38220843855493286,0.38581977295858927,7.100611255335352e-05,0.38353412829265965,3.348313354612123e-05
2017-03-06,0.3817826600194064,0.3765861223559204,7.307269832698346e-05,0.379089924818383,2.62937751668744e-05
2017-03-07,0.3885953978269156,0.3997855689076185,0.0001702515844090683,0.3913739931959828,4.3924129143232175e-05
2017-03-08,0.3901948675195889,0.3728700757878491,3.0497975149026303e-05,0.3785750432120578,2.1915933322367653e-05
2017-03-11,0.34757429429465975,0.33605113364337974,4.1324648811339154e-05,0.3406718048505198,2.2340260260215187e-05
2017-03-12,0.379609872880601,0.3866583924694967,0.00029330415949262504,0.38135213816962094,4.805148971496558e-05
2017-03-13,0.3772369262283976,0.36686134779194085,1.6827189621113946e-05,0.3689422020358885,1.2133724072213905e-05
2017-03-14,0.3613393650788276,0.35242336483037945,8.910890518316966e-06,0.3535264986351339,7.477246119068732e-06
2017-03-17,0.3313095486377326,0.32151833564076554,5.081513174920327e-05,0.32612100435395475,2.76644423163206e-05
2017-03-18,0.32462544581435326,0.32196470442100017,3.899071448916016e-05,0.3229222890897981,2.2285895821101802e-05
2017-03-19,0.3191560608792607,0.31524575989905773,3.398218167659239e-05,0.31664009964253,2.4616075697699556e-05
2017-03-20,0.31484523865597147,0.3121766689648178,3.329826152360328e-05,0.3132134067418135,2.0833942742226957e-05
2017-03-23,0.3869488668922392,0.3954526871144967,0.00027585570425220157,0.3885927156257821,4.081792238177633e-05
2017-03-24,0.3642051045575891,0.37754437285125136,6.464627867885718e-05,0.3711170513325245,2.8909998020305843e-05
2017-03-25,0.38894919821269086,0.38643919202918503,0.00019330123531811135,0.38749404312701885,3.742601972613302e-05
2017-03-26,0.36813820627476596,0.36013773106850194,1.7805888198376843e-05,0.3617425253763752,1.498570072331363e-05
2017-03-29,0.33884982427442084,0.32904142385385077,5.6423343034472435e-05,0.3339467094112091,3.677354776978626e-05
2017-03-30,0.3271562196280246,0.32062984807220773,5.7449848659130165e-05,0.32344326069416063,2.725338875016962e-05
2017-03-31,0.3366726228346937,0.38207226812248435,0.000443230883048008,0.3420362773425083,5.297508764220165e-05
2017-04-01,0.3807941227471922,0.36170813406607294,0.00012622545116889182,0.3752267687383366,3.329379514618099e-05
2017-04-04,0.3472727783011958,0.3424532169405862,3.954128093179818e-05,0.3446309890964801,2.4296874594318733e-05
2017-04-05,0.3515974216461558,0.353108372461149,5.643620433664828e-05,0.3519159453226428,2.574219406117966e-05
2017-04-06,0.3390427217797409,0.3399562654616692,3.2187047778363055e-05,0.3399149097319472,2.413525251063379e-05
2017-04-07,0.3264544359517559,0.3256427601444289,4.343759507672491e-05,0.32544170770957215,2.6424146520880155e-05
2017-04-10,0.29468407057446494,0.28440033269567017,0.0001526495357400054,0.2919581245821775,4.384358309266455e-05
2017-04-11,0.28839478022268356,0.2879379925032907,5.8237029199957276e-05,0.2876848416649707,2.8717755771681443e-05
2017-04-12,0.2825917766489142,0.27656768720263425,4.4848858214394077e-05,0.279366107439712,2.204016360323163e-05
2017-04-13,0.27271242078370966,0.2683148760994776,4.3750502170944374e-05,0.2700903410624582,2.876587343208891e-05
2017-04-16,0.25864965755279623,0.25744272551220443,8.246051582673998e-05,0.25788979755367736,3.581487326792657e-05
2017-04-17,0.25102364704680025,0.24905450548133068,5.418076408611535e-05,0.25002137360836246,3.2882558222183574e-05
2017-04-18,0.24279628911789525,0.24423082472298574,4.376739378154287e-05,0.24342715341891355,2.4198012745012064e-05
2017-04-19,0.2329126398205319,0.2385096803823151,3.402893272250333e-05,0.236900359472619,2.3325849254990775e-05
2017-04-22,0.20725328765040268,0.2144664568807053,5.9578046120516305e-05,0.21103697505384825,3.021256407193033e-05
2017-04-23,0.19894931718046238,0.2040814587485915,3.612609431473284e-05,0.20208117354094074,2.0524876731881496e-05
2017-04-24,0.19117926486638734,0.19722535987103598,3.156352605175996e-05,0.1951523912352218,2.0534780277907374e-05
2017-04-25,0.234715933050815,0.2886238950831742,0.001897701575946409,0.23724678197125598,6.360994056147582e-05
2017-04-28,0.26229004072717726,0.22939422634644166,7.470626800783458e-05,0.24800605873056902,3.3445163307225194e-05
2017-04-29,0.24660390494707374,0.23473371663287781,5.0592703647924594e-05,0.24037968518823136,2.6884022246483954e-05
2017-04-30,0.25271560375680635,0.274742935052672,0.0005169824317977485,0.2547524801046544,6.115771587992416e-05
2017-05-01,0.27477604295193997,0.2691924950500212,0.00026974962575504073,0.2727976062050314,5.500767162992824e-05
2017-05-04,0.2906422113661596,0.30547263976047656,0.00040119606236853914,0.29230970632622094,4.482400563854121e-05
2017-05-05,0.28109742268973253,0.31630179374442857,0.00028413084292259116,0.28726818926537356,4.49495073505924e-05
2017-05-06,0.3388979231689879,0.32855457702030755,0.0006904364256030131,0.3376168823512846,5.6277344961142405e-05
2017-05-07,0.30852860083034234,0.3177048801000372,6.056893869397068e-05,0.3132488513218797,2.6284662283402505e-05
2017-05-10,0.2589821064073745,0.2749118388918336,0.00020520268475160674,0.2619148230673549,4.117284619687998e-05
2017-05-11,0.28249557977246825,0.2961225171853622,0.0007432345000678344,0.2842036139165715,5.2855115235932024e-05
2017-05-12,0.28019244551172473,0.26515784674537884,5.967800960658824e-05,0.27270864962661284,2.7440585905919225e-05
2017-05-13,0.26998493879076596,0.27169815530364627,7.422802736280787e-05,0.2711222755635763,3.1918754352587735e-05
2017-05-16,0.21829763143418862,0.20966045726758278,0.00013715971253740062,0.2149584270083093,5.559244208054637e-05
2017-05-17,0.21190671785129894,0.2525236713334575,0.0008985918992780957,0.21550990599531844,6.138154073902538e-05
2017-05-18,0.3287629316423127,0.3513201568534855,0.0017968955586439097,0.32893276880910777,4.5109752994675535e-05
2017-05-19,0.3503293287218653,0.32770609775230247,9.587044782362919e-05,0.34070558032283615,4.126286711397399e-05
2017-05-22,0.2809816387178424,0.294989488984201,0.000262976248517087,0.2835141583505829,5.54254040055852e-05
2017-05-23,0.27707176147001555,0.2654603970823586,7.487862412459577e-05,0.2717719609133255,2.8564712867872042e-05
2017-05-24,0.2579971945479319,0.24716791274378241,7.50212169922992e-05,0.25250008338047003,2.5598618898148386e-05
2017-05-25,0.23821529657760593,0.2277296026621464,7.221635176405369e-05,0.23310557608196725,3.9614146608592e-05
2017-05-28,0.20350175829519457,0.19346424609081325,0.0001394485671554477,0.2003573655871337,3.685402912350148e-05
2017-05-29,0.1905813141724011,0.19509116100777482,4.603005240869085e-05,0.19321124000585363,3.14079173460354e-05
2017-05-30,0.21408183501630862,0.2819204886639454,0.0018280022200971983,0.21722220333809733,5.338825878809659e-05
2017-05-31,0.3252176188067515,0.237552944225422,0.00043488615691898036,0.3136082140440044,5.853221881510766e-05
2017-06-03,0.32766527368336595,0.3632562786368434,0.0008860852490990397,0.3298235824526001,6.551557474300633e-05
2017-06-04,0.32519234338759434,0.33033626230713753,0.00014555258929982724,0.3274613820888919,4.121147440406112e-05
2017-06-05,0.3138672825193364,0.30477982397993086,5.337468938503861e-05,0.3094708010530543,2.8173147029303344e-05
2017-06-06,0.2940976981324772,0.30172202183567237,6.882634213584367e-05,0.2975740244566196,2.98596300935726e-05
2017-06-09,0.28670169852726723,0.27652354118830297,0.00045904202999929434,0.28572781785690565,5.6036601367853826e-05
2017-06-10,0.26789423290257947,0.25726102455090244,7.049686215813825e-05,0.2624987165954266,3.294298836796988e-05
2017-06-11,0.24364859568648778,0.23401239694981626,7.412727190618778e-05,0.23983219966863253,3.0786162719491296e-05
2017-06-12,0.22294744291495505,0.220773366627009,5.725338861955407e-05,0.2215573048381012,3.452345328867425e-05
2017-06-15,0.18342451179862473,0.1812852196021529,6.946556482447941e-05,0.18268985479607905,3.3608750837167276e-05
2017-06-16,0.17449701919367122,0.17622091274981752,3.0875202643339214e-05,0.17552771224958796,2.2246437363863127e-05
2017-06-17,0.1650953966311051,0.168227052618064,2.910208076200372e-05,0.16759319781791648,1.6962367530298924e-05
2017-06-18,0.1571196131961062,0.16058944086310234,2.0842207923807e-05,0.15972824465211918,1.481351581814072e-05
2017-06-21,0.1475738161692164,0.15477228317407365,2.75568531770597e-05,0.15244903845224958,1.7732338928980793e-05
2017-06-22,0.14521488387104536,0.15021521084898154,1.92803388825559e-05,0.14875653532550884,1.2999556710439521e-05
2017-06-23,0.14393573980936192,0.1531020161182931,1.4769397381102633e-05,0.15103929698731575,1.3192711640900519e-05
2017-06-24,0.14343099298346884,0.1525049961751554,1.4060276616216882e-05,0.1506986811463774,1.1557563680868376e-05
2017-06-27,0.22889280671944887,0.27661405949261186,0.0017144399276762562,0.2304310197828495,5.126282340175256e-05
2017-06-28,0.326935580775108,0.2873668750652162,0.0010716113878287842,0.3257070352980061,4.8392370128124994e-05
2017-06-29,0.3231599809724915,0.33768615189977824,0.00020783239958073818,0.3262170707631893,4.428173291557106e-05
2017-06-30,0.3223928867937941,0.3578646469787551,0.0003569595752393292,0.327808093117034,4.9012004265702345e-05
2017-07-03,0.2837437751900685,0.2955436717942412,0.00024294582279822162,0.2860901037777558,5.046466628891566e-05
2017-07-04,0.26090588574540996,0.2530074468109804,0.00010639559753082088,0.25880597272900546,4.557036873523791e-05
2017-07-05,0.23498511267572927,0.23179426685837437,9.266902362564102e-05,0.23331185191148734,3.527107552542957e-05
2017-07-06,0.21651306539202844,0.20821900410191937,7.192889795929585e-05,0.21285704398378624,2.7678633233260968e-05
2017-07-09,0.2459178979408815,0.23948488522113923,0.0011169434117213933,0.24447185655683612,4.383352926190259e-05
2017-07-10,0.29917421142281114,0.31025203142884433,0.001371754592466887,0.29938229842860375,5.78677985290956e-05
2017-07-11,0.29671838168638043,0.28158006596102875,6.450250782266314e-05,0.2894583068188292,3.318022891088837e-05
2017-07-12,0.273208806337005,0.2660820718884674,5.350241213752277e-05,0.26990826177316135,2.9316176937168505e-05
2017-07-15,0.220569039132011,0.20772160757963704,0.00012878302258259055,0.21682803301890236,3.6386405228052774e-05
2017-07-16,0.20306079842670335,0.19462960816913785,7.168034353008341e-05,0.19928591654102695,3.8394487335366416e-05
2017-07-17,0.18747682520609196,0.18211251337012865,6.735513715992809e-05,0.18485064954912048,3.45206355409077e-05
2017-07-18,0.17439396603219906,0.17289943695423346,4.031275808139703e-05,0.17322897635747936,2.8360769197803376e-05
2017-07-21,0.2751045880594514,0.25501973923518184,0.0017668996931932853,0.27578303048629554,5.143098143751563e-05
2017-07-22,0.2546308571868039,0.2533405077949149,5.796066436243727e-05,0.2535192678478926,2.8948493019832616e-05
2017-07-23,0.2365318979194184,0.2359018351812921,4.8713493658780296e-05,0.23659625895378938,2.6545665573731112e-05
2017-07-24,0.2474296972370771,0.24922234644139793,0.0002673476757870493,0.24849113265546094,4.350327011270994e-05
2017-07-27,0.22334641438718367,0.21089835255892134,0.00013568876579461177,0.2203713694026054,5.008509076078276e-05
2017-07-28,0.21072456962456534,0.20730186447349064,6.201229160600454e-05,0.20935896641661567,3.498404260081439e-05
2017-07-29,0.19778148907399162,0.19187670928216174,5.552539016233164e-05,0.19479265467687823,3.070366543615003e-05
2017-07-30,0.18701665268093037,0.18790930543033585,3.910245074158987e-05,0.1875317997684382,2.3796332040131285e-05
2017-08-02,0.16954415609747986,0.1714046016886711,4.9467015663118215e-05,0.17016102814304226,3.139909664345554e-05
2017-08-03,0.16202103544097493,0.16490899675451845,3.210129103467932e-05,0.16406723208048216,1.7405325805037314e-05
2017-08-04,0.15697347569198758,0.16072980271389478,2.0409922487269773e-05,0.15965587137562934,1.6746711202304038e-05
2017-08-05,0.1551763944017201,0.16391192236430963,2.006170004528288e-05,0.16184771828791852,1.5658000087553576e-05
2017-08-08,0.3544662144973877,0.3456403796302188,0.0017683842720239895,0.3543551310306953,5.1672775778757805e-05
2017-08-09,0.3148425625038804,0.34770217262075176,6.265095131976776e-05,0.33065712305952444,3.370354467840225e-05
2017-08-10,0.3151039319091954,0.33992627862934766,0.00015700047807814288,0.32253285981217317,3.159840863653354e-05
2017-08-11,0.3077937181926881,0.3034370184945025,3.803250235517938e-05,0.3049629514614529,2.3652359581579962e-05
2017-08-14,0.23667573159215136,0.2269219769254381,0.00015612913907867216,0.23342639065596982,4.092633857717023e-05
2017-08-15,0.22006098114438805,0.21988571247122254,5.7236033035747476e-05,0.21937535360745664,2.5790191708065362e-05
2017-08-16,0.21233802816922692,0.21047293488085358,3.418396801371726e-05,0.21121323871857356,2.4337364499137302e-05
2017-08-17,0.20288702314838875,0.19722757729024923,3.260148564144837e-05,0.1990848396228414,2.295674869243019e-05
2017-08-20,0.17859100565271366,0.17878178839437817,4.3631391202668536e-05,0.17873492803063773,2.1007846997624155e-05
2017-08-21,0.17089685553329326,0.1705651273396771,3.2640757037733004e-05,0.17087302694019701,1.8939360345276915e-05
2017-08-22,0.16396384556817425,0.16578976166688938,2.5251136672919438e-05,0.16489567851757714,1.752968578523334e-05
2017-08-23,0.16094087284807998,0.16556303558801122,2.1754610498206752e-05,0.16438304998622125,1.5386492941568327e-05
2017-08-26,0.15339227180382142,0.15810579781485207,2.102453608543245e-05,0.15713840946047541,1.580252520133954e-05
2017-08-27,0.15348166579341482,0.15912863081912007,1.9965057268559994e-05,0.15771540846683402,1.5054310841847855e-05
2017-08-28,0.159211162758554,0.16975445118903598,7.251213980936313e-05,0.1640304749980062,2.9647052745711223e-05
2017-08-29,0.17062558736733233,0.16225004386011285,2.3038062562597642e-05,0.16481883429041239,1.4637545510338936e-05
2017-09-01,0.26168835145547803,0.2672094182907678,0.0014975908936430977,0.26184151712710024,6.622065480121416e-05
2017-09-02,0.2777735223107275,0.24658027162005547,5.972651280691991e-05,0.26251911413965934,2.335871505078438e-05
2017-09-03,0.25604649813113045,0.2472118858410985,3.537332461054514e-05,0.2504758481447451,2.0407732113398452e-05
2017-09-04,0.26576997622416326,0.2596626189423353,0.0002717045435867129,0.26505829737798914,6.32038238928227e-05
2017-09-07,0.2295602071923822,0.22755561984038614,7.987807481585507e-05,0.2294855613927036,3.4920901296394354e-05
2017-09-08,0.21777918967617785,0.21554316823544142,3.964904677873532e-05,0.21683399157841055,1.957009732390082e-05
2017-09-09,0.3146559316055668,0.3390196189065348,0.001436997050882625,0.3135276802963885,4.5619271083160705e-05
2017-09-10,0.33004255120998255,0.3030618725965627,8.03251482822385e-05,0.3177621490712273,3.498449465857641e-05
2017-09-13,0.26739145897589534,0.2809548612113899,6.4382289791219e-05,0.2739433440852621,2.967446783100316e-05
2017-09-14,0.2673082910162613,0.2797836014147977,0.0001606407790315299,0.27055822011021685,5.066609927871258e-05
2017-09-15,0.26961711741870525,0.2774391605314062,0.00013992314959081645,0.2720677962019099,3.828690151829414e-05
2017-09-16,0.27593541044107456,0.2699553368258375,6.595642957882034e-05,0.272631691789892,4.0147087717920594e-05
2017-09-19,0.3169656032299156,0.32252175883678513,0.0004768585784403201,0.31769653454770286,6.290021578158052e-05
2017-09-20,0.29403799300656935,0.29824755076415277,5.466776682239477e-05,0.29539836713877965,2.7074382142360713e-05
2017-09-21,0.27387279981890406,0.27549355544740484,3.302921921193412e-05,0.2752741758134842,2.0538146216880013e-05
2017-09-22,0.260947631591493,0.26268166962217354,3.1197668629855956e-05,0.26192280866645284,1.9818153537979388e-05
2017-09-25,0.25812215540959393,0.2589542775267734,0.00042517821970488234,0.2584049215563942,5.3113324829916516e-05
2017-09-26,0.2665809709370308,0.2530385198617571,5.5659626933281206e-05,0.2591140100062074,2.806597503482141e-05
2017-09-27,0.25640801984556566,0.24246598721162202,4.189850091640262e-05,0.24787468974318014,2.1472138910676433e-05
2017-09-28,0.24309525128366216,0.23314796384940473,4.526488008066274e-05,0.23696950441235526,2.7203703770582904e-05
2017-10-01,0.307535597504819,0.28547546713705607,0.0011996476089238988,0.30696490695949025,6.335740148985144e-05
2017-10-02,0.3063790477721182,0.31248336101708335,0.00013140663604722873,0.3078974903326883,3.5666281625175566e-05
2017-10-03,0.3020378781046669,0.30678215530285285,9.181049093892049e-05,0.303323888403302,3.1040684808659094e-05
2017-10-04,0.2925002256489038,0.28711199629133843,3.294126786219803e-05,0.28882840791276504,2.302979427983412e-05
2017-10-07,0.2760663040262954,0.271082616959577,0.0001415212380062098,0.2747580203586416,4.174647150367843e-05
2017-10-08,0.2637196268942038,0.26249567097245974,4.1634926386143355e-05,0.2630538786479633,3.294193939882918e-05
2017-10-09,0.2558152175604923,0.25404340091108263,3.937270490783795e-05,0.25515899175956985,2.2378155801351118e-05
2017-10-10,0.2511260186164085,0.24700989103752188,3.3240445146347314e-05,0.24863176074457505,2.3714254554041156e-05
2017-10-13,0.22878802322351874,0.22109170213094778,5.927995849095307e-05,0.22431345548335707,2.837469394476119e-05
2017-10-14,0.22116699759020148,0.2153302237105305,4.0791244739946546e-05,0.21737183969931773,2.39163998424761e-05
2017-10-15,0.21414727618987145,0.21132550016983714,2.9079743253251487e-05,0.21259829474357153,1.9553112523689155e-05
2017-10-16,0.2077899565489931,0.20802112260617583,2.4390458883175712e-05,0.2078234315979692,1.9781165153543042e-05
2017-10-19,0.3233827528312479,0.29558189741430496,0.001363341377016979,0.3226713513441053,5.8922919355004807e-05
2017-10-20,0.298081951732083,0.30776630924177967,5.214600610240871e-05,0.3029797847968901,3.211420554995048e-05
2017-10-22,0.28025827665192676,0.29215359291164683,3.901211731180331e-05,0.28733320874122176,2.3521930825854933e-05
2017-10-25,0.25355883423988645,0.2560345881762627,3.6817261959065297e-05,0.25542839860797667,2.5934401343252993e-05
2017-10-26,0.24463427634576804,0.24578769839237363,3.673357556024781e-05,0.24495316066356804,2.33860194835508e-05
2017-10-27,0.23942175129102355,0.24139961974791138,2.5557464093212197e-05,0.2409840916623267,1.4634628191913851e-05
2017-10-28,0.2351803845406787,0.23492249692492745,2.1340622362954343e-05,0.2349091401109465,1.4874168393760194e-05
2017-10-31,0.2286442141779538,0.2259984154912246,3.187105950006891e-05,0.22689646639866556,1.842369152108474e-05
2017-11-01,0.2239404141016469,0.22242025405189675,2.1965227196530978e-05,0.22257923623974082,1.812608680930795e-05
2017-11-02,0.21992155950730874,0.21909893059606475,2.0561005721952868e-05,0.21930058010544454,1.4941899028113907e-05
2017-11-03,0.2160788517164567,0.21662674125000783,2.021718984187577e-05,0.2164955145708401,1.4302126618840609e-05
2017-11-06,0.31258368906326506,0.3057128265468585,0.0009097219514231581,0.31269902205928585,4.929735558109624e-05
2017-11-07,0.29236960376162313,0.30188118669380837,4.380626384235686e-05,0.29765497178731853,2.2151643390882728e-05
2017-11-08,0.2918534377889238,0.32304014214153376,0.00030023232377999847,0.2969568571546143,5.52718331976993e-05
2017-11-09,0.33150414279241924,0.3228173594995085,0.000300825650012876,0.3296681680964872,5.105133508807489e-05
2017-11-12,0.30580102613334387,0.33055174622108274,0.0001923567013167731,0.3115255180990139,3.798176734741281e-05
2017-11-13,0.3046830888694259,0.30236463595195184,3.2184170235675195e-05,0.30303820805016807,1.983098207274537e-05
2017-11-14,0.29244698671969455,0.2937644417861656,2.02707929360463e-05,0.29323757293275965,1.82495041061152e-05
2017-11-19,0.2638384368686263,0.2586793285794086,2.7749026556484864e-05,0.26020636493884863,2.014612350314341e-05
2017-11-20,0.260665777354506,0.25479167670908265,2.3687584471834773e-05,0.25625372002925817,1.6190239487315713e-05
2017-11-21,0.25773766250533303,0.2513145047417398,1.8208149417984376e-05,0.2525874139971498,1.2466998096450507e-05
2017-11-24,0.2586249090021012,0.2622915779694037,0.00014150171271006792,0.26030958607689536,5.4560615871238996e-05
2017-11-25,0.3321292545006249,0.32040492250407526,0.0010167626113379519,0.33131375275673114,5.245739695681238e-05
2017-11-26,0.31533820195643936,0.3221228846360175,4.877159991554249e-05,0.31922271325965446,2.3401447327543403e-05
2017-11-30,0.2999539661780269,0.3233048852440665,0.0001771324187729624,0.3051294465651917,4.561696074869626e-05
2017-12-07,0.286635455378275,0.3025743847546869,0.00027725979494167604,0.2888912027579656,4.9077075332644756e-05
2017-12-08,0.3243048421179322,0.3121029712230889,0.00028982237499449283,0.3222458144660723,3.906056722727784e-05
2017-12-09,0.31808688770787774,0.35072025574406174,0.00018281005631105867,0.3256731251010068,4.693034803084329e-05
2017-12-12,0.37348962576094535,0.3700809649172377,6.242369678655789e-05,0.371658399041266,3.3577549883872927e-05
2017-12-13,0.36383317840354584,0.364469233284735,3.7244840635845904e-05,0.3638522963336714,2.150434923913282e-05
2017-12-14,0.3670264626023798,0.3636946706133849,3.939780403838533e-05,0.3651514333576095,2.4754983006439706e-05
2017-12-15,0.3944609988987629,0.3936193604036732,0.00025504937617058695,0.39503062700798147,4.138573456558354e-05
2017-12-21,0.34989451707681585,0.34450457457547423,3.053727497987272e-05,0.3464235312527103,2.016400037796766e-05
2017-12-24,0.3371413992335953,0.337630495972727,3.425686407746945e-05,0.33814876540198696,2.0719999996694794e-05
2017-12-25,0.3314097646936096,0.33221592490151175,2.336371787164818e-05,0.33230787846623117,1.793414872479265e-05
2017-12-26,0.34143091666947945,0.3606992980536907,0.0001267588776359133,0.3472119298129735,4.295578130600175e-05
2017-12-27,0.3877954342994057,0.3935061584932727,0.00030261607792773535,0.389391627337097,5.2979038809005064e-05
2017-12-30,0.37183575465954977,0.3652927584686673,4.081357030674493e-05,0.36683775466699076,2.2997278755154986e-05
2017-12-31,0.36128073395762483,0.36364275259790024,2.9717268373263954e-05,0.3628859022450872,1.8673207834025498e-05
2018-01-01,0.38161026679484694,0.386173258427721,0.00019577335532409312,0.3827001190433702,4.24394649963155e-05
2018-01-02,0.3928986437995754,0.3912585752644106,0.00013844312181054996,0.3920302203853664,4.27722210929126e-05
2018-01-05,0.3654755166359946,0.37606840972058836,0.00012533073243212195,0.3684541930147162,4.037808641962323e-05
2018-01-06,0.41152410417530627,0.4109012672449886,0.00015008531205355004,0.41136493735328444,4.7382387456071934e-05
2018-01-07,0.4070818975529903,0.41603678154229284,5.1421797776963774e-05,0.41172682419898615,2.5334711732162252e-05
2018-01-08,0.40486877226358686,0.3934298270007642,4.115203333806325e-05,0.39804114777999094,2.9078502623856796e-05
2018-01-11,0.3834165256888008,0.3731483136456793,2.7843237542028485e-05,0.3767149051458785,2.003949419221638e-05
2018-01-12,0.3690970221549296,0.3658646775894482,6.8112028098963926e-06,0.3661417422712057,5.9053372501992995e-06
2018-01-13,0.3604854167089023,0.3605575483623612,3.303067991519712e-06,0.36059590101133887,3.225043392655485e-06
2018-01-14,0.37454133082322777,0.37722635713275254,0.00010810349591328868,0.37564033858571116,3.606719098487647e-05
2018-01-17,0.37436349144610637,0.3728220375854512,3.1371403754167085e-05,0.37330741952542806,2.039081615532537e-05
2018-01-18,0.3606893884056007,0.36511249064336077,8.778780005596223e-06,0.36444280292326453,7.628365608125444e-06
2018-01-19,0.36875948227655647,0.37744767100314947,0.00011559428347603215,0.3710683841971708,4.387495120306514e-05
2018-01-20,0.38787993061821974,0.39722695803371977,0.00021399922149483924,0.39015054433151286,4.7122648168024563e-05
2018-01-23,0.36910195873080615,0.3642944129087822,7.504940376905593e-06,0.3648682973163475,6.6618455152439094e-06
2018-01-24,0.3610460466958363,0.3597395998995872,3.970570624954944e-06,0.35977150205829256,3.8070890564101745e-06
2018-01-25,0.3639929490651476,0.37900460762383786,0.00011018626782066832,0.3690154448768573,4.437296317788982e-05
2018-01-26,0.3841375730404235,0.37154504427417573,3.171632451744996e-05,0.37573964296211565,2.208407827309291e-05
2018-01-29,0.3538725142046115,0.35770846130056283,5.303570821349325e-06,0.35741080915642065,5.172538490165745e-06
2018-01-30,0.35096213394781384,0.35673295841855457,6.417362503186446e-06,0.35620913676686067,5.672008220716099e-06
2018-01-31,0.34729708956397,0.35475403195315636,7.114177372537956e-06,0.3540204450508621,6.4215715837186935e-06
2018-02-01,0.3844551781755519,0.3921885117435114,0.00024266892410423977,0.3874552619631271,4.7567704135107054e-05
2018-02-04,0.380057758015959,0.3728302957097631,2.5161787465278418e-05,0.3748695928633663,1.6760707085307076e-05
2018-02-10,0.36139446679044523,0.35961612727997555,5.257345938093676e-06,0.35977385917413846,4.7690496115008075e-06
2018-02-16,0.3937237381027681,0.38034900187366555,6.410806910369651e-05,0.3871038826178576,2.352030956500497e-05
2018-02-17,0.39365982692003254,0.3847841607436358,7.830954525665366e-05,0.38910741676810645,3.49013263886482e-05
2018-02-18,0.3888684393149922,0.3863538722598072,5.496282311395879e-05,0.3877418349478845,3.053750931953101e-05
2018-02-19,0.38483565496481026,0.37522925745888386,1.699127218079917e-05,0.37701256339081796,1.2536743603645805e-05
2018-02-28,0.3543595361430637,0.3851650891802463,0.0002078475480017078,0.361283350353388,3.9632945070429944e-05
2018-03-01,0.3829563917057323,0.36485860575157275,3.3650395222784626e-05,0.37161863228733344,2.3536213588599105e-05
2018-03-02,0.39167529734002976,0.3924032253133178,0.00018450719607370882,0.39329378336838156,4.133172850467832e-05
2018-03-03,0.3871886212589415,0.3805270810798767,4.43140252977007e-05,0.38240026526020443,2.5108716557416725e-05
2018-03-06,0.37480909930566986,0.36672742239970757,1.961380261250451e-05,0.3686765185526389,1.539480641707972e-05
2018-03-07,0.3696704876070969,0.3645230290615637,1.5667360046107556e-05,0.3654823836295638,1.1307065971020778e-05
2018-03-08,0.3621690759673491,0.355604656729644,8.346775341386048e-06,0.3564589320376975,8.096256802175633e-06
2018-03-09,0.3561219133351137,0.3604608070544016,2.4701794379098986e-05,0.3593708591108344,1.6878966371739066e-05
2018-03-12,0.381257631065938,0.3771318087920415,6.45398630759444e-05,0.37991209491218236,3.908874242219764e-05
2018-03-13,0.3730561868214711,0.3641449631605447,1.3859297504530672e-05,0.3658383736112447,1.254642582451396e-05
2018-03-14,0.364346428987603,0.3640365924492606,3.472237199168506e-05,0.3638535155264813,2.2555025606949046e-05
2018-03-15,0.37642885264548204,0.3631292028009538,4.508140603751448e-05,0.36821221983021835,2.8415078005037652e-05
2018-03-18,0.3795335949086201,0.3813407760169165,0.0001580415258133688,0.3783653676646157,3.635630684460547e-05
2018-03-19,0.38803337208094185,0.389797001635996,0.00016466700925805533,0.38822124989880175,4.247213216675393e-05
2018-03-20,0.38165639044400657,0.3719473694062097,1.5302773018876832e-05,0.3740037059622186,1.199018302174643e-05
2018-03-21,0.3694344987620799,0.36069137922995687,7.039799028451484e-06,0.361780072063835,6.289001744393019e-06
2018-03-24,0.38801913302091995,0.3869412955127432,0.00031558812481723446,0.3877546574466908,4.17247032562757e-05
2018-03-25,0.3731679581743422,0.3719952958704843,1.4190825756723992e-05,0.37226296615455673,9.687171725569803e-06
2018-03-26,0.3812555688752964,0.37747997319848176,8.711137499750785e-05,0.38053267608511937,3.768802169882078e-05
2018-03-27,0.3899232680665176,0.39453581210083805,0.00019771622477696865,0.3914359546620021,5.122298625579461e-05
2018-03-30,0.37778322478939935,0.3640302836587457,2.9201927406250296e-05,0.3682311072258071,1.9064813884040708e-05
2018-03-31,0.38843772475528293,0.3917830355400831,0.0002147835429832415,0.38928561540109846,4.1221894880804764e-05
2018-04-01,0.37823975327527537,0.3638198954652811,1.6326059944640125e-05,0.3667904242902974,1.1211570347629117e-05
2018-04-02,0.36484241862983113,0.35372301906109166,1.2350407251728658e-05,0.35570396595208387,1.1073571444557063e-05
2018-04-05,0.3707566272064334,0.3601730819978936,4.853418724986376e-05,0.3644257532721145,2.5366058027323653e-05
2018-04-06,0.356398408738945,0.35345113527713756,1.6226064890600743e-05,0.3542573934960141,1.3485805848681664e-05
2018-04-07,0.3512323627876273,0.36001500846335743,4.171975615340251e-05,0.356235465022812,2.5098013920749078e-05
2018-04-08,0.3909105245985193,0.40323856157499877,0.0002463567329273434,0.3935176791096094,4.847829719574251e-05
2018-04-11,0.40064059932858653,0.3972384343965959,0.00019009961015241164,0.40019366698888065,5.10248987845973e-05
2018-04-12,0.38716527310101045,0.37022707275540623,1.8745737090295342e-05,0.37409303060918353,1.4408493419799583e-05
2018-04-13,0.38185859935894706,0.3740351057387779,9.468226245834932e-05,0.3793028481402696,3.380520263730847e-05
2018-04-14,0.3803684752685013,0.36095852986827454,1.4891297144425287e-05,0.3649272856469097,1.1591273446951534e-05
2018-04-17,0.3553782998012682,0.33884770124461866,6.066434779841889e-05,0.34692889072763344,3.427636158129181e-05
2018-04-18,0.3419634763211409,0.3303848090797212,6.780467171120203e-05,0.3365991721354014,3.1011876875170326e-05
2018-04-19,0.3285139318489216,0.3241130924073181,5.127919471717989e-05,0.32543127937902805,2.8066344166238906e-05
2018-04-23,0.2944849892411278,0.28803921266324534,0.00017755421579056333,0.29178491227635084,5.2421581530804134e-05
2018-04-24,0.2910898993022756,0.28296059528680606,6.740280900481316e-05,0.2870944406857124,3.4187617767792864e-05
2018-04-25,0.286217881130565,0.28626540517666954,3.8603252224510574e-05,0.28642366331522434,2.9279475918421255e-05
2018-04-26,0.28157517702847645,0.2798984777259576,3.449023548530896e-05,0.28042879624821865,1.9827329124711566e-05
2018-04-29,0.40377554161660195,0.41406490159396264,6.522341311962494e-05,0.40897974999368764,3.84408164325456e-05
2018-04-30,0.3924681555909365,0.3858016062735398,6.429560304132905e-05,0.3895842780013015,3.641861977404021e-05
2018-05-01,0.3814735153628273,0.3677714402288717,3.4791015821645554e-05,0.37283153035429956,2.0823747050336702e-05
2018-05-05,0.35632365425295687,0.3429432436750951,5.3004106407082204e-05,0.3485742508740928,2.3978763440562937e-05
2018-05-06,0.3444677270691586,0.3292485320910767,5.983616706812927e-05,0.3366803655931183,2.766636499291714e-05
2018-05-07,0.3368937423842075,0.3360684493916309,8.880236145018922e-05,0.3359794438283456,3.269853327319157e-05
2018-05-08,0.33935875302464474,0.32972960409801466,4.828129000414791e-05,0.33451895677559035,2.984617299550987e-05
2018-05-11,0.32338917753486657,0.3140061294535979,0.00014277259093673316,0.3201825896545244,3.989167940496298e-05
2018-05-12,0.35000669943789614,0.373823583017385,0.00036149377088923944,0.354307694256147,4.761994730267719e-05
2018-05-13,0.3795408760232255,0.38149568877481327,0.00025821692065633564,0.3790437234900462,4.85583626249325e-05
2018-05-17,0.3660182297646682,0.3470844193478073,4.188223072911639e-05,0.354258688920455,2.53816345191653e-05
2018-05-18,0.3522830446383523,0.33634706894873595,5.0818918571753756e-05,0.34341253861020915,2.6884418771360144e-05
2018-05-19,0.3385430235178417,0.33115177226909265,6.00507675779899e-05,0.33461043882573366,3.331555039194541e-05
2018-05-20,0.3273061321906912,0.3196977651259472,6.543715387555091e-05,0.32383358794081557,2.6474259278114225e-05
2018-05-23,0.3296085030039766,0.3213166070229505,0.00027752006541559933,0.32920829655241435,4.760226318805691e-05
2018-05-24,0.31063895288049165,0.31434262161223203,6.891565435740165e-05,0.313136106354742,2.8896166803144023e-05
2018-05-25,0.29905963849889106,0.2995934427349992,5.523386597018531e-05,0.2987686569168532,2.6744079976935895e-05
2018-05-29,0.40580555976530563,0.3938744738264308,0.00010666636253705169,0.40124239823324914,3.917216695069573e-05
2018-05-30,0.4016804893187849,0.4098784091698331,5.3649415434336916e-05,0.40567016360952785,2.0463085976100748e-05
2018-05-31,0.3996613904104325,0.373795990710949,2.2886990138032874e-05,0.38100852653212364,1.590682495400882e-05
2018-06-01,0.3771110276498708,0.35190975142427006,3.0296862057752872e-05,0.36076076803645685,2.0485823842697693e-05
2018-06-04,0.37179520618030465,0.3688465379508501,0.00015638577088539286,0.3716339731474896,4.669669779615987e-05
2018-06-05,0.4165911990705622,0.418257209342202,7.530116429675993e-06,0.4182830281910716,6.794748299085848e-06
2018-06-06,0.41186927980205856,0.4065119336996838,8.419904723950838e-05,0.40981811828975323,2.7891515922247423e-05
2018-06-10,0.40776088606309896,0.41104601604938673,0.0001614133408639943,0.40788557311547585,4.830582842840822e-05
2018-06-11,0.41082476230386344,0.40719312745156133,8.01754557044962e-05,0.4091698450736137,4.3300236105474976e-05
2018-06-12,0.4101467819665704,0.41637007992707054,2.485898941048058e-05,0.41442143332146897,1.7518680692432332e-05
2018-06-13,0.3979271106276897,0.3817350268228956,2.5805165497110053e-05,0.38622818974795403,1.5529394216864562e-05
2018-06-16,0.3746059085962336,0.3511736087933825,5.0298530032662134e-05,0.3622012704178119,2.037692737494198e-05
2018-06-17,0.3663610692164748,0.35075102631962907,3.130497661745985e-05,0.3564628439357934,2.1607138140177677e-05
2018-06-18,0.36142825771709836,0.34370804053065884,4.326383040549907e-05,0.3515505075291279,2.9922587304724932e-05
2018-06-22,0.3134225681203227,0.2909548328105513,0.00032148746273195054,0.3097404191291714,4.6723109348104884e-05
2018-06-23,0.2990190780065958,0.29394234112414014,8.44790350706987e-05,0.2971183472822034,2.960597164450019e-05
2018-06-24,0.2867610120397841,0.28045824779729484,7.804265533627428e-05,0.28435879619570487,3.200134205537533e-05
2018-06-25,0.274838328019944,0.26945075660386864,7.993796186938148e-05,0.27200798007763416,3.264644527597876e-05
2018-06-28,0.2423737101831131,0.23215754704370087,0.00019522673108812304,0.24013296548476507,5.302349345181344e-05
2018-06-29,0.23379135361089767,0.22911588280105386,8.1636593910741e-05,0.23212660653127043,3.0605843155704593e-05
2018-06-30,0.22472838036406256,0.21944485262635524,5.696796095655671e-05,0.22248854046615932,3.086070612689828e-05
2018-07-04,0.2801946981000368,0.3139316881739914,0.0011542525763860872,0.282340703018745,6.51308926841554e-05
2018-07-05,0.3224397115654326,0.300688214746224,0.00028437214510140373,0.31949723520237966,4.23439055670417e-05
2018-07-06,0.30246954833157796,0.3066344918167152,5.790079497875002e-05,0.3055192095967748,2.645143100967048e-05
2018-07-10,0.223853283463542,0.22450541540298424,0.00028869662814401696,0.22360654279584277,4.629404626162948e-05
2018-07-11,0.2106457888263507,0.21123131746054571,4.8396613053247404e-05,0.2111735647659672,2.1715435656664323e-05
2018-07-12,0.1998136256892513,0.20144314699693933,3.591082278543129e-05,0.20093068324872612,2.3810962220411548e-05
2018-07-16,0.31716064440002933,0.332624066504513,0.0018674925656735938,0.3172086759553524,5.7234665125176555e-05
2018-07-17,0.3181422385350383,0.29634753542674774,6.159877427021769e-05,0.3075627565481372,3.176468987464154e-05
2018-07-18,0.2866919066935933,0.28844753921099675,7.263991589404505e-05,0.2873405479178605,3.2228543973603125e-05
2018-07-19,0.2656683363651691,0.2638636714419397,6.905403588888844e-05,0.2647551814994716,4.083190911691545e-05
2018-07-22,0.24673657772384622,0.24759678279142233,0.0003187458330606155,0.24621191750526866,5.5256269777065265e-05
2018-07-23,0.23125451956758006,0.2242060929682167,7.293078890330083e-05,0.22853292092285282,2.9284009295101465e-05
2018-07-24,0.21548364517077542,0.20839595897309882,5.317839652465721e-05,0.21198237289838587,2.7065229825131574e-05
2018-07-28,0.30967070822806864,0.2976253348374958,0.0024995167215206985,0.3095005139555706,6.582761428288895e-05
2018-07-29,0.2851827562164124,0.2828353158495587,6.872745373663764e-05,0.2833284712348665,2.780385978076356e-05
2018-07-30,0.25707791809675135,0.2574886143981538,6.67815394377026e-05,0.25812553517188325,2.7363956113082914e-05
2018-07-31,0.23786446547196693,0.24459373045969224,5.985880631218887e-05,0.2419019935839492,2.975926138851668e-05
2018-08-03,0.19359707887034375,0.1880141350042489,0.00010498452084071888,0.19184784342231356,3.1628646250712886e-05
2018-08-04,0.18085698507398784,0.18139556301469245,4.213167813884856e-05,0.1808536867751889,2.0301571775887255e-05
2018-08-05,0.17119182021530893,0.17314574423529025,3.3440138597765024e-05,0.1724529216140683,2.0774891420122347e-05
2018-08-09,0.16337256072301437,0.18131710138057813,0.00010200000664056868,0.17010532588426816,3.6766313646183244e-05
2018-08-10,0.16471001811033056,0.1669626129388423,2.8944990317729544e-05,0.16621959209610523,1.799578562680721e-05
2018-08-11,0.15956924506384346,0.16243630527287103,2.026223672701631e-05,0.1615844756156992,1.6086008420827205e-05
2018-08-12,0.16878656900659308,0.21791821600387265,0.0010538694433670402,0.17102969034708515,5.1842181699058966e-05
2018-08-15,0.2578828415299357,0.19854970207167622,0.0003139414300031831,0.2485217589873632,5.9404593884207676e-05
2018-08-16,0.23770663602230258,0.23558331464021862,7.807435455139875e-05,0.23755764091550405,3.7472473992718755e-05
2018-08-17,0.23062645889471434,0.2295469891499393,5.3698233728558914e-05,0.22992383034211994,2.4980550653428357e-05
2018-08-21,0.17823020538222742,0.17964312932003237,7.790878092703154e-05,0.17836286782280908,2.943818654078969e-05
2018-08-22,0.17098410084949975,0.17326920415184874,3.6605259258637256e-05,0.17195157239346023,2.202441714348233e-05
2018-08-23,0.17606094059640753,0.18710746898764782,0.00010332897965302127,0.1792287380732163,3.7685496629512406e-05
2018-08-24,0.19004406954931596,0.18394738747426534,4.787709741872062e-05,0.18700596329401176,2.2913384230814133e-05
2018-08-27,0.18445968384691958,0.17991438402899135,6.60931093766608e-05,0.18251715877068378,2.985906970717366e-05
2018-08-29,0.17845017008506062,0.18458794845444268,6.879682524000621e-05,0.18233624082345348,3.4294044609408934e-05
2018-09-02,0.16094237915731177,0.16535463797854624,3.7571580097123417e-05,0.1638687281757562,2.169949084178216e-05
2018-09-03,0.15734162031836424,0.16143798963590456,2.545592433453019e-05,0.1597283207114145,1.986807710793746e-05
2018-09-04,0.15457951187321492,0.158243448221885,2.1219174560024382e-05,0.15723359174894555,1.535502900981351e-05
2018-09-05,0.1546122030069124,0.16675722069693308,4.8439893405628016e-05,0.1611104491054487,2.6966996187062293e-05
2018-09-08,0.2659733816424596,0.2430881774146387,0.0015811589080995136,0.2659012767495303,6.094642874318322e-05
2018-09-09,0.24339905728483124,0.24856075538042788,6.049318557312431e-05,0.24627691094133744,3.0666384738255795e-05
2018-09-10,0.22877561394319826,0.23063420373506502,4.019305566023457e-05,0.2297934804296796,2.1758925272711908e-05
2018-09-14,0.19606590140049268,0.19410574413031745,6.950168390970523e-05,0.19530318715379433,3.605956660785882e-05
2018-09-15,0.1885958518892356,0.1874098058259865,3.854487761982463e-05,0.18798581407697043,2.491009569870518e-05
2018-09-16,0.18057150822160462,0.18065259220282065,3.0041042560735744e-05,0.18067053826366675,2.3732961901596283e-05
2018-09-17,0.17382810541964422,0.17509854559246296,3.0177204245184024e-05,0.17453335429581635,2.1100754655977294e-05
2018-09-20,0.1651425839328831,0.16900748276335228,3.258506277137196e-05,0.1679854978147301,2.3050282003544124e-05
2018-09-21,0.1634847021927751,0.17152186565653682,2.8682493405563135e-05,0.16900392257033509,2.111633688566428e-05
2018-09-22,0.16352616110738077,0.16737422334107366,1.94316723529483e-05,0.16646303057007578,1.3655879676334385e-05
2018-09-26,0.1696479287871795,0.17639603099933227,5.5933756800067074e-05,0.17323846104850366,2.9718311170069413e-05
2018-09-27,0.16540724466027923,0.17013065941887354,2.7340231698770466e-05,0.168735770448559,2.037429415217035e-05
2018-09-28,0.16209263184683678,0.16674012601544738,2.1808637040510067e-05,0.16574937979180177,1.7812282109558094e-05
2018-09-29,0.15960814929843686,0.16543762594904549,1.8886360495276505e-05,0.1642234018649764,1.3464680614273738e-05
2018-10-02,0.15562882154931482,0.16533486022948604,1.8683161927062878e-05,0.162912962025589,1.535711606285126e-05
2018-10-03,0.15450835847692757,0.16333717458212255,1.5012422727193802e-05,0.16162293898662575,1.1477463644829146e-05
2018-10-04,0.1538907591601147,0.16122266499864962,1.228868019994667e-05,0.15989179407831963,1.1048937052058855e-05
2018-10-08,0.2937987211598168,0.2727905484615471,0.0017936934367658913,0.2931576263013899,5.412154955651492e-05
2018-10-09,0.2735831759896547,0.27573112191596894,4.8118136023058366e-05,0.27490431387900477,3.07170907424235e-05
2018-10-10,0.30967424516241104,0.33363783442777156,0.0007478442712084918,0.3107852832668121,5.274341998161348e-05
2018-10-11,0.29932201917727896,0.30093634746382986,7.510757543639044e-05,0.30055602862169484,2.580446064734378e-05
2018-10-14,0.30806155723017914,0.37376207283823193,0.000641815580341168,0.31373743206331733,5.2529493978522297e-05
2018-10-15,0.38400083933833895,0.37340250737560915,0.0004960185782974349,0.3835757770248043,4.9758761143299816e-05
2018-10-16,0.3407265224055008,0.3511801030032719,2.0703625546963426e-05,0.34804137113280637,1.620762852935345e-05
2018-10-20,0.3062051473435167,0.2937249430469527,7.229683274198919e-05,0.300552135535969,3.211542478552895e-05
2018-10-21,0.29821610034836954,0.2867297935627856,3.594842019534777e-05,0.291360274568315,2.9910771251074124e-05
2018-10-22,0.2906309517467041,0.27941380407341226,3.4142577183685394e-05,0.28380335342653795,2.0599815251094816e-05
2018-10-23,0.2833835662139767,0.2725866370421276,2.7992299224586676e-05,0.2762482546512058,1.567505823271859e-05
2018-10-26,0.26879882690805024,0.2516229465765536,2.800407108380657e-05,0.25692943460650697,2.18868029342869e-05
2018-10-27,0.2721872178944036,0.2580925444430683,3.8195869724182094e-05,0.26309222494513645,2.0932745661336627e-05
2018-10-28,0.30968238843525836,0.331161013405967,0.0008150861293538093,0.31077164014853725,5.0187778193731615e-05
2018-10-29,0.33814991926251375,0.3088214131794572,5.966123941895932e-05,0.3239193953813056,2.6648812758382893e-05
2018-11-01,0.33735999989876264,0.3407626650177225,0.0003664049939259008,0.33866416664019483,5.0933341119090814e-05
2018-11-02,0.3556580312677323,0.35045711240346816,0.00010083927467757188,0.3539417887470188,3.7698614920013425e-05
2018-11-03,0.33552357835471325,0.3390807753035447,3.44206154643784e-05,0.3377582161178988,2.2195852774819957e-05
2018-11-04,0.32099402364407154,0.3233478598876045,2.3990784021221682e-05,0.3228767255163878,1.7477803135137702e-05
2018-11-07,0.36413420577617533,0.36525182430604347,8.282263499514371e-05,0.36359451186744535,2.9386324057229733e-05
2018-11-08,0.35367867594604285,0.3477907677605125,1.203415571567164e-05,0.34872403048514444,9.285951862266538e-06
2018-11-09,0.34748198116690066,0.3452801416812298,1.9113518595128003e-05,0.3455081839580654,1.4758794483223565e-05
2018-11-13,0.3586536303152535,0.3451445689033533,5.175907445013192e-05,0.3518364011551982,3.0231023757023806e-05
2018-11-14,0.3422104226306507,0.33937376230499033,2.8542997231147183e-05,0.34052864319432274,2.3507497297290922e-05
2018-11-15,0.33325603511995133,0.3301497753032966,2.5970892932429278e-05,0.3315254631627914,1.652229697521283e-05
2018-11-16,0.3263969747780014,0.3215736473846478,1.7151023265957878e-05,0.3228880304862167,1.2403807075074896e-05
2018-11-19,0.31132036414143377,0.303942096507632,2.0737456635081833e-05,0.30595320815954374,1.5747979982342125e-05
2018-11-25,0.3274412838403323,0.31731828579038873,0.00029677439825724595,0.3257850095167633,4.445612636253698e-05
2018-11-26,0.32647027031776366,0.3219919509358562,3.8733359578815904e-05,0.32335735543042593,2.7137227994986908e-05
2018-11-27,0.31766193167000584,0.31571369051532566,2.2401511420762667e-05,0.3161822368537165,1.7137703655397972e-05
2018-11-28,0.3107473586490903,0.309397881275264,1.5768069156590074e-05,0.3097695003105384,1.1964459805532753e-05
2018-12-01,0.3645522829626265,0.3825638989461766,0.0001663028766246605,0.36900880753341414,5.621981103365006e-05
2018-12-02,0.39611717542277686,0.38754489326114033,0.0002083130061094734,0.3936032213195354,4.307424796186376e-05
2018-12-03,0.3924483218131007,0.3958166990088406,0.0001646546998189622,0.3937729031880481,4.6285930997513804e-05
2018-12-07,0.35241491935157476,0.3451360696611928,1.9222706999213134e-05,0.34643683055218033,1.5003578643080674e-05
2018-12-08,0.34668431401401023,0.3412229721032648,1.888650615510427e-05,0.34225557505724535,1.5990919424138167e-05
2018-12-09,0.3435222601807006,0.3431155004261565,3.199402664209055e-05,0.34306690929916006,2.2232527424361946e-05
2018-12-13,0.3692561342731648,0.3929952735036663,0.00034340142211111154,0.3727949350035136,4.729012877870053e-05
2018-12-14,0.37807494193544505,0.35899678111121747,1.718479017262437e-05,0.3631402194835367,1.3821930541127584e-05
2018-12-15,0.3739668009251443,0.3854570848010158,0.0002210239549420809,0.37630850589282255,5.081962337752891e-05
2018-12-19,0.3801090111006658,0.3643643982218208,1.9320489920933034e-05,0.3682769680130491,1.4152271814734713e-05
2018-12-20,0.37071936077268525,0.36092224437955944,1.1040550062756543e-05,0.36265626343452717,8.330769388619806e-06
2018-12-21,0.3658215430044833,0.36910246530096996,6.501900978315522e-05,0.36706147351662516,2.938933451831459e-05
2018-12-25,0.3622759972634561,0.3583495066268867,1.0470665312320491e-05,0.35890698787477243,8.825148213924552e-06
2018-12-26,0.35581838451255043,0.35546525133487317,1.4056798678582599e-05,0.3558531305790638,1.137393686787156e-05
2018-12-27,0.35092262544337904,0.35368344780773997,1.752293279825611e-05,0.35277521288389047,1.4681830904354578e-05
2019-01-01,0.33576814077714334,0.34670206778143414,3.530063148345359e-05,0.3428585171152176,1.8317588864424353e-05
2019-01-02,0.33353363082445486,0.34071463954670217,2.407437433557527e-05,0.3383697510241822,1.3284989117299729e-05
2019-01-07,0.3210561283052427,0.3322758639243105,2.8234858328446635e-05,0.32812044075260355,1.815460139225147e-05
2019-01-08,0.3208946029350742,0.33073716515954416,2.418400959017783e-05,0.32829563834299164,1.82872579463464e-05
2019-01-12,0.31354590006619815,0.3265327591671182,2.529325432904426e-05,0.32256548060666546,1.4790145150573267e-05
2019-01-13,0.31297400200260267,0.32286162494286796,1.9911232784444525e-05,0.3203748091345585,1.574972667731662e-05
2019-01-14,0.3147749742332494,0.3225692397827756,2.6583674975022177e-05,0.32012168030004445,1.898213840106406e-05
2019-01-19,0.34508721192934166,0.35611594105668787,7.947512289872168e-05,0.3498074907212149,3.8523189295347596e-05
2019-01-20,0.34593624100478376,0.3580311033821751,3.308505781266708e-05,0.35440085356253975,1.9837926441445627e-05
2019-01-24,0.3686112053801797,0.3728061459587561,5.487838524735967e-05,0.37057690236616947,2.5565694145379963e-05
2019-01-25,0.36595674461541405,0.3652648065192665,2.2351195898036782e-05,0.3654409180671504,1.521542606266044e-05
2019-01-26,0.3594083668697669,0.3583187738635665,7.6089400152579945e-06,0.35847067139617644,6.90550637181778e-06
2019-01-27,0.37382501264528917,0.37707241202321123,0.0001504927963337578,0.3750654327213163,3.5271992303727734e-05
2019-01-30,0.40631974111452673,0.4084490834373235,0.00014811039832205537,0.40694376183502073,4.051684517293611e-05
2019-02-01,0.4174822538905456,0.42357616936068043,1.6486499380916618e-05,0.4223030200980549,1.397687964519136e-05
2019-02-05,0.41447412799004413,0.4068333039279328,0.0001546771762687594,0.4127192920277367,4.8392186626599245e-05
2019-02-07,0.39874781539999987,0.38220503246890025,4.108074042744814e-05,0.38944033211272905,2.6931664408138573e-05
2019-02-08,0.38930773147555,0.37232062188275106,1.2104802571340415e-05,0.37505586875107205,1.1532365367275957e-05
2019-02-11,0.37747028720687975,0.363397952254968,1.0273899120624665e-05,0.36535610173799704,9.075292199591827e-06
2019-02-17,0.3509141983799556,0.34358953958481814,3.852848549957388e-05,0.34592194445909863,2.2450065478566786e-05
2019-02-18,0.3470132843542402,0.3427497766455197,2.8506419909947743e-05,0.34401202557286426,1.9206777220842195e-05
2019-02-19,0.34447847963186484,0.34195173643343724,2.4076230778013996e-05,0.3426263563258014,1.5917831562298062e-05
2019-02-23,0.33151199673575166,0.3261766265049526,4.32511721011042e-05,0.32863581199627345,2.6480320753921776e-05
2019-02-24,0.328468377504126,0.3256342944828274,3.176885783870336e-05,0.3265752172606557,1.9335987037270483e-05
2019-03-01,0.3125525245637613,0.3108119153515454,6.228634154792228e-05,0.3107952582811395,3.341650138216481e-05
2019-03-02,0.3110630858069588,0.3100672311328428,4.335155847995185e-05,0.31009065757042314,2.374622602576846e-05
2019-03-04,0.30616413118804664,0.30984804502137153,4.403148235242197e-05,0.30813696901769533,2.0703187448762534e-05
2019-03-07,0.3263070967646292,0.3315883593081328,0.00013481084913045645,0.32721626781530466,4.4000321836298435e-05
2019-03-08,0.32066083226113395,0.33015041028287295,5.1826918091639986e-05,0.32608984478399994,3.1505552575772375e-05
2019-03-09,0.31660774671576564,0.3206533763889599,3.6444335073304e-05,0.31942360226812944,2.2280163449661927e-05
2019-03-13,0.32956271627354194,0.3464938018048403,0.00017501888298839368,0.3339007969736329,3.645676543815444e-05
2019-03-14,0.3331432898825823,0.34379973978893125,7.529907149748988e-05,0.3371289698151269,3.167415808734965e-05
2019-03-15,0.3262540763105867,0.3350185007293794,3.9317314178641426e-05,0.3318290830073801,2.3876960181215437e-05
2019-03-16,0.3178230578448755,0.3220958062008107,2.814838987657636e-05,0.32064520223240506,2.134713346138269e-05
2019-03-19,0.3308933943956221,0.34238807185193887,0.0001412744241021036,0.3343864714352908,4.506521845027229e-05
2019-03-20,0.32037355449942007,0.32409365923766986,5.1197523630367295e-05,0.32217602626924086,3.3241034332514054e-05
2019-03-25,0.27780256352032134,0.2747296465960569,0.00014485193763653809,0.2769417001083998,4.099090276047175e-05
2019-03-26,0.2720579280038494,0.27093665173546766,4.661723162698561e-05,0.27206408019615697,2.482342747173021e-05
2019-03-27,0.26631032050710646,0.2657534164624053,3.4607280710409354e-05,0.26579026070416323,2.0996181092684102e-05
2019-03-31,0.24300595327926203,0.237370403999674,0.0001145938109351516,0.24145366925323505,3.597750093925137e-05
2019-04-01,0.24056578840426715,0.2483185110457491,7.772588207476297e-05,0.2443794474726317,2.8824121891870756e-05
2019-04-02,0.2638067437513833,0.2575064908689685,0.00010998909731736027,0.26151815236191017,3.469564459690556e-05
2019-04-06,0.34698400911119526,0.36536083426176424,0.0006053638742855103,0.3477125096991351,6.146701678144612e-05
2019-04-07,0.3387824102434556,0.35166993453078627,9.126008706314569e-05,0.3442011599473603,3.7649722600850065e-05
2019-04-08,0.3276401310216467,0.3477411367971305,8.41013271315791e-05,0.3359103970248135,3.8065109745526545e-05
2019-04-09,0.3298842648495177,0.3241728067579192,5.0218223577180674e-05,0.3273704660832376,2.410900261050493e-05
2019-04-12,0.30407988662741614,0.3107269275431373,0.00011164423812933911,0.3067567327191964,4.0717350205673315e-05
2019-04-13,0.28833179091396544,0.2908295350203031,4.599318725997116e-05,0.2900343293522506,2.628150288008284e-05
2019-04-14,0.27855122632398366,0.2791773277622578,3.363262212290791e-05,0.2788169233108603,1.873504201886172e-05
2019-04-18,0.2984845727923449,0.30286768714088746,0.0003465610684558545,0.2996188708626469,4.287107766216589e-05
2019-04-19,0.2839666523144815,0.286353232393472,4.736819074840168e-05,0.28510205615731765,2.9226076934774162e-05
2019-04-20,0.2700644170639185,0.2690502719034661,4.458977749861869e-05,0.2690762998801181,2.8613631189351083e-05
2019-04-21,0.26031165822354424,0.26189154819592075,4.111369606686484e-05,0.2615672746200407,2.050262279121346e-05
2019-04-24,0.36193194772394344,0.37571896787689263,0.00036670045769882754,0.36423802675539635,7.012679135831629e-05
2019-04-25,0.38733688231784225,0.38593574340611086,0.0002771880812971474,0.3870058171954163,5.5716001817471534e-05
2019-04-26,0.3685988507513798,0.3692040489956026,6.119498523212209e-05,0.3680429633930571,3.0013223982000595e-05
2019-04-30,0.3195364768412841,0.29659699928241373,0.00011345177796977989,0.31269542780651244,4.002633511401977e-05
2019-05-01,0.3065335362210153,0.29524777393589047,7.538433255744143e-05,0.30113029846471767,3.378943425890877e-05
2019-05-02,0.2986292745307317,0.29109660972535695,5.876835268178751e-05,0.29537499489517427,2.71669799468666e-05
2019-05-03,0.31189716986259586,0.31514631505025065,0.0002200347137040559,0.31332357181924464,4.628466545733874e-05
2019-05-07,0.27830759690542667,0.2631288189980945,0.0001750401643497369,0.2745093400540183,5.370752716309079e-05
2019-05-08,0.2865924227262859,0.2965897671763605,0.00033732319227331586,0.28812350521141206,4.783480546374561e-05
2019-05-12,0.2818349525672379,0.26897635951599147,0.00016572838488792215,0.277942674815482,4.5585665213821627e-05
2019-05-13,0.2624969756367171,0.2601840179385457,6.37675560259229e-05,0.2614049447599697,3.511566826295024e-05
2019-05-14,0.2446405624089844,0.24347747018857258,6.342735921938162e-05,0.24442329605343527,2.630635664526554e-05
2019-05-15,0.22834211243618993,0.2280565606054338,6.2353162335592e-05,0.22859407527376024,2.5056422520546113e-05
2019-05-18,0.34824181168774926,0.35089069940780726,0.0005875816806345224,0.3482321628889693,5.7310184762406416e-05
2019-05-19,0.3438253347860928,0.3639066505584329,0.00019697819056745846,0.34789839181657534,4.476641198853171e-05
2019-05-25,0.35998778552592414,0.3500953050012955,0.00023041621376953628,0.3575029513070578,4.7175027729861764e-05
2019-05-26,0.33811378837356276,0.3394389332857819,3.950826758499742e-05,0.3392543875239846,2.5279027327686432e-05
2019-05-30,0.3075358273453952,0.29101582411226473,0.0001708414199838615,0.30335265943556455,4.676513173966647e-05
2019-05-31,0.2909622263138546,0.2772345508214332,8.647335775057809e-05,0.2845492108556486,3.7944010983861384e-05
2019-06-01,0.27251601523940194,0.2562370594996058,9.230542136436677e-05,0.2670943938754199,4.205856426614389e-05
2019-06-05,0.3754895426608522,0.3748595246494075,0.0012352545219969841,0.3760341863570907,5.867213388639713e-05
2019-06-07,0.32606327072891944,0.3367342639384687,0.00012605789038341059,0.3302181694345384,4.15794953137413e-05
2019-06-08,0.30570437688141855,0.3044202543617762,6.695798131705885e-05,0.3054843371606236,3.7978181145337914e-05
2019-06-11,0.28536636271769195,0.2926585538692578,0.00022984259246489213,0.28678252438580887,5.361685561396051e-05
2019-06-12,0.2860050736311827,0.2741462303750622,6.869206309618665e-05,0.28020464825118374,3.227857922951223e-05
2019-06-13,0.2702847313065872,0.25568597230310663,7.898292783491889e-05,0.2643820255317926,2.9625821401405137e-05
2019-06-17,0.2737979428260338,0.24839008454277792,0.0007352211341749169,0.27160880004599985,4.3652273236210846e-05
2019-06-18,0.2507324667764269,0.24658130889838648,6.623999282188739e-05,0.2497247516727006,3.4454789690862004e-05
2019-06-19,0.2339958657052666,0.23649112044689186,7.38323779990461e-05,0.23520545199190676,2.8529076367818266e-05
2019-06-20,0.25954011371019714,0.2590056093689995,0.0003655408408701794,0.25994581184480353,4.273058915821025e-05
2019-06-23,0.2583180185339808,0.2433265871882981,0.00046124609551700566,0.2573697048870655,5.941198306998134e-05
2019-06-24,0.23534355272735805,0.23272281126107394,9.00200873937032e-05,0.23371672797275067,3.264137694757727e-05
2019-06-25,0.2165651736367551,0.21216737024572274,4.9740764651381704e-05,0.2147787914816389,2.2754392581311514e-05
2019-06-29,0.1650551998956039,0.1706406885091819,9.378519998454967e-05,0.16711159246632204,3.738825484132697e-05
2019-06-30,0.16437852947725395,0.16309630464734262,3.351057092747607e-05,0.16359906507474709,2.207857356137702e-05
2019-07-01,0.15816052349630486,0.1625009081715927,2.3916896574366103e-05,0.16108591903381722,1.397347852726522e-05
2019-07-02,0.1555875171941712,0.16349574572822367,1.6962558798695444e-05,0.16200272295437312,1.3468630245541015e-05
2019-07-05,0.14691109441139477,0.15366512022001422,2.5540394495503724e-05,0.15172420932339536,1.9980098770203772e-05
2019-07-06,0.14756804211885696,0.15922084842837245,3.33626506879052e-05,0.15524477081989507,2.2503349241147003e-05
2019-07-07,0.15767566190844784,0.15967225241671043,3.9077976678289105e-05,0.15920016807279586,2.0668496049600582e-05
2019-07-11,0.19896300736170275,0.19230032629447522,0.0006338275482966382,0.1990938356427383,5.69161480257184e-05
2019-07-12,0.1822039197997309,0.1831605440548155,4.4063001152861804e-05,0.1829198430331756,2.8815411755972405e-05
2019-07-13,0.17153224140354992,0.17634339136549712,3.3005381354185704e-05,0.17427605932091925,2.335760415040391e-05
2019-07-14,0.16275160104013653,0.1675882140491061,2.940650382004739e-05,0.16640367445405035,1.9321873772139295e-05
2019-07-17,0.14837522830420036,0.15474644630435871,3.136059002819744e-05,0.15244342102553146,2.3199083551826627e-05
2019-07-18,0.14657026786079214,0.15266748741479225,2.3705113361269906e-05,0.15078191041632352,1.83327231068167e-05
2019-07-23,0.1424652861604349,0.14647865001105792,2.261595516503381e-05,0.14557790819582533,1.5855626287731257e-05
2019-07-24,0.1418487246772459,0.14437829683209402,1.796050476512786e-05,0.14372791042077332,1.1274261546780428e-05
2019-07-25,0.1481910246165961,0.15718734285025385,9.101365345103328e-05,0.15139473237108378,4.3281789366429556e-05
2019-07-29,0.2610545102391188,0.25158143059727833,0.001442725203160522,0.2595314310749259,4.886274497646416e-05
2019-07-30,0.24263940022400327,0.2502346067165206,7.572854412234026e-05,0.24580045994393768,3.0734577429103556e-05
2019-07-31,0.22485599066933531,0.22510171389218023,4.401669260213145e-05,0.22501228277097518,2.538853565775807e-05
2019-08-04,0.18641567517371185,0.18344101608797087,9.51651528101084e-05,0.18507690930089854,4.137952057746412e-05
2019-08-05,0.17456759448328565,0.1759980006741972,3.4434079155134876e-05,0.17557398751626757,2.4476140882706696e-05
2019-08-06,0.16634441014538834,0.16959837120592577,2.4169815008371712e-05,0.1688323353624715,1.6510077865881003e-05
2019-08-07,0.3209946754946364,0.3216175975459457,0.0029289611201659027,0.32006522576980556,6.661517587835214e-05
2019-08-10,0.2914779762648967,0.3001351198628458,0.0004640279326565858,0.29273061662266836,4.534672667196844e-05
2019-08-11,0.33507561397147545,0.3503204752436649,0.0007168636092648924,0.3362800233381293,4.760523183796604e-05
2019-08-12,0.33269881294745923,0.33636918498110807,9.057733420834235e-05,0.3335719359465713,4.297744267629499e-05
2019-08-16,0.24152655469371295,0.24601112493572835,0.00015933376457729967,0.24346540418364754,3.8317974661643595e-05
2019-08-17,0.22367965801162465,0.22068156512790776,6.264787622999608e-05,0.22239415084879244,2.7310779854205906e-05
2019-08-18,0.22168998434655646,0.2703454808462558,0.0010858990772819861,0.22409885440737756,6.539417305145033e-05
2019-08-19,0.2807447970466042,0.21621289732506294,6.492743406027824e-05,0.2493328946737168,3.160737517855365e-05
2019-08-23,0.234349745886293,0.2117489010761093,0.0003841896445546137,0.23180033520820525,5.402914822850561e-05
2019-08-24,0.21468574230395918,0.21010278694491533,6.913994834964444e-05,0.2124260724576277,3.403629071199524e-05
2019-08-28,0.20429571120925968,0.1962744298325576,0.00013821927514222907,0.20175728427337794,3.817763584119334e-05
2019-08-29,0.19317333863529879,0.19192137023428343,3.504236080104589e-05,0.19239960152881047,2.0256699030974243e-05
2019-08-30,0.18270290089183644,0.18332887627932778,2.6565959843445736e-05,0.18325906980860576,1.9332445957645765e-05
2019-08-31,0.17437204702663286,0.17829769293945397,2.676877965979487e-05,0.17700077910230722,1.9346891193681833e-05
2019-09-03,0.1645878742665726,0.17254674207627652,3.3191666120173236e-05,0.16972432094551893,2.1061073590866298e-05
2019-09-04,0.16038784946761953,0.16647566575196776,2.6557251734202087e-05,0.16475137381080163,1.956368175491929e-05
2019-09-05,0.158521377966251,0.16651626146401127,2.1082351699500888e-05,0.16454338180563188,2.0628891325685727e-05
2019-09-09,0.15453787705245486,0.16632893101150173,2.9976656560483016e-05,0.16225509197526794,1.866602876457369e-05
2019-09-10,0.17919446211152074,0.19030669461784652,0.00021405048679036184,0.18155000545062464,5.400977976971845e-05
2019-09-11,0.178261612341878,0.1765692043757723,3.97278885000287e-05,0.1770265337088787,2.2601782758351388e-05
2019-09-12,0.17177116990610974,0.1720495778654898,2.2784319371539432e-05,0.17252032644551663,1.701833851835082e-05
2019-09-15,0.15918756261831157,0.16304134585097582,2.4117267723310304e-05,0.1621178501347559,1.6728590645856748e-05
2019-09-16,0.1567608253855433,0.16147239259438667,1.9221506647867778e-05,0.16028729493528016,1.4767746469601072e-05
2019-09-21,0.16213227240348083,0.17345808087867204,4.0737133618797125e-05,0.16925884765883964,2.5362631898372083e-05
2019-09-22,0.2500762315070507,0.26384903682133876,0.002137969109190131,0.24989065547252623,5.9293738856226516e-05
2019-09-23,0.2790718465746307,0.23529737647350796,5.60206254442395e-05,0.2568284831021814,3.184171438763823e-05
2019-09-27,0.2564633217529341,0.25436242521437863,0.00029218137378529446,0.2564011169710779,4.5184151295081714e-05
2019-09-28,0.24253562607929774,0.24481621121423772,4.737468691463175e-05,0.24375591130119056,2.4736780837032218e-05
2019-09-29,0.22843659981588943,0.22848832959355786,3.518890216092792e-05,0.22873776605064403,2.5019465154708244e-05
2019-10-03,0.22438011985611928,0.22308699506514387,0.00012671161522522423,0.22376916329806548,3.812348558218487e-05
2019-10-04,0.22168462532478242,0.2226441818668792,5.361536213223483e-05,0.22270544449403498,3.116641497111379e-05
2019-10-05,0.22119358570894243,0.22039218881942108,4.735665241523702e-05,0.22042999303335523,2.3770947574199334e-05
2019-10-06,0.22076095362303572,0.21979497301640613,3.180344416114294e-05,0.2199005172248402,2.0751246767899827e-05
2019-10-09,0.2258314544398608,0.2216975730532778,9.493329894253415e-05,0.22409194882305236,3.332888167669422e-05
2019-10-10,0.22290528050327518,0.2173161850296376,3.051949348840969e-05,0.21900076602150598,1.6409274786552174e-05
2019-10-11,0.21544449720075487,0.2094970929755788,1.7523358460570158e-05,0.21083548202857813,1.6528734071387262e-05
2019-10-15,0.36748390433170963,0.37749218423164926,0.0004553233766625314,0.3686641790994842,5.956238259424244e-05
2019-10-16,0.3282423403264313,0.34445314188952886,2.6211161426328288e-05,0.3390156310912319,1.7152556338524424e-05
2019-10-17,0.31564451128817955,0.3304112133967865,4.1533176237365274e-05,0.3248503835040952,2.8521507094399637e-05
2019-10-18,0.3362898897453058,0.34431261821909415,0.00011067548619630994,0.3390276524353355,2.8080430441780227e-05
2019-10-21,0.33281459332096985,0.3328372787691276,8.240952987252325e-05,0.3330892077215256,3.508744318693408e-05
2019-10-22,0.35474265088938767,0.37895946632557553,0.0003746276168886648,0.3573033943746465,5.3731413657834655e-05
2019-10-23,0.4059513343292298,0.40003277645187874,0.00016599566951157644,0.4039005100753573,4.8992106948827454e-05
2019-10-27,0.3576945049344771,0.3315086902405695,3.502808478899889e-05,0.34137138210428375,2.34251390520908e-05
2019-10-28,0.34939028939214045,0.3327040722680569,3.4437015953290964e-05,0.33907164915663984,1.9307695235317853e-05
2019-10-29,0.3412710220923074,0.3280747771681552,2.95324086924278e-05,0.3322460305829125,2.0826208277270563e-05
2019-10-30,0.3337497491397486,0.32807274593329194,2.7373682571945255e-05,0.3301538214886301,1.906311753494566e-05
2019-11-02,0.40779797501097276,0.41038116094384003,0.00012167686675134792,0.40823366038287306,4.5593464619175045e-05
2019-11-03,0.4187184242526496,0.4157275762982301,3.743815162941331e-05,0.417244947945822,2.0221487846589367e-05
2019-11-04,0.4219138512025466,0.41843086951269837,1.2736743385405963e-05,0.4191851025479652,9.72562842441771e-06
2019-11-08,0.4026582159836268,0.40823551262229885,0.00012800688130834242,0.4040031184580552,4.4634608883538444e-05
2019-11-09,0.3943359680547951,0.38647871104031856,3.710079556038336e-05,0.3897568719606895,2.2655125306720836e-05
2019-11-10,0.386696177567294,0.3767324731706508,1.4173512179219536e-05,0.3785882294358824,1.0736063063002101e-05
2019-11-11,0.3867372308651621,0.3837891110765458,8.425060503599989e-05,0.3854753533989543,3.453604990687451e-05
2019-11-14,0.39806612237722677,0.399671479168802,0.00024011260984299631,0.3989578046199418,3.6328504290651055e-05
2019-11-15,0.40350472485038125,0.41549959625984845,0.00010083601789885164,0.40804306123306633,3.369030010820082e-05
2019-11-16,0.411573730721753,0.41295841022849566,0.00010765588403816735,0.4120673161154949,4.314040794876254e-05
2019-11-20,0.3787373499373101,0.3655475470034086,6.9635035482621805e-06,0.36689287035711815,5.7291886254240525e-06
2019-11-21,0.37205089128894275,0.3624928279625347,4.489997362137924e-06,0.3632203580784197,4.066629635611443e-06
2019-11-22,0.3696720201046892,0.3677405189537745,2.1732394096690833e-05,0.36830099072565686,1.5455557318539666e-05
2019-11-23,0.3842622351578604,0.38630879186118955,0.00012947908869200757,0.38475913538015705,4.256672813272821e-05
2019-11-26,0.37937393462363755,0.36787296608020276,1.565632842515988e-05,0.37031418747633876,1.3589776088922126e-05
2019-11-27,0.3900907513697282,0.3785562236142524,6.283828223277319e-05,0.3844075904423424,3.065674859179825e-05
2019-11-28,0.3856288636266468,0.38903596316340666,7.754647250184346e-05,0.3871053434669192,3.1716451102991806e-05
2019-12-03,0.3763005879859296,0.36255668741846514,7.2479070050229745e-06,0.36398425416707786,7.146550302043593e-06
2019-12-04,0.37062000968015135,0.36023326041358195,3.99553702587559e-06,0.360957176338452,3.6326587890012573e-06
2019-12-05,0.36584812206583567,0.3591588160897347,5.134783483155021e-06,0.35957309709100405,5.128504769933596e-06
2019-12-08,0.37268283066205243,0.37795149506594766,0.0001314400404941097,0.3742865055684765,3.812635583671811e-05
2019-12-09,0.3928957752035469,0.38347993261295393,7.791603551964861e-05,0.38835169120094826,3.7966568818810354e-05
2019-12-10,0.3786833226470972,0.37188866132263754,9.815779834570742e-06,0.372836629142441,8.108835143008845e-06
2019-12-14,0.406528932622762,0.39147455500155504,7.768895653966016e-06,0.39330592975474865,7.301452510726602e-06
2019-12-15,0.3941912351691416,0.37573137176728666,6.407771840341978e-06,0.3775038855428406,5.37568209540349e-06
2019-12-16,0.38689535736770914,0.36899637433094484,5.540161396538951e-06,0.37069453587245205,5.04236820546656e-06
2019-12-17,0.38477695602963624,0.3741135828489292,1.4795879790902098e-05,0.3764694946785172,1.205474414279063e-05
2019-12-20,0.4090021840335566,0.40564348114755744,0.00018588784484771745,0.40876960350773234,4.67369814582365e-05
2019-12-21,0.41842274520279343,0.4237876595406023,3.739048303868814e-05,0.421683416823233,2.708371789495913e-05
2019-12-22,0.42494397908133325,0.42762044098041685,4.743064729780176e-06,0.4274134982109753,4.3564541047934734e-06
2019-12-23,0.4134019388356238,0.39961885695956284,1.5245145900960213e-05,0.40220854041623255,1.4195085064348764e-05
2019-12-26,0.38975457374110567,0.3668379714307569,5.4848484491601065e-06,0.36874663336791647,4.88629462576334e-06
2019-12-27,0.38565895583844045,0.3652599679477382,5.0205914499091015e-06,0.36680562606352995,5.035240172743594e-06
2019-12-28,0.3821077722643789,0.3642455194516912,5.096412643395756e-06,0.36568252567371795,4.505274768856639e-06
2019-12-29,0.37899804941882,0.36445772108242946,3.920634595608422e-06,0.36533225694294513,3.812655005392313e-06
2020-01-01,0.37238841383729754,0.36346059160648286,3.65441925399674e-06,0.36398930887490694,3.4648877627696297e-06
2020-01-02,0.3695792113338363,0.36166716143446637,2.965397661998104e-06,0.36203516233303,3.0265388811349053e-06
2020-01-03,0.3676705028321996,0.36123530412096855,4.024536070581422e-06,0.3616714333430713,3.693724834345766e-06
2020-01-04,0.3671523848900881,0.36035169186189214,3.630715885047008e-06,0.360792523225568,3.236871482266112e-06
2020-01-07,0.36143881483424667,0.35907257321518193,6.12400602522883e-06,0.3592175095586323,5.753867023669295e-06
2020-01-08,0.35972597770900583,0.3578456919600365,6.981426803999981e-06,0.3579789760596476,6.982233644205903e-06
2020-01-09,0.3605172723002094,0.3645810137410062,1.66554517054487e-05,0.36351245885932587,1.2878754847038958e-05
2020-01-10,0.3722295998782136,0.3651716121500086,1.279376276739906e-05,0.3662295248458669,9.053473403729821e-06
2020-01-13,0.3569777110845508,0.35605186198339567,6.6760671064854145e-06,0.35623903623204556,5.8584656300146545e-06
2020-01-14,0.3544424551518543,0.3539272526832263,8.530588991411558e-06,0.35404460052977904,8.369396375517204e-06
2020-01-15,0.35232558352870325,0.3522586240237286,1.0188842080348649e-05,0.35238005452700494,8.344007377913932e-06
2020-01-16,0.350274161800903,0.35000511801822864,1.1141240525044196e-05,0.35011780931743786,9.308985081846714e-06
2020-01-19,0.3729283809884912,0.3657723269613154,1.7062801227523016e-05,0.36728042859531984,1.2389439408896997e-05
2020-01-20,0.36522901110088546,0.36145460710142,5.5478371002703254e-06,0.36178138691182027,5.272336781994012e-06
2020-01-21,0.36009559223144316,0.35739330931420715,5.491628938098476e-06,0.3576439766851056,4.802294376047428e-06
2020-01-22,0.3850842737978066,0.39696271548667267,0.00027339575631917684,0.388379835837147,4.649492509533981e-05
2020-01-25,0.3799416225370062,0.3619733861138915,8.139056086731824e-06,0.3640251002062891,7.009947233726072e-06
2020-01-26,0.38934021978400823,0.37484791122367883,9.814230884491572e-05,0.38388257628637107,3.367609055570284e-05
2020-01-27,0.3865443293142003,0.37734044170928177,3.691777089642539e-05,0.38060593978925616,2.3313937427046783e-05
2020-01-28,0.3941052109033532,0.381327194238738,4.3683429184042447e-05,0.386618007668855,2.7021964874509305e-05
2020-01-31,0.4064718181491132,0.389390910079936,7.753230068524484e-05,0.3985646797976657,3.7177417473851536e-05
2020-02-01,0.40205707171849075,0.3911113825506314,5.4791752275522174e-05,0.39647940997979775,2.46955439671517e-05
2020-02-03,0.38217453773485294,0.3631372373757488,6.481155096556964e-06,0.3650665711444121,5.515751798797209e-06
2020-02-06,0.3664010196273815,0.3548141253391,1.0390153182079265e-05,0.35640034310841584,9.177537981543813e-06
2020-02-07,0.3628174976920376,0.3538955419121235,1.284142640713102e-05,0.35536651335821806,9.988900126176203e-06
2020-02-08,0.3599203778154055,0.3527384155348025,1.3553187388175305e-05,0.3538626814905038,1.1489396211146092e-05
2020-02-09,0.3571387675811825,0.3494576724847696,1.6247415950492293e-05,0.3509796544717049,1.2627326235194442e-05
2020-02-12,0.36446264380843896,0.360449788436455,1.0561926911649761e-05,0.36103924366266404,9.68367487146579e-06
2020-02-13,0.3592022431326612,0.35691471135906155,8.140283978565718e-06,0.35705445817604065,7.084618408077151e-06
2020-02-14,0.3551591499187624,0.35286022906584896,1.1228438974860674e-05,0.3533184110222221,9.93519176134692e-06
2020-02-15,0.35116517927150986,0.3478599439139167,1.5101793225346684e-05,0.3485168448743915,1.279343317179306e-05
2020-02-18,0.35271521131397954,0.3525021012462906,2.5779667130412773e-05,0.3526166982441355,1.5821994855067172e-05
2020-02-19,0.34926015237629665,0.35332255858788725,2.165448139797171e-05,0.35181107832982933,1.5167391417942101e-05
2020-02-20,0.3451243539819828,0.3458544824723143,2.0346722278092843e-05,0.3456180609026476,1.4396289132705702e-05
2020-02-21,0.34100501097570607,0.34200964486495194,1.711930119832883e-05,0.34182049070094656,1.2745493470357822e-05
2020-02-24,0.33209933117056734,0.3292148649987222,3.0623902485562825e-05,0.3301583801134851,2.273971707763157e-05
2020-02-25,0.3410424628365532,0.35374733236631944,0.00010715660863702537,0.34505540627967707,3.720273190244396e-05
2020-02-26,0.3598180870644213,0.36237163105959186,6.662276102765502e-05,0.3605039549919471,3.578121112534449e-05
2020-02-27,0.38935128998794855,0.4013361924936972,0.00021181163133498227,0.39265335719767125,4.289459017787497e-05
2020-03-01,0.39255997002089604,0.3855082769363187,0.00015558475727283974,0.39118725624221007,4.9574482092666884e-05
2020-03-02,0.410260243833769,0.4119382871477014,0.0001229196655972671,0.4103908125914447,3.771636718455166e-05
2020-03-03,0.4092147452078383,0.41979023649519087,2.4152740190829858e-05,0.41636569245334315,1.707791187265083e-05
2020-03-04,0.4084809158603249,0.4078720577555755,0.00010463977888046987,0.40854056719439025,3.746931486379714e-05
2020-03-07,0.39751863961667866,0.3831892488521876,2.9875043488059997e-05,0.38810549499048297,1.8860722369981075e-05
2020-03-08,0.38853328190002295,0.37417499725514763,1.721997461722637e-05,0.37698018067903244,1.4402765949773846e-05
2020-03-09,0.3938309968498229,0.3775420172726408,4.457672861630113e-05,0.3845326350548083,2.2998556419618753e-05
2020-03-10,0.39119539634711453,0.37566332594699114,2.9456205659789268e-05,0.38117901313046476,1.8175503255325658e-05
2020-03-13,0.3865977611025578,0.3637369259976689,2.3814010878109197e-05,0.37024593727186966,1.8326915281454385e-05
2020-03-14,0.37437337274472804,0.35913284379106075,1.2242484373216733e-05,0.36169731023215834,9.349689428908314e-06
2020-03-15,0.368441738497994,0.362505027824261,4.7711155839537344e-05,0.36507200464290035,2.8778915831996853e-05
2020-03-16,0.4011456834012703,0.39483984773886827,0.00024515292644411923,0.40152435718977336,4.20861868752255e-05
2020-03-19,0.36862644096499003,0.3495935169464498,3.11730471719274e-05,0.35667398816406776,2.239992917954085e-05
2020-03-20,0.35967645320916414,0.3488235739090538,3.4223716717055375e-05,0.3528718690983951,2.550511231278925e-05
2020-03-21,0.35167685764413636,0.3458933390844708,4.278941636518604e-05,0.34858188302587495,2.4697351476981567e-05
2020-03-22,0.3461901798353758,0.34053972822673445,4.131837048792597e-05,0.3430857766208698,2.8063235570211374e-05
2020-03-26,0.34217069688833024,0.3548795450735334,0.00010184599863475024,0.3473109594374241,3.0399457998895534e-05
2020-03-27,0.34262982755541105,0.3390078815121699,3.6142147858188496e-05,0.34066511725216514,2.0276120573659025e-05
2020-03-28,0.33257930276909947,0.33156981945781083,3.246505207570293e-05,0.33177014254730364,2.0376935355154332e-05
2020-03-31,0.32246906333022335,0.3239770661883167,5.9368647343894565e-05,0.323211677509061,2.5190998682890736e-05
2020-04-01,0.3164011917251622,0.3170514193969556,3.402647952503201e-05,0.31699094875845246,2.754760468939919e-05
2020-04-02,0.3115466248350301,0.31189375129951413,3.780018287086016e-05,0.31163379887067516,2.402560348613233e-05
2020-04-03,0.30694548751475836,0.3055749630382137,3.827323597981984e-05,0.30613350475380086,1.9843282344736366e-05
2020-04-06,0.28419334868023793,0.28548868801991883,8.419998953169554e-05,0.28525494528609885,2.67832605878224e-05
2020-04-07,0.2886098146505338,0.2926121434735797,0.0001381495152257292,0.28950058223648506,5.347075947791483e-05
2020-04-08,0.2884518625406988,0.28327140435375603,5.6468288962777475e-05,0.28526340839758385,2.3878400793874323e-05
2020-04-09,0.28030375201590574,0.2757005109492889,3.4650010987363805e-05,0.27712965690766095,2.0255848869698595e-05
2020-04-12,0.25628655913240894,0.2625932640695542,0.00012501657408596695,0.25957668944036116,4.038459105227058e-05
2020-04-13,0.2615470498846538,0.2689354258988389,9.142502701983503e-05,0.2650956402144682,4.183146290760067e-05
2020-04-14,0.2642144154910745,0.2554860938733207,5.852140269013026e-05,0.25897414062720925,3.060760515494318e-05
2020-04-15,0.2514528730846833,0.25052108978906223,4.9327322876778486e-05,0.2510287878228925,2.903019265758066e-05
2020-04-18,0.24557248538663062,0.24853189097644157,0.0001429037616262575,0.24631227944501716,4.317605225427443e-05
2020-04-19,0.27046121842525406,0.279694076190642,0.00035350550948880547,0.2729941616376869,5.419336577566352e-05
2020-04-20,0.29726545701234036,0.3161902855235208,0.00043241562334506563,0.2985699257795469,5.152677337231851e-05
2020-04-21,0.37242008757957107,0.381980226966561,0.0005087949526813192,0.3724410041905546,5.201869421397807e-05
2020-04-24,0.33184954002084166,0.3266341036047979,4.97051904309409e-05,0.328540272139026,2.6415505402828732e-05
2020-04-25,0.3190691962331561,0.31702221189808727,6.22361105262069e-05,0.31824837794056815,3.6163851451216e-05
2020-04-26,0.3162989761702793,0.3172102915853063,9.059726438049245e-05,0.31720453131091436,3.402727362624596e-05
2020-04-27,0.3402874044550116,0.3514126885773138,0.00028712987060273585,0.3415922770504773,4.653745418827369e-05
2020-04-30,0.3461497375713134,0.3605703593270151,0.00018638651555948513,0.34935985520849555,5.105130387815431e-05
2020-05-01,0.38438594914495505,0.3797262821421164,0.0003131912399610011,0.3840742559809398,4.037169622236799e-05
2020-05-02,0.38396586411320544,0.37928629850540374,0.00013818888909576207,0.38169355628392887,3.9245888810974955e-05
2020-05-03,0.3659462285797341,0.3505257670486047,2.2777075542797338e-05,0.3547971788989758,1.7211633270576184e-05
2020-05-06,0.32046279312858567,0.3054448807868976,0.00015100522125316331,0.31578621749028213,3.4937549110905937e-05
2020-05-07,0.30547029898292094,0.29444393034740235,6.886608306501724e-05,0.30016557640180136,3.363268404360235e-05
2020-05-08,0.2953348626338539,0.2903345818532984,8.57946396193096e-05,0.2933325392499409,3.487169315993858e-05
2020-05-09,0.2940387695405466,0.2892932863967728,8.068026757615234e-05,0.29224722090635546,4.197006609617799e-05
2020-05-12,0.4004967259630056,0.38540947904964745,5.5537202456007525e-05,0.39259554339123676,2.5569665509563564e-05
2020-05-13,0.4101712265847031,0.4006097877727682,0.00011788650137042684,0.4073573786063333,4.60650588688895e-05
2020-05-14,0.3945971652877182,0.3907419647441197,0.00011538415695477568,0.39425867676930665,4.2982071017521334e-05
2020-05-15,0.3960700518606929,0.37150873203999707,3.4153819556634576e-05,0.3807149219469255,2.0346297478022953e-05
2020-05-18,0.34082790703595367,0.3233873806306602,0.00011015502246510769,0.334970119272256,3.287152455848795e-05
2020-05-19,0.32606239089121836,0.3181654404798492,7.744047977213272e-05,0.3227515842631018,3.754449390453287e-05
2020-05-20,0.311918122760275,0.30382846864402163,8.30639655951268e-05,0.3082228782776787,3.894159707440591e-05
2020-05-21,0.29921318061312835,0.2931508123571353,7.411429376147005e-05,0.2962451056022461,3.510925694676455e-05
2020-05-24,0.28435276001428306,0.2817883028409617,0.00019801461877656283,0.28386179051022153,4.757279866425722e-05
2020-05-25,0.26993820963885706,0.26951392670557595,8.032658790002741e-05,0.2692692600868063,3.16138095309184e-05
2020-05-26,0.2564109407536956,0.25473232935703716,7.481356251058103e-05,0.25561480176133083,3.2277705142171334e-05
2020-05-27,0.24318484154431644,0.24086208757433059,7.719962234277945e-05,0.2418461476243766,3.7375623348096394e-05
2020-05-30,0.20776682886598105,0.20841946617112192,0.0001375993737247687,0.20779267413786257,4.407849576798857e-05
2020-05-31,0.19782976592487952,0.20052369691035757,4.8305330226895e-05,0.1991108277406464,2.2558637319920386e-05
2020-06-01,0.21680956440703622,0.2731726915102285,0.001491786852840195,0.21886274595943653,6.070326308111829e-05
2020-06-02,0.2841678347804665,0.21272510470174008,6.542913182213392e-05,0.24954765234383963,2.799918033929634e-05
2020-06-05,0.3138471699866129,0.2968536607169482,0.0007798653396768483,0.31298749494932776,4.862454704692388e-05
2020-06-06,0.29930598787894463,0.3299259526016663,0.00018754551293289452,0.30679666379929016,4.4322197158441584e-05
2020-06-07,0.3031409087908361,0.30156968534797557,7.792064324876662e-05,0.3026482406805176,2.6575861541501882e-05
2020-06-08,0.30587151194699386,0.3431655006612526,0.000337002887824289,0.31133516087978647,4.572581405109734e-05
2020-06-11,0.35360519735328155,0.3914136059901551,0.00034919592510557955,0.35840219616431584,4.5997336531718176e-05
2020-06-12,0.3596492694909957,0.33742758817343754,3.6056751818044155e-05,0.34515792814364943,2.1597741871771524e-05
2020-06-13,0.3379809329784029,0.3335050939703587,5.990305560621408e-05,0.33512820234306295,2.519656974900969e-05
2020-06-14,0.3208719157071603,0.31689049938153263,4.6009609160131266e-05,0.3187638103915752,2.9453671042595274e-05
2020-06-17,0.32533461077967596,0.3195812414391308,0.0002704023423092281,0.3247973464606496,5.624057082052954e-05
2020-06-18,0.3173399983401584,0.3230597470297113,0.00013627482307079943,0.3199810513241811,4.159998429758762e-05
2020-06-19,0.30473880100745976,0.29835957569962257,5.851023582387169e-05,0.30161760983219715,3.089486775098236e-05
2020-06-20,0.2894454299954309,0.2800690221013695,6.164924482040981e-05,0.2849329019138015,3.350742905072883e-05
2020-06-23,0.24933468230035377,0.2288619166205144,0.00020681855907783548,0.24470923840493586,4.030323905334561e-05
2020-06-24,0.23365326288845242,0.2203634310451744,7.272060200424815e-05,0.22725219855393522,3.836876099007994e-05
2020-06-25,0.2272440339730827,0.22434427184068617,0.00013263093015313353,0.22633566686006915,3.959674956574217e-05
2020-06-26,0.2372164619854801,0.24732752150315204,0.0003278133255943272,0.23910592294133007,6.007374833909889e-05
2020-06-29,0.26448245338275356,0.24306975463540456,0.0004358901567818349,0.2628799942356828,4.85059191920573e-05
2020-06-30,0.24639771121441778,0.2405278541021747,7.672281979515772e-05,0.24395922211401447,3.070830718479511e-05
2020-07-01,0.2312929079080619,0.231194731337755,6.91856224485484e-05,0.23150512081569075,3.630819465005529e-05
2020-07-02,0.22605212761541382,0.22857012094015505,4.372103257031272e-05,0.22748864765412918,2.4899893739965004e-05
2020-07-05,0.19501090039300667,0.18978088145634636,6.820159006777355e-05,0.1925274319612628,3.3542092707206425e-05
2020-07-06,0.1866945712559609,0.19038633501215144,3.8546527929111614e-05,0.18845771140651338,2.7127304649875764e-05
2020-07-07,0.17859905093968864,0.18012954196127584,3.1746632377093674e-05,0.17915820459111806,1.899347215311756e-05
2020-07-08,0.1702413379322341,0.17171968202634566,2.8803037921686118e-05,0.17113974590571807,1.8475996949216054e-05
2020-07-11,0.1568087545450987,0.16645117179000463,3.638086660846121e-05,0.16269394620927272,2.0651325109416675e-05
2020-07-12,0.1535626046365794,0.16070359918871155,2.4364001032287685e-05,0.15841944882520367,1.8705378956225766e-05
2020-07-13,0.15088249307710688,0.15681382798385163,2.3061832262703122e-05,0.15529285022451414,1.4977195898045333e-05
2020-07-14,0.1488608293115144,0.1556142680777371,1.7685777629902807e-05,0.15360744671710536,1.2867121115102696e-05
2020-07-17,0.15803556341000247,0.1708657630137624,5.220969722262179e-05,0.16472479237415963,2.8071136592480646e-05
2020-07-18,0.15642730777225067,0.15964267793530498,3.012541680795635e-05,0.15844606371433992,1.9312966066279637e-05
2020-07-20,0.14950939712706984,0.15244019249886132,2.334154914951382e-05,0.151939766715901,1.86141073990357e-05
2020-07-23,0.1490973892405692,0.15875606122473757,3.755968520445321e-05,0.15446247063205143,2.2702234258899822e-05
2020-07-24,0.1501505366037295,0.15402658420558163,2.3678217282009197e-05,0.15271905673939742,1.9553156070080064e-05
2020-07-25,0.1479477571529798,0.1515679230718387,2.0484756297821454e-05,0.15089261197735693,1.4203045276132965e-05
2020-07-26,0.14726964686905764,0.15189336790053345,1.6879501642051814e-05,0.15095725787284434,1.199712573758391e-05
2020-07-29,0.1444496951217299,0.15003633148796316,1.4672117635653977e-05,0.14886610647916215,1.2569300903888489e-05
2020-07-30,0.1444556795597147,0.1492411544231387,1.9727351811977933e-05,0.14836835569206086,1.4304042979666764e-05
2020-07-31,0.14632483110749167,0.15125424325139258,2.2111693880826128e-05,0.14972671916970348,1.633341956508952e-05
2020-08-01,0.14721198971516122,0.15049363906335614,1.6856630599682694e-05,0.14991146651746537,1.4067281847989544e-05
2020-08-04,0.14598873852226807,0.15418781986747335,1.897768064371262e-05,0.1522876078059166,1.6079921626170078e-05
2020-08-05,0.14441902874063536,0.14973040750673713,1.694888594329171e-05,0.14873361043134664,1.3510465171383119e-05
2020-08-06,0.14300411179063338,0.1457793697088631,1.6942456222891572e-05,0.14529080657288204,1.583481972976399e-05
2020-08-07,0.14162716675095827,0.14391715994854942,1.6227066828053876e-05,0.14360436390929004,1.3562597905036606e-05
2020-08-10,0.14750508683846364,0.15376145035254601,3.3811183493042475e-05,0.15137986464875028,2.101668779837709e-05
2020-08-11,0.159057867129364,0.16219974144064334,6.361999776650183e-05,0.16072337067539397,2.9246032987151138e-05
2020-08-12,0.17921461347509865,0.19433014555712114,0.0003618734708862965,0.18006904653192568,4.28540015270301e-05
2020-08-13,0.23006120058902144,0.19065650650042112,9.477446159342666e-05,0.21446949512956326,4.2731073380785885e-05
2020-08-16,0.2996260952781439,0.2613463553013925,0.0013620386358327745,0.29713411408567414,4.9838539728653026e-05
2020-08-17,0.2734687130878818,0.2715201954865947,5.599721107209922e-05,0.272678295656935,2.2273389409240346e-05
2020-08-18,0.24870627236470694,0.25106631117291417,4.212152239826414e-05,0.24989867988218203,2.561877773801693e-05
2020-08-19,0.2259076114544669,0.22186919919952544,8.132013501347417e-05,0.2233534012474253,4.250872192070878e-05
2020-08-22,0.34174878708851475,0.30270490906194447,0.0012514551024642403,0.3406236424606625,4.645389365210847e-05
2020-08-23,0.2943987968727183,0.31626072330084837,5.020988285541611e-05,0.3065734625219988,2.3076500471310082e-05
2020-08-24,0.2666639246379677,0.2821989759139792,3.371784244856503e-05,0.27626871667590264,2.269496649946323e-05
2020-08-25,0.2413959690471033,0.2501953758929923,5.169199986214865e-05,0.24588984739805247,3.23225716108367e-05
2020-08-28,0.24062112795431082,0.24819680379128073,0.0006198131373259739,0.24073837694479772,5.75587246335083e-05
2020-08-29,0.2767629482086461,0.31085619933878633,0.0010113065351403559,0.27931220242126786,4.487915726882085e-05
2020-08-30,0.33346544812964485,0.2830320580834268,0.00012067193192600098,0.31621626759953797,3.0016032286649322e-05
2020-08-31,0.29826533116574894,0.29613181489811846,3.4960923390149205e-05,0.2970135405151266,2.0624888957930638e-05
2020-09-03,0.2386750759878964,0.23714520921633503,9.1965330911422e-05,0.2384299211460685,2.7073910059116163e-05
2020-09-04,0.22118030810252332,0.21675686871932773,5.047776470059704e-05,0.21891487482296032,2.1396378639050086e-05
2020-09-05,0.20615996745180076,0.20526738851635673,3.635967264976401e-05,0.20565777116977899,2.1696988576326516e-05
2020-09-06,0.19580806671456472,0.19974008110880517,2.8092031258333688e-05,0.19870403322181712,1.8611786980360126e-05
2020-09-09,0.17489588502099337,0.1804928268730893,4.666406765052805e-05,0.17865761418215192,3.138470603873356e-05
2020-09-10,0.1711954727260012,0.17489842340568024,3.6771363808610297e-05,0.1732781732159967,2.4993987205164783e-05
2020-09-11,0.1664673492434278,0.17019790349436092,3.149809730784147e-05,0.1689541849252166,1.6413336827633866e-05
2020-09-12,0.1626597944594346,0.16571240668199866,2.051223901292048e-05,0.1650572464394535,1.1998061842648355e-05
2020-09-15,0.1542126018795645,0.15981280532272463,2.4460822728078972e-05,0.15817455753121906,1.2979560652217623e-05
2020-09-16,0.15272492381145952,0.15756990589352513,1.6420133322913556e-05,0.15656072104545085,1.218948042459218e-05
2020-09-17,0.15143403419987167,0.15575916920610816,1.5289120757232744e-05,0.15511679960372324,1.3070067944221015e-05
2020-09-18,0.15054502110811213,0.15735175878659494,1.5401441392702096e-05,0.15619352449850715,1.0130472101363402e-05
2020-09-21,0.2534476733167056,0.29112183819424414,0.002109256058375653,0.2539370106438272,6.387130800433051e-05
2020-09-22,0.356530992269948,0.3239810816848456,0.00107366002854132,0.3558438638183028,5.877653012457752e-05
2020-09-23,0.3184982394146336,0.3342393312834777,3.715948383467794e-05,0.32860914943186165,2.160710446373728e-05
2020-09-24,0.3328048603973418,0.36125936842755485,0.0003524728929785452,0.337270191625863,5.4138122149059485e-05
2020-09-27,0.35774630460036616,0.36655933711972283,9.647875325131631e-05,0.36096383252099473,3.27559956410863e-05
2020-09-28,0.34555783827894376,0.3403735432456438,2.349115489598913e-05,0.3420175600963401,2.1750861838438638e-05
2020-09-29,0.3224415127501292,0.32444606061044207,2.989633263782883e-05,0.32358486981563656,2.174617304246149e-05
2020-09-30,0.3079071627977533,0.30532475901300193,3.1912215920122624e-05,0.3062733881817715,2.081626590926749e-05
2020-10-03,0.39886276534357185,0.4003981239138574,0.00016328732847815103,0.3997549066466634,4.1805294706188154e-05
2020-10-04,0.405464835438741,0.3913874061057865,0.0001226601420667214,0.40065743209618854,4.012455311594015e-05
2020-10-05,0.3846048287629408,0.3707053531066592,2.5142349522608157e-05,0.37441936544716364,1.6764735771693305e-05
2020-10-06,0.40205338445874444,0.4051823597993682,9.174146571292921e-05,0.4032246384953186,3.920265514694237e-05
2020-10-09,0.36746413638522396,0.3364497695030598,2.960030931696203e-05,0.34702723827204707,1.63927070419283e-05
2020-10-10,0.3572801343951441,0.33830936900042685,2.898585839303471e-05,0.3444435507794557,1.8751762097303504e-05
2020-10-11,0.35032835742572066,0.34932980063750113,4.52598397243509e-05,0.3499027002419137,2.6791269428027362e-05
2020-10-12,0.35177556374025853,0.35149641483632044,3.5122883312747436e-05,0.351628775314251,2.339586825777184e-05
2020-10-15,0.37760212769554374,0.3689468255447937,6.0346253367385484e-05,0.3727719785708008,3.263248409337904e-05
2020-10-16,0.36343641898265183,0.35674953412024946,1.2405286997352708e-05,0.3580168274240954,1.0303593837600346e-05
2020-10-17,0.35308644868486777,0.3486171892879515,1.3632629606453254e-05,0.3491860649805954,1.0513008138930354e-05
2020-10-18,0.3439201766212352,0.3396320075362846,1.8230153002055934e-05,0.34044563406883604,1.4187601705001374e-05
2020-10-21,0.3312737002346969,0.33212781288725646,6.744392289707538e-05,0.3307621926992184,2.476775296191607e-05
2020-10-22,0.32786037893816394,0.32962681936928,3.340960461910768e-05,0.32930018036764347,1.8283772246861497e-05
2020-10-23,0.34824471520467865,0.36023454369191976,0.0002030948595503234,0.3516911958590834,3.920548762133239e-05
2020-10-24,0.3512411747288727,0.34220545920005746,3.551062023910458e-05,0.3457318333060884,2.3935524991264878e-05
2020-10-27,0.378837470275225,0.384510639863966,0.00016164065064638102,0.3802785063061232,3.765781474246029e-05
2020-10-28,0.3784864633033461,0.36403189620848414,1.3538838539250269e-05,0.3665810526078665,1.1227448151453985e-05
2020-10-29,0.36176049709714203,0.35556187322884547,9.750157361927174e-06,0.35630915537457725,7.651713071031962e-06
2020-10-30,0.35109031603376345,0.34906566932391647,1.3784358155073557e-05,0.34955002170233135,1.0237865660871348e-05
2020-11-02,0.33089602062179174,0.33854945869831,6.300522122282132e-05,0.33424292726121524,4.0552441564360665e-05
2020-11-03,0.34815541385235993,0.3495375638661132,9.326133351071941e-05,0.3485983261867166,3.3019588577266105e-05
2020-11-04,0.3431334846131287,0.34352604623188243,3.1975770317552074e-05,0.34276103229292865,1.7450490496459788e-05
2020-11-05,0.33250003179968624,0.33645478847393084,1.9504588998513216e-05,0.335315746724321,1.615158389206186e-05
2020-11-08,0.3375148059758063,0.3468251841592877,5.9803431778159156e-05,0.3424087412702635,2.620138027232357e-05
2020-11-09,0.3308304177804664,0.3525547675064105,5.319784797786014e-05,0.3424784017593547,2.8424498511041716e-05
2020-11-10,0.35352193612203126,0.3578721207738671,9.174921077685439e-05,0.355954778136508,3.3888035070108924e-05
2020-11-11,0.344017140633172,0.34897495366955256,2.6008117198974113e-05,0.34726932694826584,1.7569679528135832e-05
2020-11-14,0.31953079248249044,0.3301998780509944,2.6693745564989205e-05,0.3267386429383614,1.9024162596328175e-05
2020-11-15,0.3395736101837211,0.38122811419664804,0.00037567573728919054,0.34589568136172155,3.700669987978719e-05
2020-11-16,0.3697259885671146,0.3421066930570011,3.811169199119018e-05,0.3527950749697548,2.2626380558084614e-05
2020-11-17,0.34937647696508367,0.34577904491490485,2.2604769130508407e-05,0.3469621305722035,1.599831770283687e-05
2020-11-20,0.33281148303191144,0.3375166757200862,3.253936672357057e-05,0.33543761535162026,1.9869577087434868e-05
2020-11-21,0.327451070492607,0.3306252006240403,2.1507135898077784e-05,0.32967742827497437,1.704052413669496e-05
2020-11-22,0.3232480039794822,0.3250419676876556,1.8385850556723392e-05,0.3246256867517154,1.2867046755145422e-05
2020-11-23,0.32007816668011235,0.3206799934363037,1.561087793174592e-05,0.32052700632079195,1.2488714525228349e-05
2020-11-26,0.31252980714943235,0.31203202388157153,2.2247630088547888e-05,0.31202640610646104,1.4925195186993669e-05
2020-11-27,0.31402439891255285,0.3105575555730994,1.6206532128743318e-05,0.31094671580203853,1.3608402791853368e-05
2020-11-28,0.31123470421874516,0.3113577308372622,1.8277006819693927e-05,0.3111885229008902,1.6349302109080254e-05
2020-11-29,0.30839314242872035,0.3073507922479946,1.83083120054666e-05,0.3074742287140156,1.4777274244893373e-05
2020-12-02,0.32191504435203466,0.32307404604266865,9.03431558909891e-05,0.321967547179371,2.733202828041804e-05
2020-12-03,0.322744602697658,0.34635284651704906,0.00013952100941304668,0.329713438925333,3.88785716140735e-05
2020-12-04,0.3694005639344738,0.3617943594327669,0.00021537023181675312,0.3683074657844796,3.717987542797522e-05
2020-12-08,0.3917885748850309,0.38866595577407137,0.0001129408350254285,0.39117027024707857,3.489324119720352e-05
2020-12-09,0.378007928771913,0.3760822633535246,2.287868039506957e-05,0.3768507526739168,1.7343341335742972e-05
2020-12-10,0.4062411925764925,0.41433907497930933,9.99977674730299e-05,0.4092447275979098,3.196395819541532e-05
2020-12-11,0.41698911133376604,0.4192193337258084,2.8823433929265023e-05,0.4183137768718323,2.0088917999648152e-05
2020-12-14,0.38071149766395174,0.3678817656319369,9.658131899652977e-06,0.3696274966325938,8.678701918794602e-06
2020-12-15,0.393457385151569,0.3862383495755499,0.00016034889587188686,0.3915469007897601,4.436550179005234e-05
2020-12-16,0.3828911787061706,0.3734216526161175,1.1164913839505985e-05,0.3751584227078382,1.0312988410093448e-05
2020-12-17,0.37412527563426184,0.3659454553928394,5.591859479713597e-06,0.36663158589111305,5.29111755483498e-06
2020-12-20,0.3827291586476441,0.3736403216289188,6.013991411607767e-05,0.37896561033902854,3.1416874163260406e-05
2020-12-21,0.3775414926221434,0.37704109244760753,2.7441041954561882e-05,0.3770416361976397,1.874604402458813e-05
2020-12-22,0.3735349574168432,0.36597046303055636,7.026117177270562e-06,0.3668528444121028,6.66961944737054e-06
2020-12-23,0.3686503857338148,0.36674891029653545,1.1855217464416523e-05,0.3672742471879095,1.1009561537686058e-05
2020-12-26,0.36320292943089655,0.3630325855794458,4.192391473934486e-06,0.36307625111613995,4.106453668841109e-06
2020-12-27,0.3688799464673758,0.40331064455464527,0.0002508733870581214,0.37525637783004,4.847539088837033e-05
2020-12-28,0.4212407070486852,0.4200780492449999,8.567336155193233e-05,0.4211953592138626,3.685590708530661e-05
2020-12-29,0.4075771480314146,0.3945005156160547,2.2258817152464085e-05,0.39800294986689394,1.4637233334919358e-05
2021-01-13,0.3614258791583882,0.3605067818699215,5.929108411976916e-06,0.36060490465826267,5.541311472023676e-06
2021-01-14,0.3659138635543659,0.3670108828558448,2.710986622272073e-05,0.3668297335318688,1.7420012221038908e-05
2021-01-15,0.3661665007601636,0.36310388503475793,6.574538043248064e-06,0.36350577321102784,5.55298879453231e-06
2021-01-19,0.3659767358601993,0.3600645313371914,8.291528458230352e-06,0.3606906906837885,7.76921994671012e-06
2021-01-20,0.36117867435222323,0.3573688984755954,5.607441304897543e-06,0.3576825736037818,5.255438158524331e-06
2021-01-21,0.36835007294230404,0.3721050997927256,7.644103122684309e-05,0.3701619654181571,3.445919681022571e-05
2021-01-22,0.4011263197986817,0.3957024224275704,0.0002542877950942651,0.3994882641677442,5.284217349171479e-05
2021-01-26,0.40118692536085987,0.38775091341286805,4.65214817516317e-05,0.3938505078280226,1.9369496035325537e-05
2021-01-27,0.4098462947684823,0.39085394177548216,6.34964108272675e-05,0.4002174771329191,3.1893601247034305e-05
2021-01-28,0.4053043265930698,0.3857850191286046,2.589194068874602e-05,0.3915801032220867,1.8998241444367243e-05
2021-02-01,0.4197846400078145,0.4259890561780321,1.422718608253836e-05,0.4249419434895813,1.1850707812358582e-05
2021-02-02,0.4111105633808449,0.3986112091103859,2.176915092553646e-05,0.4018837687940416,1.5292485464906463e-05
2021-02-03,0.4014309498184666,0.38202672264415505,8.453309103539255e-06,0.3844184831857011,7.261390812089699e-06
2021-02-06,0.4011888393579369,0.39727641745432946,0.0001654899784623388,0.3993866448900746,4.5274153996257255e-05
2021-02-07,0.4051102273435203,0.38885794128005313,4.59540724282356e-05,0.39574737954060113,1.9665544998284077e-05
2021-02-08,0.4166861507548886,0.41487125395765545,0.000119931011500723,0.4162281985544018,3.520934989201051e-05
2021-02-09,0.410640111595136,0.4098838260450982,9.934649916516113e-05,0.41105836834589515,3.635864929228448e-05
2021-02-13,0.39985690562700565,0.3782063381645679,4.0038381111120986e-05,0.3869968587791645,2.9464471100505832e-05
2021-02-14,0.3916075789688618,0.37186452638701195,1.1346475552065848e-05,0.3751316414486369,9.54990134565356e-06
2021-02-15,0.3839471553280812,0.3663916267788448,5.467044191490581e-06,0.367923419284976,5.339682381501212e-06
2021-02-18,0.37006175880727704,0.3592095575009857,1.1380794997799364e-05,0.36102394005242255,1.0028807215909105e-05
2021-02-19,0.3663739766394591,0.3572308198126558,1.021271359795076e-05,0.3586187419283363,9.23420891241054e-06
2021-02-20,0.36059602696399484,0.3550645823435442,1.1986518526921628e-05,0.3562723520251877,1.0034454407024721e-05
2021-02-21,0.3552888600811052,0.35434793696003025,1.4125786588707793e-05,0.35441520310079544,1.0931110485938074e-05
2021-02-24,0.349369400132271,0.3477615094938901,2.7829292590812016e-05,0.3481668157407319,1.732354217118329e-05
2021-02-25,0.34553328451869453,0.3440422008485713,2.5025373331547763e-05,0.34435942050988055,1.7374448563367057e-05
2021-02-26,0.34321685179624845,0.34037222777339254,2.4083026288196286e-05,0.3412256002674445,2.2703109048818955e-05
2021-02-27,0.34004351406216443,0.33679046967867116,3.0020431736239255e-05,0.3377417860394303,2.2500427761179215e-05
2021-03-02,0.3289011953626422,0.32610729244110553,5.4269673663252154e-05,0.3272574019322226,3.086555613516233e-05
2021-03-03,0.32564612241469926,0.3227502316400846,3.702726089801353e-05,0.32350582493332725,2.290914409100583e-05
2021-03-04,0.3231353987241132,0.3205807672713774,2.7532733415234147e-05,0.3213893734268363,1.7355772209747497e-05
2021-03-05,0.32286303637209257,0.3209116420546351,2.4926292862670473e-05,0.32152922377139453,1.719499314466636e-05
2021-03-08,0.3287475954062807,0.33743101465235176,0.0001268350827426796,0.3318500395845215,3.655571166186672e-05
2021-03-09,0.3294705399132251,0.32794109813668904,3.559088515234001e-05,0.3286032403908605,1.7575838658597155e-05
2021-03-10,0.3215511545374202,0.3225748253030835,2.2238501236997525e-05,0.3223065409622782,1.7449003975912297e-05
2021-03-11,0.31920743836767,0.33163458707646454,8.614331609945102e-05,0.3240122440299762,3.056247828539862e-05
2021-03-14,0.3422838468755259,0.3533278104726357,9.198956380238527e-05,0.34683477176109745,3.5443968176775126e-05
2021-03-15,0.3379190571501649,0.3506246954077362,3.763669281235595e-05,0.34614300939998904,2.5215266527321845e-05
2021-03-16,0.33446687669018116,0.3427958579523674,2.6881599791572748e-05,0.3402258962758891,1.591199758594324e-05
2021-03-17,0.332060299326941,0.34145544303084746,3.670564716972007e-05,0.33774462562735685,2.227773017855434e-05
2021-03-20,0.3447452803772591,0.3515854109025811,8.724685837080923e-05,0.34749475783991346,4.5494068396723894e-05
2021-03-21,0.33200641063322056,0.3381303132482431,4.623090222327236e-05,0.33433147571878713,2.685012720817476e-05
2021-03-22,0.32405461769162625,0.32749739546098267,3.240859012103407e-05,0.3263227176666416,1.8473243679612547e-05
2021-03-23,0.3174874095682241,0.31635761178155103,2.6030094165987314e-05,0.31677279211014797,1.6736513059717175e-05
2021-03-26,0.30381157912521894,0.3004545565685317,5.671342557475825e-05,0.3025011910364352,2.538112904822287e-05
2021-03-27,0.3037968722818024,0.2987410242117034,3.096802232311453e-05,0.3006255271875393,1.9292824901833856e-05
2021-03-28,0.2974861161206901,0.2906930325347482,3.0565798035576494e-05,0.29334477666680614,2.1809091809472325e-05
2021-03-29,0.29013541348511235,0.28414500649059193,3.285288539704457e-05,0.2863935801310782,2.48747410669654e-05
2021-04-01,0.2667748827498851,0.2591510174344209,7.972160131654794e-05,0.2634649020276079,3.265086880080902e-05
2021-04-02,0.2606925459036839,0.254842238221863,4.6960458416138367e-05,0.25748402875732845,3.059718157606514e-05
2021-04-03,0.25389933121424946,0.2525170493561278,4.3362453182665815e-05,0.2526467953010053,2.3842532842694524e-05
2021-04-04,0.24703136663701103,0.24696928317644518,3.683503803010731e-05,0.24739747041589932,2.1963873064820607e-05
2021-04-07,0.23611290659820353,0.24190044600903488,7.325580859793594e-05,0.2386120143477641,2.9252989977954848e-05
2021-04-08,0.23077024847939934,0.230723325390073,4.03356539459224e-05,0.23079954860306612,2.6878725179035215e-05
2021-04-09,0.2308256765206118,0.2520622401719866,0.0003064815903097297,0.23411706294967327,6.39350921719843e-05
2021-04-10,0.246709034796377,0.2315946526038151,6.5913222672615e-05,0.23891788591759752,3.293431450550163e-05
2021-04-13,0.27171353874471954,0.2641687830429238,0.00038638224623158845,0.2702648865765731,5.537599435709753e-05
2021-04-14,0.2578890055729561,0.2599702488860239,6.0676234509811106e-05,0.25932017166453397,2.7732619319092844e-05
2021-04-15,0.24571458153080356,0.25051243546593094,3.745519975910377e-05,0.24870212655217994,2.8791999752323085e-05
2021-04-16,0.23439400367888247,0.2415072223233643,3.956976998532673e-05,0.23855669162446547,2.7086239994913975e-05
2021-04-19,0.21430107347362737,0.21661228587255923,6.719407874665183e-05,0.21498902137050774,2.6997580510222448e-05
2021-04-20,0.20786580367457275,0.21003242957791812,3.5382588538664975e-05,0.2093053704648286,2.0205279702354875e-05
2021-04-21,0.2026871110831687,0.20653263086794077,2.888981649092702e-05,0.20494481431984446,2.0115128953048983e-05
2021-04-22,0.19717640741809717,0.2003627450721779,2.769970024759781e-05,0.19946811446895574,1.7681789660966877e-05
2021-04-25,0.17503117571427634,0.1864419899624467,4.140982130294135e-05,0.18196113726977753,2.468707506684097e-05
2021-04-26,0.2012736675851868,0.25234029906129374,0.0013218247158139904,0.2034960756473927,5.3696723875674574e-05
2021-04-27,0.2535082155904976,0.21955235859210742,0.00013635389108754034,0.24291538655220749,4.722630826709661e-05
2021-04-28,0.2586298488512585,0.24104262399854964,5.347630928789604e-05,0.24915704802262406,2.7016302286278582e-05
2021-05-01,0.3055351710020058,0.32319080097431796,0.0007840419303220876,0.3058888428267654,5.675659030219207e-05
2021-05-02,0.3008793346107357,0.2864983786351951,6.620138435047518e-05,0.2945342268018322,3.0033337714297186e-05
2021-05-03,0.27319673338175826,0.2737960977082546,5.2642451692502644e-05,0.2735309575502372,2.3448662648797257e-05
2021-05-04,0.253296710242707,0.2557248628642909,4.619689703105829e-05,0.2547610751223781,2.342820272605043e-05
2021-05-07,0.292112853592832,0.2793390184052308,0.0004521637702588518,0.29001867553536304,5.0560364981779565e-05
2021-05-08,0.2713877217238018,0.26383648903601237,6.36195951116231e-05,0.268210671110529,2.551368335321857e-05
2021-05-09,0.2745275980156177,0.31910711846862766,0.0008330740727646512,0.27761366751698935,5.4531520093782545e-05
2021-05-10,0.32247406494260256,0.2777880198729968,0.00012510301104018442,0.30790858623807,3.4637268150414024e-05
2021-05-13,0.3235572132167418,0.35605622717342067,0.0003660481190810164,0.3288811472985683,6.251844930676078e-05
2021-05-14,0.32910130707532925,0.32626324599338796,0.00012768849366818631,0.32884354120796255,3.9850272165141206e-05
2021-05-15,0.3630969511855051,0.3714177618900419,0.0004145364890068378,0.36343019995688514,6.247797214072646e-05
2021-05-16,0.36732144226109387,0.3668383753149271,0.0001446965826822673,0.36710371925726376,3.384552784132288e-05
2021-05-19,0.3150527737390659,0.31457580357639964,6.820387775828906e-05,0.3148806986988959,2.7225786964451444e-05
2021-05-20,0.3006601437792783,0.29172287326297164,5.7189095879430816e-05,0.29573232967418117,3.1242750175188784e-05
2021-05-21,0.3010970504056001,0.31426677244026047,0.0003176306596650992,0.3029401943776325,5.084098568900865e-05
2021-05-22,0.32159010454852544,0.28991366506948363,5.6220218105722644e-05,0.3045501315960581,3.0229040489136097e-05
2021-05-25,0.29063202578437297,0.2645785769014635,0.00017883714404358993,0.2842315140163908,3.675492992159025e-05
2021-05-26,0.27707471472316675,0.2642905299045162,4.88479332401121e-05,0.2706633107722827,2.1779537441655716e-05
2021-05-27,0.263760386005504,0.24763316763299092,5.315390348600936e-05,0.2558528037461966,3.301957931066069e-05
2021-05-28,0.25084487801799515,0.23454774605323261,7.019237977876851e-05,0.24390033153216883,2.982117955412067e-05
2021-05-31,0.2621643800006289,0.2262557217489558,0.0003015667075179706,0.25644473476029583,4.4533780497279215e-05
2021-06-01,0.25108500622624574,0.2600910638966114,0.00016265465781131413,0.25349590871666305,5.4140966509315025e-05
2021-06-02,0.2532452845847535,0.23896713570571418,7.215197181311415e-05,0.24633645336787408,2.7258032211092557e-05
2021-06-03,0.24114024295787156,0.23242727942631802,5.5864254479979054e-05,0.2364137497938438,2.6472901594513084e-05
2021-06-06,0.29716220893374684,0.30062541738188947,0.0005379937810878626,0.2971226039171207,5.242493670190991e-05
2021-06-07,0.2777349190033271,0.276698177338175,6.384841423007635e-05,0.2775213860753396,3.3478413714088345e-05
2021-06-08,0.26073142100279784,0.25177384749815246,7.070569245203744e-05,0.2565203933207175,3.0766504327776857e-05
2021-06-09,0.24222254390190387,0.23331407150689784,7.302889756844843e-05,0.23830196150695077,3.2062878611800386e-05
2021-06-12,0.20581999082676045,0.19501560797948475,0.00011807779124837798,0.20281094497602437,3.564672489640504e-05
2021-06-13,0.19376874896131296,0.1872242003491906,4.987482699486766e-05,0.19022759220702706,2.3242777152734312e-05
2021-06-14,0.18085985003899774,0.17725721065796252,3.9812771836620236e-05,0.17896374418209787,2.4469256560817485e-05
2021-06-15,0.17075878671102568,0.1729358317417134,3.563362177496353e-05,0.17173874730591895,2.0996559789924925e-05
2021-06-18,0.31661298195626364,0.27454002388898546,0.002111207959066399,0.31610810392177974,5.627053700130397e-05
2021-06-19,0.3205096293612955,0.3571877723935376,0.0005064606861952397,0.3243935203226669,5.403389918447068e-05
2021-06-20,0.32970108340828563,0.32021440513107274,0.0001335722205446487,0.3275910711101871,3.844008413559949e-05
2021-06-21,0.3173331234275054,0.3294823639142885,0.0001154182290361451,0.32109480588711364,3.7716081935788784e-05
2021-06-24,0.2961736915331341,0.3068038782395638,0.0001728585495613765,0.2982215991204875,5.8129786633852375e-05
2021-06-25,0.27738315210037146,0.2737466420678814,8.443800938187534e-05,0.2746743292107971,4.162756026188349e-05
2021-06-26,0.28366725364744844,0.35741887541026607,0.000811623015493395,0.28874627548266524,4.784002275688545e-05
2021-06-27,0.3439623393467884,0.3630142662355078,0.00064914046078075,0.34643333998925285,5.559770159867959e-05
2021-06-30,0.33866865693188053,0.3189680847177206,0.00011586864238203154,0.3304779939910372,3.1804000128981646e-05
2021-07-01,0.32082797992153045,0.3005267427920325,5.847225383787863e-05,0.3107258561979735,2.923453592505193e-05
2021-07-02,0.3039826651227351,0.28319600097565834,5.912038839302656e-05,0.2931889103317684,2.4867958870611703e-05
2021-07-06,0.3216649076865783,0.3202852942868885,0.0003882129679965747,0.3214271596305245,5.4543906083065446e-05
2021-07-07,0.3471664170714074,0.35116744724019505,0.0002204870297217552,0.34778937473960625,5.51189262583186e-05
2021-07-08,0.341269661240303,0.3333614038271297,5.8716582251890655e-05,0.3368051015114967,2.594737360361928e-05
2021-07-09,0.32059347733988464,0.3106279436752092,5.2507597393097214e-05,0.3164001692862326,3.372893777494352e-05
2021-07-12,0.2943661407341322,0.2901023764562209,0.000595144801088096,0.2936515676675838,5.581107964332211e-05
2021-07-13,0.32240710369776626,0.3196433134437368,0.0003716553662842928,0.32207201558646203,5.697308016805623e-05
2021-07-14,0.3277050099861334,0.3243115902048414,0.00011498730309807449,0.32726624303179136,4.4235328103411715e-05
2021-07-15,0.3161177273755622,0.30849283138363737,6.793877471296348e-05,0.3119840349514661,3.168115061251367e-05
2021-07-18,0.2614336170766656,0.2390621110003849,0.00018076463731691393,0.2557097883902139,6.0365860795391444e-05
2021-07-19,0.2442585426208457,0.23063928947790374,0.0001039161174918574,0.23885033499634065,3.815201177449804e-05
2021-07-20,0.22894450162750482,0.21606996809295576,7.459430265407362e-05,0.22401771304401383,3.6558289488941334e-05
2021-07-21,0.21585869269970023,0.20667421267753144,4.956758450608499e-05,0.21052034024294372,2.5837747129126626e-05
2021-07-24,0.3196699146986905,0.2792291097000066,0.0013519468808697826,0.31768121563028995,5.790095811989058e-05
2021-07-25,0.28618707800522325,0.29756421549356277,6.812994125670654e-05,0.2919488781171278,2.5476059779635433e-05
2021-07-26,0.2683303102516193,0.2763500132913846,4.483672270183346e-05,0.2727471687791905,2.3871467995873102e-05
2021-07-27,0.2566971886709423,0.2737955171296181,0.00016261291248014352,0.26096702937028643,4.144587101491663e-05
2021-07-30,0.25104450857500926,0.23221995585736024,0.00015283223934043163,0.24483692818682498,4.95965124647673e-05
2021-07-31,0.26597416516247097,0.2849013109675681,0.0006524218675714492,0.2668415345702647,5.0662023154041513e-05
2021-08-01,0.2960955025371371,0.2916912872764245,0.0005270835571410605,0.29565573641706305,6.229850791790663e-05
2021-08-02,0.2962446720724695,0.2768051697103142,6.853075657841824e-05,0.28723353568260296,2.630287820538983e-05
2021-08-05,0.31577368941454836,0.32038025270916654,0.000519041706437476,0.31623474733475354,4.541981935220761e-05
2021-08-06,0.29282776306398584,0.29731531903689973,5.8175222721790044e-05,0.2940869448439839,2.979409400974726e-05
2021-08-07,0.30989544890263737,0.31284969310016497,0.00033696265880355083,0.3086647557169134,4.670004666160861e-05
2021-08-08,0.29837096841225386,0.2874550871941248,5.1507381152930154e-05,0.2924864395140386,2.8191854444039243e-05
2021-08-11,0.24136934600595875,0.22172987479269396,0.00017215200394969172,0.23691020767009463,4.515255123368815e-05
2021-08-12,0.24411891383452924,0.2805158978132878,0.0008898628981480076,0.24618320173613392,4.503069813267229e-05
2021-08-13,0.2982055540898638,0.2279539434211079,5.4481810583328956e-05,0.26119499886087943,2.7201102476713444e-05
2021-08-14,0.27070106861107945,0.23744385759202075,6.214190422383548e-05,0.25396092393642616,2.6824510202311442e-05
2021-08-17,0.22496628643022865,0.21769843934093216,8.147311122815784e-05,0.22196824953590039,2.67494423033981e-05
2021-08-18,0.21506000743931297,0.21116071593416116,3.4513507243132507e-05,0.21268624835254155,2.474992592006276e-05
2021-08-19,0.20592037821670267,0.2040819988243836,3.367263646278999e-05,0.20443250262136772,2.4129401677553353e-05
2021-08-20,0.19648106471769508,0.1931647442954183,3.930671088681732e-05,0.19495112781372279,2.4814351732090017e-05
2021-08-23,0.18034484703041082,0.18197871235176688,3.8463506063283775e-05,0.18156351575422291,2.1332964691887674e-05
2021-08-24,0.17420816922321442,0.17743518866466804,2.2819653943832038e-05,0.17693172421770442,1.968558310927006e-05
2021-08-25,0.16946259045452977,0.17207857043964958,2.2682565892487384e-05,0.17133740088957633,1.539803090797628e-05
2021-08-26,0.16477469445073895,0.16798187350381905,1.8457447767398104e-05,0.16719503045006093,1.2769050906612827e-05
2021-08-29,0.15693817695720727,0.16371311018772772,1.74414081531109e-05,0.16229056797421434,1.3279472582208373e-05
2021-08-30,0.15471491649929464,0.1618168323980623,1.4690371803774461e-05,0.16032029971216694,1.0419554487810278e-05
2021-08-31,0.15295819883528863,0.15938775350974857,1.311779446047592e-05,0.1580278351905057,1.1187739659344373e-05
2021-09-01,0.15586807697407257,0.17202753921262265,7.562501251880703e-05,0.16251297944049148,3.992232052072174e-05
2021-09-04,0.19674369471576852,0.18781272044362798,8.165817777324118e-05,0.1926972437076475,4.147942192720523e-05
2021-09-05,0.18908933944892733,0.1834530988841053,4.162176646498822e-05,0.1858282479884787,2.463471108183986e-05
2021-09-06,0.17976108251170603,0.17754604885708994,3.232836432655749e-05,0.1789287329944765,2.1525121915727217e-05
2021-09-07,0.17183486070354248,0.17419461191486796,2.4030387090383034e-05,0.17366590769247903,1.8016599808148707e-05
2021-09-10,0.37652187839229834,0.3848519676049205,0.00030764041171742104,0.37750111208828385,3.977805167141525e-05
2021-09-11,0.34980375424762666,0.3441585165475118,2.2818208186059562e-05,0.34585754369576094,1.908405522232914e-05
2021-09-12,0.32911641803513186,0.3218576684972046,4.6107776751323835e-05,0.3248567072711232,2.4566186129651044e-05
2021-09-13,0.3161097538780445,0.31170688743503033,8.306575942505444e-05,0.3141970933830656,3.455976860372101e-05
2021-09-16,0.3393483704268771,0.3292721201970618,0.00015261564239200725,0.33590212300263866,5.129369117543149e-05
2021-09-17,0.3239453948187402,0.31929421635035554,5.5979437820547144e-05,0.3219346125716851,2.3587768784608632e-05
2021-09-18,0.37000870478111114,0.38176858026392774,0.000406683662806393,0.37194342834181027,5.058271064026177e-05
2021-09-19,0.36670135619428,0.3498478476973688,1.8997556720915968e-05,0.3538215087521603,1.4920197863422498e-05
2021-09-22,0.34885527722519294,0.3347160286663213,5.808220914946385e-05,0.34192356670628593,2.9194753385299074e-05
2021-09-23,0.3347263011813996,0.32489545175363976,3.942260911119572e-05,0.3290734714490926,2.3621490631692818e-05
2021-09-24,0.3222621923060307,0.3118749903059806,3.501934205235084e-05,0.3158732487037583,2.0755470007786343e-05
2021-09-25,0.3202861528830996,0.3214639327770636,0.00012237899263617242,0.3208233742752265,3.206895424463053e-05
2021-09-28,0.300765850352373,0.2956614480535851,7.838573209857091e-05,0.29833100130738527,3.3943802442519946e-05
2021-09-29,0.30146486344916185,0.29470954244757047,5.504300093961196e-05,0.2982857379413114,2.9459630341800346e-05
2021-09-30,0.29572361837157524,0.2864709411015081,3.8594170924161445e-05,0.29079441385136,2.0949023444542666e-05
2021-10-01,0.28744665794115676,0.28107921630792043,3.127744629888678e-05,0.2833743372545545,1.9655747701216894e-05
2021-10-04,0.3503207601971697,0.3358030103200238,0.00040492510174030405,0.34725103580417793,4.8924828865785355e-05
2021-10-05,0.3660510558995062,0.3710246153900458,0.0002745026672136399,0.36683039849227705,5.119122527179322e-05
2021-10-06,0.34865878289509283,0.34911998072096084,2.0632666309416237e-05,0.34887939683704283,1.6109801161718575e-05
2021-10-07,0.3305443521486291,0.33412404701008064,2.151888464546493e-05,0.3332044902689577,1.7500979044066127e-05
2021-10-10,0.30259388153159994,0.29810123686974854,4.8759331551177895e-05,0.2999372957547859,2.5959581543777245e-05
2021-10-11,0.2955297425704297,0.28963936084048136,4.043327498385962e-05,0.2921315978286475,2.2338174925862148e-05
2021-10-12,0.28844663331236947,0.28314878949537176,3.211426096193543e-05,0.28504756650059787,2.1632832893430662e-05
2021-10-13,0.28235502625701275,0.2772528135278681,2.9103126438825246e-05,0.27880077896980787,1.6822520998710105e-05
2021-10-16,0.26716801595903655,0.25794245124474563,4.269348671954908e-05,0.26221704111952243,2.1325620450635388e-05
2021-10-17,0.2629700077159783,0.2553394791453122,3.013451092356332e-05,0.2581040110378479,1.9558425867855735e-05
2021-10-18,0.25860236740772063,0.2518712463022691,2.5126250928869147e-05,0.25421294634191627,1.447537494117774e-05
2021-10-19,0.2541420284817046,0.2483736694643559,2.0290624958158036e-05,0.24997049582295738,1.6792877162525036e-05
2021-10-22,0.252434016318361,0.2519643510846032,4.140761735277736e-05,0.25207778036766976,2.3954032285988724e-05
2021-10-23,0.2498661515392401,0.24761927210820417,2.602728099007643e-05,0.24855451282975963,2.007913381074843e-05
2021-10-24,0.24536033209986474,0.24328436447625512,2.4618382046299877e-05,0.2438812286305606,1.964649622464767e-05
2021-10-25,0.2422386236578607,0.24137051876434762,2.5082379253960635e-05,0.24169641462464536,1.8090976323148126e-05
2021-10-28,0.2402354440377254,0.23661518410486249,4.7144070389953734e-05,0.2384228093863,2.4223557064809613e-05
2021-10-29,0.2404428077808799,0.24902866655066902,6.268606405287753e-05,0.24485090304559368,2.7200900705826215e-05
2021-10-30,0.2688030198950454,0.26063250518740805,0.00011540602694593395,0.2660052710097377,4.591160050153833e-05
2021-10-31,0.2861064392803514,0.3280540316100216,0.0008054453569413189,0.2894671469633723,5.2857167948048845e-05
2021-11-03,0.3751442426340572,0.3749125960272397,0.00011598866343273978,0.37591380498272675,3.54360984549495e-05
2021-11-04,0.36339623677398236,0.3648647880895809,3.756808936665902e-05,0.3646851279439665,2.3525115325010794e-05
2021-11-05,0.358225154708249,0.3556385379903887,1.2248440414873133e-05,0.3560596634156717,9.131064640080875e-06
2021-11-06,0.34704668060338406,0.34502017302979304,1.0573114721874223e-05,0.34514182658315135,9.237311003715268e-06
2021-11-09,0.3322695412048123,0.3292502128463503,4.106330903427442e-05,0.3310418046314643,2.2639698324515e-05
2021-11-10,0.32654247183666335,0.3266169139033989,3.0315858845134557e-05,0.326836022448598,2.2801962847855588e-05
2021-11-11,0.33535315698106677,0.3414046231389543,0.0001021972812564058,0.3375819840222636,3.72198003264575e-05
2021-11-12,0.3376013395097202,0.3289551527138297,3.618927067816839e-05,0.33216633924001326,2.1790755935715167e-05
2021-11-15,0.34406624987582035,0.3458311519318086,8.37094055972434e-05,0.3448033966181762,3.317544302570148e-05
2021-11-16,0.33576601651108584,0.3405328983464112,3.703280851396976e-05,0.3380394196413469,2.2057651975599467e-05
2021-11-17,0.3298947157756186,0.33422597302247276,2.6368389736842678e-05,0.33312803867905644,1.7465166386978573e-05
2021-11-18,0.32563307857792856,0.3254628347075915,1.941068683899585e-05,0.32560689569870094,1.5857209429051715e-05
2021-11-21,0.3145045448370806,0.31044175521418593,3.5177397117254525e-05,0.3118518904998523,2.5157875640615182e-05
2021-11-22,0.31429100687699874,0.30731096338858377,2.360216633859766e-05,0.30937702826139263,1.811106980843126e-05
2021-11-23,0.31062152340895494,0.306199378649712,2.2281727219638043e-05,0.30775209598480385,1.7179785603958486e-05
2021-11-24,0.343697046197908,0.3665405959489814,0.00046984511927744457,0.3456765386676755,5.516709082845751e-05
2021-11-27,0.40822816637605386,0.4084682939330451,0.00013225984808896632,0.4074717517860631,3.492482362399e-05
2021-12-03,0.3727502371855271,0.3618632269585674,2.7164867930885317e-05,0.3653010695270498,2.023923391985675e-05
2021-12-04,0.390594275495338,0.393746328951794,0.0003077674965432676,0.3902344430431878,4.689433816931768e-05
2021-12-05,0.4053646828994894,0.40186185002384334,0.000178972728729652,0.40525986571081474,4.7635017319167477e-05
2021-12-06,0.38685832724676505,0.3778702237068501,1.522533295655988e-05,0.38002188060346037,1.1863564653190302e-05
2021-12-09,0.41630843600764433,0.42269182775437947,7.322510531912531e-06,0.4219767501974902,6.974459770830946e-06
2021-12-10,0.4201349402853104,0.42092616140952516,3.4693856892406635e-05,0.42056374836162774,2.1988013970090808e-05
2021-12-11,0.40078352986218846,0.388482119845956,9.778037889531965e-06,0.3902627882261362,9.965467253641247e-06
2021-12-12,0.38962899162023257,0.3747136925824816,7.3898210101244805e-06,0.376411490424411,7.272735044026576e-06
2021-12-15,0.3712770091065271,0.36246129383961134,4.1295698870126885e-06,0.36297450306442686,3.728458333421456e-06
2021-12-18,0.3604383143123939,0.3582377433431006,4.437677661281979e-06,0.35831538820993514,3.997819167698412e-06
2021-12-21,0.3536627141771063,0.356738208502423,9.701829549445851e-06,0.3564332719565973,6.808884622992955e-06
2021-12-22,0.35181734150558636,0.3548702231249888,9.280310863208507e-06,0.3545850742451369,8.616221238889862e-06
2021-12-24,0.3500550685035715,0.3554208779583856,1.1796232547522609e-05,0.3544278127814819,9.656612048896941e-06
2021-12-27,0.38997669109159416,0.39650885987282275,0.0002448881475863725,0.3920244343312567,4.962265206578946e-05
2021-12-29,0.37844288460710496,0.3722439410953994,2.4845405011473015e-05,0.37404616960292403,1.6806604199491503e-05
2022-01-03,0.3552965111535305,0.35065992936470486,1.438278477602466e-05,0.3515081020833024,1.2232900424953544e-05
2022-01-05,0.37187900036711985,0.36264881819907285,1.7449616143170035e-05,0.36491047631709894,1.4163679022497072e-05
2022-01-08,0.36513503831003863,0.37627467713471363,0.00010599208835620938,0.3682672976878026,4.1628800341388766e-05
2022-01-10,0.42419202292910874,0.42287416161262764,1.6432036769743837e-05,0.42312305458380983,1.4015621721592883e-05
2022-01-29,0.3550623245954657,0.34933944790217447,1.9515576519895668e-05,0.3506260912504691,1.583388550588517e-05
2022-02-01,0.3570159855190334,0.35421439910932045,2.6045030499755857e-05,0.35496276414918415,1.793688879520499e-05
2022-02-03,0.35211027560792957,0.35023525462687405,1.9085075111047615e-05,0.3505408491961486,1.3948815802348087e-05
2022-02-08,0.3494938624515852,0.35080793817544675,4.31870934584543e-05,0.3506387861083734,2.4055345791645276e-05
2022-02-10,0.34019063331723265,0.34116580504159566,2.9193348714109275e-05,0.3407325936406104,1.9246360795654487e-05
2022-02-13,0.3451174848376096,0.354995890839091,3.861126098352926e-05,0.35109268641862057,2.4764088654423275e-05
2022-02-15,0.3899390557532276,0.39202240749877576,0.000171419170688797,0.3900100389081761,3.788853800849114e-05
2022-02-20,0.36088934570571923,0.3511122488025795,1.4250798903951776e-05,0.3532528828738346,1.2275586894841323e-05
2022-02-22,0.36009802285557935,0.3545287507042343,1.2272049990828485e-05,0.3554794483998669,1.0527995138821737e-05
2022-02-25,0.3458053653232469,0.3431857772501951,2.9398624219810033e-05,0.3441627112000966,1.9018223898621014e-05
2022-02-27,0.33586665379742764,0.3346531217581406,2.861162453046071e-05,0.33487127351053525,2.008876818000077e-05
2022-03-04,0.36533608672958073,0.37777947021553415,0.00021816341240715699,0.36780056746332596,4.5311439098082805e-05
2022-03-06,0.3610665593787272,0.3579622673087769,1.5986647112000096e-05,0.35853420692600857,1.2667638642470985e-05
2022-03-09,0.34994196143398854,0.34862212986526214,3.107558924931873e-05,0.3494491845910094,2.1507295146265164e-05
2022-03-11,0.3754560411447119,0.4022454884252632,0.00025167083419893205,0.3810038576630187,5.073855518963456e-05
2022-03-16,0.3707199976667742,0.35550743169080123,1.4328543477766204e-05,0.3582816380694242,1.0557687537228712e-05
2022-03-18,0.38924387194357607,0.3737678687426994,9.90307320932492e-05,0.38404138641848873,3.488669311494001e-05
2022-03-21,0.35558496866366307,0.3487371396135049,2.326567979171534e-05,0.3507235282310176,1.94197364055287e-05
2022-03-23,0.33711202697829573,0.3376953307159444,4.1392426720815156e-05,0.33754742678880717,2.5625076794897203e-05
2022-03-28,0.30166135097043306,0.2992379300335893,0.00013370346883811624,0.3016375451089191,4.794983859371983e-05
2022-03-30,0.3397684370718091,0.34280966466699453,0.00022928803160852652,0.3396690463462463,4.788665482549619e-05
2022-04-09,0.3381223272980237,0.3486869522008317,6.964117326215828e-05,0.34330897232302293,3.2747823233745526e-05
2022-04-11,0.31066149750483923,0.3187682980159133,8.012782667588077e-05,0.31421445609877613,3.8423397313292036e-05
2022-04-14,0.36682522080496854,0.35982619356927836,0.00010333745399858894,0.36372632628817103,3.526605376548674e-05
2022-04-16,0.33659520452987,0.33053484751427886,6.126734344346626e-05,0.33387215969453266,2.3877865730995578e-05
2022-04-21,0.37959054867426156,0.37370470086988106,0.00010108486152293216,0.3775884007036837,3.967696311555871e-05
2022-04-23,0.3896104382202712,0.40452641626509084,0.0001969277812222071,0.39376146205130136,4.5797448330328844e-05
2022-04-26,0.362596019192966,0.3387707953032349,5.76622198583241e-05,0.3502187297673461,3.1752710635785376e-05
2022-04-28,0.3898043728752347,0.37377348854994585,0.00018835888392070227,0.3857146442405164,5.5448988284869924e-05
2022-05-03,0.35020530254242604,0.3588684489645859,0.00022023051358848597,0.35221255163561127,5.264645506209968e-05
2022-05-05,0.3412917663800116,0.3284458806610415,6.961989823630996e-05,0.33608347698576296,3.3203628739092535e-05
2022-05-08,0.30901365433543887,0.2979801256859795,0.00014794816562984823,0.30735117016590763,4.4646592450693206e-05
2022-05-10,0.2829339621349182,0.27272697868103557,0.0001455854453856168,0.2799029525223455,4.4371320956041386e-05
2022-05-15,0.2735180624822987,0.30878104561831554,0.0012958262545780116,0.2750289321061314,7.072057582028537e-05
2022-05-17,0.28877666958194403,0.24594839951044192,0.00014741663432854603,0.27646163045473204,4.3734535687549554e-05
2022-05-20,0.2477085593120976,0.24258955701736656,0.0002870124384293742,0.24603258036726802,4.283173264781036e-05
2022-05-22,0.21710834918413463,0.21327959339342764,0.00012501806588569023,0.21617088778834817,3.6169287888222225e-05
2022-05-27,0.21375769146802517,0.21710682307237572,0.0001838489388105629,0.21400172488543157,4.8938371396253335e-05
2022-05-29,0.18981573648802516,0.19737154528215695,5.853406325524272e-05,0.193697552264685,2.956591416542064e-05
2022-06-01,0.1689069859802315,0.18283658716043663,5.458087019254707e-05,0.17605540798022745,2.6228283537126273e-05
2022-06-03,0.17279835470954605,0.2183095040856218,0.0008041667432036396,0.17536084757782716,4.3641781821950236e-05
2022-06-08,0.30575960851240996,0.310423261975609,0.0016824928909657598,0.30619309759785457,4.7337526278990084e-05
2022-06-10,0.27401406459780675,0.2671008321193207,0.00012040870704747313,0.27236357854651994,3.791259750694587e-05
2022-06-13,0.23454057513429719,0.22674494734440542,0.00023695208957829697,0.2328862637107484,4.8773710263970016e-05
2022-06-15,0.2034418411511684,0.18835161193142444,0.00010122983073634902,0.19698297245985866,3.700797019651077e-05
2022-06-20,0.18600894092221537,0.19957843410050397,0.00030133564732334745,0.18712270338093917,4.8026157041199046e-05
2022-06-22,0.28087164569789713,0.25366344707458777,0.0015566130954285913,0.28039572409607094,5.082115113804291e-05
2022-06-25,0.2853609690037742,0.33641235478731263,0.00046135936941028117,0.29160483863817566,4.029910056658883e-05
2022-06-27,0.32011939185746807,0.32204638830573934,0.0002800872122356075,0.31890771938147705,4.449764765417795e-05
2022-07-02,0.276997492728539,0.2858371807097006,0.0003704112465788807,0.2784208441912493,5.840820431162085e-05
2022-07-04,0.27848910872157195,0.2955643653837279,0.0006200002521447917,0.27981542150458855,6.275848158811455e-05
2022-07-07,0.22893739006177588,0.21162378196173814,0.0001334346998405251,0.22395355960155525,3.04539884952692e-05
2022-07-09,0.19572851068535818,0.18782814819934587,5.559508854310299e-05,0.19136764453216,2.8425629781794226e-05
2022-07-14,0.1502716892332971,0.15216928861245632,4.40347250015438e-05,0.15072282166204848,2.7308174675192262e-05
2022-07-16,0.14463332802473258,0.14721137174330604,2.572370361558195e-05,0.14649369222618974,2.0587818361325596e-05
2022-07-19,0.14062304837253087,0.14678178207976506,2.0649986368240512e-05,0.14514862861119104,1.6463558816104082e-05
2022-07-21,0.143326114534433,0.149239403642895,2.0802762607115554e-05,0.1480202575055984,1.5089158073208424e-05
2022-07-26,0.14103818792194073,0.150208906604973,1.849294834789021e-05,0.14829168797305095,1.151552013209148e-05
2022-07-28,0.14151906925596536,0.14758320346528334,1.2253496701080578e-05,0.14656395916269724,9.25448655399434e-06
2022-07-31,0.1432416088461584,0.14842010949282078,1.848032512713288e-05,0.14747691764110285,1.3027695633366374e-05
2022-08-02,0.1412034899183251,0.14474487300117128,1.7247931619386788e-05,0.14395176820704603,1.0503667249960919e-05
2022-08-07,0.16099255517113506,0.15812441558453558,7.819262476862788e-05,0.15933111466235475,3.8939304736829305e-05
2022-08-09,0.14979205777641819,0.1495956295779156,2.7660931271264e-05,0.14955277017905577,1.9581587279695985e-05
2022-08-12,0.14257862470638422,0.14367601731746193,2.054038031219917e-05,0.14362717776907316,1.731255119500281e-05
2022-08-14,0.32316155057303175,0.2954649017928817,0.0031872121949061455,0.32179800834456734,5.5446232217892163e-05
2022-08-19,0.29675819864420133,0.3105164607594362,0.00026779604700072194,0.29926759857833185,4.10686571026594e-05
2022-08-21,0.25033200268760347,0.25129957027373273,8.200685293924656e-05,0.2512259114750701,3.5904880980652606e-05
2022-08-24,0.21961542762182013,0.20636254907987325,0.00012885330312669628,0.215346541829161,4.825646564905851e-05
2022-08-26,0.2037792775698916,0.20355199716126496,7.102437624574352e-05,0.20358230642461944,3.501483594720209e-05
2022-08-31,0.2032694975811497,0.20590243031371577,0.00024384646678727323,0.2041262958022692,5.094340206765923e-05
2022-09-05,0.18176572041950934,0.17558145911843615,8.880270820574095e-05,0.1794775410765788,4.272869483672264e-05
2022-09-07,0.16809799894044192,0.17237945177703168,4.720912816731484e-05,0.17087140795756858,2.6367002337241132e-05
2022-09-12,0.1788351596238796,0.1892717533762221,0.00022851693211140835,0.18134114132233412,3.712191816925535e-05
2022-09-14,0.19837872497803624,0.1884942074332741,7.795276375508947e-05,0.1937866110727991,2.951650444654878e-05
2022-09-17,0.17755907473844645,0.1791276005366699,2.532054214115442e-05,0.17904722829028363,1.517643951183116e-05
2022-09-19,0.16704139890231312,0.170896053816213,2.279159750726365e-05,0.16983974141671557,1.96249352784474e-05
2022-09-24,0.21878372154814027,0.22774647915215673,0.000658921953245537,0.22035327371653807,6.653725636555935e-05
2022-09-26,0.2317785180955504,0.22407035498090896,0.00010640931637170843,0.22881449525835926,3.941583629951602e-05
2022-09-29,0.36734611849121,0.3763850322651112,0.0007626590165100447,0.3680566450444039,5.000271392449383e-05
2022-10-01,0.30350673408816253,0.32346715687322924,2.210854985309521e-05,0.3178007961967245,1.751356751008704e-05
2022-10-06,0.24245660783104597,0.2405368092332289,0.00010513541641745534,0.24199908791258357,4.061030771597226e-05
2022-10-08,0.23681736708368267,0.24523003502884344,0.0001759823484897643,0.23844502405211443,3.472105940117572e-05
2022-10-11,0.2325304292260344,0.21261727966418495,3.558654860241292e-05,0.2203860166156322,2.0553921228247624e-05
2022-10-13,0.23447597738013753,0.2422751638822113,0.0003083303327219851,0.23662810390256803,5.513919819452287e-05
2022-10-18,0.2749367269825449,0.2475183599826308,0.0005280068969145673,0.27168036394574274,4.360515323494107e-05
2022-10-20,0.2610742069012974,0.27591355285981073,0.00016534179682475307,0.26503201419666333,3.2932243972024524e-05
2022-10-23,0.24590787894513558,0.23924577272273073,5.6258433596020866e-05,0.24205071492716748,2.858769356139085e-05
2022-10-25,0.23011277235146377,0.22456935484044302,3.7666453573816847e-05,0.22604407116666958,2.454299700407018e-05
2022-10-30,0.19817670273492433,0.20351854963159544,3.207556417001386e-05,0.20174649732923208,1.9005380087410684e-05
2022-11-01,0.23783349380983684,0.2314677763196873,0.0004603661933176748,0.23762177547804025,4.510121769457552e-05
2022-11-04,0.2963754860689341,0.3135250885549298,0.001282220223648954,0.29623599746480866,5.814415934568996e-05
2022-11-06,0.2822998549376263,0.2737886136268829,4.8726670248507866e-05,0.2782533007567053,2.576357273716386e-05
2022-11-11,0.28390978474845335,0.27880343116498757,0.00029353076380571926,0.283434358132792,5.8045383646579136e-05
2022-11-13,0.2626489923655592,0.26446154334278604,5.70262423273995e-05,0.263286827336208,2.7349125139796524e-05
2022-11-16,0.3313905305728575,0.34057379188465176,0.0003547854391078965,0.33239934303454427,4.644134912622832e-05
2022-11-18,0.3353028530721532,0.37245993615908335,0.00029605318273239145,0.34245229634200136,4.485868888684313e-05
2022-11-23,0.4122961565117432,0.4079089483917513,8.421283261318052e-05,0.4108948480213407,3.122114934353274e-05
2022-11-25,0.4057033030302619,0.40484249481292095,0.00014842282913542665,0.40513286583471314,4.163348613576244e-05
2022-11-28,0.4070461078129731,0.4036974674764061,0.00022328237495293827,0.4060090205084172,4.874502891684217e-05
2022-11-30,0.3720631915389754,0.3609412207197463,9.893940956942104e-06,0.3627811852435321,9.541390215181264e-06
2022-12-05,0.3624344380720124,0.3598370999470202,2.9792077139153537e-05,0.3604322830000589,2.088933525920138e-05
2022-12-07,0.34706154395889055,0.35021135496269445,2.6271545648528994e-05,0.3493537973825489,1.745872094602098e-05
2022-12-17,0.38173060706722756,0.3733206205781957,5.243387050212311e-05,0.3774486219068615,2.3062094814475817e-05
2022-12-19,0.3631973198892565,0.35928263303279956,7.5903726591974385e-06,0.359743265956103,6.739714999039378e-06
2022-12-22,0.3714140725613061,0.37193709635595473,3.7577304973106023e-05,0.37176802865346803,2.1994488006533702e-05
2022-12-24,0.35748928586476403,0.35778656905565825,5.832210827944634e-06,0.35770668037843584,5.1503394986270386e-06
2022-12-29,0.3667726642172504,0.3917976085489326,0.00025418337311129317,0.37058338837781696,5.252166332288295e-05
2022-12-31,0.36735090552068994,0.36201361672467736,1.4984161237668644e-05,0.3631608071577277,1.2857565450322056e-05
2023-01-03,0.35107374446144207,0.35773453095398666,5.4386698772805695e-06,0.3570888035341152,5.30781673121654e-06
2023-01-05,0.3412216859279052,0.35207003549346055,1.3633923221293446e-05,0.3501820900072064,1.0478939272345908e-05
2023-01-10,0.3897203180065001,0.38105850773094246,3.244796714078979e-05,0.3837255953791201,2.2944829892247956e-05
2023-01-12,0.3772949775976018,0.36806368241758874,1.2160964988442198e-05,0.3696728055892906,9.099977381526306e-06
2023-01-15,0.37449197198036427,0.3746607465860631,5.701715081830933e-05,0.3748388787183036,3.75326669078103e-05
2023-01-17,0.42304766795561566,0.4259479337028498,8.839942990197658e-06,0.42550950099715373,7.590622299286827e-06
2023-01-27,0.38133944687945887,0.3757558662306988,7.184291794323048e-05,0.37860930216363053,3.131931738075494e-05
2023-02-05,0.35334113657049854,0.34923899635995476,2.6884481268810037e-05,0.3503798302966142,1.9125467084342772e-05
2023-02-15,0.33213735176087233,0.3297627022542592,7.152049285252331e-05,0.33217500393834654,3.30361794578328e-05
2023-02-17,0.32654784242202906,0.32377657746645894,4.490059305860755e-05,0.3249909038035762,2.385614817795592e-05
2023-02-20,0.32087508796573494,0.31484804887956525,3.6363935978731576e-05,0.31742724631957747,2.0165276620110255e-05
2023-02-22,0.3376812326990725,0.3461031157742973,0.00015187428261954024,0.34023298283523135,5.3649101586079786e-05
2023-03-04,0.34324650041279586,0.33891354419881714,4.584414098692414e-05,0.3412526471858033,2.5080699923368626e-05
2023-03-11,0.40056967465248117,0.40865782317455684,0.0001572477170904783,0.40280590756630047,5.2178906383023514e-05
2023-03-13,0.3832980855432432,0.36788265452334074,2.6939615698991862e-05,0.3727425641898536,2.0237434793546825e-05
2023-03-16,0.36704270473299266,0.35453638500099144,1.669245691112909e-05,0.3570315989643702,1.3443139812729382e-05
2023-03-18,0.35895407606192387,0.3602653528684441,3.725477738808434e-05,0.3598936593790918,2.7658585710467267e-05
2023-03-23,0.33581465133222416,0.32865865488551455,7.768884885885009e-05,0.3332958321017824,3.6959470451229795e-05
2023-03-25,0.32609413736994014,0.32395437052688975,6.29344654913973e-05,0.3252486431027803,2.9610117893804873e-05
2023-03-28,0.3350359596130214,0.34186312870248264,8.94548030415543e-05,0.33708398317076904,3.6315103872295206e-05
2023-03-30,0.314392558093661,0.31505142808252645,6.586579934996317e-05,0.3150077417883981,3.1626219558973824e-05
2023-04-04,0.3362105432437154,0.34576936349497134,7.55780522894327e-05,0.34077015026104496,3.1713031520409776e-05
2023-04-06,0.31419269255682714,0.32056287489539675,7.407710742037e-05,0.31655621034166004,2.7877328949524074e-05
2023-04-09,0.2884302786070778,0.2852334075278434,8.589449221625566e-05,0.28790095938200116,3.449457888673925e-05
2023-04-11,0.27410980475425617,0.2758189501100107,6.981666372847105e-05,0.27474609587373916,3.726250931356275e-05
2023-04-16,0.3271513103227613,0.3441366751884127,5.7753227931525726e-05,0.3356818162104505,3.105024563662537e-05
2023-04-18,0.3049521135736644,0.31148014514523087,6.964518258657829e-05,0.3086263275174801,3.3878939385784305e-05
2023-04-21,0.2748122988163528,0.26560136163188774,0.00015328983138211284,0.2722710767849278,4.259572023936316e-05
2023-04-23,0.3509058014288022,0.36003996487557544,0.0005437828121605323,0.3522182447550864,7.94107273914749e-05
2023-04-28,0.332895014944663,0.3231155045114672,8.112802247525309e-05,0.3291081162532928,3.956193846228012e-05
2023-04-30,0.38890751909914734,0.38420823746498095,0.00016688080249045484,0.3868254033733891,4.424824476898389e-05
2023-05-03,0.3386089962143463,0.32202881033389813,9.8002998434945e-05,0.3321494290811264,3.567171771419952e-05
2023-05-05,0.3125583697878465,0.3026687714608302,0.00011453673223840872,0.30902674846879014,3.669550150054495e-05
2023-05-10,0.35032678712422305,0.3517276671964604,0.00012042030324541317,0.350287580500208,3.9757598821990975e-05
2023-05-12,0.3701044527486754,0.37637153341863944,0.00021257235966739627,0.37222061802019746,4.130063796413914e-05
2023-05-15,0.3864179862878023,0.37453393529359774,0.00016504975977347773,0.38195394556683604,3.910935809773245e-05
2023-05-17,0.3567909923782299,0.34914421732030065,4.0688537801389536e-05,0.35196299061367786,2.56324867675874e-05
2023-05-22,0.32891527763145284,0.3251659318315142,0.00040135488386554074,0.3290314236992888,6.727101061047975e-05
2023-05-24,0.37655971883527123,0.37013927451692596,0.00023287095921783706,0.3745392526431664,5.414851124852338e-05
2023-05-27,0.31402468550484697,0.30213320562303664,0.00017161248503150592,0.31205684837042463,5.328858637732973e-05
2023-05-29,0.34189506152924554,0.3316246700208737,0.00030298618597482537,0.3403051572488185,5.432452205332279e-05
2023-06-03,0.34776045794679383,0.3523925190872624,0.00023127417746265732,0.34872173115842636,5.2940555303551505e-05
2023-06-05,0.31545829878062936,0.3124222080616172,0.00013138290232348905,0.31362738899815745,4.0679658617629416e-05
2023-06-08,0.27067491561270807,0.2684276722131839,0.00018110228761234428,0.26992626724271634,4.6369659204741205e-05
2023-06-10,0.3371638736714426,0.3434741977723696,0.00042070114041959663,0.3375985683299457,5.450916924176983e-05
2023-06-15,0.34279554482328484,0.33513539824760125,8.642229132556063e-05,0.33921109748629613,4.098060104353674e-05
2023-06-17,0.3096347093885938,0.3031687278265243,0.0002396474190699461,0.3071823156481958,4.3534758081139814e-05
2023-06-20,0.3261381304016394,0.3605383049748345,0.0006942780851369886,0.328837126178023,4.73750800081216e-05
2023-06-22,0.3934409532978208,0.40008105403178235,0.00012682211460637069,0.3956993843664349,3.6832369332180184e-05
2023-06-27,0.29783782234776845,0.26897103879717205,0.0002356519766694625,0.2907216128506849,5.611952223049137e-05
2023-06-29,0.26749491703120565,0.2547361367350643,0.00012456654185730019,0.2624225637847639,2.5865198308120166e-05
2023-07-02,0.2804529182486005,0.28245597364888136,0.0002400495265855603,0.28117251277236627,5.4570444459797336e-05
2023-07-04,0.25967737622695586,0.2504073916913486,0.0001093152623054218,0.25637084615426614,3.8635865277966355e-05
2023-07-09,0.20906875774845385,0.1924096479608459,0.00017671300086987617,0.2055236820314384,4.4946291020433066e-05
2023-07-11,0.18554294691308912,0.18719849598087376,6.60481347862158e-05,0.1857289467150869,3.865648591124693e-05
2023-07-14,0.16692908366188294,0.17429217318689424,7.420845776831908e-05,0.17098918407973612,2.8004915369585125e-05
2023-07-16,0.16145463856927808,0.1717418089382938,3.887462928768662e-05,0.16774897055114674,2.22957077316414e-05
2023-07-21,0.14867455026937973,0.1630557091225958,3.960207935269927e-05,0.15726187148380605,2.466302353560235e-05
2023-07-23,0.1567455214959373,0.21420365528560847,0.0011242300383409608,0.15945769964517884,5.057847110814291e-05
2023-07-26,0.2252446128762973,0.18272729223901682,9.406542524027656e-05,0.20852413744165044,2.9775078460298417e-05
2023-07-28,0.20546903140423986,0.188757089620393,5.442838283001815e-05,0.19721869352041285,2.235872378350292e-05
2023-08-02,0.16949148589374796,0.17942300939118042,5.0359293982187935e-05,0.17538213571516387,3.1282143256647115e-05
2023-08-04,0.19269262630408182,0.1962048077325481,0.00010457184658227528,0.19442938682540872,3.7222981953904504e-05
2023-08-07,0.17836420704505468,0.1801576253045149,4.0834999332235475e-05,0.17996850499876024,2.5484792679011953e-05
2023-08-09,0.161878896578032,0.16275671260719726,4.5719838719507685e-05,0.16217361976190736,2.5085432553375277e-05
2023-08-14,0.15091439984151295,0.16307531187998736,4.559017260702335e-05,0.15733123405094485,2.4168494127412608e-05
2023-08-16,0.15602745795273973,0.16437239017364955,5.372902280439239e-05,0.1601599492752754,3.122827128404761e-05
2023-08-19,0.15093488409210332,0.15277723331464152,2.8477191779817987e-05,0.15192566824941411,1.771837928035922e-05
2023-08-21,0.14669173331996507,0.1494854980763668,2.1901944333281872e-05,0.148504591578978,1.6251372077058e-05
2023-08-26,0.16469952462601023,0.22300195426491826,0.00135832856328526,0.16723575100740315,6.061193304729407e-05
2023-08-28,0.24380870835569213,0.1793891877889865,6.60373958575743e-05,0.21279203475198646,3.1809901313353e-05
2023-08-31,0.22895194425529164,0.20392056771934106,9.348226017937832e-05,0.21891712341037292,3.865429036443194e-05
2023-09-02,0.24531826396565212,0.2866139381373322,0.00204983230894427,0.24608800920335702,6.220539422717101e-05
2023-09-07,0.1886899408053381,0.1776535303702067,6.975223223095431e-05,0.18370547386837932,3.3956222252294176e-05
2023-09-09,0.1679414636588037,0.1701298446361119,3.0508885766525157e-05,0.16942817987535563,1.8227640612530708e-05
2023-09-12,0.22000802309092266,0.21174850383073485,0.00039318593781018666,0.21884540043878048,5.5813762068723605e-05
2023-09-14,0.23301631565198233,0.21593675115542388,0.00010875386925453248,0.22671309826590746,4.6855895642828556e-05
2023-09-19,0.2346754624911848,0.2211840389356324,0.00030095326031519466,0.23223397408593593,4.85039393737511e-05
2023-09-21,0.24337006587841462,0.262049351829317,0.0005859043963791832,0.24538335969142705,4.132673839516481e-05
2023-09-24,0.2548750427036966,0.23665354554082993,0.00016954080739407456,0.24952440844192986,4.5857633869983376e-05
2023-09-26,0.22188430929835423,0.21877020500121291,6.0992604176569e-05,0.22041608187977896,2.529561638469264e-05
2023-10-01,0.17723884386811614,0.17827915602640104,5.0274674056042895e-05,0.17817970782212086,2.386427617809769e-05
2023-10-03,0.16778863383886244,0.17576633550357432,2.323337770130097e-05,0.17357531988726996,1.673765084417537e-05
2023-10-06,0.16042926795591705,0.16817939315961636,2.115767319159436e-05,0.16601074609231703,1.4565816388238987e-05
2023-10-08,0.15640774860469617,0.16240012450968994,1.8726197794119408e-05,0.16089843661581235,1.6182478890557345e-05
2023-10-13,0.15144747520094615,0.15984780302161852,2.0086168746031034e-05,0.15735046158660715,1.4478228650407003e-05
2023-10-15,0.15485004957988777,0.16571468168730263,2.5094485130583096e-05,0.16235474050535706,1.703867142999754e-05
2023-10-18,0.1830462277103118,0.21206068036225773,0.0007149280472009269,0.18465543352887637,4.788882573645066e-05
2023-10-20,0.3432058858961929,0.32602218937983224,0.0014293436161385317,0.3424908475468121,6.5539727401713e-05
2023-10-25,0.32730429350945234,0.36561723859706363,0.00017624620566723709,0.3377625454757712,3.574230665168506e-05
2023-10-27,0.38993443151205076,0.38171392271854393,0.00011035462321268595,0.38716412115803805,3.948994222136802e-05
2023-10-30,0.4025987168166876,0.38715199641055015,0.0002810197570800719,0.3991422961158546,4.011278150447594e-05
2023-11-01,0.36937347526993936,0.357584023370418,2.2808820680248225e-05,0.3604009211166809,1.7983927294683558e-05
2023-11-06,0.3919537648509375,0.3792442823466641,4.466355813547057e-05,0.38489658100092733,2.624721165990995e-05
2023-11-08,0.36783481242344995,0.3700032895619018,7.905639727723364e-05,0.3692099363380894,3.2139554687207575e-05
2023-11-11,0.40411164698093033,0.41095873335536004,0.00010582305546739305,0.406302016905973,4.0054517298881295e-05
2023-11-13,0.3851213995343841,0.37009892017611157,2.7182570773857992e-05,0.3748168665878302,1.9201389496748017e-05
2023-11-18,0.3606799087190148,0.36060103625584056,1.0126110544680695e-05,0.36084394233026024,8.45657848625426e-06
2023-11-20,0.35433228753074486,0.36245506202344835,2.1344885767156007e-05,0.36022058021401954,1.3469011404971452e-05
2023-11-23,0.3535705796190784,0.36011469473207314,7.215552027554483e-06,0.359473538279472,7.162394061549641e-06
2023-11-25,0.3492359518775443,0.35905459228239783,6.2224107531203925e-06,0.35817536903981795,5.418454142964363e-06
2023-11-30,0.41523392464844694,0.41927445153389287,6.434418291382823e-05,0.4176721654198376,2.4947354579081303e-05
2023-12-02,0.403512125253806,0.3891461791507462,1.4506089361209126e-05,0.3917661204455063,1.1255348581634018e-05
2023-12-05,0.38948381409275035,0.37440756254107704,2.3436871987489502e-05,0.3783563925250242,1.650524938019615e-05
2023-12-07,0.38418174968311214,0.40989718326011065,0.00023547372084894844,0.3896075275773624,4.9773074335838055e-05
2023-12-12,0.40328817143341944,0.40293823730292083,0.000220354529221913,0.4027959598714454,4.210919524665021e-05
2023-12-14,0.4109011680556883,0.3941776898880419,2.822595461230363e-05,0.3997712948698639,2.0356849045030764e-05
2023-12-17,0.38789849354127637,0.3664919064913533,4.705603197067338e-06,0.36818237819563765,4.383487335254329e-06
2023-12-19,0.3810437461695885,0.36407502968567884,4.19976536911946e-06,0.36519602635616827,3.571447555855778e-06
2023-12-24,0.37946207127824755,0.3646129709602766,4.176353180964154e-06,0.3656985531880149,3.99942427173677e-06
2023-12-29,0.3657198934873426,0.3580980264634041,1.0580646739963903e-05,0.3592145650418718,8.663170596795374e-06
2023-12-31,0.37871929061937676,0.37338186125026473,6.082100396358983e-05,0.3760802353590038,3.545609608496915e-05
2024-01-05,0.3845816827023847,0.3799570837255642,0.00010455972857989737,0.3825423080312786,4.083166036839912e-05
2024-01-07,0.3792478419826039,0.36829889074645655,9.349876580796156e-06,0.36985103055564783,7.428614673561759e-06
2024-01-10,0.3729974067742102,0.3682234309012856,1.9446304091800667e-05,0.3694828591692731,1.3723946478817525e-05
2024-01-12,0.3702301932329945,0.3623912991393623,4.276945682019238e-06,0.3627979451314169,4.08132520641197e-06
2024-01-17,0.3911613578444895,0.3710388076595343,1.8035013888629863e-05,0.3756267884712213,1.5006560310985535e-05
2024-01-22,0.3714978019662811,0.3596936951070834,7.497181462265388e-06,0.36102108674900585,6.2951861616194915e-06
2024-01-24,0.3659117662738608,0.354522976973308,7.831132179199057e-06,0.35600918060909953,6.4798471223575324e-06
2024-01-29,0.3513140167428742,0.3463787878143359,1.984822764584857e-05,0.3475346027120421,1.4472673371179108e-05
2024-01-31,0.34620156078938596,0.3416630418744739,2.0078860806910696e-05,0.3430649529624103,1.3518110664166856e-05
2024-02-03,0.3451125014481987,0.34183765276139155,2.251392180282551e-05,0.34262080388339394,1.4552169422816126e-05
2024-02-05,0.3412880435741067,0.34048771227961055,1.6277848919978476e-05,0.3406004262560445,1.1298702268886695e-05
2024-02-10,0.39978796186703386,0.41076109121961357,0.00018521691522140068,0.40235132800226714,4.2763454283023305e-05
2024-02-12,0.4036695473910093,0.399966348067207,0.0001667939519094248,0.4031473859518532,3.3681241677773976e-05
2024-02-15,0.37478582840862795,0.3693195668345776,5.935341706404888e-05,0.371967685686206,3.545949851345355e-05
2024-02-17,0.3903424818184945,0.3753719057771701,4.81752748498429e-05,0.3822483355167315,2.224921659944568e-05
2024-02-22,0.37066189839556163,0.36740887339329886,8.64097604388355e-05,0.3695829167666071,2.6949754589881823e-05
2024-02-24,0.3744578808695936,0.3682721940576158,2.9760438653756327e-05,0.3707220010385248,2.3771847914407693e-05
2024-02-27,0.40604742615444134,0.39733848796950416,0.0001321673815918824,0.40367456812679214,4.4706872392275094e-05
2024-02-29,0.38681306931765524,0.38166676617878115,9.71592738009757e-05,0.38438914030823296,3.413406315162478e-05
2024-03-05,0.39834130877539126,0.38267197992875124,5.334241027533416e-05,0.3905106650884082,2.3653399019074057e-05
2024-03-07,0.3833155848062051,0.3637975613067697,1.3200766007961074e-05,0.3672692480738857,1.0694993520187847e-05
2024-03-10,0.39777868434042724,0.3876873514753716,0.0001229836108311725,0.395193759052286,2.6878381830532798e-05
2024-03-12,0.39685265635460004,0.37879607713250907,4.401989891848093e-05,0.38619110574868387,2.339525598518396e-05
2024-03-17,0.3673439986740849,0.3477903208923181,3.5566466226624694e-05,0.3548272061569746,2.4207600471805732e-05
2024-03-19,0.3603973973500209,0.34919512867333546,3.803770783969698e-05,0.35364367328366425,2.7895733436954385e-05
2024-03-22,0.34120348273395046,0.3297616069787215,6.929123642210917e-05,0.33510216355002326,3.277267090526851e-05
2024-03-24,0.3348352608323751,0.33839981007965597,4.769345991782715e-05,0.33647740147957955,2.6338405605197657e-05
2024-03-29,0.3959501329577582,0.40419545772393384,0.00020593812702033172,0.39757740348767323,3.406169538329054e-05
2024-03-31,0.40465519105906034,0.4049110537854237,0.00015721870513029732,0.40403833319072047,3.696342514474241e-05
2024-04-03,0.3732702751949543,0.3492843933236715,3.323155797537449e-05,0.3579427487738512,2.1488491085669374e-05
2024-04-05,0.35190040485638746,0.33347002500439404,6.76406771422857e-05,0.34283220728006275,3.292091319448356e-05
2024-04-10,0.3838284450260528,0.3741266497275493,6.807883763492118e-05,0.38027950602584165,3.944488917256692e-05
2024-04-12,0.3586526099498496,0.34287574760700246,4.117939221689028e-05,0.34942441477956154,2.1729463560483756e-05
2024-04-15,0.3334833213140614,0.3171779548321302,8.68864269716083e-05,0.3276268960527709,4.684278185766988e-05
2024-04-17,0.3320026486538279,0.3357204615412524,9.370945337178664e-05,0.33298530250024155,4.4527317414923266e-05
2024-04-22,0.2930946238910201,0.29533688166156336,0.0001184567389230075,0.29468616182715107,3.9081630872048e-05
2024-04-24,0.2921634227809067,0.3037991569885507,0.00016865252944982882,0.2957735777821584,3.3710337060902214e-05
2024-04-27,0.34852631544567264,0.38251528935041074,0.000394590966822886,0.3531598351412917,5.5785330685056414e-05
2024-04-29,0.3568508535643669,0.36453129469793943,0.00018586754003138082,0.3591913477791229,4.26178944252192e-05
2024-05-04,0.37013324489338306,0.36172945742652485,0.00015072598863749204,0.3677040125778608,5.311573791366731e-05
2024-05-06,0.40583793492343234,0.3881632478467237,0.00012584742210419112,0.39996484287914263,4.586432456897681e-05
2024-05-09,0.3708970396756751,0.34305201228195337,5.1694317929707514e-05,0.3557949140009087,2.8440012996702553e-05
2024-05-11,0.3402065100608928,0.317354747682311,0.00010771044832537834,0.33230939083474825,4.2101977523650406e-05
2024-05-18,0.3903110466238568,0.3617420605512768,7.560524100373989e-05,0.3779452987049104,3.4637295966556304e-05
2024-05-21,0.38827569327678124,0.37152467375859716,8.34178943978508e-05,0.3814921341100267,3.610798347013344e-05
2024-05-23,0.37782199356656054,0.36169020681808745,5.660916919875132e-05,0.36993818227998504,3.1127347267385395e-05
2024-05-28,0.3288778027493646,0.30303604145791413,0.00019059646252163865,0.32281642780749215,3.554994004938111e-05
2024-05-30,0.32089736501632415,0.31571973373505735,0.00013471258382958902,0.3182052321343647,3.338559961423469e-05
2024-06-02,0.31153325256577663,0.3063425561282455,0.00013551596828857208,0.3100157446991506,4.267982226944178e-05
2024-06-04,0.2979281044122794,0.28151185867730405,9.240576340754492e-05,0.2912278309813589,3.566088153397879e-05
2024-06-09,0.3997978462605595,0.40483501746511275,0.0002292995473510955,0.40101406445475846,5.2055381896738695e-05
2024-06-11,0.364258114371228,0.35519806523369774,4.803901147811995e-05,0.35984641111744514,2.803485030899243e-05
2024-06-14,0.3350799353957966,0.3522453993037808,0.00029039892255067846,0.3379962286082137,5.3170706695963204e-05
2024-06-16,0.33807225773604854,0.3072473873835375,0.00010658730294205267,0.32700795282091016,4.375166568797803e-05
2024-06-21,0.39676623761444785,0.38454149282382255,0.0001352648945599096,0.3931308875052765,4.4390734129443204e-05
2024-06-23,0.3746281890888721,0.3551132252551455,2.5422957129390557e-05,0.36087420593340364,1.9198853418169092e-05
2024-06-26,0.33031180134341126,0.2989944914965495,0.00018721256545885834,0.3226795487044465,4.976427774827792e-05
2024-06-28,0.32915862458269535,0.32252933040556314,0.0001931052705265621,0.32748913936126584,4.822058677657642e-05
2024-07-03,0.350018165747385,0.3400692854921721,8.269422710341252e-05,0.34542171742347333,3.35971266485034e-05
2024-07-05,0.33187943612136395,0.34171054414683616,0.0001319869213835906,0.3356941515213688,4.818509079997504e-05
2024-07-08,0.33701406461719435,0.3221507228617419,0.0001941768958925672,0.33411003657030824,4.6294569284605494e-05
2024-07-10,0.36699626618302605,0.3480731139704594,0.00016059526050098716,0.3620505209945177,3.528249034663619e-05
2024-07-15,0.30442303653588565,0.3037617469170459,0.00030087562086537407,0.3048056715898516,5.725764746909301e-05
2024-07-17,0.2877589864638751,0.27970705293516923,0.00013210965071783573,0.28622209837068163,3.448563519923355e-05
2024-07-20,0.25001020925565914,0.25649734260940904,0.0003325062055703736,0.25168480209594934,4.562456928341082e-05
2024-07-22,0.3210434958524823,0.3293058259574995,0.0006093327456291311,0.32146257722206834,4.573409469348537e-05
2024-07-27,0.23777660549643106,0.2392781567946185,0.00025505187129554505,0.23846838320734784,3.819885157196655e-05
2024-07-29,0.21546559220917533,0.21070463260516664,9.633410801760117e-05,0.21318635190993743,3.346947051631948e-05
2024-08-01,0.19083228199693542,0.1961055920908911,8.019226336055094e-05,0.19293268073059913,3.697164733597242e-05
2024-08-03,0.17967820935784945,0.19042680725640868,4.394359764216003e-05,0.18563095371445418,2.864885434480063e-05
2024-08-08,0.16288906250267332,0.17943535550709547,5.7304149519264875e-05,0.17139273937108804,2.9790438045265267e-05
2024-08-10,0.15675038227439447,0.16722061842117777,4.1362554749632646e-05,0.16316773042997212,2.2140606152264376e-05
2024-08-13,0.15309783726002188,0.17147712348970987,3.2310771959440396e-05,0.16483546531934415,2.1988513069476157e-05
2024-08-15,0.33766800696573424,0.31503638573917575,0.0017968066379582318,0.3370939378709706,5.965192646758007e-05
2024-08-20,0.23779188792401668,0.2504861645546167,0.00020392774596848665,0.2407544202276356,4.732777469219386e-05
2024-08-22,0.21252427283380126,0.21393081480343942,7.369263509862393e-05,0.21297671517581807,2.2253933808680834e-05
2024-08-25,0.2113292614292214,0.20820177428994596,0.00011830260290163506,0.20956457001826612,2.7944878000184308e-05
2024-08-27,0.19220305733164997,0.18970405699055937,3.532827212710787e-05,0.1908602491259784,2.145767712150047e-05
2024-09-01,0.29958113715615886,0.2958036974680614,0.00207193050650727,0.3001187131757454,6.304212221800771e-05
2024-09-03,0.3535589557299637,0.35682713461416243,0.0005929259499236425,0.35392746059355046,5.58718286516295e-05
2024-09-06,0.33536284538173605,0.38163323653542813,0.00036885072124226236,0.341559247067412,4.546618549879987e-05
2024-09-08,0.3606147845861253,0.35888837709903465,0.00016068591151785518,0.35952634289937485,4.51573673057718e-05
2024-09-13,0.33847279549182324,0.3215846417075272,0.00015027371609749123,0.33320438965184485,4.4807208550484356e-05
2024-09-15,0.30753616884534213,0.2980898627826844,7.001106913410303e-05,0.30303462684212656,3.415744842139303e-05
2024-09-18,0.2822971610456337,0.26010397779636313,8.566517647664437e-05,0.27373390422752814,3.669615270070903e-05
2024-09-20,0.26541966262543626,0.25181178805102994,7.113487561238535e-05,0.2585930244113857,2.7316629170913784e-05
2024-09-25,0.3337422014708736,0.32997274265054044,0.0003488213499487676,0.33259701768176547,5.573112730313727e-05
2024-09-27,0.39355933777976704,0.3923962940347257,0.000185744497832089,0.39334800771048656,5.914588843111364e-05
2024-09-30,0.3511516465061864,0.33167011398794594,3.124351892205537e-05,0.33819665123888254,2.2641582118751503e-05
2024-10-02,0.35696873321069367,0.3473042632425458,9.811138077129253e-05,0.35337682134172593,4.318433836860068e-05
2024-10-07,0.4130628756077557,0.4107930594016921,4.36715790715151e-05,0.41204312352123557,2.3480573086720832e-05
2024-10-09,0.4084509757046762,0.3920127340539463,0.0002196259903874594,0.40498511745220356,4.790133299242743e-05
2024-10-12,0.37487167756080264,0.35287208036820117,2.0474430013479076e-05,0.3586200517403862,1.5118893763331775e-05
2024-10-14,0.36470256124550954,0.3525238246511913,4.8406717747258204e-05,0.35822993353983235,2.510311129547175e-05
2024-10-19,0.4046468579207738,0.3860785662202748,3.3430905354319824e-05,0.3933657813461107,2.0017251796312555e-05
2024-10-21,0.3764474180844457,0.35953516796365936,1.1328925918389685e-05,0.36227735887936846,9.11258874507793e-06
2024-10-24,0.35586358920943917,0.35035426971058997,2.5302510084672494e-05,0.35185356342576796,1.877397647677779e-05
2024-10-26,0.4207196446330639,0.41856547502934804,0.00010025211797836529,0.4201947689442539,3.8901235322913085e-05
2024-10-31,0.3721695594593244,0.35624300478114057,1.0969960950782514e-05,0.3586841931540692,9.620934678669316e-06
2024-11-02,0.35985416844073836,0.35105149387229106,2.000297116129076e-05,0.35332070443400476,1.3805742293129928e-05
2024-11-05,0.34842725855995155,0.3447700059065077,3.186786370185029e-05,0.34555049256167164,2.1384922600372453e-05
2024-11-07,0.34243612376744986,0.34086061868397577,2.8733802474361142e-05,0.34142905615531005,2.2608858846886083e-05
2024-11-12,0.34913985907989215,0.3629156022393197,3.612343744308871e-05,0.35764503081157595,2.065116672476643e-05
2024-11-14,0.358209358425443,0.3604069764622108,1.1676717834738997e-05,0.3600234348823444,1.0264044739300523e-05
2024-11-17,0.34284482470697886,0.3499830414932327,1.689583213324831e-05,0.34845487621471416,1.1868116910599715e-05
2024-11-19,0.34044228648673447,0.35009544945359117,2.486865197494015e-05,0.3472914351827267,1.6866611167030393e-05
2024-11-24,0.37926312458494255,0.36154961783658845,9.077946138579983e-06,0.3638203072968278,7.004991275092031e-06
2024-11-26,0.3949829898974412,0.3745906486761625,4.883020719329227e-05,0.3837187980415922,2.820707298371916e-05
2024-11-29,0.3723988744716546,0.3587267377533257,7.381477279234019e-06,0.36021059884456064,6.613270477633042e-06
2024-12-01,0.36537818066619454,0.35596636254426345,1.1517431887474682e-05,0.3573970288546717,1.0156382590698823e-05
2024-12-06,0.3943202414255537,0.3853144420335594,0.00015590090172954145,0.39151559363665356,4.5833143937238505e-05
2024-12-08,0.4009769467254736,0.39216534229594907,7.382257184836133e-05,0.3972719090922615,3.11026508441382e-05
2024-12-11,0.38293587852022676,0.36527165837087416,4.797024030253195e-06,0.36645011255860055,4.119632463290978e-06
2024-12-13,0.37569415333825706,0.36237408531777854,5.591067218157994e-06,0.36355340661049446,5.087152489420227e-06
2024-12-18,0.37215832147819855,0.35788197340129707,4.307983050415101e-06,0.3589028335743457,3.7822002722546517e-06
2024-12-20,0.3894899075923815,0.3749085387120132,5.4271414234694305e-05,0.3818611827633767,2.8465878729650824e-05
2024-12-23,0.398062275422122,0.37970139438903283,3.845840313261687e-05,0.3867396245845998,2.9914532718764292e-05
2024-12-25,0.3875552661991752,0.3682373361128628,6.187113973915185e-06,0.3699254007313313,5.555513951515902e-06
2024-12-30,0.36969904794500386,0.35922107673084946,5.049364117545689e-06,0.36005889380625805,4.681072049886464e-06
