day,y,hxb,hpbh,hxa,hpah
2016-01-01,0.37748295097002055,0.2889955651747994,0.002948920602577248,0.34128651095070955,0.0008463672306885403
2016-01-04,0.4034355237698458,0.41312881086056813,0.0004975144219774337,0.41002172025529987,0.00036377499677771324
2016-01-06,0.3665336504473228,0.4141238749916403,0.0007108964204297138,0.3981561473261103,0.00044059884190385224
2016-01-11,0.4124213011239852,0.4173248819340467,0.0005262862428571189,0.4158679097637621,0.0004050372729457832
2016-01-13,0.40450506044519924,0.3865177767400856,0.0004721007253566105,0.38854972864097,0.00042319442786435153
2016-01-18,0.3269880107839332,0.3883430691965382,0.000753927962651184,0.36701722322853136,0.0003973659785972266
2016-01-23,0.3692279419139798,0.36021093268391313,0.0006830223078263508,0.36333474015999984,0.0004854326002118034
2016-01-25,0.39116923078177546,0.34617911645796845,0.0009774692847266352,0.36164145966689404,0.0006314016088541178
2016-01-28,0.3708604365084767,0.34622714937990273,0.0008233647382478986,0.35402180433952135,0.0004926658691990383
2016-01-30,0.35078354166093895,0.3434307290075833,0.0007677224542492725,0.3477897672110302,0.0004870924512656114
2016-02-04,0.3676187874134533,0.35621163228082653,0.0007180601231999885,0.35820399119903457,0.0005843145488220949
2016-02-06,0.37141523168955426,0.351945886828948,0.000799154820866459,0.35783636029594795,0.0005697681349433295
2016-02-09,0.4003899282071035,0.4178792916835764,0.00047560739178208373,0.41491487735563737,0.000380212385008723
2016-02-11,0.3585729916106564,0.3953698812321037,0.0005609016477218112,0.38611545863030616,0.00045960361008183547
2016-02-18,0.4007814610053992,0.38553731566891686,0.0007738446405289955,0.3894606588271099,0.0004893640949008866
2016-02-23,0.3955028351117356,0.37006015552954713,0.0008446512588995545,0.380896055081535,0.0004792711043377223
2016-02-28,0.3233705735055692,0.3935206331644849,0.0006894521535450479,0.3699549072512417,0.0004364511957614322
2016-03-01,0.3828365465510943,0.3483329136629021,0.0006363546278205939,0.3572342698552699,0.00046904678019805724
2016-03-04,0.4153398268601062,0.40583224340553736,0.00060918999560899,0.4100507537913047,0.0004846601972275481
2016-03-06,0.3708697790007444,0.38754934970253374,0.00047292845580822635,0.384084586717114,0.0003829150575247619
2016-03-11,0.2759493167801702,0.359486654379224,0.0007424042775282705,0.3333732616235169,0.000501833614215062
2016-03-13,0.3940453703251969,0.3286293441387448,0.0008570491667115245,0.35081143275386517,0.0005695410058184446
2016-03-16,0.3152500254035483,0.3444012321736406,0.0008349148120606998,0.3349941512831447,0.0005387641128656206
2016-03-18,0.34639745517383075,0.3324715873879596,0.0010032950148724591,0.33694659563985413,0.0006647625239582863
2016-03-23,0.2781486392202317,0.333166971161771,0.0008178721097823861,0.31526548499987145,0.0005724565340778531
2016-03-25,0.32272138029484687,0.3213410530490839,0.0012131532511538826,0.32248428051319317,0.0007242445140974908
2016-03-28,0.2971412579072595,0.3283240322037785,0.0010073841562879926,0.3185097127035728,0.0006698258381531473
2016-03-30,0.4031244588547624,0.32982845051653115,0.0011506667021253412,0.35839218007728313,0.0006427874482344535
2016-04-04,0.3995703422883908,0.35252359465526517,0.0008054838159618815,0.36685088115655645,0.0005391322822082193
2016-04-06,0.3703585958949736,0.3473449115584236,0.00064945591613871,0.35270750193863626,0.0004910353675193261
2016-04-09,0.3246271410625474,0.35346291409819236,0.001010821368063752,0.3438127669165918,0.0006016366883764333
2016-04-11,0.2793356285797448,0.3738215335931692,0.000990696139217584,0.34112218341958406,0.0005945787449792646
2016-04-16,0.37948192781924284,0.36957318341542217,0.0008681293558804347,0.3736766860106651,0.000583906801227345
2016-04-18,0.3434927194477715,0.35145069820913505,0.0007186166495979482,0.34913973908332985,0.00038304772850557755
2016-04-21,0.4101534498799576,0.36162266194256865,0.0014064683333348048,0.38326560295235346,0.0008465685709033172
2016-04-23,0.3216675349527333,0.36925192275928714,0.0008475258513882752,0.3522980677242798,0.000567711717561512
2016-04-28,0.27625477550933575,0.30507379677170005,0.0016117324499745208,0.29013183989239716,0.0007760412797910755
2016-04-30,0.2795109527996886,0.33634091511236386,0.0013108802808774838,0.3101265242567498,0.0007695772284502341
2016-05-03,0.26301596208872424,0.27304120934464765,0.00143622501669219,0.2702248883365077,0.0007545184554305304
2016-05-05,0.2580152047879991,0.24148814756866405,0.001204388863894442,0.248380256145776,0.0007504594257708196
2016-05-10,0.2802295126881506,0.2842894362054896,0.001981184904138801,0.28364888088507983,0.0008800197958385108
2016-05-12,0.2998084014661987,0.32131128267459047,0.0011777549325726953,0.31478721273162447,0.000708645165045941
2016-05-15,0.22545449231018844,0.34067115800871295,0.000908710884741783,0.29522575903245135,0.0005168682105798537
2016-05-17,0.30272666508098917,0.26660974662660675,0.0011021014024015553,0.28084113976285185,0.0005930115559564841
2016-05-22,0.3378933196862438,0.3085638771948213,0.0029237566016637783,0.32625455731666636,0.0009087684911113284
2016-05-24,0.3026637454968839,0.2872444632285045,0.0014539198893266199,0.2922834119696836,0.0007410336511929592
2016-05-27,0.3937051460817578,0.2871207002042622,0.001193634397587704,0.3323342956942549,0.0007532122030413795
2016-05-29,0.267100767068021,0.388184420110049,0.0005795886483981998,0.35552675278085183,0.0004152248316860835
2016-06-03,0.2953959267631069,0.3115190947821891,0.0008707957654914451,0.307266903601928,0.000549036119676224
2016-06-05,0.1427205961721192,0.2745923558167912,0.0012945745594667654,0.21656598945760358,0.0006336678556535247
2016-06-08,0.32199539776989317,0.19573703601054399,0.0010960065843441053,0.24768540544261908,0.000718886155556864
2016-06-10,0.3590499345989603,0.24404812415373628,0.0016336854140690683,0.30156245538288295,0.0008241403843032034
2016-06-27,0.1690756403194025,0.20706047076694292,0.001985207125756634,0.18870801026951864,0.0008944938699855739
2016-06-29,0.2184556067484146,0.17704008500804191,0.0009588396302930507,0.19052532480790965,0.0006338009163799666
2016-07-02,0.19240495999648238,0.185351182683449,0.0010608612269347906,0.1865958575208392,0.0007095403943384325
2016-07-04,0.2206326296370975,0.20090169933609375,0.0008831485307232925,0.2088293932532877,0.0005898557634709408
2016-07-09,0.18071756834960642,0.188773774069637,0.00121511621807641,0.18250417471533467,0.0006174939014653506
2016-07-11,0.12301832912306691,0.18216701210124636,0.000818345899564102,0.16575750979774942,0.000520731302189253
2016-07-14,0.14400870973827787,0.19286921125457684,0.0014422709855393498,0.16906314265605846,0.0007145325860086201
2016-07-16,0.28414756438932093,0.15941727967722719,0.0007834073399189806,0.19986225459958112,0.0005312815504929007
2016-07-21,0.2597995386034676,0.16650372955154474,0.0012675617964871225,0.2100414715239702,0.0007425883264129379
2016-07-23,0.28329404441528994,0.2776690907271367,0.0023584538743233424,0.2789719162077348,0.0010344282334424772
2016-07-26,0.27250073773272654,0.20959729900075366,0.0014562606828235195,0.23550132894705048,0.0006810968626342211
2016-07-28,0.23812523300794933,0.20377152818315253,0.0010019075697235234,0.21485766466379627,0.0006001700588450729
2016-08-02,0.1697563826737607,0.17045294779437992,0.0010069641307636097,0.17129426023922484,0.0005465702334386735
2016-08-04,0.26930362016289977,0.18521823028084974,0.001037914725509993,0.21682045110828763,0.0006595519436270878
2016-08-07,0.28776745365887574,0.18256719078617809,0.0009979320089925558,0.22179476531343872,0.0006685628973920771
2016-08-09,0.21429531355973327,0.2045269914635025,0.0011770630986715838,0.20725463858601031,0.0006567305809620849
2016-08-14,0.20835577662077281,0.16560025637100106,0.0009318904364821483,0.1806508348307242,0.0005241122605452042
2016-08-16,0.14501156521976336,0.17012690581397952,0.0008281684529926343,0.16159361700318378,0.0006017888397128679
2016-08-19,0.3439547711704802,0.1712786036010376,0.0010469417792394091,0.23725110314497666,0.0005945840897262842
2016-08-21,0.16548980062692825,0.2631146288526033,0.0014046550335791237,0.216120646033713,0.0007033028606023269
2016-08-26,0.16856790493596485,0.16857182847162896,0.0007557727634076153,0.16631486798927816,0.00040045832417543446
2016-08-28,0.1313191944755459,0.16673900887832968,0.0008569119525178987,0.15282437818025385,0.0005237434923922732
2016-08-31,0.12435673407483884,0.15731427589079355,0.0008618657425808872,0.14674477054655907,0.0005417412847086388
2016-09-02,0.1855459819671345,0.14549754592426636,0.0006373858168315019,0.15650939010214834,0.00042895948676866105
2016-09-07,0.13136684178927907,0.15232864016730485,0.0008617433015947841,0.1464109687770346,0.00057559299195919
2016-09-09,0.26559539187991155,0.20839754237518085,0.002042869834679428,0.23819655878359997,0.0007843974584641615
2016-09-12,0.1519259193078286,0.19741019906161233,0.0016545140353489802,0.17535047129053724,0.0008448531708899429
2016-09-14,0.39250650482664934,0.3542641805839938,0.002603001952257693,0.3835495275525658,0.000989472645844813
2016-09-19,0.14038953073212776,0.2920940049835162,0.0012890632069217328,0.2254630699593462,0.0005926116363577304
2016-09-21,0.14659770510916736,0.20209191805941312,0.0011932635975358693,0.18190038631412228,0.0006483524157599228
2016-09-24,0.20087790999275326,0.16826564337866853,0.0011967079774744828,0.1844257379036189,0.000629405732062811
2016-09-25,0.14556752636993706,0.20052341482816413,0.0009561944125963361,0.18051343625447736,0.0005452524470484116
2016-09-26,0.14699559877531404,0.17511786266800095,0.0007754867686499272,0.16523662411215057,0.00042275456186415493
2016-09-27,0.1730592276022646,0.15929666436590853,0.0007321348536340129,0.16165890546698045,0.0005049428700736278
2016-09-30,0.28898154375339835,0.15287027824926,0.0006708826501046671,0.1909804145878382,0.0004352661434906184
2016-10-01,0.22245904764522456,0.21999421776873998,0.0007544219189054277,0.22010169413211444,0.0005949353600282085
2016-10-02,0.185060058858023,0.22189272142196834,0.0010650426122714117,0.2064706775159001,0.0006353973770596173
2016-10-03,0.1661394169372878,0.19720920717178841,0.0010122961430356705,0.1845479811785293,0.0006960429287657155
2016-10-06,0.18649672320878546,0.1930160487254495,0.0012143068740865992,0.18844158960440371,0.0007068087955668771
2016-10-07,0.20725007130614662,0.18099136172401922,0.0009297902953519025,0.18962504034408048,0.0006703293692883851
2016-10-08,0.23987000426213428,0.18490055834238098,0.0010249016800457126,0.209411216304759,0.000670397559670052
2016-10-09,0.15075334460851705,0.19899728464770075,0.0008325948684991027,0.18283172605645295,0.0006186711647040631
2016-10-13,0.3249514099582822,0.29116356635227736,0.0032410878204715186,0.3135234763201241,0.0011626735292651843
2016-10-14,0.3062451579104873,0.35233790895767186,0.0010951695641076278,0.33815012009101575,0.0006701704039313941
2016-10-15,0.30257552579446945,0.31085140571236647,0.0009937912840400868,0.30945091584815726,0.0006286350379041826
2016-10-18,0.16125879990245362,0.2609261485920611,0.0017239262297067853,0.21083827333233351,0.0008407946080129909
2016-10-19,0.2242890605203987,0.2020957773089335,0.0007113595251135655,0.20959443577057463,0.0005791569646212232
2016-10-20,0.16476415606798292,0.2014644529041443,0.0008020537656190541,0.187827336545101,0.0006705902411515647
2016-10-21,0.17310439873526703,0.1837723118167979,0.0008041420917150844,0.18128074681890563,0.0004698517528860562
2016-10-24,0.22328138831740535,0.2482560129188343,0.002603540812988914,0.2327342987544434,0.0009739896481000427
2016-10-25,0.30868803960281077,0.2364730947377794,0.0014804828472611393,0.2694572064101056,0.0008397424934258577
2016-10-26,0.28948542377464676,0.2607009809394474,0.0012168920861393947,0.2745156289664699,0.0007212352367540499
2016-10-27,0.3081852675831012,0.25824817957004514,0.0011483611545712894,0.2795369424879326,0.0007232332967661849
2016-10-30,0.2568362691754773,0.2425521783636319,0.0018168999236529467,0.25084721452595027,0.0009842788195111678
2016-10-31,0.25002609425054123,0.23981206930494814,0.0012777777564662942,0.24460855781333332,0.0008113349168335075
2016-11-01,0.29325342601501353,0.2322192141909051,0.0011032186023787914,0.2575221973510202,0.0005669299596669387
2016-11-02,0.2751056109424492,0.24828198780889466,0.0008917273620624817,0.25808951285085746,0.0005106515821269122
2016-11-05,0.3249828797343186,0.30913319571254266,0.00177749457306489,0.3187111325868327,0.0008360249143434472
2016-11-06,0.27661282471835463,0.33680298625829413,0.0009955727284644892,0.312401831355994,0.0006152147041444056
2016-11-07,0.2900018547185833,0.3353792117881298,0.0010256550634762246,0.315769242879189,0.0005718978962876758
2016-11-08,0.3935732591071794,0.31468490887077744,0.0008797974787740756,0.3443007040853017,0.0006216772710629924
2016-11-11,0.30551643585355687,0.36540988644762107,0.0007020626072464385,0.34659065813912515,0.0005475392150341593
2016-11-12,0.29988705079826955,0.3318270069269241,0.0008101997543203084,0.3209576459422124,0.0005097565090131943
2016-11-13,0.3549322388592031,0.35124158513578074,0.0008613061042891884,0.35247277511101216,0.0005928883141971717
2016-11-14,0.4065912367882848,0.3436814507442507,0.0007431876215624643,0.3610744370374214,0.00046347578414818267
2016-11-17,0.26422735498821315,0.31291650004327304,0.0011100621076394613,0.2920284593031148,0.0007108840897469793
2016-11-18,0.3318828260780412,0.31535347534225144,0.0012235615802099291,0.3210280319914217,0.0008130519099924103
2016-11-19,0.3558971358055678,0.33631739990304665,0.0010321157271493454,0.3446141390775228,0.0007296333383407718
2016-11-20,0.3755792070774079,0.34550549190721613,0.0008808144529204116,0.35687161612727436,0.00047936180721255714
2016-11-23,0.37717317314109255,0.3892892053862985,0.0008081759459175838,0.38394982779611736,0.0005571271958868819
2016-11-24,0.33974212340435356,0.35999642096562917,0.0004954842687453372,0.35596084480122875,0.0004156284296204643
2016-11-25,0.29157013042345675,0.34928455591013813,0.0006048582327896584,0.3341335393337549,0.0003747161396393708
2016-11-26,0.37574535833118905,0.3296773024368233,0.000694500573874484,0.34368053604896986,0.0004470239444237085
2016-11-29,0.3100803708321972,0.31461500190667135,0.0010816226870127084,0.3131760262235754,0.0006501137815025802
2016-11-30,0.3063572980373879,0.3037933121960839,0.0008794017081838449,0.30733910935128333,0.0005433268823750837
2016-12-01,0.3493814331706784,0.30260599325306603,0.0008175987096588391,0.3212893380935277,0.0005700113548997855
2016-12-05,0.28020562638506935,0.2938187818162741,0.001882692173509387,0.28593774643870923,0.0010432752485383535
2016-12-06,0.3331188703362886,0.28132621237428745,0.0014127636462535143,0.30206671639086763,0.000615087702152492
2016-12-07,0.29343160104304433,0.2975259345286709,0.0007689006202231207,0.2958849326137597,0.0004574254226110984
2016-12-08,0.33647267185122426,0.2933032586142381,0.0006694052713126761,0.30454138937483727,0.00047886209605429737
2016-12-11,0.24459657116062478,0.29446372830041434,0.0013094746628045687,0.2721750400656463,0.0007986831285839788
2016-12-12,0.33675905950027946,0.2697814939056076,0.0010688614928745896,0.2962932375080071,0.0006773034835763435
2016-12-13,0.25362582746314144,0.2893025484329828,0.0006705942491858624,0.27908457136140574,0.0005006124878905304
2016-12-14,0.3250445634459391,0.27560571303164566,0.0008116025990978043,0.2915776281714354,0.0004951940984071073
2016-12-17,0.2805906715933497,0.2815640360994276,0.001385283647094476,0.283045033539568,0.0007456305934026962
2016-12-18,0.3248081992229363,0.2789219671404279,0.0009512555787305737,0.2955276845150628,0.0005496485111721428
2016-12-19,0.3038074139059928,0.3005828819986968,0.000668399559309861,0.30151306773545467,0.0005039549582637527
2016-12-20,0.3135471396134188,0.3008735611910465,0.0008943569366027987,0.30506770545769,0.0005644699193851402
2016-12-23,0.37023905857344697,0.34392311784757135,0.0009881258786698845,0.3549663558171037,0.0005881014354660822
2016-12-24,0.36692177557511313,0.347394937883821,0.0007796966202767979,0.35362415186205903,0.0005309459956893627
2016-12-25,0.3320662987823429,0.3444109155090772,0.0008345777902333907,0.3397868373552303,0.0005609674967752438
2016-12-26,0.29133834535771685,0.3346435167986676,0.0007278544946073397,0.32275983694351196,0.0004231160132364522
2016-12-29,0.3295708526286611,0.300594424897987,0.0009777794139601938,0.3088120548929079,0.0006583258903433908
2016-12-30,0.3015946218744282,0.30649035701604666,0.0008946666586677271,0.30357262435650456,0.0005206929757181541
2016-12-31,0.34818684154547797,0.30006667645290197,0.0007846676936629752,0.31463359911461347,0.0005694287169008798
2017-01-10,0.3116729682263458,0.3454182587475867,0.0020107153320775813,0.3264407025935501,0.0007855369538094018
2017-01-11,0.3686193686140844,0.3261237761005357,0.0009828804399417113,0.3425300952154648,0.0006128112066488612
2017-01-12,0.35113385716400725,0.3579067900863122,0.0007845687101865851,0.35679147902453456,0.000580675571328458
2017-01-13,0.33243957147808306,0.3550974204955686,0.0006457120914240592,0.3479300710298155,0.0004441938903539418
2017-01-28,0.2949314660000997,0.31946340756479963,0.002091621331018167,0.30938639438516036,0.0007865547457268654
2017-01-29,0.3061720244159743,0.3019200478046479,0.0013285262039844472,0.303016000174926,0.0008904414848410197
2017-01-30,0.2958734133861079,0.3119848784182574,0.0012063263774434137,0.3071518923559911,0.000799354366442315
2017-01-31,0.2964805743093123,0.30492077850977145,0.0009534946880676488,0.30185289615526995,0.0005836986455856864
2017-02-03,0.35036758703388027,0.349023538943819,0.0010840051971940446,0.35190826596741703,0.0006617745116030486
2017-02-04,0.38435585422082974,0.38527327920850996,0.0011520617826895195,0.3863012141508353,0.0006247699095472759
2017-02-05,0.3834440183624838,0.40666628636066027,0.0005664968317021219,0.4007101406423805,0.0004347803444363562
2017-02-06,0.3631502921839242,0.37738756688937214,0.0004437350422125767,0.37418600042714695,0.00034136546386441774
2017-02-09,0.35567147080875566,0.3531285478582886,0.0007318000110468325,0.3518437889392922,0.0005418057171126454
2017-02-10,0.3408003416133567,0.34218292654584287,0.000884574430627628,0.3381577127956735,0.0004885367784060422
2017-02-11,0.34428831861230247,0.3308927842439752,0.0007225550076748978,0.3357002702787272,0.0004596834708598147
2017-02-12,0.37213706976483235,0.336983755558963,0.000888294403047777,0.34949171949359065,0.00056977930109627
2017-02-15,0.30103241404611225,0.35271019856222885,0.000656975101124485,0.34019722785691897,0.0005705756524845946
2017-02-16,0.2995824987213368,0.32987138649251796,0.0006700658593902409,0.32191519065769825,0.0004189253624397992
2017-02-17,0.30580205249263503,0.31539874803065066,0.0008012895907586445,0.31057676394338835,0.0005147153732383691
2017-02-18,0.3348706412639867,0.30764067669723,0.0007481006247121348,0.3169619555821109,0.0004666031166542419
2017-02-21,0.3001554424843639,0.30264045747012674,0.0014245493737789169,0.3019107915566618,0.0008311203520685448
2017-02-22,0.3215761539534387,0.2971829106255961,0.001134240123842909,0.30924130879354367,0.0005398945912164113
2017-02-23,0.29902824123184807,0.30037647108691845,0.0011012281749206109,0.30279949887754354,0.0006084063470579613
2017-02-24,0.30781110525177213,0.30138788837653036,0.0009248620354366904,0.3011441908066674,0.0005290974910545342
2017-02-27,0.30665827073090735,0.30780110663581134,0.0015357118311174064,0.3071874262378796,0.0007324723964586357
2017-02-28,0.3300084932782531,0.3721188380684166,0.0008969132963579882,0.35614256902133506,0.000571917649987925
2017-03-01,0.3730057564832005,0.35166116076896226,0.0006708045923062013,0.35995505337608225,0.000468021907430598
2017-03-02,0.3549428524014374,0.3456016062802699,0.0005925432616733176,0.34743065152581365,0.00046151683326366583
2017-03-05,0.37557897173004795,0.38668599192436276,0.0005543243057155386,0.38310064809417244,0.00043950473865067764
2017-03-06,0.34572954592667215,0.37645773993937426,0.0004992267655859521,0.3685125361773524,0.0003608757619220773
2017-03-07,0.416928487547174,0.39389561715657284,0.0006504250638097419,0.40016940328706196,0.00043356170390417643
2017-03-08,0.3864865259311044,0.3797361362864124,0.00031298048942896955,0.38042761806250236,0.0002444410752023723
2017-03-11,0.34459552712172686,0.33221625202192095,0.000983287892385631,0.3363894657358537,0.0006319806879491321
2017-03-12,0.3412796589298301,0.38296868798985684,0.0006198000738738771,0.37251596843561424,0.00044544019106521255
2017-03-13,0.313582196094053,0.36042903627719247,0.0005732830842146196,0.34707979491923147,0.0004046759559936097
2017-03-14,0.3388767893892708,0.3367697209726511,0.0007004218351917332,0.33672731677289375,0.0005219065163846894
2017-03-17,0.2882533421074923,0.3037813689916105,0.00121994219411683,0.29765046887114116,0.0007594298554091193
2017-03-18,0.31634676796140876,0.29499681020721025,0.001143966602760055,0.303239021034093,0.000623521137332105
2017-03-19,0.27594784877351775,0.2978218732719343,0.0009135447375687939,0.28988546161269096,0.0006855714106534029
2017-03-20,0.3118209089939768,0.28748440229877814,0.0009277730478076494,0.2966850434130445,0.0005459534985713337
2017-03-23,0.32627259820229965,0.3904751320679552,0.0008825807899770988,0.36835690094932005,0.0005285505675830279
2017-03-24,0.329246180050922,0.3657476389199663,0.0006334427921392414,0.3570349723543827,0.00043122447970819273
2017-03-25,0.3388296551903225,0.3814350711890389,0.0007606520833581166,0.36609164849730297,0.00048040201511798293
2017-03-26,0.35405318092399946,0.3441967356558164,0.0006005122600710247,0.3454003329231444,0.00047544078110602355
2017-03-29,0.28443022966241543,0.3127626240730869,0.001417127895232204,0.30034082947307916,0.0009081740063501284
2017-03-30,0.2696579831325419,0.2863043146898272,0.0013006121886761416,0.2771202064572062,0.000794856231730611
2017-03-31,0.38201178148217374,0.3537048313440685,0.0014581845676808567,0.36694283936868366,0.0006919767567562107
2017-04-01,0.3283522084420187,0.36958042028501986,0.0006575481550564711,0.3590416449302903,0.00047017308484629
2017-04-04,0.3313032328555893,0.328809789094761,0.0007031825926888574,0.33056826133615347,0.00042470839246356874
2017-04-05,0.26368891663937233,0.33979025934287116,0.0008357658341517906,0.31249249240754745,0.0005216357893866088
2017-04-06,0.30746454945037777,0.30143394091298303,0.0008416517975812598,0.3048884857557885,0.0006003745831696318
2017-04-07,0.26143514291328696,0.2895529765461868,0.0009007757716940623,0.2772119559233622,0.0005605757590640993
2017-04-10,0.2736027651214013,0.24193205118810876,0.001637285930838381,0.2583228430584262,0.0009925191494727895
2017-04-11,0.25483526334577644,0.2561580200789754,0.0014505923961074501,0.25315325486535856,0.0007138979075040947
2017-04-12,0.26798324191645906,0.24393450356398244,0.0009043584318429291,0.25338801576969966,0.0005350675272132141
2017-04-13,0.278261774610639,0.24406464734924163,0.0007702262641275916,0.25463016682567796,0.0006237952219940083
2017-04-16,0.24518011412101925,0.24274544022914651,0.0011667101411949783,0.24280445967551356,0.0006803891086138439
2017-04-17,0.2420100796923863,0.23421723138977094,0.0009953747911509517,0.23727744512113436,0.0007530831193402602
2017-04-18,0.24202147680160946,0.23159423607684815,0.0010182899787325574,0.23464747865479973,0.0005865819525512436
2017-04-19,0.2826187939991193,0.2317760865514677,0.0010058523987087188,0.25338778705680054,0.0006863005427308199
2017-04-22,0.26990804426208836,0.2250502292900856,0.001281345617884656,0.24549215750108216,0.0007669280962158514
2017-04-23,0.2410630724756554,0.2308308761098892,0.0007340987996665145,0.23371014369507975,0.00042324392883659635
2017-04-24,0.24049906204951674,0.2245997968682405,0.0008061579684499428,0.229923202922123,0.0004946464642741315
2017-04-25,0.2792123544682813,0.3150153482232487,0.0019382804641228568,0.2982538985222318,0.0009276178679214896
2017-04-28,0.29612007511019467,0.2695336592562583,0.0012784922646103477,0.28248340849850095,0.0006823626342936376
2017-04-29,0.26352586973209136,0.26424538143972165,0.001064474439992477,0.2648554672786142,0.0005880734254118381
2017-04-30,0.34414192889477346,0.29649229197472093,0.0012795973055861865,0.31671601731269505,0.0009353643417789202
2017-05-01,0.25156441809532987,0.31895828147534105,0.0010474038995167796,0.29033404954951014,0.0006817935954927547
2017-05-04,0.2699916592651682,0.3084023691912383,0.001214763157534893,0.29144407379566656,0.0006790718455322285
2017-05-05,0.38124725375652324,0.3182054564243726,0.0008540509011725713,0.339879454158629,0.0006153353460342103
2017-05-06,0.34043548146471525,0.36097103580149886,0.0009227622470206053,0.35265328391120204,0.0006313175820832073
2017-05-07,0.21830468114357368,0.32718704822979466,0.0007621356265162364,0.2932741514681021,0.0004895836342627858
2017-05-10,0.34681124349346026,0.25706526125242357,0.0015454727009118114,0.29837875235749395,0.0007418450038384391
2017-05-11,0.3138972224978637,0.3273497334751101,0.0014223617638781318,0.32294280135627373,0.0007290589887035199
2017-05-12,0.21960900363588945,0.3017716706504199,0.0009499136891172431,0.27182466729273325,0.0006379251934364977
2017-05-13,0.3323593097810017,0.275603581072426,0.0010080847117874912,0.29850939798207804,0.0005852359882124262
2017-05-16,0.24366235579261225,0.23402865555662833,0.0016314610448783296,0.2361180898713784,0.0009822584982216854
2017-05-17,0.4018125015627472,0.2733762999620879,0.0018122282888801797,0.34384263490590483,0.0009112921540080269
2017-05-18,0.3678285848081018,0.40013577830136887,0.0005451140295309257,0.3913476867892159,0.00034752675513071357
2017-05-19,0.31920848699394316,0.36511107109909546,0.0004714718695040788,0.35309304470515057,0.00039387632295630193
2017-05-22,0.2650753483498504,0.303548987510472,0.0013673204141852317,0.2859213019121875,0.0007945052811517986
2017-05-23,0.3384286669470028,0.27015854940926054,0.0010062834931122964,0.2955221956659502,0.0004989538425032587
2017-05-24,0.29163470798119084,0.2740130382569301,0.0008492117722516486,0.27776326223211034,0.0004343563152357553
2017-05-25,0.23560651388737816,0.2520247632791875,0.000885963209870802,0.24504919589019017,0.0006375190865180928
2017-05-28,0.2304881784818909,0.20412452012113907,0.0012702652296874312,0.2151614774038902,0.0006079352349106431
2017-05-29,0.39427556141485204,0.20772504500691416,0.0008400269190859332,0.27111273841994477,0.0006509220938649457
2017-05-30,0.368865627669154,0.3427562816534302,0.0018471671523710995,0.35942269543517646,0.0008169617324806362
2017-05-31,0.23815825448597022,0.3527410614623965,0.0010829960619864998,0.3048094599943112,0.0006227223348478233
2017-06-03,0.29101424026918726,0.36339223644271124,0.0014824448895877917,0.32886147478582517,0.0008092376114904872
2017-06-04,0.283252440174836,0.32768742369713705,0.0012539584966818733,0.31094897878202093,0.0006259973959655614
2017-06-05,0.2402194459561725,0.2920102580379647,0.001133501836418238,0.27269969980741454,0.0006687737668813384
2017-06-06,0.2275007342368552,0.27179368370671336,0.001012768189709439,0.2546820176865113,0.0005546107906846524
2017-06-09,0.21787924878125836,0.25195489703205887,0.002081625775258442,0.23357602807252056,0.0009615658865787376
2017-06-10,0.22659986998593762,0.21390377688214599,0.0010755274114152909,0.2169214449564637,0.0007078021091633227
2017-06-11,0.24751525237765692,0.1986305147568296,0.0009596139832894131,0.21831366876358388,0.0005251574636802819
2017-06-12,0.27522657969848435,0.20456515532832076,0.000665202597662315,0.22403878573795463,0.0005730783683352728
2017-06-15,0.10100265876402748,0.18540784525497128,0.001037063745721404,0.15443358137263016,0.0005310374372969385
2017-06-16,0.1830158686965872,0.15448619039041564,0.0006154460296003142,0.16181045196036895,0.00045167110803255323
2017-06-17,0.327387809206804,0.15958991748980458,0.0006654001867746018,0.2097148089087652,0.0004762900563589433
2017-06-18,0.08989264309640838,0.18976236953696823,0.0005913795959138448,0.16358423224543484,0.000421112954256836
2017-06-21,0.2002594206301832,0.15786500726344127,0.0006063841240163475,0.1690625002485287,0.0003967903976406826
2017-06-22,0.25089856145253975,0.16042669351930075,0.0006922509193238761,0.1857045300856486,0.00047752617074864497
2017-06-23,0.14935204259908888,0.18486163826829427,0.0007051510515328733,0.17227618705878836,0.0005237033692741667
2017-06-24,0.1866002258192065,0.17132043525771387,0.0006698869203514973,0.1751395355356107,0.00047612445938741024
2017-06-27,0.3402528678230078,0.2900990768982241,0.0025797050177293903,0.32049918213847184,0.0008803589188283886
2017-06-28,0.24823973779834335,0.35189902232794634,0.0012235973530329053,0.30972205994482904,0.0006300376983334934
2017-06-29,0.2829123772309147,0.3233120427346099,0.0010877691514192458,0.3067443060009252,0.0007094484337126176
2017-06-30,0.38456575355841405,0.3479766808626389,0.0009603747968724933,0.3622200636588932,0.0006023919519379771
2017-07-03,0.20425025260621832,0.30462342846327095,0.0011223347422707284,0.26397881830702863,0.000727942924143844
2017-07-04,0.15708021219792712,0.23362091138429786,0.001083711109795283,0.2056306251651686,0.0008159209797376614
2017-07-05,0.15989971155435503,0.19146026222537343,0.000911978053535687,0.17893959690148642,0.0005793064182526514
2017-07-06,0.17099586734846373,0.16731054544578164,0.0008074979922790115,0.16885278213300636,0.000426040760027134
2017-07-09,0.29668167349982766,0.21976596832044432,0.0018079990202240263,0.2567877495462861,0.0007561127125607694
2017-07-10,0.29043743483973733,0.31712810097734834,0.0019018479130547788,0.30207396663046565,0.000790446115604207
2017-07-11,0.2470260781615737,0.2870391464412625,0.0011137904750706331,0.27094326963100945,0.0007132208676343115
2017-07-12,0.2760150867311296,0.24828722076308035,0.0011023580623455214,0.26144427172458123,0.0006275319730655467
2017-07-15,0.16547655394318145,0.2049906623957699,0.0010651177375445027,0.19044933029310218,0.000617033797992635
2017-07-16,0.16784592758784145,0.17858625654027027,0.0006965242357611541,0.1755485641683601,0.0005538230655028329
2017-07-17,0.14143026558278615,0.16070141632528898,0.0007777517452887948,0.15432946361720495,0.0005665092844141616
2017-07-18,0.23946989209781863,0.14962210148787872,0.0005033896156986004,0.16983451799243354,0.00046009775511416946
2017-07-21,0.23428532452749046,0.2504068340168222,0.002684204057557495,0.24490422755070618,0.0009299225165952186
2017-07-22,0.17927329283597276,0.22650679018234401,0.001089145596201808,0.20575552166533786,0.0006476020176863189
2017-07-23,0.22563501944738856,0.19685675382493342,0.0008304789683050087,0.2081201485511023,0.000588233405070648
2017-07-24,0.21403654708705225,0.22334684859049905,0.0010257829246646253,0.22158355124211418,0.0006471161099555637
2017-07-27,0.16368802199241306,0.19862191036563218,0.001322193399738759,0.18594318837463622,0.0008602395262953364
2017-07-28,0.2002340278225841,0.1836218841230952,0.0009820393985055156,0.19110734365008653,0.0006617639825155221
2017-07-29,0.2184699111603557,0.17837390560194596,0.0007213506010251864,0.19082342706752045,0.0005065347655938796
2017-07-30,0.1525781593713151,0.18292994500551465,0.0006858197849957307,0.17390791690112242,0.00044810749174131054
2017-08-02,0.11159906490227653,0.16673765785204622,0.0007990005020060831,0.1479917342010069,0.0005191986594898478
2017-08-03,0.21363345901017736,0.14614311279389183,0.0005190108587264155,0.16293188688395166,0.0003344116553700774
2017-08-04,0.11279695873186116,0.15864275599783995,0.0006992184044243441,0.14453469793383994,0.0004400811671114705
2017-08-05,0.11285098203350286,0.15205371030686915,0.0005359979547397341,0.1434724334878558,0.0004413251267631175
2017-08-08,0.19517608547563742,0.337783084304746,0.0027963815248339824,0.24861296813125772,0.0008792910759935353
2017-08-09,0.14961631040680773,0.2620274221920841,0.001145461283043727,0.21500096780222175,0.0006829669090783349
2017-08-10,0.16513519684677913,0.23767202344880137,0.0012327641190379988,0.2084515248776119,0.0006475157155112124
2017-08-11,0.11541713961726416,0.19965824866255422,0.000869069879509763,0.16975120760911871,0.0005368842472328913
2017-08-14,0.17547574603125138,0.1501252326491481,0.0006346922035653221,0.1560638432775766,0.00043270466560478544
2017-08-15,0.23598242944467976,0.15709019988657627,0.0007330271533990956,0.17943129081313297,0.00047675419195691973
2017-08-16,0.13073011331583784,0.17930325220904217,0.0008467913440112748,0.1630990098544817,0.0005822475737789895
2017-08-17,0.12026303368882502,0.15711017170842184,0.0006067477945515867,0.14679846498395185,0.0004266781019101667
2017-08-20,0.1466317611207178,0.1503024610409655,0.0007500753062134033,0.1493788122873345,0.0004327347032201395
2017-08-21,0.1235936720794671,0.14505450169239226,0.0006989993467895255,0.14023468678620468,0.0004233890798420658
2017-08-22,0.12117177267388789,0.14017526676412378,0.0005558276587211801,0.13481480939750068,0.0003393635708972137
2017-08-23,0.12157470644284489,0.14183574484914302,0.0005793852394425809,0.1372046170331881,0.00042220215780835215
2017-08-26,0.278175279914018,0.14110677635589086,0.0005350247942560337,0.17602662584555723,0.00038542638841780125
2017-08-27,0.2622991839797397,0.17591693274392992,0.0005965133797882859,0.1989140708539703,0.00048297816435470374
2017-08-28,0.14100133507071816,0.1980909604029967,0.0007259677027018702,0.18079320272244437,0.0004951242522614755
2017-08-29,0.1260220104091113,0.17097094144284303,0.0006996121632899782,0.15901065893765642,0.00047148350339267387
2017-09-01,0.2691984985880362,0.25846229561181966,0.0027639209028475892,0.26499207166553945,0.0012353458496403716
2017-09-02,0.18738294294573155,0.2474206485973941,0.0015664985699326158,0.21984368879119567,0.0007310010209804649
2017-09-03,0.17743789194661164,0.20921131530638093,0.0010414243437275338,0.19676169185017883,0.0005315221201737028
2017-09-04,0.24082441195262952,0.21030095571677263,0.0010245311054801751,0.22296564769368765,0.0006109750991291048
2017-09-07,0.18916433367580465,0.19228169770625542,0.0010195583864493051,0.19383505227256406,0.0008057864652726307
2017-09-08,0.3228227553362073,0.18832275326089382,0.0009229568846726978,0.23853269465026603,0.0005400866494029905
2017-09-09,0.17441850736857495,0.3524783672989248,0.0016599242009221306,0.2572974083297316,0.0006569479473254179
2017-09-10,0.21087303560098986,0.24556483090448464,0.0011354324907047859,0.22847728494834516,0.0006575646049676191
2017-09-13,0.2137580544200824,0.2026243437916286,0.0013346603377622378,0.20774092811001538,0.0006734969867188211
2017-09-14,0.31473602463147443,0.21925686989510562,0.0013045337319001703,0.26106810324554564,0.0008061713622666793
2017-09-15,0.2725677521527209,0.2683999920059618,0.0013834834897242302,0.2706891753550407,0.0007164549476379073
2017-09-16,0.2531415481395618,0.2663682798650132,0.0011846686505105571,0.25889041261376183,0.0008936859460104144
2017-09-19,0.2648730825525523,0.3063880937983426,0.0016764688418985938,0.28577558038468986,0.0009308450144001013
2017-09-20,0.24968860650192864,0.26367322638321383,0.0012183703268389796,0.2538171201692801,0.0006313765665894982
2017-09-21,0.2494939541094799,0.23344653238562407,0.0008202753330706487,0.24054079510382148,0.0005297374677948799
2017-09-22,0.19035434621603492,0.23145922690281903,0.0008024604062933971,0.2171664246566021,0.0004945317396891769
2017-09-25,0.2895474365005732,0.22198623664479894,0.0015577997977367453,0.255365717313811,0.0007984158892249767
2017-09-26,0.32272160051232923,0.25082812539269883,0.0011741124216276216,0.27867336552678845,0.0007576950507445151
2017-09-27,0.3526524393399928,0.25586002661539725,0.0010523982785270551,0.29190836070272097,0.0005472016541839119
2017-09-28,0.18029314858890366,0.27303582230109386,0.00082100800394033,0.24026246315060323,0.0006122529865243848
2017-10-01,0.34130765134704893,0.2833060355743904,0.0024132000007325454,0.31934568915738804,0.0009681263270350564
2017-10-02,0.41448654053978473,0.3202519808915643,0.0009318042266028249,0.3532499987357556,0.000614187966883202
2017-10-03,0.33271685493198055,0.34139029524628567,0.0007930594227588598,0.3369284294608306,0.0005313179973184172
2017-10-04,0.30286640447472635,0.3145578328759305,0.0007299075176391702,0.3100559368692392,0.0005850300510136519
2017-10-07,0.20218034310449035,0.2836944991846247,0.0014341614126943147,0.24632555301286266,0.0007878157480332127
2017-10-08,0.26416823267653006,0.2382085310576868,0.0007388747279041109,0.24647054509519845,0.0006551624616281738
2017-10-09,0.1980583536204433,0.2389871164041828,0.0009531859770677906,0.22596741502119944,0.0005773700055054315
2017-10-10,0.19964826678174777,0.21920596397169378,0.0009384564874898004,0.21289736479430374,0.0006810526214143303
2017-10-13,0.25636885874097964,0.1970803761191332,0.0013217834601266863,0.22060537591303336,0.0006594243318518581
2017-10-14,0.3375138869204224,0.20900831308209003,0.0011341766210456496,0.25970384334289537,0.000731573496613872
2017-10-15,0.25084010458933903,0.24730542268814176,0.0011007413386386854,0.25095759520263355,0.0006670950013582882
2017-10-16,0.2255272322483775,0.24383313270249474,0.0009032808726510115,0.23650835216342145,0.0006643382633900639
2017-10-19,0.3390213985593928,0.30657782645784537,0.0017512531043422808,0.3245870382048915,0.0008720745339983122
2017-10-20,0.3513239543435626,0.31069577003521665,0.0010099742551622746,0.3249933246156554,0.0006769954544536491
2017-10-22,0.3216123261691176,0.30452226298455015,0.0011054924862007652,0.3107654135593224,0.0006508574342218136
2017-10-25,0.2785409215787308,0.277523567251022,0.0014836786834539456,0.2802157958466733,0.0008684753332610485
2017-10-26,0.274556060570568,0.2673228519732277,0.0013240705732722226,0.26812093721678343,0.0007997644105550558
2017-10-27,0.17434374501396416,0.2608202944251876,0.0009277075628175911,0.23076709580588836,0.000521393766485776
2017-10-28,0.29835339773952096,0.22598589859147566,0.0010401832091038031,0.25338494048623883,0.00064740607096569
2017-10-31,0.20878983148908709,0.23712395813215942,0.001392707527935225,0.22397527425378924,0.000614126688509157
2017-11-01,0.32615709563941303,0.22257053915838854,0.0009676964473452702,0.2591198244957239,0.0006874630867062994
2017-11-02,0.23502823299569064,0.25556963475694483,0.000823835580431179,0.24865393006377995,0.0005191807082987948
2017-11-03,0.2843927616699,0.24365771086405796,0.0009861347872848847,0.25897915514607334,0.0005932440720969743
2017-11-06,0.19251971751546543,0.3344294334819143,0.0011414636976940506,0.27754397310028,0.0006948438583182463
2017-11-07,0.2720405664507973,0.267737093950156,0.000945834669724379,0.26840763623980235,0.0005489212567339157
2017-11-08,0.3105778607982701,0.29890594153923444,0.001150692745714446,0.3035382692558186,0.000742471543456963
2017-11-09,0.28656406292329306,0.32437411723083565,0.0008180401545999053,0.310987011309129,0.0005689097106797265
2017-11-12,0.3473455347770892,0.31992312851727905,0.0015094730975334083,0.33260090251711283,0.0006848164289455544
2017-11-13,0.23569684107349168,0.322770642702928,0.0007871937510320506,0.2939225806225927,0.0004912672289253504
2017-11-14,0.2721390900292655,0.2826154642268118,0.0007506728232304728,0.2780834085771227,0.0006139349033657142
2017-11-19,0.35537128496937354,0.2572020948917739,0.0017525022085864042,0.3068834677011287,0.0009501405523982835
2017-11-20,0.29294255513001644,0.294368163675961,0.00121667323978299,0.29213186644943,0.0006672292510662847
2017-11-21,0.25668323242758284,0.28639413169099276,0.0008149163856368293,0.2748493417454434,0.0004927469597312631
2017-11-24,0.3602360996387962,0.2852102514273315,0.0014984874963222966,0.32309289073224556,0.0010344762743003156
2017-11-25,0.2795237059693609,0.3636612214393147,0.0012577194926957844,0.3268142541356292,0.0007427959681014742
2017-11-26,0.33759515194930634,0.3191146225956511,0.0010671925952619283,0.3270816133760343,0.0006317867478654204
2017-11-30,0.3416530812007391,0.3318703878505586,0.0010322360487110484,0.33372729986388294,0.0005408311811038779
2017-12-07,0.36640875223470726,0.3179620272757524,0.0019177191616138276,0.34208958588148675,0.0007384483302418694
2017-12-08,0.41463061494750153,0.3542655873896172,0.0008016482524730468,0.3740881407423761,0.00048559871146285495
2017-12-09,0.3403037127252789,0.38060952691179806,0.0006022842310915636,0.3689848001488879,0.00048202909315788844
2017-12-12,0.3691580328913141,0.38064390812593546,0.0007282801069466322,0.37659844601811093,0.0004576371180868868
2017-12-13,0.40709311653529756,0.37197175961632917,0.0006087498989595589,0.38008116027493805,0.00047117280418251367
2017-12-14,0.3996129716802945,0.37529977820122007,0.0005778769327700912,0.38206989444411027,0.00048826726538084097
2017-12-15,0.4173733696239641,0.40239399358249933,0.0006999257836297465,0.40827397924129644,0.0004469979834619373
2017-12-21,0.38974038954496015,0.3487648743432403,0.0008373367570978259,0.3630745387337815,0.000517471335512575
2017-12-24,0.354766370751055,0.3477224752233868,0.0008781028372294536,0.3536634879134972,0.0005930046513206259
2017-12-25,0.3219097652508779,0.3482273180111146,0.0006705045212109049,0.34233124567043566,0.00048719583615403506
2017-12-26,0.34306084600391024,0.3673455602447266,0.0008103022384484503,0.35835232069957684,0.0005446973074218848
2017-12-27,0.41460070758703915,0.4016830493675398,0.0006801888668516988,0.406666795754645,0.0004329193772554721
2017-12-30,0.36743888452503526,0.37300505761143204,0.0004905802453209547,0.368421966544766,0.0003637790158322569
2017-12-31,0.35752911441579593,0.3660371760841945,0.0005672058378618237,0.36397206833893825,0.00048448144707965193
2018-01-01,0.3697248147365313,0.39396987328272304,0.0008707536185131118,0.38563778609928756,0.0005393573879640134
2018-01-02,0.4148007283829338,0.3961595251752887,0.0005501066347783741,0.40012447794582057,0.000441236195250905
2018-01-05,0.4083436615152594,0.37992670553499736,0.000746601174358414,0.38773748488021553,0.000542028903744852
2018-01-06,0.37869501136209754,0.4190691099457821,0.0005516879279878185,0.4089655174494456,0.0004943213857705012
2018-01-07,0.32654033761684714,0.42008966833206285,0.0005330061438066732,0.39674706479572786,0.0003566653950069505
2018-01-08,0.3383754695116869,0.39305651279126175,0.0005564736298906936,0.3790485570802865,0.0004713612708750167
2018-01-11,0.3732943209658548,0.37517917158346525,0.00046772093033069874,0.37585413469508583,0.0003970843657036778
2018-01-12,0.3432451896333752,0.36558548934234686,0.0005378458674735945,0.35939845731351894,0.00041806454731576926
2018-01-13,0.34469729962981066,0.3563608956903612,0.00042587346264356393,0.3548302613612706,0.0003474010015169827
2018-01-14,0.3770888852783372,0.3732566529419845,0.0005790977275053733,0.3745601999189325,0.00040568327613080165
2018-01-17,0.40381504757224407,0.3739811942443136,0.0005662354644663586,0.381439518367781,0.00042528938043788446
2018-01-18,0.3871815081186654,0.36940445061619437,0.0005873223417659006,0.3729789900961902,0.00047861381672823975
2018-01-19,0.35398939242811445,0.38350982584187626,0.0007296856962487171,0.3728551888467506,0.0004904009029252697
2018-01-20,0.41455098612918717,0.4020210671226445,0.0007175929973770047,0.4063011286474969,0.0005166640424995053
2018-01-23,0.3877330337341552,0.3684761465558533,0.0005608108044341625,0.37380816201543704,0.00038532242392438855
2018-01-24,0.36752703375922274,0.36272410990013165,0.0005173030762998149,0.3628737975672852,0.0003803200770180471
2018-01-25,0.37043989198523125,0.3793884740844321,0.0005090686748453824,0.3767961137633705,0.00041593145629219617
2018-01-26,0.3588042067299954,0.37923691279152477,0.0003643879075840356,0.37504837641951716,0.00029045621321010286
2018-01-29,0.34221314624960664,0.35430765716635926,0.0008007602986777166,0.3506763317098778,0.0005841867293833189
2018-01-30,0.3730589948321637,0.3457201737975361,0.0008058183895361511,0.3553590540080693,0.0005549410556006739
2018-01-31,0.35860032814214177,0.35148573421189794,0.0005583309728514292,0.3540495289969571,0.0004929122686368426
2018-02-01,0.3866157957440929,0.3920943215427972,0.0007460961792863131,0.3933944842923869,0.0004574233836643744
2018-02-04,0.3862175600442129,0.36950305332349215,0.0005729774320899091,0.37334011258959293,0.0004421422331483942
2018-02-10,0.36852194469201904,0.3519922008270288,0.0007068660879708091,0.35722574682433367,0.000471653450769576
2018-02-16,0.3735201439571063,0.38021754052333745,0.0005113994787786957,0.37821315074583545,0.00039449521010293735
2018-02-17,0.33550914354623423,0.38101424767948394,0.0007442606043838991,0.36478356134321194,0.0005110228781928958
2018-02-18,0.38774607340425105,0.3744497948903546,0.000564678647423042,0.37835620295530553,0.000435848694353455
2018-02-19,0.34953239456183927,0.3689052783809103,0.00045580271470286026,0.3629234210660476,0.0003189540985256805
2018-02-28,0.38801761827521175,0.37746794911290366,0.0008320703247986458,0.38113386265338856,0.0005028659246076129
2018-03-01,0.3577607785039765,0.37449527551223855,0.0005307540336961517,0.3712413487203361,0.0004049597491184028
2018-03-02,0.37645446391080034,0.39338369683251817,0.0006318723613230775,0.39146493799460375,0.00045843640835095987
2018-03-03,0.41174280454853424,0.37981891272521606,0.0005464226134536006,0.38480870880313417,0.0004022742254530893
2018-03-06,0.3423248041531988,0.3648441465502008,0.0005551921319417592,0.35889206087322983,0.0003844448346658904
2018-03-07,0.36915783548476594,0.3595352425486729,0.0006463606811784196,0.36145572785872787,0.0004209501170612756
2018-03-08,0.3667683053453019,0.350234497153523,0.0006137566255714474,0.3552895189526246,0.00048012331327538854
2018-03-09,0.42144094337029725,0.3545265462914726,0.0004650673568449617,0.36998401469699055,0.00038727042357339483
2018-03-12,0.32509823708747915,0.3750833912425733,0.0005356528258558909,0.36438776927877975,0.0004789767004545146
2018-03-13,0.3580402119125699,0.35342776832559314,0.0006369550353924925,0.3548186136883109,0.00046275271175820785
2018-03-14,0.3813618741067157,0.3566086994979459,0.0005330131229785477,0.3616270170517593,0.0003867253582582467
2018-03-15,0.40600444192023677,0.3592223765140536,0.0005506540111065922,0.36898829320633825,0.00041394221508764544
2018-03-18,0.34578028698518676,0.38237974872476327,0.0005297378357142921,0.37053669225187186,0.00036014095473636083
2018-03-19,0.3400729522685999,0.38491217361799335,0.0005524583378268179,0.3731370957252985,0.0004275000561064277
2018-03-20,0.3437223544665405,0.36152995495313894,0.0005168323554336528,0.35772980880749267,0.000397949910727497
2018-03-21,0.381711606760524,0.3476257064377263,0.0007413590513842991,0.3607742227450385,0.0005197105321743212
2018-03-24,0.34070724858004015,0.37877583619583477,0.0009386962393131858,0.3647372119487716,0.0005364258038660059
2018-03-25,0.3558780907520684,0.3585239063997653,0.0005950437215878103,0.358128385120719,0.0004158717911688622
2018-03-26,0.323636676685682,0.37107764054630765,0.0007468201528298876,0.35851093151709845,0.0005143154091045403
2018-03-27,0.4161398374527581,0.3817113099926977,0.0008226930667954183,0.39419709323984375,0.0006110311573741941
2018-03-30,0.33752427009800223,0.3625163231021949,0.0006420681240867099,0.3540708156040307,0.0003971794571149919
2018-03-31,0.3625129499949234,0.38683977142652526,0.0006962037274923094,0.37984865214015756,0.0004469623441405431
2018-04-01,0.3676297040184673,0.35818868912923557,0.0004773279137162952,0.3596079285713836,0.00033216551273797907
2018-04-02,0.4060983712589622,0.34691837146623716,0.0005159801618484886,0.36158291660052283,0.00039051168514898926
2018-04-05,0.3063256914450965,0.35426067698529357,0.0006222536353048695,0.3395175575600076,0.00044079748961090297
2018-04-06,0.2969823678720016,0.3332608732542836,0.0006638456031740164,0.3240755309012476,0.00044211932586706503
2018-04-07,0.30131091389877346,0.3366452115168926,0.0008820189908152668,0.32358061840446245,0.0006226713782603072
2018-04-08,0.3788404011490604,0.38976426184431284,0.0009995630010510357,0.3861393081895551,0.0005845093051182609
2018-04-11,0.31340012676869694,0.3939655029569395,0.0005076699834954418,0.3755662600186093,0.0003617792167649372
2018-04-12,0.28096239702624265,0.3543427546732586,0.00046520498397014737,0.33727923868708537,0.00039664222728753146
2018-04-13,0.3455739918461568,0.35230421586005983,0.0007162953943910859,0.35147859664600595,0.00047097172658882983
2018-04-14,0.3244295367109663,0.3454438809551481,0.0007692360711933719,0.3395144788950742,0.0005525513016668641
2018-04-17,0.30268770696560193,0.3191438559880418,0.0010026372090376652,0.31191316738387687,0.0007480585562108155
2018-04-18,0.28518781346914723,0.2970689885999896,0.0010818186476092527,0.29257072414675034,0.0006731473859552934
2018-04-19,0.2799016572921691,0.28308297215126815,0.0010729475752061552,0.27861590421757826,0.0006858667064835044
2018-04-23,0.2949267587242514,0.2493278300217937,0.001579945146143987,0.26795384946497647,0.0008121563561943677
2018-04-24,0.24049906204951674,0.2612722059273581,0.0012336191713607024,0.2516136649464549,0.0007729496909863296
2018-04-25,0.2512629109433203,0.25337864468300725,0.0012002802385830485,0.2534839089332655,0.0007921409839522396
2018-04-26,0.24085655566156022,0.24708493077192556,0.0008525824891531228,0.24454854857179,0.0004751862316523378
2018-04-29,0.32469640563818425,0.4044959070282713,0.0006035477040798593,0.3838627204407785,0.0004903697587679036
2018-04-30,0.23613239092030647,0.3733012534193736,0.0005614466469952429,0.339243923814329,0.0004946845230355127
2018-05-01,0.2501997161223974,0.3344086540112141,0.0008686961838542497,0.3053764864648206,0.0005470194930479129
2018-05-05,0.3222118488616592,0.3013948012649976,0.0015760246278403887,0.30794987915353134,0.0007583103612026521
2018-05-06,0.3363521559728321,0.28412985480701036,0.0011554408868987155,0.30485140692590423,0.000626408394349922
2018-05-07,0.2695965844024046,0.29746378030848236,0.000747833805923681,0.2871582726341895,0.00044065357264336957
2018-05-08,0.34943021765038096,0.27919438637950633,0.0006500668279595505,0.30068515005994834,0.0004913412436438377
2018-05-11,0.4057348656984019,0.27210584669835486,0.0013863316074874648,0.3317022601940031,0.0006787091764535742
2018-05-12,0.3468723764291782,0.37353183554355224,0.0009645990917890011,0.3657774574629525,0.0006042127786308355
2018-05-13,0.40442341479517785,0.3845697288632089,0.0008121104484069604,0.3892840004326101,0.0006083092151053838
2018-05-17,0.32085000267175634,0.33737669568893336,0.000748254638805458,0.3296804619547039,0.000481221923189944
2018-05-18,0.3361055492478999,0.3119778315252586,0.0006649144819087729,0.31804897001158694,0.00043879284526496346
2018-05-19,0.19419740956753115,0.3010774063910734,0.0008557219014424962,0.2636209548776787,0.0005952621607399783
2018-05-20,0.27292927583544685,0.2518122581730312,0.0010318354774694375,0.2605526311156663,0.0005331885452962863
2018-05-23,0.22696374225673435,0.26420141112763235,0.00210615216676494,0.2471188721598053,0.0009317819819435825
2018-05-24,0.201501243937717,0.2401194169013069,0.0011184993276531538,0.22758058161145184,0.0006130519374125183
2018-05-25,0.2978486080072564,0.21650217258899127,0.0008510822579388795,0.2421154902147649,0.000508078813790302
2018-05-29,0.3772036960158177,0.3902775841977114,0.0006430877954487405,0.3859507036763904,0.0004845460028348183
2018-05-30,0.38021975605672975,0.40169313090482106,0.0005758626686657367,0.39518817548872,0.00039668197307733563
2018-05-31,0.39421812828150155,0.36444468771298316,0.0005359966124190885,0.3719474373260578,0.00038965882201803895
2018-06-01,0.34541236847568874,0.33992297550791223,0.0006445752367722429,0.34305943117549076,0.0005189699944804855
2018-06-04,0.3963087718084599,0.350442257237275,0.001067085310197264,0.370347926138019,0.0007071266142501441
2018-06-05,0.39744044756995695,0.4183062126064934,0.00038158397578335284,0.41625352863246917,0.0003106047231739402
2018-06-06,0.2677148459458743,0.40286791922154364,0.00043741594880373585,0.37480883738675436,0.00029861215811316565
2018-06-10,0.3414448550626259,0.4042762083567898,0.000879723828013447,0.38047986682540236,0.0006383699396707118
2018-06-11,0.36639425632029016,0.3916363911977791,0.00048118047076072825,0.38570666608731785,0.0003777714440036099
2018-06-12,0.36597338580734795,0.4109173862603538,0.0004974748323491566,0.39999545721501006,0.0004159571196950213
2018-06-13,0.26452285333568876,0.3697923044539146,0.00044765078172954786,0.3458064863888324,0.00038890917495016866
2018-06-16,0.3091186712094637,0.3213873301006789,0.0011378303495738055,0.3178185940438008,0.00046855595138121204
2018-06-17,0.21399549168952928,0.3094750312543426,0.00092793554688083,0.2769156128067813,0.0005419627622575711
2018-06-18,0.18058927048706588,0.2671965490974728,0.000802900839893061,0.24040840061434374,0.0006330602838199733
2018-06-22,0.15676975521654352,0.20877216291020112,0.0015107526464267168,0.183388292673086,0.0007058084298014457
2018-06-23,0.1943180406236312,0.18474267708775213,0.0008541780009701261,0.1886281096035984,0.0005160531765877085
2018-06-24,0.17575668963559038,0.1860994197726103,0.0008930016378375476,0.18353130969951004,0.0005061595652000202
2018-06-25,0.24708894024821162,0.17967166594220849,0.0007273639262319584,0.19885147962255523,0.0005384777972583671
2018-06-28,0.24342841586260092,0.18265554409493168,0.001016441736658619,0.20625317752807984,0.0006684958384970825
2018-06-29,0.2460676430552404,0.19684306569472224,0.0008715839455047914,0.21486014383544155,0.0004955181730821178
2018-06-30,0.24991904222599104,0.20324163360338535,0.0005910051852331657,0.21689008100095045,0.0004226707447163107
2018-07-04,0.3763641554137167,0.29821376869641614,0.0019667268187408696,0.34223001375511247,0.000983234469628996
2018-07-05,0.3754998978597816,0.3413009243428021,0.000932478302221996,0.3555757157711422,0.000547127445962361
2018-07-06,0.37353341331648793,0.32924390319410773,0.0006519414852428671,0.34464365365889976,0.0004872144825099948
2018-07-10,0.16160352766379904,0.24043024317178474,0.0019536644100316015,0.19641123479485628,0.0008120481140634438
2018-07-11,0.2801058233835833,0.1882688696112281,0.0008718367964033162,0.22090353542409577,0.0005219507050481374
2018-07-12,0.22933511403049586,0.20587676529012927,0.0007462487256502443,0.21363106899332107,0.0005535040597067039
2018-07-16,0.2288964422904435,0.3347934558718694,0.0024690835723772055,0.26984860333497,0.001013662849967983
2018-07-17,0.2185767312218897,0.2500159944338895,0.0011293549958336043,0.2378222865323598,0.0007353716630393709
2018-07-18,0.2774842500515562,0.22210816003756537,0.0008727206414079696,0.24082420293824705,0.0005336245630233268
2018-07-19,0.25829255996665734,0.21995787648484252,0.0009095083050257949,0.23333563860310655,0.000688701997205716
2018-07-22,0.1787587326762637,0.22595069773672327,0.0016332716393637895,0.20039314533975663,0.0008892052679942806
2018-07-23,0.2046302179221082,0.19093760276166305,0.0010043362155639556,0.19775421648567149,0.0006015077796138161
2018-07-24,0.20421055280534564,0.18635967145648435,0.0008372377876820525,0.19330304252912525,0.0005103083135752199
2018-07-28,0.26493053295533475,0.2835835356325573,0.004136727827104691,0.27066455270595846,0.0012087411717199691
2018-07-29,0.20045292901724024,0.24666633457950138,0.0013207575040136298,0.22275505972877224,0.000675363093965314
2018-07-30,0.17473454012850637,0.2018792748596465,0.0008638816927551364,0.19545783958120075,0.0005028911766223245
2018-07-31,0.2495696044890462,0.19105480740336214,0.0008237560297218271,0.21294865574120828,0.0005743877178911348
2018-08-03,0.23625533141716226,0.17420936934173334,0.0007120118647737685,0.1936276998021741,0.0004512637210192763
2018-08-04,0.18507521658191103,0.18279927612321478,0.0008290001582487978,0.1822059694720081,0.0005038840905474314
2018-08-05,0.15788863380659413,0.17093003202842258,0.0008490780227482342,0.16656877593211658,0.0005576967213901939
2018-08-09,0.2523942336799565,0.18174900758277748,0.0012474453977831374,0.21260803308754,0.0006665019277446767
2018-08-10,0.2296941306821033,0.19869931920839992,0.0007960477026757298,0.20876712485989293,0.0005160442995838293
2018-08-11,0.15369521184510754,0.19337328057223138,0.0007525206439930717,0.18011098867234274,0.0005831463144227011
2018-08-12,0.1632028335344326,0.23246268280969917,0.0020754425469544833,0.19262932855142975,0.0007680401088142625
2018-08-15,0.20387680332575214,0.2081777208708135,0.0014079240251255126,0.20651937913406176,0.0008501842961250231
2018-08-16,0.2248107562584094,0.20055721572065902,0.001008921622897698,0.2124890726322319,0.0007073384477265811
2018-08-17,0.1883161681387891,0.2078292525284042,0.0008606047541690614,0.20061659474127871,0.00047779919635280944
2018-08-21,0.14044801863302206,0.165111998168908,0.0010068922662654946,0.1540856790824987,0.0005097105057937963
2018-08-22,0.1616369485178048,0.15123545189957277,0.0004963773846034827,0.15227221034341143,0.0004002851720963988
2018-08-23,0.17703946543133914,0.16949634173915487,0.0008960671954975227,0.1695991753354556,0.0005709554239722457
2018-08-24,0.26386014665694124,0.17427459588036498,0.0008469007401115132,0.20609213843788862,0.0005335794786207182
2018-08-27,0.12550531611210033,0.18656480537994913,0.0012468082899692381,0.16144019661212636,0.0006640896865754133
2018-08-29,0.22315472889053897,0.16937302695339473,0.0007069642438453359,0.18858645995952336,0.0005320759485133972
2018-09-02,0.18844424052069086,0.15932329193822478,0.0008422197062573658,0.1701901016387635,0.0004630940311025559
2018-09-03,0.16242840061073366,0.16441321009129495,0.0007481885478439356,0.16113404920938224,0.0005644056973277672
2018-09-04,0.18028190882137957,0.15668861311536852,0.0005813200955956624,0.16259385007835722,0.00039876373189804825
2018-09-05,0.22602920681639935,0.1692931248682332,0.0005919703653797052,0.18366981245409167,0.00046634821051243
2018-09-08,0.2754726775030143,0.2562493998278173,0.002831149917056215,0.27102556571405023,0.0010236565232033263
2018-09-09,0.22302814159359355,0.25354445946136045,0.00133067472877795,0.24137056156881065,0.0006916427662246018
2018-09-10,0.286227330465881,0.22683390742871623,0.000777193323221923,0.24549858281416576,0.0005408682555202993
2018-09-14,0.1743879356927273,0.1953342399644986,0.001423460174633734,0.18626495038708984,0.0008202805909331314
2018-09-15,0.13688874737962026,0.18066718024279507,0.0009094908586316704,0.165705378324823,0.0006713429241067219
2018-09-16,0.20483310478127448,0.1622970852179104,0.0008086733938576938,0.17654524258939605,0.0006224739031407843
2018-09-17,0.13849796477639836,0.17423454070729702,0.0008115891218659308,0.1617498799884315,0.0004993816086109999
2018-09-20,0.16845897332203497,0.1579096853631004,0.0009061071938238089,0.16346852166435674,0.0006617808337395072
2018-09-21,0.27388872881938153,0.1651710675428552,0.0007924501707504501,0.2009895871618427,0.0006579341958137292
2018-09-22,0.21195253181531312,0.19736607525182692,0.000905303683979013,0.2028029610641846,0.0006681395221369375
2018-09-26,0.1716592241546958,0.19849655273467817,0.0013062657842085174,0.18713916130913635,0.0006914254246110993
2018-09-27,0.2793265160544091,0.1823583644409597,0.0007807624980087095,0.21404216754703342,0.0005696126434081453
2018-09-28,0.14579775976074935,0.2047823607238851,0.000840370789418202,0.18652446730732067,0.0005717771454459259
2018-09-29,0.14648283829272318,0.18413026639665916,0.0009968603514577082,0.17147405715637112,0.0006077607150133932
2018-10-02,0.14764070346030617,0.1702942356016112,0.0013664569168784853,0.15918523383416133,0.0006447013355937931
2018-10-03,0.22231215001681184,0.15852201165154553,0.0008214535967097158,0.18029168922997094,0.0005615605476504452
2018-10-04,0.14802196955520802,0.1783255943288841,0.0007797766715075559,0.16785902674432315,0.0006068807611759428
2018-10-08,0.28438638201319477,0.2807297669833862,0.002419485388948795,0.28301939736501164,0.0008781521443152189
2018-10-09,0.3080036765424929,0.26769569769999674,0.0012548509828954472,0.28580713008904707,0.0007818758768006321
2018-10-10,0.21501481081538232,0.337598333506029,0.0010900134750506532,0.2872659972871739,0.0006084077414106696
2018-10-11,0.24967931034772492,0.28015441631601873,0.0008352564372153581,0.27154229790112344,0.00048000747899201555
2018-10-14,0.42308112040650137,0.36367395671941,0.0013750173465373302,0.3909482251580144,0.000733246789606198
2018-10-15,0.2163303466829895,0.4029160905813726,0.0005437636992291998,0.35761728215842076,0.00048287656270174314
2018-10-16,0.375396293942027,0.33726863648002825,0.00072762121094027,0.34617462101048424,0.0005400108267395961
2018-10-20,0.25732247357423965,0.29416250944454403,0.0012388228329981929,0.2782955681630257,0.000685341202997429
2018-10-21,0.385696367952912,0.26875173075096354,0.0008945052104534246,0.3114643572491266,0.0006865640932101473
2018-10-22,0.24609176262336935,0.29824296042414006,0.001108211446141517,0.27903506842734693,0.0005823594156897177
2018-10-23,0.2264777021640996,0.2698309124346399,0.0011448537552369458,0.25348320510745165,0.0005388033269115705
2018-10-26,0.29599486925896223,0.2371210708730403,0.0011694660510352336,0.2603436045704624,0.0007408260579856616
2018-10-27,0.23650371145416646,0.26021825031266965,0.0011596047707940435,0.24762152701145315,0.0005734801299080112
2018-10-28,0.30208700632498353,0.3181564586070817,0.0019588279961345154,0.3082735191365265,0.0008419415125432482
2018-10-29,0.3410874189835136,0.30701560402848904,0.0010373169633478068,0.32194548204736834,0.0005640612591734826
2018-11-01,0.3949217480991081,0.33554334455825613,0.0012783787261758577,0.36371363231154896,0.0006939107998041703
2018-11-02,0.32103006895630415,0.3588118157982092,0.000736014547789421,0.3476962358419775,0.0005723115741525214
2018-11-03,0.36342384879350736,0.3313190718169316,0.001016114692433778,0.3434597809539551,0.0006291576695306336
2018-11-04,0.32661296940101614,0.32888726572843036,0.0007317979565100446,0.3293371210158094,0.000450107472574569
2018-11-07,0.40932502792960573,0.36343388996214904,0.0006551438661532453,0.37390879255113896,0.0003593497027418566
2018-11-08,0.306171211932818,0.3581253145527878,0.0004253043178005495,0.3471013183031183,0.0003210428869706924
2018-11-09,0.3701437924098695,0.3438896325989324,0.0005094984831398798,0.348529183963308,0.00044623606444926155
2018-11-13,0.3629764654611537,0.342286661114765,0.0009127128074133349,0.3513449989944878,0.0006126446594546917
2018-11-14,0.35021456411354285,0.33729305280400207,0.0007512011283662576,0.34254744246584834,0.000653640774155322
2018-11-15,0.307763817618016,0.33199013966178575,0.001062214295874886,0.32543158459004606,0.0005416149063404503
2018-11-16,0.21505875551408515,0.31429382628701596,0.0009036909022938293,0.2810953750886961,0.000581644202741028
2018-11-19,0.23312816086790458,0.26941573109667616,0.0013791150223682754,0.2538714623467867,0.000819201287085997
2018-11-25,0.3549046155397036,0.2885193712824098,0.0028966347549462426,0.3310059724692702,0.001018552358726364
2018-11-26,0.32997779982199604,0.3245758988884593,0.0010757117265285045,0.3246140085710122,0.0007066807878708403
2018-11-27,0.30179982594331317,0.3141833563319312,0.0008957471830875547,0.30938909895913846,0.000608081385910576
2018-11-28,0.2267882470570058,0.3044665474350872,0.0008019049596998577,0.2797530553560214,0.0005354013656397545
2018-12-01,0.3578230318126942,0.3721769156620271,0.0010355721965423636,0.36581019808068377,0.0006819744974578146
2018-12-02,0.30843405294288306,0.38527150163165536,0.0008146336488624891,0.3584746948677598,0.0005378553339419478
2018-12-03,0.3621751368645516,0.3821754225856302,0.000703951417481572,0.377102506536409,0.0004808893995154242
2018-12-07,0.39131505342062994,0.3300358196370869,0.0009365903321544343,0.34856316271883686,0.0006462676458099786
2018-12-08,0.3344158128821502,0.3394316012771735,0.0007996788918609751,0.3357862651866924,0.0005790974643792085
2018-12-09,0.29673207898321236,0.3355774841446932,0.0007567367008580579,0.32243822661898486,0.0005452208159189116
2018-12-13,0.38308473147228217,0.38415704237238835,0.0010298852485114969,0.38380458664222394,0.0005308293189337963
2018-12-14,0.29002336883137564,0.3611945390564694,0.0007230212179719327,0.3385850615139986,0.00048626593836631395
2018-12-15,0.35892082386012353,0.37251898739326406,0.0009865257508563992,0.3671717105331329,0.0006001557210505413
2018-12-19,0.3536350383895448,0.3553147144646068,0.0007573819635531778,0.3551958234397955,0.0004785963215297987
2018-12-20,0.33295613759695064,0.34636453708654413,0.0008392575533763,0.34415233387638106,0.00044445122637815017
2018-12-21,0.34461182056358697,0.35197468604643206,0.0006913322170578727,0.3488137060775724,0.0004073178348725874
2018-12-25,0.389449345902028,0.34022217579480396,0.0007518576557503504,0.35534180759513523,0.0005469168201477021
2018-12-26,0.2685614722627176,0.34506371056570606,0.0009053824862841827,0.32104567675171225,0.0006062399361840692
2018-12-27,0.36271900293227166,0.31985366466673326,0.0009031628238746018,0.33273635849519784,0.0005726173523109649
2019-01-01,0.3079821695172224,0.3181334105286994,0.0012372307694170142,0.3151191172867651,0.0005813919532105625
2019-01-02,0.34268715138288747,0.3098618289114127,0.000974716773630241,0.3201689357394806,0.0004961088404226661
2019-01-07,0.30285248409747034,0.30866454679775057,0.0016112596009253035,0.30133322766610776,0.0007720992298159147
2019-01-08,0.30916295821257167,0.3044465124868013,0.0008230037314199542,0.308433251339661,0.0005325582734251557
2019-01-12,0.3484923494012104,0.3062863887359661,0.001515279867152759,0.32567070564407763,0.0006409654089146485
2019-01-13,0.3683161602099343,0.3240847970703192,0.000888064968943824,0.33949682418696736,0.0005343378434789566
2019-01-14,0.3511372616880445,0.33792521358396327,0.0009091297921604731,0.34235492781135024,0.0004956506400449779
2019-01-19,0.32071750922749914,0.3511647033663465,0.000935371765759582,0.34010265425921843,0.0007247816369435367
2019-01-20,0.33821301828306544,0.3448490375313781,0.00080176729642331,0.3459776384205441,0.0005258630440494556
2019-01-24,0.3339671890281082,0.3711082456179681,0.0006833426729952316,0.35950588016255997,0.0004482557020732074
2019-01-25,0.35476634260417544,0.3549088042677372,0.0006794799666824686,0.3547968535455023,0.0004894467986705143
2019-01-26,0.3417860309752055,0.34982627874665406,0.0007609348433150873,0.34770444786537036,0.0005218953048389238
2019-01-27,0.35645120229706007,0.3690886644258597,0.0008154135424423153,0.36567580496157903,0.0004888302320125501
2019-01-30,0.3876385313166984,0.40689104162760176,0.0006900547101167733,0.40123069603917544,0.0005079314203063016
2019-02-01,0.33777584933583293,0.4228067712317636,0.0004012458791383998,0.40635911365583666,0.00031178691726528655
2019-02-05,0.40952484288901125,0.4091930999933584,0.0006040455491835228,0.41000862574040403,0.0004796162310756232
2019-02-07,0.3795540410837041,0.37509435892095916,0.0006151852124197865,0.3780209303278592,0.0004353053830391824
2019-02-08,0.38490015157957685,0.36453701475103173,0.000667410221157006,0.3692414965469344,0.0005491122319544431
2019-02-11,0.3432286631636398,0.3482442287482456,0.0011089128188808315,0.344650087740894,0.0006639336593271979
2019-02-17,0.33096640324018156,0.3179182021040432,0.0016940046901621907,0.3208571804716317,0.0008008803289228253
2019-02-18,0.3047160261626813,0.31763766470435095,0.0010113967089975674,0.31199953370426275,0.0006790205327100326
2019-02-19,0.31844858580139906,0.3124036036650589,0.0009298476733126618,0.31424344663728193,0.0005391495475727542
2019-02-23,0.29902824123184807,0.3002145152661685,0.0014557304935221113,0.3009286309117106,0.0006743098208740693
2019-02-24,0.30317752439108986,0.2987782828385207,0.0010446690963582693,0.30022871997553624,0.000531614877664155
2019-03-01,0.29254139026411735,0.2864982257478322,0.0016227477331399551,0.2848744386079078,0.0008194903096933612
2019-03-02,0.30522827756485016,0.2848929451707179,0.001318233240782511,0.291741000720712,0.0007220951493115414
2019-03-04,0.30903219986743946,0.2878778853450207,0.0013100784077511105,0.2964504070928029,0.0005957870663259682
2019-03-07,0.33824933440975924,0.3176270109775394,0.0011266289137523778,0.3238189337906416,0.0007586328829387001
2019-03-08,0.30246858437415197,0.323346252683323,0.0009497076707111126,0.3171584354505807,0.0006630433819670167
2019-03-09,0.32809196987345446,0.3089479905439858,0.0009667409865564241,0.3175931123576316,0.0006481885344697605
2019-03-13,0.38756102803770515,0.33686604731967235,0.0009186267975666419,0.3551135004392425,0.0005414852569574451
2019-03-14,0.36556682277172214,0.3584642572730952,0.0005438169471081098,0.358533865385488,0.00040296910719259647
2019-03-15,0.3937102001276742,0.348492351310621,0.0004628822336967916,0.3592676011031461,0.0003861540920634062
2019-03-16,0.34555223043769256,0.3468064697753347,0.00043740044933444195,0.34626521675622024,0.00038066758525616613
2019-03-19,0.29029044460111253,0.34829704797083744,0.0010741041335445417,0.3256262258877606,0.0006884228435357553
2019-03-20,0.27334339169102523,0.31474204746723294,0.0009009801866263691,0.2992931141568035,0.0006965066034389903
2019-03-25,0.31748809782289555,0.2631066054899119,0.0019699344959636556,0.29287936133535064,0.0008233631487959868
2019-03-26,0.2760010045548103,0.28335198065641465,0.0011683565542246505,0.283459436790718,0.0005629613599240842
2019-03-27,0.3246297751547483,0.2793081000899669,0.0009482663489703638,0.29499978370793284,0.0005347543171005786
2019-03-31,0.2776554675561143,0.26387614024881256,0.0014657470897155092,0.27178585974449676,0.0006463247077075002
2019-04-01,0.3988959398045267,0.2798428401578894,0.0008448959844031448,0.3216390540656282,0.0005817747776712235
2019-04-02,0.3572673001547933,0.3272745478675767,0.0007428816714348986,0.33641843398807486,0.0004138947143960247
2019-04-06,0.40670214289441514,0.38417956366448647,0.000736940476297985,0.3895041142980405,0.00045245799178854644
2019-04-07,0.3234209585470907,0.37329397436449285,0.0006367369239670919,0.3601671330636431,0.00045639988048725875
2019-04-08,0.4122429733410754,0.3573766310189012,0.0006444516209535005,0.37263736583024776,0.0004629498024991984
2019-04-09,0.2704140551797782,0.35239372016135584,0.0005353933732079282,0.33392599969494263,0.00040531827220582694
2019-04-12,0.30686601258258756,0.3156087309943325,0.0010839715006254642,0.31329567401485736,0.0005582225868970359
2019-04-13,0.2605251769083834,0.29995289254737034,0.0009275877361829598,0.28701102796741146,0.0005789767019489708
2019-04-14,0.30331303206776,0.2792578996038906,0.0008388218489591838,0.2867171089244082,0.000472695390460191
2019-04-18,0.2557422604824592,0.3084172603684711,0.0016502786082977236,0.2835552919213898,0.0007970219465360803
2019-04-19,0.2456359890625862,0.2733536717935256,0.0011086760853043934,0.2612660109783013,0.0007978943684613625
2019-04-20,0.36645179523415816,0.2525403733965678,0.0011465054757120445,0.29725812991316897,0.0007570253334504216
2019-04-21,0.27742753924751623,0.29125247331698256,0.0011632103374950708,0.2872350425631625,0.0006031677408013002
2019-04-24,0.37067568114250965,0.3847501723797159,0.0006353377101550121,0.38147138418117776,0.0005390235441578284
2019-04-25,0.40899544467781546,0.3972507903114593,0.0009262153000822229,0.4012897839869604,0.0005818761304420271
2019-04-26,0.38338798947680375,0.38042989322196513,0.000699801514169268,0.37866764925258756,0.0004677238772717206
2019-04-30,0.28228737351775923,0.3024999784794749,0.0012803879677725574,0.29738632153118866,0.0006897198815992799
2019-05-01,0.3119038102527908,0.285150964794279,0.0008053249080451875,0.2926496449698506,0.0005701919640744938
2019-05-02,0.32196355603432397,0.2869790698152594,0.0010698788300525844,0.30301473454555067,0.0006302915082402351
2019-05-03,0.3134238791074422,0.32218746643546076,0.0008874355622427486,0.3208327104987391,0.0004469834026553274
2019-05-07,0.4076608958341352,0.28078040532368925,0.0009116269860804772,0.32616100057875536,0.0007554269225783567
2019-05-08,0.3801497376751963,0.34129637457258144,0.000813275149560944,0.35420576811689813,0.0005142635963516132
2019-05-12,0.25815882717456523,0.30931764625438823,0.0010364241307609292,0.288198948231577,0.0007374850709415757
2019-05-13,0.24146898104204975,0.275034053115762,0.0012629158362360375,0.2605742043609281,0.0006924954560095883
2019-05-14,0.2946126756838036,0.24667806774010984,0.0010382013275704522,0.2665865582382236,0.0005311428492090596
2019-05-15,0.28222594650880584,0.2521152421554714,0.0011226636409886674,0.26595833859143136,0.0005580383392454332
2019-05-18,0.3203491054854034,0.3674938412164102,0.0007575890272730047,0.35216930104177363,0.0005490668828665086
2019-05-19,0.35109600311854555,0.3707048473467055,0.0006337332199374128,0.36412161280370475,0.0004528584031391507
2019-05-25,0.36742750116126544,0.35300046061937723,0.00075963696950192,0.35661609232154795,0.0005424396042985834
2019-05-26,0.3120860431685167,0.3397678399174426,0.0008479159483657351,0.33189440748167653,0.0005963518379098108
2019-05-30,0.2884159777138887,0.29104081325941783,0.0018328792180516387,0.2900020980645752,0.0008995758756509394
2019-05-31,0.23666862846746842,0.26644572204334543,0.0013169538610655136,0.25001702247043556,0.0007227556571558379
2019-06-01,0.3185917114082469,0.22731686174835308,0.001267882409706985,0.2706821618358022,0.0007284399451741539
2019-06-05,0.39744044756995695,0.378953823653218,0.0018670975884617414,0.3904586905673088,0.0008640604985975296
2019-06-07,0.299750642302691,0.34021519374215076,0.0007293699503814263,0.3295167739139039,0.0005572008547837522
2019-06-08,0.21991502763058884,0.3071057138711248,0.0007341958911103322,0.28138655124988615,0.000519175776471231
2019-06-11,0.3279324396895992,0.2813800520186265,0.0016407991214448926,0.3043363409554656,0.0007730399559898326
2019-06-12,0.2797204532827959,0.29390698828775613,0.0011718650567416528,0.286828316637717,0.0006924109802154984
2019-06-13,0.23631624568949747,0.2614480083619582,0.0011682965771969654,0.25246394216606943,0.000622679689449108
2019-06-17,0.25921870866740604,0.24499488962256152,0.0020944099579390976,0.25206212396304495,0.0007092863612128254
2019-06-18,0.3221188816389982,0.23127938484046104,0.0012085523928558478,0.27379789243975944,0.0008540796386251915
2019-06-19,0.314087498799007,0.26173321082216544,0.0012940215038689713,0.28517411024675365,0.0007088799869671039
2019-06-20,0.22201800627184837,0.3049539257495526,0.0011476735835822148,0.2720853486507354,0.0006460118709035945
2019-06-23,0.23982382870442565,0.2550137808798658,0.0017113956241712332,0.24959385847538737,0.0010369151616269176
2019-06-24,0.31915306605332916,0.2281868311956417,0.0011704109961470728,0.2638804781414574,0.0007075641596016752
2019-06-25,0.3274612863600346,0.24250634991297665,0.0010767210692696843,0.2789014582898529,0.0005257179267017243
2019-06-29,0.35618584287672084,0.2005489725706975,0.0012090581759918828,0.26604697723107024,0.0005248624294536705
2019-06-30,0.38456575355841405,0.24746467737550787,0.0008320193458135333,0.29370772629412867,0.0005484116477504882
2019-07-01,0.30553486833875326,0.27452610360432916,0.0009355390645851226,0.2846156353671775,0.00046380381002688724
2019-07-02,0.20751282711205693,0.2715450308635414,0.00076592876021178,0.2531511720561268,0.000549376501289302
2019-07-05,0.2512322932850021,0.1966798816795898,0.0009557215854548632,0.21726210245566352,0.0006653191133866283
2019-07-06,0.2947113085199591,0.21023113004044672,0.0008525954322597103,0.24007960152610097,0.0006140419080739615
2019-07-07,0.37203741179545935,0.2246609832834009,0.0009429767996228953,0.2798846649256096,0.00048126507750784057
2019-07-11,0.31652521186726995,0.25511701346393584,0.0014393099991844888,0.2856547283441628,0.0008038371162983566
2019-07-12,0.32049321631241035,0.25411440327795193,0.001258253664407319,0.2837637911584912,0.0007603063333541922
2019-07-13,0.2176679399685208,0.2629513269086209,0.0010842531215423223,0.2428953311058587,0.0007608676820014693
2019-07-14,0.17994528808298807,0.2214472792149769,0.0009328107441928098,0.20880683747210338,0.0006619968811660371
2019-07-17,0.27538548040706057,0.1763133619220645,0.0009129710688121216,0.21107869547749708,0.0006484221403879255
2019-07-18,0.2723601620080469,0.20240167487797367,0.0009994378965797427,0.2277768847984536,0.0007348265158890237
2019-07-23,0.1867915224083898,0.16846702493434257,0.0006523438429062289,0.17476750024437826,0.00042939588879189827
2019-07-24,0.22019180278267006,0.1669532092319096,0.0005751694937488782,0.1803592455204869,0.00037775429769378277
2019-07-25,0.20540444563151677,0.18380820768498982,0.0007019336733696278,0.1893344356838904,0.0005870105692324839
2019-07-29,0.22683590183967112,0.2725805619259368,0.002101866230470911,0.24340535441041022,0.0008592736930419035
2019-07-30,0.2936609676562736,0.2367744836331306,0.0009133351264466691,0.2564560283422586,0.0005953033962651675
2019-07-31,0.15515992288056038,0.23810830210214878,0.0010496793328784745,0.20587647996684047,0.0005616623304057562
2019-08-04,0.2617420877781595,0.18247656317608707,0.0009469182255733515,0.21082652191093046,0.0006885708301752677
2019-08-05,0.26663817427540804,0.19745776098804557,0.0008188537899319525,0.22091791280285672,0.0006154966595384418
2019-08-06,0.277718265747561,0.20573363123307042,0.0008380604381280053,0.23108140987096334,0.0005152775779681168
2019-08-07,0.28319768361538994,0.3579571061150051,0.0019149651475008445,0.31503536353254447,0.0009191934111110026
2019-08-10,0.3167790561759446,0.29593858513236065,0.002093817288755176,0.30849219364992353,0.0007861649295000642
2019-08-11,0.3360241553589434,0.35736269144506283,0.001345765855224241,0.34784826857176926,0.0006698318068700004
2019-08-12,0.2905211131428273,0.34236959656543675,0.0006077497331095384,0.3270131745346575,0.00042886595899793457
2019-08-16,0.2485928491194064,0.24111419243212762,0.0014414235648126776,0.24702370563860865,0.0006659290939660311
2019-08-17,0.20514752174030126,0.22565213431716288,0.0012029997957636396,0.2177585983669984,0.0006419649084966848
2019-08-18,0.2849420240250077,0.2686206604767582,0.0022541148293943494,0.2776550634191516,0.0010432328181752943
2019-08-19,0.2048327314546982,0.26599420606811597,0.001309573396163017,0.23660321650865754,0.0007730532753670219
2019-08-23,0.3162013380950226,0.20773492546522043,0.0014747434968325568,0.2603973789666979,0.0007507692078846318
2019-08-24,0.28244752819374563,0.23860660356307462,0.0010712627478723909,0.2553642175409102,0.0006687728267118793
2019-08-28,0.2254128015325096,0.2226852439683258,0.0015225094356948648,0.2235614298909091,0.0007812038842071798
2019-08-29,0.2676725778666412,0.2095993222855708,0.0010360256491463086,0.2321168438241428,0.0005972828372197374
2019-08-30,0.2202520026525277,0.21559922785576863,0.000697570386412551,0.2176088875107487,0.0005126136101907935
2019-08-31,0.19305431700154294,0.20867084565829472,0.0006770299652462414,0.20371877302895292,0.0005220909891659968
2019-09-03,0.153067483524925,0.191540489842882,0.0010861358920172051,0.17649999662139065,0.0005533704363065087
2019-09-04,0.3766541071858383,0.17496854655842622,0.0007759391615871125,0.24041898023413352,0.0005840732226909561
2019-09-05,0.1496747478838268,0.2317054440467663,0.0009534839347125622,0.20246029826777437,0.0007710002657007128
2019-09-09,0.27409553706682227,0.1883568170510214,0.001437626855104268,0.2273798644693752,0.0007027818592252676
2019-09-10,0.2740816753513883,0.24822142651507728,0.001092931817870827,0.25836415971206195,0.0007897721146170589
2019-09-11,0.21054924829867822,0.23961604921834045,0.0010122669993839748,0.22744901771791817,0.0006084573512839912
2019-09-12,0.2832455476136945,0.21212118925957715,0.0009736788061056811,0.24242907379256212,0.0006187004861148216
2019-09-15,0.26122547249806094,0.2029182472326298,0.0011008577787693385,0.22764914242667803,0.0006450176604904403
2019-09-16,0.2255293327374087,0.21867652000336069,0.0008147435142278572,0.2206825354690251,0.0005402236484122672
2019-09-21,0.2319371659244548,0.20424192956557272,0.0013757062330915148,0.2191902595870495,0.0006910497430441652
2019-09-22,0.32229217233714225,0.3046760600343318,0.0022403637884388034,0.31309081390266963,0.0009459401561725243
2019-09-23,0.38740405516858534,0.2923457491950429,0.0011145521728599113,0.3321788665343732,0.000692342176131684
2019-09-27,0.2431617912804554,0.30481430527619296,0.0010134022010712714,0.2820264094265449,0.0005615696406757584
2019-09-28,0.36294106690778516,0.2689676743527587,0.0010460084386065284,0.30525233602581314,0.0006458774336395238
2019-09-29,0.23943515532197035,0.2883570986690646,0.0009988952445833478,0.2713147977970719,0.0006768442626747065
2019-10-03,0.24692575718664303,0.2569183263175051,0.0018445039985744082,0.25083291937514746,0.0009338339434412772
2019-10-04,0.36421384665450585,0.24673602371220443,0.0011375688157478434,0.29708966579351287,0.0008101082527896509
2019-10-05,0.19618502847240854,0.2901560758685535,0.0011734934281789548,0.24947456952767283,0.0005705607898222517
2019-10-06,0.24460269501127094,0.24949104570165123,0.0010035683591131817,0.24632114560531435,0.0005579425284609659
2019-10-09,0.30397634582702066,0.24483559495288434,0.0011666589908291682,0.2688574525323423,0.0006744519514403687
2019-10-10,0.25791663400527826,0.2607830084445133,0.0008584894381705102,0.25869847407087665,0.0004574585277391894
2019-10-11,0.27385101504664633,0.24609752690243725,0.0007678058327405888,0.2548383554099784,0.0005973080320268404
2019-10-15,0.27886744309197614,0.3818429472958519,0.0006953071540763253,0.3512944774938761,0.0005143158391855847
2019-10-16,0.2791406722745326,0.33409427104745176,0.0007506356344643626,0.31424521173198167,0.0004797719742659465
2019-10-17,0.35080969265815864,0.3092973101603811,0.0008973414214493176,0.3262052525878973,0.000628924000283689
2019-10-18,0.3086904085123604,0.3438478807472546,0.0008862935232083705,0.3313376681844378,0.0005139650237172195
2019-10-21,0.35859144540770443,0.33120080905327776,0.0008878227976878897,0.3416405807638157,0.0005956785528628453
2019-10-22,0.33619481722108835,0.38178779238997895,0.0007738585758168677,0.3657143320018256,0.0005147094151816351
2019-10-23,0.3568426206235913,0.40381600750726654,0.0006384148741063936,0.38971632721793875,0.0005039615266943636
2019-10-27,0.3703448740966679,0.3253773725853042,0.0009163009502260763,0.34234836101117855,0.0005675253208762897
2019-10-28,0.36645709290914663,0.3306429288995666,0.0008695058417002893,0.34431559297452574,0.0006222207753916257
2019-10-29,0.3153046261558307,0.32887520401729503,0.0008309785803456203,0.3232652636437365,0.0005679393790522491
2019-10-30,0.28225558329494277,0.3196439834398145,0.0008636818960138885,0.3084730777416501,0.0005725235946962674
2019-11-02,0.3233025656660919,0.4116550311701981,0.0006371528406898479,0.3860904020056424,0.0005134284057202644
2019-11-03,0.3864204151719853,0.4081094322312764,0.0004862568792527434,0.4042936712335484,0.0003239665924340498
2019-11-04,0.3921925845308535,0.4107495782807009,0.0004702950992019201,0.407563272113965,0.00030914995493707943
2019-11-08,0.42111410102973695,0.4009584083737893,0.0006234054969644185,0.4055906149140145,0.0004788538184209772
2019-11-09,0.3621449723541421,0.3864959648310836,0.0006662393172780327,0.3805254118908102,0.00045315893611463747
2019-11-10,0.29632742808201656,0.3698485249559942,0.0005329761535187662,0.35148003458814303,0.00041251234981251725
2019-11-11,0.3729149337281975,0.36789649513063744,0.0005474147193286415,0.36906003733388737,0.0003990465158274089
2019-11-14,0.33501813464865526,0.3927874838662471,0.0008291754713440006,0.37468944623821865,0.0004421868684467306
2019-11-15,0.39240005390844507,0.4011861168503551,0.0006685073805768879,0.3988411201882041,0.0003813948186723012
2019-11-16,0.38396263459221835,0.40755404126740324,0.0006281800611543693,0.4010363445635313,0.0004941680761382731
2019-11-20,0.33053103075422324,0.35401381677491117,0.0007787584040598018,0.345930968250913,0.00039369019062501483
2019-11-21,0.3582968787187949,0.34590418839644294,0.0008204940681126473,0.3514865110711506,0.0005437664770965008
2019-11-22,0.32226571074057614,0.3561534551425587,0.00067098265684917,0.34659297380213006,0.0005098589218883055
2019-11-23,0.41833481983518045,0.3724957063811629,0.0007568081187005887,0.3865765072824979,0.0005672526341022138
2019-11-26,0.41659464424515424,0.36065990950454735,0.0006366609088426939,0.37661691205135184,0.0005014106323841403
2019-11-27,0.41230471471017643,0.3781776510151375,0.0005003021824744451,0.3859765474819875,0.00042091635864468726
2019-11-28,0.40579312486127234,0.3904299701132406,0.0006212177440033631,0.39462768545106336,0.0004675726840704453
2019-12-03,0.378800081158464,0.3553194253651839,0.0007857276924544744,0.3619447591270618,0.0006234014546976182
2019-12-04,0.39281849545104175,0.35657312139258673,0.0006690888500128046,0.3687883079903014,0.00043372440948291066
2019-12-05,0.32138145887429603,0.36345578242598414,0.0007081129742805262,0.34848752751759027,0.0004997452213455009
2019-12-08,0.34500563172342685,0.3730793072407959,0.0009120476888191205,0.36295691494068066,0.0005919220723282511
2019-12-09,0.3709437168702287,0.377899834490907,0.0005365339079068023,0.37513793725435285,0.0004231455390897862
2019-12-10,0.36409424357976494,0.3630720485429997,0.0004931864593776983,0.3632038769038082,0.0003189608259437813
2019-12-14,0.3604207804013158,0.3929474073868379,0.0004962960677332034,0.38643174965032095,0.0003635622502925487
2019-12-15,0.38954849650776124,0.3680031390038355,0.0004893317763784231,0.37271672730359456,0.00031976832774417924
2019-12-16,0.41625005938459914,0.36316580083172945,0.0005344752677969291,0.378862688890298,0.0004281479640405106
2019-12-17,0.3785841139062969,0.37704218906386705,0.000501636233890243,0.37886348757764915,0.0004264202069302133
2019-12-20,0.35173700707638395,0.4021503319581594,0.0007745378932895818,0.38731184150204884,0.0005536406972393281
2019-12-21,0.3880702114877078,0.42309750810458024,0.0004988906904710307,0.41483127951274995,0.0004362317311095447
2019-12-22,0.4124145724226778,0.42731675509607814,0.00044250647204617305,0.4240106381072777,0.000314858104838863
2019-12-23,0.41314726676731456,0.39716936101845507,0.0006222971151697062,0.40002526883716377,0.0005321743736894256
2019-12-26,0.3603888605282242,0.36132893445557224,0.0005041846611492639,0.36080073283318526,0.0003426400223994162
2019-12-27,0.3871692554226421,0.358271230647881,0.0007118975167730659,0.36622229123667843,0.0005857896628373374
2019-12-28,0.35814016035171004,0.3609335763055065,0.0008581239869440135,0.360686222638485,0.0005860668608424776
2019-12-29,0.3414836753433835,0.35607641856311184,0.0007616505766321637,0.35086136624089437,0.000583434966605314
2020-01-01,0.3329163063627361,0.35162578012427553,0.0008254749091779015,0.3457816801872382,0.0005900918619471332
2020-01-02,0.3565624260551157,0.34531541635002383,0.0007373172389971849,0.3485656229334457,0.0005584822827992058
2020-01-03,0.38883690149615197,0.3496824770215142,0.0008582706819364629,0.3639410329885455,0.000566727892488969
2020-01-04,0.3624175223979858,0.3571748819975474,0.0006141161467862612,0.3598598548527177,0.0003962240298298561
2020-01-07,0.31881477642878586,0.35205191144475045,0.0009285986087379929,0.338528662581719,0.0006520591687136483
2020-01-08,0.3719832360328799,0.3402882074556392,0.0009795095097102952,0.35092243514226434,0.0007659962541829745
2020-01-09,0.39104147567711933,0.35660819874334054,0.0007394450610838358,0.36592882455671033,0.0004968183495190316
2020-01-10,0.37405170043660113,0.36361490533130264,0.0005809253615626833,0.36487505485268623,0.00039490754866531897
2020-01-13,0.33950555487841766,0.3470501488049094,0.0008547754871438399,0.34614762503745533,0.0005247944819262339
2020-01-14,0.3621042517846875,0.3441716674865088,0.0008454026840399885,0.3510110418864658,0.0006584725483808365
2020-01-15,0.3558680762931502,0.3476071489582425,0.0007507620234270573,0.3514546340960111,0.000519167434983529
2020-01-16,0.3633108031141715,0.34600388905331125,0.0007582816953377904,0.3522036558854439,0.0005392785409346809
2020-01-19,0.28672368117176,0.3632870884704908,0.0005753865925390965,0.34294141186038557,0.0004437376605424508
2020-01-20,0.3625046814093761,0.3422293968179643,0.0005881357662650017,0.3476589415518667,0.0004650679158161763
2020-01-21,0.3212887208069656,0.34496044545356314,0.0007360276858826268,0.3380852544790455,0.00047868240241801235
2020-01-22,0.3877139693121767,0.3892045369883902,0.0008291702828533023,0.3912090749511485,0.0005671468528770913
2020-01-25,0.34881014340566685,0.36148859778600206,0.0005416063089885711,0.3572055204569466,0.0003702644272531458
2020-01-26,0.3569075550242706,0.3702449017863298,0.0006458359352104568,0.36653580158759913,0.00039512628652207114
2020-01-27,0.39845590033057215,0.36355489421094495,0.0003863903543428404,0.36953009582010127,0.0002927465889398435
2020-01-28,0.38581781299927703,0.3731311025368459,0.0004482258549968814,0.37555190256391513,0.00037837860513112947
2020-01-31,0.3972289414854815,0.3842792750755038,0.0004715321673286599,0.3861701874044028,0.00040004058077873733
2020-02-01,0.3624185434671441,0.38332667073789745,0.0004856415188090262,0.3788814815783643,0.00033458751148383485
2020-02-03,0.3802069900047536,0.35502403640311053,0.0006822247654390425,0.3634039321728263,0.00045457003186098976
2020-02-06,0.343000995715386,0.34331740456139653,0.0007980543546482054,0.3416807566003142,0.0004848323135994949
2020-02-07,0.3662363713677019,0.33838528881914826,0.0006818454844840131,0.345593478490653,0.00046857136381035287
2020-02-08,0.35376445752810537,0.3431400353463897,0.0007321443384763218,0.3446171088408304,0.0005064954517533313
2020-02-09,0.37780406917727516,0.3381963048978294,0.0008091794930733736,0.35026310493802404,0.00047885145343403866
2020-02-12,0.3675130376114968,0.3534083366222321,0.0007175137244951348,0.35754051467536213,0.0005489541833723407
2020-02-13,0.3552859133789138,0.3490987913431165,0.0007203376694695398,0.34918552057033153,0.0004447073578847658
2020-02-14,0.32188411146753315,0.34175070083768644,0.00074980251494857,0.33650782230984694,0.00045776316213238263
2020-02-15,0.3742986261152616,0.3305214156050249,0.0006606283362203785,0.3429806192091238,0.000531207460794055
2020-02-18,0.3502528275420611,0.34135957625401914,0.000827733602362203,0.34462868190850043,0.0005043127008316828
2020-02-19,0.32828343580533603,0.3409758906496523,0.0007769201567636024,0.33418882007506423,0.0004922634718930852
2020-02-20,0.3179801677212714,0.32798375290094683,0.0007555452783366008,0.32450651326129665,0.0004843647965106468
2020-02-21,0.3816663308679843,0.3220072157353521,0.0006528086286770552,0.33918481094764125,0.0004499591188672674
2020-02-24,0.30953074235944145,0.32568218256284687,0.0008919378859453734,0.3198148019401328,0.0005992289751794328
2020-02-25,0.4058092334789314,0.34431644119053195,0.0007892603330467833,0.3628431250910113,0.0005441577798796803
2020-02-26,0.3903965330034143,0.3682614176418141,0.0005239956926252448,0.3723560447807908,0.0003920517841263254
2020-02-27,0.40613213222525135,0.40553602657212656,0.0005997420485377377,0.40689718413233,0.00044445358542573424
2020-03-01,0.41836240116626133,0.38203949609537213,0.0004987078070854557,0.3914698606266176,0.00035982549158865474
2020-03-02,0.41892057272067607,0.4100606549701537,0.0005438391672192739,0.4114519321394446,0.0003925227004072375
2020-03-03,0.41504466758209196,0.42082152497466163,0.00047794496548046994,0.4179764511992775,0.0003670265877664643
2020-03-04,0.4111146499118639,0.40868217090915343,0.0006054762958844308,0.4099590707441869,0.00042876354804351874
2020-03-07,0.39147486050720326,0.38222483615050634,0.0005718037085182207,0.38515614286022454,0.0004199184672888715
2020-03-08,0.4191532717563505,0.3756848471780751,0.0006147994267869681,0.3848850636348444,0.00036733149287445776
2020-03-09,0.3907801934218617,0.37829115911783034,0.0004688337958010995,0.38112591277138747,0.00034113238794431167
2020-03-10,0.36453978978827595,0.37077791143836847,0.0005314408576564383,0.37073402741071815,0.00038110980308792654
2020-03-13,0.3843845077163974,0.3577074170342215,0.0006346297777423534,0.3650626858897353,0.0005797246292914022
2020-03-14,0.3453826749656503,0.3509867451461784,0.0008721596185366685,0.3487168708209441,0.0005027586694583598
2020-03-15,0.3728201698919032,0.35013206914385664,0.0007016913530324971,0.3566624790077626,0.0004443726292809433
2020-03-16,0.4181791897000155,0.3919931732277134,0.0006710770457911763,0.4026290936562994,0.00035975158210756707
2020-03-19,0.3603822290808447,0.34886224337131905,0.0006845472360504918,0.3547099214163954,0.000511941770750879
2020-03-20,0.32926823942744904,0.34336873179180905,0.0006200882848397066,0.33987135742073316,0.000481302229167928
2020-03-21,0.3336883937946498,0.3352207772222963,0.0008564946210727429,0.33587039482149295,0.0005225265999983506
2020-03-22,0.3662265160824839,0.32578785302080177,0.0008798674409635224,0.34092177361725073,0.0006059467587933937
2020-03-26,0.3273601815086472,0.34587737006200386,0.001149860713980589,0.33978890279465934,0.0005687242183250937
2020-03-27,0.3566170579086865,0.33131825239248747,0.000772804067448886,0.34069553392174784,0.0005558756742917169
2020-03-28,0.3536020688825677,0.32798664268387157,0.0006855539861747808,0.3348382220423259,0.0005001813805120237
2020-03-31,0.31967533277477134,0.3258453953110221,0.0009463983805239657,0.3235419398338194,0.0005999534455903162
2020-04-01,0.3421623774554865,0.3122508066160881,0.0007468792119720929,0.3223814742138944,0.0005987794635521626
2020-04-02,0.29958784243246045,0.3172189742730126,0.0007446753145462558,0.31119762973618237,0.0005711974905805668
2020-04-03,0.30955232792565657,0.30411236808717185,0.000994838670978156,0.30627779644077313,0.000587029361555205
2020-04-06,0.30986828252518256,0.2831533343421586,0.001698954054436127,0.29911422278067046,0.0007154014673717115
2020-04-07,0.31364486163829003,0.3047412473864074,0.0010205480786106562,0.3072389976768479,0.0006439543498623744
2020-04-08,0.2601585759367124,0.29835566151709275,0.0009080653664724607,0.28274853563270513,0.0005452370657359684
2020-04-09,0.3096267955804165,0.27607459850287464,0.0009382599924630903,0.28689662550017314,0.0006495011309798608
2020-04-12,0.3936169502096724,0.2706864901965603,0.0013726542694193205,0.33101306074848763,0.0007907917807845363
2020-04-13,0.3543545364387255,0.33065435079432837,0.0011155691684255704,0.3424433315617329,0.0007616289802188907
2020-04-14,0.24786749396511593,0.3243895509282939,0.0011760964460260021,0.28880702982481,0.0006845216727485854
2020-04-15,0.25584375546704724,0.2770626072291163,0.0009289757942300017,0.2697663054635794,0.0005757803983876282
2020-04-18,0.39025966121323075,0.2636531739398496,0.0016575575152365403,0.3266922561374108,0.000811085119120242
2020-04-19,0.4012351087390539,0.3488475893771097,0.0009618825476156551,0.37088968761281016,0.0006188815584174745
2020-04-20,0.34987698424028313,0.37994756129258334,0.000639609892967173,0.36987562053228373,0.00041367369311968137
2020-04-21,0.4101534498799576,0.40604115966653637,0.0006017935406865889,0.4055987841097894,0.0004169638594850402
2020-04-24,0.3474111803294922,0.33591112127101314,0.0008761665732301459,0.33804225164428103,0.000589278005367742
2020-04-25,0.35036345415357273,0.3288280530840108,0.0008689526725189572,0.3369131556980641,0.000714269969345759
2020-04-26,0.3437366381138068,0.3354416639956261,0.0008994555191643679,0.3400470187498965,0.0005237430122177371
2020-04-27,0.39765901140485543,0.36719338974444726,0.0008374074449724443,0.37616528587368664,0.0006097048726021757
2020-04-30,0.39108793117461127,0.36934391690691376,0.0005957442945025389,0.3745959425756484,0.00048457922246429315
2020-05-01,0.3798423621796471,0.3920225070562837,0.000582570601415373,0.3895472086709939,0.000419639299748049
2020-05-02,0.40903056736154514,0.38624902105647085,0.0007149183174756744,0.39118693668586807,0.0004508875295684993
2020-05-03,0.3588693375142735,0.35717849106803384,0.0005476889710089072,0.3576499157440298,0.00036185072795698927
2020-05-06,0.28759303115006757,0.3120652421667636,0.001181497113117305,0.3005398698483924,0.000587951165766137
2020-05-07,0.3262208732706213,0.2816212264550989,0.0009052830867186486,0.296798977624192,0.0005737732799990941
2020-05-08,0.2125296090869213,0.28833244290284,0.0010930683809114933,0.25825051452344966,0.0007122250808058271
2020-05-09,0.2770758195898248,0.2603250311873209,0.0010416686506070068,0.2676170669556556,0.0006776876181506152
2020-05-12,0.40442341479517785,0.3873164367840747,0.0005341159192139167,0.39127303545574194,0.0003450677955503331
2020-05-13,0.39469250431719405,0.4018172120819007,0.0006251867214073889,0.40072406113508047,0.0004953488994124023
2020-05-14,0.40429032981729807,0.38955947967338483,0.0005859185676872826,0.39546763295342047,0.0004141738217794373
2020-05-15,0.3745972332006312,0.3711114864208516,0.0004029256728132552,0.37254508458302454,0.00032508526521388847
2020-05-18,0.29041520171643265,0.3162959314016511,0.000873182928521286,0.30807895168067906,0.0005576807155181627
2020-05-19,0.2415189849772984,0.29549112603743255,0.0011367326906903392,0.2739171661468394,0.0007633358397584051
2020-05-20,0.30754071514383957,0.25991767831117285,0.0012423410358871538,0.27918502269619183,0.0007715030621160345
2020-05-21,0.3308573068492612,0.2693929318692661,0.0010246599559307827,0.29201557292959196,0.0006339361196474584
2020-05-24,0.2750569114380071,0.27982854998946866,0.0014423497613311254,0.27792773633645906,0.0007788991593507309
2020-05-25,0.3363558483440808,0.26325523698982706,0.0011497728987741502,0.29148413604628903,0.000573008955236115
2020-05-26,0.21922587441094543,0.2755087154165704,0.0011877451497250126,0.2517116315944883,0.0007079754584794093
2020-05-27,0.2937876310483919,0.23777265265364755,0.0008574001155376337,0.2559195792213879,0.0005976150814860531
2020-05-30,0.30375405167133707,0.21484124107277786,0.0012043200289893017,0.251867509831441,0.0007606657634277391
2020-05-31,0.31815809633617637,0.23579102442137242,0.0009704162293370022,0.2654411383387053,0.0005734124333830797
2020-06-01,0.15793615719225734,0.32939769085676807,0.001233889096626636,0.2556595945319735,0.0005930756515178107
2020-06-02,0.33974124590168253,0.24461595609875733,0.0011580734941327112,0.28163129409830273,0.000685165576661997
2020-06-05,0.31826309083452753,0.3130076762862713,0.001765133798382962,0.31674511841805036,0.0008036607223244872
2020-06-06,0.3462601190456284,0.3294616841633327,0.0008473587209920511,0.3354106463303919,0.0005320938018101338
2020-06-07,0.34461369127328345,0.3301335431208767,0.000792462403910813,0.33540854118260455,0.00046020762326179994
2020-06-08,0.3801907697639197,0.35981987484066247,0.0007270300836210236,0.36578737432681085,0.0005326866868141522
2020-06-11,0.37296466783033144,0.3945505792249222,0.0009371974953837757,0.3851129349819158,0.000598164566183195
2020-06-12,0.3133059844928043,0.3512313595915399,0.0007523183853644127,0.3365277896897006,0.0005254697150248374
2020-06-13,0.3198596039091795,0.32917579734142344,0.0009435244515079711,0.32341432201296444,0.0005823133065309938
2020-06-14,0.29003204172863545,0.30753938148082116,0.0006900514666046798,0.30286467450425375,0.0004406203971104245
2020-06-17,0.27006165295750195,0.30874732963433793,0.001473096973272056,0.2919965976758887,0.0009558033780056002
2020-06-18,0.34452487190766035,0.2934956118446844,0.0013800355772934701,0.3198688793424045,0.000697252877004901
2020-06-19,0.2903810874459641,0.29981650172143504,0.0010434259523590939,0.29656379255091936,0.0006302836144199346
2020-06-20,0.274395786003392,0.2807379581956184,0.00099195402106148,0.27873553566219966,0.000713341566774867
2020-06-23,0.2766212417422217,0.23141836547735553,0.0016074659150327837,0.25361255916790076,0.0007544725635997125
2020-06-24,0.24583079954554776,0.22977251329028334,0.0009703388207722328,0.23426716929006136,0.0007100326408311662
2020-06-25,0.29414050166558614,0.2325372320116545,0.0010061977268008802,0.2558860812071182,0.0006231834943025139
2020-06-26,0.34177950307759186,0.2778280934042684,0.0011355587496134144,0.30478278413990817,0.0007745520713197741
2020-06-29,0.21222349852245104,0.293982535149434,0.0014925738662099532,0.2578665094913975,0.0007125942636760841
2020-06-30,0.3528076359037567,0.23855773378756948,0.0010522203870706878,0.28358709414841254,0.0005958178301567467
2020-07-01,0.3835057138340519,0.2653166750349472,0.0009304901545070399,0.3089161518653901,0.0006620233627225629
2020-07-02,0.2847288214988912,0.30113401358853,0.0008830509643954309,0.29533360138830744,0.000586119022335782
2020-07-05,0.3159082005358441,0.24120910675622556,0.0015717449084484449,0.2774921801561411,0.0008706643419191446
2020-07-06,0.29402021453895877,0.26599877442244013,0.001266747994058149,0.27539620860737174,0.000803345853830903
2020-07-07,0.21695756542120143,0.25460986958223364,0.0009539473027015323,0.2383529713706205,0.0005102962109918125
2020-07-08,0.22247286855900325,0.2201916189743254,0.0008155102691374247,0.2204207769508716,0.0005357277128025719
2020-07-11,0.23888690746333216,0.19487732041766972,0.0010544228116771731,0.21149897117233404,0.0005854459444076584
2020-07-12,0.2469427548521192,0.19552128935506594,0.0006946419001924202,0.2096372997696764,0.0005231130300909085
2020-07-13,0.2416859174217236,0.19481528612440172,0.0006574865224076258,0.20890960278783652,0.00043417840168869214
2020-07-14,0.1879253743821575,0.19718400370972852,0.000774793769112194,0.1908204715876013,0.00045405690353239093
2020-07-17,0.23069511959083336,0.199989473460095,0.0011427911163062218,0.21186947400777595,0.0006684113206656554
2020-07-18,0.2717953606525361,0.19647025469454923,0.0009745242904676535,0.22380083311042856,0.0005502467720226974
2020-07-20,0.2124228659436378,0.18935610680881013,0.000857385478310685,0.1993289962495537,0.0005722571569196475
2020-07-23,0.24556464770882225,0.1858593981616389,0.0010722033244919462,0.2064005573453958,0.0006029845516226557
2020-07-24,0.2933651535329521,0.1969364026883322,0.0009515533620370189,0.23086935253182525,0.0007365989479603552
2020-07-25,0.1994656003201753,0.21270616038660164,0.0009487222016002532,0.2097434291141135,0.0005667494921071029
2020-07-26,0.2402737071867543,0.2021514341066933,0.0007289564037978002,0.2144659182697582,0.00044375493082497334
2020-07-29,0.20174634364730074,0.18443467830141624,0.0008515401949101859,0.18972659133149375,0.0006303528341104251
2020-07-30,0.1857468999828924,0.17778866864065837,0.0007171367968753126,0.18223425283846362,0.00041838104725704664
2020-07-31,0.19029820927743366,0.18037973436642127,0.0006688101490376457,0.18215459757618355,0.0004936327392590802
2020-08-01,0.20727551093926758,0.1784974655399055,0.0007645467794105464,0.1886913630394526,0.0005905378196271102
2020-08-04,0.14275260657322955,0.18164504168723242,0.000952793296904735,0.16801194842130926,0.0006576629053042847
2020-08-05,0.20295347032035194,0.163467738967543,0.0006745370173531778,0.1761784734640205,0.0005214022151813126
2020-08-06,0.18736612121065646,0.16356954145196512,0.0007197325282862202,0.1717157033906186,0.000599559979468559
2020-08-07,0.2249311043073643,0.16798273371444908,0.0007757595374153376,0.1876196887382247,0.0004930213074393845
2020-08-10,0.11536285190362365,0.17475673762459895,0.0005437567357559384,0.15957934432038046,0.0004074954532354945
2020-08-11,0.2187504397477081,0.16882768112370317,0.0005620484097006182,0.1819132814881331,0.000412127497958205
2020-08-12,0.33487199105888277,0.2147026115563219,0.0012236782083625255,0.2625990055268246,0.0006712554629061484
2020-08-13,0.2804514963436556,0.26511660979822765,0.000903872185464962,0.2694291978622462,0.0006709716012071936
2020-08-16,0.19184817563811474,0.30135559293800723,0.0024058293462099244,0.23344476124452723,0.0008286723664352697
2020-08-17,0.2575167375662176,0.2131891216001434,0.0010143985386875513,0.2309810571573039,0.0005403569885585145
2020-08-18,0.16383269202969183,0.21812106768480688,0.0008420264335922868,0.19892578261859953,0.0005453515046532521
2020-08-19,0.21228660033429012,0.1842417811414782,0.0008476050453177781,0.19115907201158944,0.0005895953491019278
2020-08-22,0.21274875475504468,0.2891691539101203,0.0024314986209303937,0.24573144568175911,0.000830320335426369
2020-08-23,0.2735760657513006,0.23265308678624433,0.0010905166483766876,0.25035674944346237,0.0005430403340372755
2020-08-24,0.12270036458780126,0.23109447576797015,0.0006935103556953082,0.19757732184224086,0.0005322902295065327
2020-08-25,0.15561751292404832,0.18340515211328717,0.000888306343228191,0.17278998754873887,0.0006802179013457957
2020-08-28,0.3604987853140946,0.20480379147767555,0.0015817328445997642,0.2795633429249461,0.0009172911166298735
2020-08-29,0.25228066486016015,0.34069125315602533,0.001548403867426341,0.2995854020143194,0.0007223690754184599
2020-08-30,0.2555574657669083,0.30295059881617314,0.0011213126522073489,0.28194551269483403,0.0005060427272875037
2020-08-31,0.27327964798653254,0.26213979830579714,0.0007020942377084255,0.26586800113713105,0.0004510962188870167
2020-09-03,0.23980778940994385,0.21355539496565076,0.000967912286265982,0.22442178660717546,0.0004960527135718443
2020-09-04,0.13935967823027773,0.2077402352141703,0.0006903692144701432,0.1879737057972839,0.0005167578250879915
2020-09-05,0.14953939933626004,0.1831317722805412,0.0007554935121417311,0.17279084640964484,0.0004934439635873009
2020-09-06,0.2517812312923565,0.1715927715218056,0.0007709309587162559,0.19834034389189373,0.0005410224648332981
2020-09-09,0.2691606711456228,0.1770210891032614,0.00093082137208677,0.21299537087733875,0.0006831388868119016
2020-09-10,0.22448612310400812,0.20491506234475154,0.0010199909257962902,0.21130698074156926,0.0006749585332173491
2020-09-11,0.14693313709948647,0.20129410867884498,0.001195482487352794,0.17871088351404715,0.0005537604122898787
2020-09-12,0.21174922933753973,0.17365781794815383,0.0006580346561034237,0.18527678511742843,0.0003520280853039458
2020-09-15,0.14495095766438787,0.17114241709518146,0.0008175370254422418,0.1624179175975042,0.0004556410928900684
2020-09-16,0.14197544336700912,0.15948971829221106,0.0007549473251229047,0.15426191677400639,0.00045877213764786346
2020-09-17,0.20013311457864386,0.15418166889283813,0.0005932859179474822,0.16799555435448008,0.000517135024092708
2020-09-18,0.1473737385321216,0.16930112421906884,0.0007079978453382999,0.16454192723452274,0.00037954679487631557
2020-09-21,0.3829260738063154,0.2959689778248501,0.00298731212526033,0.35013407332526497,0.0011538615995026708
2020-09-22,0.39187932968099504,0.37487696358387346,0.0009437449501805781,0.38314719256858254,0.0005875165396414233
2020-09-23,0.23529870488009613,0.3475983370498144,0.0005656529822191484,0.3203135532563982,0.0003811292822846814
2020-09-24,0.4028029512993586,0.355801975914232,0.000952948105331034,0.373818881383564,0.000608619267613017
2020-09-27,0.3007203068508307,0.3699503350735388,0.0004547349619802509,0.3546867368723502,0.0003869756839332078
2020-09-28,0.2566538726847973,0.33497535161087816,0.0007276227914286285,0.31198447093723186,0.0005853814183742129
2020-09-29,0.32133213358957013,0.29687514484759536,0.0009843070382163468,0.30489829306373034,0.0006561128160394474
2020-09-30,0.35740498824315414,0.28890677377568846,0.001036997567186887,0.3156682964296731,0.0006011450275280884
2020-10-03,0.35110424811980245,0.40286232033083913,0.0005529903137708799,0.39071261246282146,0.00041106328910700356
2020-10-04,0.41806452954696144,0.3880703227921709,0.0005459784574722687,0.39515091506126176,0.0004397076255137007
2020-10-05,0.33809950912472475,0.36988404390375274,0.00045310256599042986,0.3614643318511638,0.0003069773958802428
2020-10-06,0.40642355285673454,0.40306794541560786,0.0006156483003684041,0.40383610722265195,0.0004418191032965152
2020-10-09,0.4224201235258366,0.3316929512543381,0.0008212431086704109,0.36343386824079077,0.00045024472895282826
2020-10-10,0.36769550818262237,0.3464722222580974,0.0006163383937625755,0.3519506773895585,0.0003700221196144182
2020-10-11,0.3018562336882275,0.3499126458088446,0.0005614715542414349,0.3381277434502892,0.00040425732654767924
2020-10-12,0.33520770936022587,0.3397627123020376,0.0006430368531311165,0.33859805003696225,0.00050198193870619
2020-10-15,0.42150756499307207,0.36508319129254113,0.0007439518059945362,0.38093427686338344,0.0004979745285538909
2020-10-16,0.34256684207311516,0.3561094107948094,0.000534052951820755,0.35365907585386763,0.0003765825450633865
2020-10-17,0.42387753711042647,0.3396826126802107,0.0005871422438624621,0.3598735861988854,0.00041925626015288774
2020-10-18,0.30977638291743403,0.3459681992091017,0.0005995846762485696,0.335164034835165,0.0004378122777923921
2020-10-21,0.30811440628452524,0.32443482599531603,0.0011887003941292227,0.31380282674519905,0.0006016387075196037
2020-10-22,0.3331740299177723,0.31371551568289224,0.0010659287466325117,0.32313331981732696,0.0004891953757933477
2020-10-23,0.32035411950945025,0.35424464367179476,0.000755116039921848,0.3451333176498975,0.00045709801477545
2020-10-24,0.23955291313237748,0.3323472539030493,0.0006075164097151418,0.3079142534744885,0.0004676875157144087
2020-10-27,0.39169830001679806,0.37781596946110646,0.0010270166951645797,0.3829066752484781,0.0005607814893536563
2020-10-28,0.34963843087398333,0.36122232487863426,0.000654941573399716,0.3569169462309611,0.0005150120026641785
2020-10-29,0.326827249384508,0.34656415319434913,0.0006824241551752879,0.339424725885887,0.0004803484566059264
2020-10-30,0.2922359018461072,0.3300963223134162,0.0006250882297673644,0.320477694203124,0.0004332239663890749
2020-11-02,0.386991244908688,0.3066254339185572,0.0012753728012981887,0.340039467726173,0.0008780960470537709
2020-11-03,0.3423211166965107,0.34740838404690877,0.0008453207637869064,0.34540066540064684,0.0004917593747881419
2020-11-04,0.2483574760016184,0.3387533775695436,0.0007082001705246105,0.30871230374502334,0.00039381490155837606
2020-11-05,0.3425529146762293,0.3026580450441498,0.0006941611351812463,0.3134530575190765,0.0005219716867309889
2020-11-08,0.4202228692843403,0.32462755065410526,0.0012796143445680517,0.36756698851999337,0.0006347480368281938
2020-11-09,0.3476895594261502,0.36700223719258707,0.0007732408567884661,0.36141486602286604,0.0004926613831672371
2020-11-10,0.336773754732255,0.3666438262898422,0.0007358535723784949,0.3593396062956121,0.000524958766705418
2020-11-11,0.3032983887000052,0.35065257389392246,0.0007717657893713723,0.33442830587183764,0.0005172332317693522
2020-11-14,0.3635413983818836,0.3175917585158453,0.0011804055750095283,0.33562834207590503,0.00065620798398713
2020-11-15,0.4138846439836351,0.3818211794404436,0.0008122464327521097,0.39365244344887734,0.0004607802997926529
2020-11-16,0.284164190177577,0.37291075744623453,0.0006283482483537668,0.34809589854198897,0.0004378870492640292
2020-11-17,0.3556875813886582,0.3416724495684512,0.000918361564308814,0.34802365746827624,0.0005140652409438963
2020-11-20,0.3501041085730777,0.33570567824117525,0.0010219239830595182,0.33883669276936373,0.0006399380421275339
2020-11-21,0.2865816293835068,0.3349975654508411,0.0010325696283216695,0.3155163978815555,0.0006554611335436855
2020-11-22,0.2926407594769861,0.3126007189401946,0.0010006854750185545,0.3051068808966854,0.0006444870302133452
2020-11-23,0.2872604554007384,0.3031153349879679,0.0010971739327747048,0.2964879348761605,0.000769530519987615
2020-11-26,0.3029796612521678,0.2907689971914794,0.0013720008516298861,0.29508254708213494,0.0007209556239899282
2020-11-27,0.39305605376167174,0.2958799598083216,0.000835960133677701,0.3257036938611613,0.0006404845856940577
2020-11-28,0.37332029600022765,0.3220141611338025,0.0009766184046432664,0.339951529328689,0.0007509641023068818
2020-11-29,0.34366198110347296,0.33146351816482467,0.0008483558039762954,0.334689684343664,0.0005799757857338731
2020-12-02,0.3416732989060025,0.3383333094724417,0.0008924749868687361,0.33825537183407334,0.0005090538159149575
2020-12-03,0.397873029247706,0.3542322029834795,0.0005200530053424852,0.3645284257960632,0.00038619957381851993
2020-12-04,0.3959135216180309,0.37717025229438295,0.0006919581751262966,0.383823661924861,0.00046461629300659257
2020-12-08,0.3883044047590276,0.3911943339112976,0.0006759372904959046,0.3914301210743215,0.00042091697780143674
2020-12-09,0.417818972166112,0.3806175812651141,0.000641053251567687,0.3922930019048482,0.00048422180810220127
2020-12-10,0.4026151613185555,0.4166379496231166,0.00046074817516337407,0.4135299819002111,0.00032215221087098883
2020-12-11,0.4122384100000447,0.4194298634361152,0.0005414336318815788,0.4169351365235455,0.0003759538637353527
2020-12-14,0.4000660688427243,0.3671579258751035,0.0006424154088224979,0.3759523821751077,0.0004291803486035256
2020-12-15,0.38555670494947186,0.387057519654038,0.0007619087358857935,0.38668955039248204,0.0005780365492182477
2020-12-16,0.3863443974545919,0.37434627238312673,0.0005264242110886853,0.3792226984664038,0.00044607636133398303
2020-12-17,0.3721600852942541,0.3648313331069824,0.0005795494155210736,0.3665016278524136,0.00040600724645607224
2020-12-20,0.37123616471132453,0.3700434440301143,0.0007736914196179875,0.3729754961944034,0.0005908741772834419
2020-12-21,0.3687597415018696,0.37048560884784976,0.0005972306348823088,0.36932860586216903,0.00035068568539428125
2020-12-22,0.3364631071825219,0.361888154126339,0.000574356740117469,0.356410021941858,0.0004025361711650427
2020-12-23,0.4133284175154583,0.35782823384956436,0.0006643759288023686,0.3757045557974256,0.0005479630488744733
2020-12-26,0.3307343504040136,0.3600541739395337,0.0005845877143296798,0.3530498950561852,0.0004699143360340806
2020-12-27,0.4145978298942666,0.3989551815372401,0.0008107097761402363,0.40360791285620407,0.0005250045128459899
2020-12-28,0.4154086777989196,0.4255808130940727,0.00037159097235564905,0.4244158514265034,0.0003232364357353862
2020-12-29,0.40695145469718186,0.396551048056046,0.0004996981575042529,0.39874356482152196,0.00035925791374474803
2021-01-13,0.34751543341225194,0.3479965466340144,0.0009085569926598925,0.3481359692709013,0.0005711259115946525
2021-01-14,0.3192757471183819,0.3611683823808869,0.000772651952329187,0.3486517272086827,0.0004992270806157565
2021-01-15,0.3405778963364888,0.350801996715527,0.00078956846086239,0.3491656258524125,0.0005060925809686409
2021-01-19,0.3692360364610776,0.3493257787414064,0.0007082497440298046,0.35408174838372175,0.0005556368776978918
2021-01-20,0.3341758581125139,0.3486258977581113,0.0006968393599241151,0.3440785483525488,0.0005043398570742974
2021-01-21,0.3296382437732555,0.3627614822532301,0.0006893613792684437,0.3534408909031736,0.0005362879274896403
2021-01-22,0.37759685621966105,0.3856615102483948,0.0008702257267149194,0.38150950841752873,0.0006628321147092645
2021-01-26,0.38036601781613527,0.3844475444878907,0.00048174385601772196,0.3840998397698119,0.0003052332084420025
2021-01-27,0.4135723006830487,0.38801706171023304,0.00046112151648794843,0.3926537119889352,0.0003625518380668357
2021-01-28,0.3993216914953652,0.38415931778607515,0.00048760824384362064,0.3871771351014677,0.0003542361957052163
2021-02-01,0.39523880600408146,0.42333604842836287,0.00032372812210595665,0.41937961411119146,0.00027206471075522066
2021-02-02,0.4020106502703172,0.397093723714347,0.00045345139461409027,0.3978616372788498,0.00034514924424087947
2021-02-03,0.4106590487006701,0.3796777855565392,0.0005883685927641074,0.3876508575713704,0.00043892104752293784
2021-02-06,0.3964468283635715,0.3956470723707321,0.0007438463891570293,0.3941930370601613,0.0005336919201322966
2021-02-07,0.3652889625295081,0.38608929861649555,0.0006477065713324786,0.3795919368665126,0.0004582436541635088
2021-02-08,0.400357510710528,0.40794112551278033,0.0005319982276914887,0.40636686840196423,0.00038105574083751426
2021-02-09,0.41254630671617065,0.4019736274677874,0.0005071579466282594,0.4058544937747677,0.0003657399653342046
2021-02-13,0.34700876795924657,0.37490732207309085,0.0005734558727800775,0.3680190817216389,0.0004582500147773426
2021-02-14,0.38426032317443964,0.3604794696807675,0.0005578015370974532,0.3674306291983312,0.0004431067547907313
2021-02-15,0.39521306405910717,0.35857137620484375,0.00048497164226758276,0.36773651399782514,0.0004128800287143751
2021-02-18,0.368736226398162,0.35318841238296306,0.0009311191129556532,0.3597027641813705,0.000649954623434952
2021-02-19,0.3445717316561006,0.3508169364698548,0.000853144797671698,0.349315081981632,0.000533630569011375
2021-02-20,0.37802216670081434,0.34191455113162667,0.000635409317575619,0.35444067307322563,0.0004611386554689117
2021-02-21,0.3742529497779766,0.3480636166091666,0.0006480894901833123,0.35458831219378983,0.00043007154369751276
2021-02-24,0.3700071071487277,0.3423537357728308,0.0008118298048125951,0.35090979218375046,0.0004944689028619225
2021-02-25,0.40977970530877095,0.3431757529163476,0.000763816759421314,0.36359402618134196,0.0004569863122669694
2021-02-26,0.29739034556620003,0.35442016118345715,0.0006367576011539316,0.338689251736357,0.0005276613548147556
2021-02-27,0.35697251216423015,0.33184550602893575,0.0007204876262825341,0.33883862136286885,0.0004641582348479762
2021-03-02,0.319094626063909,0.32624756698182295,0.0012586492991045351,0.3222835579656163,0.0008373683079041167
2021-03-03,0.3742111400757488,0.31982535781919685,0.0010998566677912203,0.3396702108590576,0.0006393013519929632
2021-03-04,0.3538187847458048,0.33517618598808147,0.000757422001164429,0.3410618421519021,0.0004765793986321461
2021-03-05,0.3488678868859921,0.33677612042310917,0.0007413821940145454,0.3407667925304028,0.0004633614264841679
2021-03-08,0.3097029759530847,0.34827637086290325,0.0009782512384669483,0.33483072349901966,0.0005213703012843774
2021-03-09,0.3007485401382046,0.328441418603485,0.0006158790402655938,0.3212467253347818,0.00037944907434634285
2021-03-10,0.32737359292164747,0.3163848340747675,0.0006654496348762795,0.3196029490963437,0.00047311883329863156
2021-03-11,0.35070859207364774,0.32685218000882577,0.0008809276679017121,0.33430298798987224,0.00051826423632387
2021-03-14,0.3433422184771588,0.34850996477043084,0.0007735166807391895,0.34742933928434055,0.000507513209248804
2021-03-15,0.35106567929401317,0.3505284454687321,0.0007390535049058495,0.3525193023734235,0.000518927404852584
2021-03-16,0.3758102880435516,0.3478471751072968,0.0005705387578441349,0.3551219000394276,0.0004170239468486254
2021-03-17,0.319711167722004,0.35189971962513283,0.0005157091860648354,0.34378547674469745,0.00035376611725783456
2021-03-20,0.3213697742975996,0.3453428117355108,0.0006712344262848885,0.33832545343658565,0.0004961284424829279
2021-03-21,0.32148715891847485,0.32833346756367454,0.0008562015268367019,0.32135905894184363,0.0005187390270600414
2021-03-22,0.3337205413510498,0.313594592487994,0.0009131591423488364,0.3209755142977215,0.0005127442784232214
2021-03-23,0.30154409799878995,0.31181774449776506,0.0008826719367289253,0.3086653575936117,0.0005274212343140422
2021-03-26,0.30579492500249117,0.29772571247973295,0.0009318928116376902,0.3022425361597278,0.0005788147744886059
2021-03-27,0.32060174389496426,0.3008849640308269,0.0008739575775606515,0.30855955612102826,0.0005276747536955203
2021-03-28,0.3431128470746261,0.29955028142004886,0.00074776391879892,0.3148566783767021,0.000494961922794073
2021-03-29,0.2968893119131311,0.30568785114481545,0.0007289056874801227,0.3035367441442613,0.000561889036967166
2021-04-01,0.27162002388397655,0.2748356349216489,0.0013590720355361212,0.27318610878746424,0.000675607671341082
2021-04-02,0.3221170347184833,0.2654837319351487,0.0007703387684961462,0.28378777447163,0.0005811972029623273
2021-04-03,0.3188168573074531,0.27771289942166527,0.0010961228855447494,0.2918903062960911,0.0006253055347767218
2021-04-04,0.27119264545721183,0.28607503853082855,0.001008486335507214,0.28253476136673394,0.0006268902593080047
2021-04-07,0.26143514291328696,0.27520467178214736,0.0017485531948676092,0.2676278240484471,0.000878211227434553
2021-04-08,0.28238264861543505,0.25696096467233304,0.0012649964274296006,0.26833365382878344,0.0007435466894639965
2021-04-09,0.366329688448382,0.28775527243290877,0.0014771383334107842,0.3244220707140041,0.0009093724533258965
2021-04-10,0.30726025499927384,0.31393180614509675,0.0010294808961097447,0.30901242652773886,0.0006050497480787195
2021-04-13,0.2507468774026283,0.319289793709604,0.0012196969646091687,0.2889784539067888,0.0006971702897128857
2021-04-14,0.24889858281916424,0.2810402235658127,0.0009869915874433795,0.2705498884190957,0.0005880065729176367
2021-04-15,0.24786749396511593,0.2643246342752248,0.0009627964404175546,0.25845263916094136,0.0007619927836787881
2021-04-16,0.24518011412101925,0.25297849435125425,0.0011837598577302333,0.24908898086209866,0.0007606392537543972
2021-04-19,0.26276701614055076,0.224587933149128,0.0013452604650683346,0.23998099653666144,0.0006369117241043794
2021-04-20,0.28735297223213463,0.23667655978891905,0.001055318524283448,0.2569154834875239,0.0006429977675487033
2021-04-21,0.28363526569058733,0.2485210656620542,0.0008040825974255818,0.258286739453729,0.0005949790396556447
2021-04-22,0.2794634159111683,0.2487939003493733,0.0011666474959412798,0.26231225070462655,0.0006025783362874507
2021-04-25,0.3332412619313682,0.22325809323217263,0.0014180579847194181,0.27531961050945486,0.0008429037480688489
2021-04-26,0.39449815810114874,0.3331652017966887,0.0015491364459092128,0.36295137699105484,0.000748999141666947
2021-04-27,0.31329545585006213,0.3514447992008374,0.000553341049660327,0.3413534759045514,0.0004368442360404685
2021-04-28,0.3548227637765253,0.3328855905063711,0.0007089408141065977,0.3388243139701026,0.0004144107862633343
2021-05-01,0.32087452199706007,0.3653582543798472,0.0010272139334012093,0.34631941579517395,0.0006851305407154718
2021-05-02,0.24432532390798045,0.3267777553161229,0.0009099549837196537,0.2990948148428724,0.000544506191841065
2021-05-03,0.24728881054795415,0.28385395634533556,0.0009102495832363771,0.2708950089196593,0.000546951782793686
2021-05-04,0.2875714774221628,0.2565892314715863,0.0007824317423749332,0.26694513674202186,0.00041725165676877727
2021-05-07,0.3308476884883311,0.30111492588541783,0.0015827573121778046,0.3139270746344603,0.0008136955903477769
2021-05-08,0.3127543967758782,0.28785708819328354,0.0011803688662955975,0.3002839284288667,0.0005647715193726099
2021-05-09,0.3764819346992648,0.3371729730722505,0.001387140807186573,0.3554282418112772,0.0006914266450291841
2021-05-10,0.37220596883564405,0.3446658565382925,0.0007080345459598764,0.3526291351277234,0.00048268793547857273
2021-05-13,0.40442341479517785,0.37139172421277683,0.0006096739378892408,0.38159242181643827,0.0004788999408371852
2021-05-14,0.40457384197614443,0.36141103864876384,0.0004933014012511075,0.3725134721856348,0.0004508346311383334
2021-05-15,0.40429032981729807,0.39645184111404147,0.0007579598294719462,0.3975718302980054,0.0005415034193652641
2021-05-16,0.3624494393261317,0.3868299516785653,0.0006214495886259044,0.3799909045703545,0.0004013382924910751
2021-05-19,0.337100082278149,0.33055779848102385,0.0006515673427400268,0.3325543140891423,0.0004729469982498666
2021-05-20,0.25871439962949316,0.3138056953297157,0.0007199697702708385,0.29584684910224834,0.0005055870864974446
2021-05-21,0.3741013605806113,0.31882410428467717,0.0011677155609690565,0.34114823042552134,0.0007308037054174832
2021-05-22,0.3312825272246119,0.329326502826202,0.0007894944230228813,0.3273891212393791,0.000535879112073982
2021-05-25,0.2500522374132317,0.29192554717298774,0.0015841859835619928,0.2717861810682125,0.0007169821170318354
2021-05-26,0.21803045586704906,0.2541550918179498,0.000997766293415826,0.2432375670516178,0.0004458728890997614
2021-05-27,0.24275210823428897,0.22557024133069636,0.0008848286673676068,0.23399674430270828,0.0006036381397511796
2021-05-28,0.25541979841994117,0.21773321412573207,0.0008295351032437068,0.2321300719583591,0.0005139070242743106
2021-05-31,0.30826397557043556,0.2246956750970834,0.0015692102703069434,0.2661320827482696,0.0006767019431024338
2021-06-01,0.34935566891323977,0.27419053729518966,0.0011098065438058542,0.30444794923820795,0.0007241309772293468
2021-06-02,0.22685738894369542,0.2875143790115628,0.0010871719825745808,0.26167836999048694,0.0005596630144750111
2021-06-03,0.2610882572315244,0.24673647211546876,0.0008504099531927684,0.25078551536904375,0.000491709711312587
2021-06-06,0.23010255226753837,0.3100399634480863,0.0013643075418584734,0.2727883543203836,0.0007344563107104636
2021-06-07,0.2918271487252553,0.25802426715611776,0.0008915782840166638,0.2709279022199842,0.0006407145186836978
2021-06-08,0.1438099118750631,0.2468153994326035,0.0009170018860177661,0.20956857884729094,0.000588339091427407
2021-06-09,0.30091527115542954,0.19393868330789982,0.0007944359426135568,0.22903040230298757,0.0005636368964346669
2021-06-12,0.21981277354534123,0.1942358717003895,0.001284003649137404,0.2075843955725395,0.0006442278895258779
2021-06-13,0.39798467627284184,0.19408262755483263,0.0008217331599348373,0.2620787322066554,0.0004950809310549046
2021-06-14,0.3551063443378818,0.2348051227100884,0.0007685148100427481,0.27420601242714593,0.0004883112997334207
2021-06-15,0.25319100081141205,0.2543673098380773,0.000898619749629814,0.2520522223495351,0.0005517565112806025
2021-06-18,0.19148251492412527,0.30938588453142657,0.0019392299636040791,0.2475091692492187,0.0008851053023101554
2021-06-19,0.3917565058875562,0.3126379549648837,0.0020663537741800802,0.35674295801591527,0.0007049489073167407
2021-06-20,0.27382445701987934,0.3386373546830069,0.0007891943455070217,0.3196461765228749,0.0005158949625695908
2021-06-21,0.3874512340364584,0.3236464970177041,0.0010082496633953876,0.34674268205530767,0.0006000727655938782
2021-06-24,0.2713513906625341,0.32090974766988806,0.000981036471016348,0.30060784486394065,0.0007510564219408226
2021-06-25,0.15278713603833788,0.2786304918489131,0.0011129310041956483,0.22350867891183568,0.0007205005582530997
2021-06-26,0.2249807804515373,0.33133458665404264,0.0022221389210202347,0.2703278504742602,0.0008560499655975792
2021-06-27,0.2936811267202756,0.35389576969187686,0.0014375294907492018,0.3281407597262646,0.0006903674344125094
2021-06-30,0.2260437656689676,0.31273551433196656,0.001063720861197018,0.27402883435063946,0.0004731920753178988
2021-07-01,0.2419278341538315,0.2485624349606015,0.0008782476444079095,0.24680708677865468,0.0006085980639212169
2021-07-02,0.2831531023786331,0.2234322163022858,0.0008214671003742955,0.24207369577434013,0.0004711428236140638
2021-07-06,0.36162052914720016,0.28872428242588394,0.0015812706041606393,0.32428479657059744,0.0008376281602748215
2021-07-07,0.31832727482392104,0.3489028088168882,0.0008296409166612461,0.3381426537141718,0.00047703627663951774
2021-07-08,0.22938870941800282,0.32168530380169685,0.0007716141059892776,0.2906038375640503,0.0005204214813406719
2021-07-09,0.19652594119080818,0.2675361535532055,0.0010917525984088469,0.24416811419113527,0.0006655464770656669
2021-07-12,0.36582473110298586,0.2367094601695227,0.00196963720295637,0.3060254601698964,0.0009084710754826577
2021-07-13,0.31614109876823,0.32576934104012983,0.0011563481118977439,0.3219145290490534,0.0007853095470907084
2021-07-14,0.36635475247103855,0.31901776596157405,0.0010423036231252275,0.33960167379070844,0.0006929328016152916
2021-07-15,0.31570072654244963,0.3196877316974942,0.0010813432479546826,0.3158816866332147,0.0006908212578703118
2021-07-18,0.16535388148085883,0.24302937965697902,0.0015296164757527266,0.20502868241342623,0.000878921024896273
2021-07-19,0.23335848270617449,0.19061917589818658,0.0008363172901821234,0.20379084264022218,0.0005727293646002824
2021-07-20,0.21232398729504506,0.18747383876742202,0.0008081558568327087,0.19812992812772467,0.0005443774967439591
2021-07-21,0.14597975849331268,0.18750590843400644,0.0007363203517921206,0.17351692449008968,0.0005012147036858834
2021-07-24,0.20054684381928972,0.25421822759756457,0.002416377252113574,0.2213782210241637,0.0008247191748342244
2021-07-25,0.2668807738801918,0.20766207019717833,0.0009946558203348778,0.2316433049767317,0.0005673705229336012
2021-07-26,0.22608818068699113,0.22420771036325354,0.000653692568540527,0.22418019406164422,0.0004857120062169494
2021-07-27,0.21742852818504402,0.22922782515042908,0.0009314122468618009,0.2241354781839369,0.0005629309276949067
2021-07-30,0.1642225184462218,0.21143750546193538,0.001162780600256388,0.18914954885926008,0.0006499427075643937
2021-07-31,0.32652227213246593,0.23473684064656802,0.0017704036088538075,0.280171655864403,0.0008236176529552499
2021-08-01,0.3237762970270539,0.3002851326274874,0.0014071610375114495,0.3111346562710715,0.0006947922867867936
2021-08-02,0.2477016345199904,0.2912564729407749,0.0009332994622295945,0.2756200862268577,0.0004925149180204005
2021-08-05,0.18783468102031117,0.3121427094240589,0.0014801187510769052,0.2532421491585754,0.00081175264670312
2021-08-06,0.2781695412626697,0.23535122273774867,0.0011665138758187217,0.24864373323379996,0.0007064947237650813
2021-08-07,0.28708293670503177,0.26732152462982817,0.0014023977541887129,0.2716492108624834,0.0007192156845426415
2021-08-08,0.22421451186514418,0.2524414380162966,0.0011327292436102872,0.24081015699390154,0.0006876307837627264
2021-08-11,0.24221191650552876,0.19289913895279312,0.0013314468133603147,0.21683465578821184,0.0008850196706811791
2021-08-12,0.22164639525807028,0.26076716393402904,0.0016814074742280633,0.24036699320546032,0.0007144828973792542
2021-08-13,0.19882536645879362,0.21923682296645977,0.0009329691362878448,0.21068282594933213,0.0005790832729713504
2021-08-14,0.211413313608132,0.19589890115230146,0.0007326997451620404,0.19924649250019033,0.0004440353279958366
2021-08-17,0.12686019060217094,0.1818561847409209,0.0008607174987781559,0.16320114700671598,0.0004650329739967628
2021-08-18,0.15501058289459968,0.1613333377692771,0.0007674757568503134,0.15976163232713508,0.0005045379255271757
2021-08-19,0.20109399084216023,0.1639267996544922,0.0006846910489567362,0.17350915223662602,0.000483686669738089
2021-08-20,0.2507332543394055,0.16446920458326267,0.0007227335521691023,0.19268638193179363,0.0005044110504755449
2021-08-23,0.2520596672421736,0.17773368498052503,0.0010025538692032706,0.2070146804784458,0.000605525281243594
2021-08-24,0.20452095705070647,0.19642673928369192,0.0007639601601632201,0.20133677492437851,0.0006048944495173674
2021-08-25,0.2908197085703006,0.1862081673987044,0.000778101375690528,0.21966628071105737,0.0004706016403001827
2021-08-26,0.13437562207308368,0.20447935022498534,0.0006760677856305352,0.1838781802071136,0.00045610038245851367
2021-08-29,0.12598868692408693,0.16808792518282856,0.0007444415961207206,0.15584925204352848,0.000523359890794749
2021-08-30,0.18583411602268787,0.15620365687321194,0.000541324937107559,0.1629249024428041,0.0003500166978068677
2021-08-31,0.1815950905967823,0.1607661984658501,0.0004973435166119929,0.16424164311575346,0.00030219590074694866
2021-09-01,0.18451378535285215,0.17833720962678687,0.0005756557275592535,0.1787672309351999,0.000450157163971915
2021-09-04,0.3766541071858383,0.19472005183147192,0.001155642041592709,0.2687383166611058,0.0006209440981051504
2021-09-05,0.26299774469582793,0.24657440849309367,0.001105684075492875,0.2534761838843489,0.0006219709809464575
2021-09-06,0.30523639828891297,0.2333917600268155,0.0009187478010708448,0.26236615225297416,0.0005197125060621803
2021-09-07,0.19466147959834004,0.24319427090577922,0.0006663081214313927,0.22999220047608668,0.00047734470199924654
2021-09-10,0.2668307459311476,0.3893134335928485,0.0006142961922088944,0.35538356982749825,0.0003939544997345287
2021-09-11,0.3328332037637161,0.3275309670504926,0.0005473656683008377,0.32950385076159194,0.0004808146931581477
2021-09-12,0.2854263663715046,0.30617129353920025,0.0009038106350239646,0.2981099928108966,0.0005364654145109666
2021-09-13,0.16610680114707696,0.28788087498555154,0.000997599117020412,0.2416752691539461,0.0006185421911732418
2021-09-16,0.35223883076426854,0.2779672819596182,0.001548104029729766,0.3117923402085346,0.0009304539692621294
2021-09-17,0.3395900712072852,0.2996319374739958,0.0011402338359117945,0.3177122134175805,0.0005183952339164683
2021-09-18,0.39575288274658765,0.3829697387458524,0.0008887649274263172,0.38836162589159867,0.0006250959596327952
2021-09-19,0.29147203689190804,0.356639371784477,0.0005223494181857221,0.34042871676159053,0.0004019198467779271
2021-09-22,0.23718733938657693,0.32406580074418384,0.0008326509139758662,0.29570726033952516,0.0005529226383506502
2021-09-23,0.35774174044855617,0.27982328704275483,0.0009625726093233225,0.3098761791901609,0.00057848987540665
2021-09-24,0.2372439407187062,0.29040687713969754,0.0008103351902091181,0.2735969655231189,0.0005413850459770973
2021-09-25,0.2700791005988947,0.2820676238611283,0.000968622543082963,0.2780635849240029,0.00046168825990575694
2021-09-28,0.36789491628580795,0.2596857272186102,0.00130947505797769,0.3066965353259308,0.0007238707670379199
2021-09-29,0.34541945776321875,0.29889806146648085,0.0009337040374459016,0.3170626231199411,0.0005957240095273575
2021-09-30,0.33552974913578115,0.3012558523078714,0.0009432632397093098,0.31709853706771535,0.0005261012708493841
2021-10-01,0.21730148884868228,0.30539248850918616,0.0007594856918219879,0.278081219671552,0.0004968172691176106
2021-10-04,0.3930686863916773,0.32518118356228387,0.0011849885359942899,0.35055928580694773,0.0006410393434189817
2021-10-05,0.41806452954696144,0.36965390038999046,0.0009737233918287224,0.3873920286149853,0.0006525822360613616
2021-10-06,0.3797921004009154,0.3543880152250679,0.0006204812658263594,0.36066074718390484,0.0004695762683739679
2021-10-07,0.2876463487777619,0.3387331947105105,0.0005583277580378355,0.32593934249033846,0.00045274453686417474
2021-10-10,0.2539301918566976,0.29004411577235173,0.0013490299902954555,0.2728047807702668,0.0005634569945005097
2021-10-11,0.3195736420684227,0.2642054380561977,0.0009156034587965477,0.284521801103762,0.000520434350880955
2021-10-12,0.26868558806367854,0.2745293561423038,0.0009009643065916923,0.2726995447934335,0.0005942953273829032
2021-10-13,0.29661523303548903,0.2625699356855807,0.0008869707350933229,0.27379154834416775,0.0004979022791223199
2021-10-16,0.30688873588860505,0.24935851756245453,0.0011789690896236182,0.27561048615060935,0.0005317073226268735
2021-10-17,0.2391202893112052,0.2652430816803844,0.0008569898008278776,0.25738852503543397,0.0005132503598853597
2021-10-18,0.2695749840862881,0.2515513304011151,0.0007252912499123908,0.2589447424104194,0.00044989070815251736
2021-10-19,0.37068020808726054,0.2531083273749581,0.0006985530174952842,0.28896208590461475,0.0006096146917364347
2021-10-22,0.3321397373339086,0.28603565091815,0.0014630811893899226,0.30725715814080945,0.0007823266602879521
2021-10-23,0.23644083627075763,0.2994581819447611,0.0009151227246085241,0.2784996290182915,0.0006222851722866254
2021-10-24,0.3318499493595146,0.27320945644507016,0.0008093377939197349,0.29248452267431224,0.0005651542123864417
2021-10-25,0.2968606620983424,0.28659347357662257,0.000920192228039701,0.29071420649310104,0.0006077760149964773
2021-10-28,0.28046556060208205,0.27902646140419696,0.0014081852860855124,0.2808394554445764,0.0006739727217135097
2021-10-29,0.388135729023221,0.2881339602973813,0.0010399174996633283,0.32773669176800296,0.000560798014321069
2021-10-30,0.4211204635613443,0.3364221805830987,0.0007118447137356249,0.36196395099836337,0.0005143913521499879
2021-10-31,0.4167123886275036,0.38486213146575743,0.0007951282873576929,0.3960984501334525,0.0005645633912022189
2021-11-03,0.4063886014859583,0.384735929806033,0.000555495880289319,0.391902920618797,0.00045707245880670974
2021-11-04,0.379128914198547,0.3767380839436894,0.0005897656591280844,0.37875959370724344,0.0004154164774616068
2021-11-05,0.41609295951464564,0.369456115481464,0.0006349421622575994,0.38227276871832144,0.00043077467425517766
2021-11-06,0.259879938972237,0.35948471086412864,0.0004064075754748616,0.3384906821832752,0.00035105698484796114
2021-11-09,0.3264321829403568,0.3362727371753021,0.0009304144391290273,0.3353267566749055,0.0006192544048242972
2021-11-10,0.3782487535376131,0.3358135903067116,0.0008330111873720683,0.3513540477614272,0.0006162414632296132
2021-11-11,0.296248361754306,0.36000454268204907,0.0006135938905100747,0.3426854656879063,0.0004134719275385142
2021-11-12,0.3139740425628195,0.3373983393948587,0.0007649652893974158,0.32972856412615625,0.0004940512668117281
2021-11-15,0.34497128008651257,0.34879518998849185,0.000993928825630138,0.3473647281044169,0.0006510763837952798
2021-11-16,0.36374304409693403,0.34640381800723413,0.0009727920974728934,0.3494442990025826,0.0006208268299520026
2021-11-17,0.38834200466757124,0.3461935674975788,0.0007962822733015429,0.3612213008167823,0.0004966835164132412
2021-11-18,0.3089094036441482,0.34802178056313227,0.0006554315953109461,0.3375043742455728,0.00048183294407837805
2021-11-21,0.2698106181296073,0.3276477815029679,0.0010541392149966255,0.30452906994648615,0.0007198001635126737
2021-11-22,0.2884048644379842,0.3003359968520864,0.0008997702619674253,0.29668993890788786,0.0006625085373671248
2021-11-23,0.34838025836468356,0.2971616903342809,0.0008988341980048549,0.3176432038603961,0.0006705190023324718
2021-11-24,0.38649259861962626,0.3760205518676585,0.0011395738995424373,0.378866579664185,0.0006501836429876171
2021-11-27,0.37703428982250203,0.4157458590511093,0.000514736446920763,0.40501335672567085,0.0003440981357582552
2021-12-03,0.36314712805514054,0.3679361246432196,0.0005840221214200457,0.3668193850436631,0.00044372161310227284
2021-12-04,0.25570312726546607,0.3960502649189897,0.0007088144652275646,0.35215347970920274,0.0004662755428651429
2021-12-05,0.34896601827981744,0.3916310488920088,0.000832523088180766,0.3791115762051262,0.0005536142145182722
2021-12-06,0.3689073046388801,0.36941372393806843,0.000629176940699653,0.3715887007251864,0.00043521411281718903
2021-12-09,0.41805202028823996,0.4255541312882655,0.0003386961131845019,0.42413292973798145,0.00030526763817983506
2021-12-10,0.315822150387447,0.42415349396579577,0.0004309917015937704,0.401458411180409,0.0003151012587866382
2021-12-11,0.3772265090469147,0.3838806090942369,0.0004483067136949138,0.3828410201759715,0.0003957985957798946
2021-12-12,0.35784848640876754,0.3691969132872366,0.0004005256689608435,0.3674766390927551,0.0003656957282957999
2021-12-15,0.3977977424525465,0.35821295569250305,0.0007127203287302287,0.3687643667349289,0.0004898170599212066
2021-12-18,0.3621181382325372,0.3545779813626349,0.0008018247103067827,0.35519116687419816,0.0005975923570454859
2021-12-21,0.40630338728093474,0.3472478196692894,0.0010728994176578137,0.3724111267482271,0.0005246217142632535
2021-12-22,0.3470564189597107,0.36264838469703137,0.0005999949970390472,0.35979444188765675,0.00045440672691549885
2021-12-24,0.37960217917088634,0.35318926698263425,0.0009118219450901685,0.36139087022645905,0.0005055473068085543
2021-12-27,0.3915343073612696,0.39208859806376706,0.0009071862130156447,0.39367487009877683,0.0006217365457109487
2021-12-29,0.40255932246277937,0.37339539730990023,0.0005814891917966367,0.38091424348796127,0.0004294585990400088
2022-01-03,0.3408853232203275,0.34181125980174154,0.001049684856794039,0.34089702064922034,0.0006269195414240299
2022-01-05,0.3640454102541656,0.35621413597128165,0.0007966739522528016,0.3600758823257398,0.0005139656823880321
2022-01-08,0.36988425593698004,0.3705595832301805,0.0006808993041172585,0.3682494550406305,0.0005326001609717582
2022-01-10,0.412429061173229,0.42328588056184785,0.0003342608022394656,0.4213062781804298,0.0002794121885899017
2022-01-29,0.3384190663586111,0.33644393716238086,0.0016207783050743486,0.33611189614843334,0.0008549210878917296
2022-02-01,0.3594362931683569,0.3419055986044709,0.0011772655790910189,0.34847351729466675,0.000811031380431741
2022-02-03,0.3570275618690138,0.33646906212453076,0.0009873347463069196,0.34296835150382654,0.0005906874453585345
2022-02-08,0.30370780180120355,0.3387270965946122,0.0014351427974701007,0.3246436027669431,0.0008337531735010717
2022-02-10,0.3619112373030708,0.3186267374151216,0.001316983796326729,0.33706658486402885,0.0007428378459298465
2022-02-13,0.3425536415484491,0.34504536787179807,0.000772711609173304,0.34415693792478197,0.0006194493709406417
2022-02-15,0.4135046646026889,0.3891359958282653,0.0006734939265450351,0.39525289593802754,0.00044520402265800204
2022-02-20,0.3492511607416018,0.3396966942061679,0.0008971073588538719,0.34552092923185507,0.0005946396851520836
2022-02-22,0.39927568623622156,0.3434531579776512,0.0006311318542369459,0.3589310175867783,0.0004613651911921873
2022-02-25,0.3079962455665461,0.33846774735929636,0.0008699428089559899,0.32854699324586356,0.0006221197626936424
2022-02-27,0.3275354943225764,0.3197874339984561,0.001144990043347027,0.3218014980306285,0.0007069952878168985
2022-03-04,0.35966572936286784,0.3684935589820867,0.0009810393063046825,0.3646785413100361,0.0006947649678269344
2022-03-06,0.36997956080650224,0.3523919428425389,0.0008340220384083286,0.35760386057761934,0.0004899351375987085
2022-03-09,0.3274330467640356,0.34025851365795645,0.0008107724978645232,0.33792331237342615,0.0005719560840963816
2022-03-11,0.3772474992440018,0.3952849963887073,0.0008103933307065147,0.39022255760670044,0.0005758647705019496
2022-03-16,0.353809893888644,0.3540200140348119,0.0005310723600328908,0.35282960749360187,0.0003856359872156023
2022-03-18,0.36509310586737725,0.372490266117483,0.0005585922944639373,0.37192789639040563,0.00039798623209307666
2022-03-21,0.3126709457268501,0.3374633901509882,0.0010862072276684954,0.3280893092068225,0.0007775504388888367
2022-03-23,0.3278134561216576,0.3182657798691581,0.0012069753647093783,0.3227994036488727,0.0007170176558975855
2022-03-28,0.30718594578650593,0.2836631427538823,0.0019892829487484034,0.2995453268871765,0.001046864658104325
2022-03-30,0.3568556023298416,0.3382871010052426,0.0011878698300953725,0.3440534152699996,0.0007309950376985072
2022-04-09,0.2601585759367124,0.3371318997448516,0.0009044853379637014,0.31091166779403495,0.000655595093799813
2022-04-11,0.2764546440155048,0.29235156747040564,0.0012844693530579092,0.2857577732523236,0.0007513975177560056
2022-04-14,0.27233251853859386,0.3557242022029195,0.0007803618944040795,0.32746826172401994,0.0005660864172897683
2022-04-16,0.3287631004762777,0.2967065410680312,0.0011975262379384608,0.31137273675005167,0.000538446889439231
2022-04-21,0.35526209989180924,0.3648066352306052,0.000879514250280211,0.36201224137589805,0.000574188526087216
2022-04-23,0.33534032575727235,0.40014231194006816,0.0008721876887196388,0.3793144228270442,0.0005695252002400345
2022-04-26,0.2811008561653123,0.32141440966798496,0.000955745995689881,0.3055722251555174,0.0006505100768217586
2022-04-28,0.2694133611575922,0.35271514726012027,0.0010787981331538618,0.31908962196791824,0.0006480841068934903
2022-05-03,0.24638380716755776,0.31679453812989405,0.0022258449219826333,0.2769306147501973,0.0010444491398752676
2022-05-05,0.2966065892347891,0.257072623365725,0.0015693574143432966,0.27979520320956724,0.0008783020288727912
2022-05-08,0.26860637697569734,0.23898192180017097,0.0018313759794312602,0.2604387831345504,0.0009486479139362336
2022-05-10,0.269477243063249,0.22913892379866727,0.00141850805661463,0.24759225913188093,0.0008449663815131909
2022-05-15,0.3892316284281769,0.27590369702411577,0.0031133349832905945,0.3498955331389733,0.001234677881213432
2022-05-17,0.3269434323025533,0.30201270306471906,0.0015202678330595123,0.3140652375900852,0.0007653667697447638
2022-05-20,0.24023874419120456,0.26425619997195915,0.0020511252877695994,0.2481315334294407,0.0008687648738546537
2022-05-22,0.23859850699336996,0.2155701355086255,0.0011882867018820971,0.22619971121695365,0.0006204123542290246
2022-05-27,0.23286214525732346,0.21929478642271893,0.001172959954310164,0.22327207263402996,0.0007011672015842565
2022-05-29,0.23888264230081346,0.20089007834295078,0.0009447351473571562,0.2150099401219842,0.000632743439407501
2022-06-01,0.3116179812746521,0.19088490297138816,0.0010008869059886403,0.2360224801126681,0.0006021332059264052
2022-06-03,0.12910508705180812,0.25640453177347394,0.001562990896086597,0.1927998015425386,0.0006394417652637816
2022-06-08,0.354122584426138,0.3139222122761309,0.0029628452189654378,0.34072471789390113,0.0008802718379358226
2022-06-10,0.2565795358798944,0.29213725498864024,0.0012694303813514606,0.27884128970224764,0.0006878136620955147
2022-06-13,0.25346283658619395,0.22952054426477655,0.0015705912616407872,0.24093460511875478,0.0008747958030739963
2022-06-15,0.17623459938405733,0.19459108071933542,0.0010547740646499693,0.18460505474689234,0.0007029198245070011
2022-06-20,0.19978623986172242,0.19592199153280324,0.0012872570315780416,0.1945013879371526,0.000800439780047034
2022-06-22,0.10661263915160935,0.2585115329816472,0.002696260857200956,0.16632957355591502,0.0010244210675002846
2022-06-25,0.3898769979992116,0.2638704283206147,0.002618822793444601,0.34270409596680246,0.0007641329166688004
2022-06-27,0.3145729499622377,0.3402739807646802,0.0005734834015075567,0.3310801688923713,0.00041528910899811777
2022-07-02,0.1334147229880001,0.28377395087470636,0.0012443525551464232,0.21955170676474453,0.0008787780501514072
2022-07-04,0.15190021225158853,0.24581985489168612,0.0017353683431353102,0.19713831763997927,0.0008986749613108738
2022-07-07,0.1683362769253117,0.17285714528558782,0.0009006238127853986,0.17223935183033454,0.00044880613265447
2022-07-09,0.22755324173271735,0.15964277639699617,0.0007661913988954963,0.18027684507886266,0.00045976373321720193
2022-07-14,0.14244309131216026,0.14708472260321534,0.0006930750720408784,0.14393834244206152,0.0004922683533870133
2022-07-16,0.2127505412693796,0.14530544517407326,0.0006419464258914208,0.16452088080964353,0.00048277457986302093
2022-07-19,0.1696996713475502,0.15207893758122037,0.0008646654070585732,0.15784118987732465,0.0005749016645433929
2022-07-21,0.20788447690783177,0.15516006265058296,0.0006320814072536096,0.17153779456870805,0.00041333668344993395
2022-07-26,0.21831566775684602,0.1596643728345827,0.0009481887560099023,0.18315745541404024,0.0004727781259554017
2022-07-28,0.14018454385549795,0.16892201987480615,0.0007807670984002845,0.15984873981738107,0.0005088253056357964
2022-07-31,0.1779218339090509,0.1541778004060416,0.0007831675618303987,0.1638507881165415,0.00046807471781420425
2022-08-02,0.16917687896383218,0.1547607778253938,0.0007216816015430274,0.15931728438135193,0.00044155029159171694
2022-08-07,0.12720354289970318,0.16258039100058888,0.0009240441100082695,0.14906859636360673,0.0005594736165611638
2022-08-09,0.1542246910489966,0.1430784365690716,0.0006508988312195276,0.14585168246472438,0.0004955874164056164
2022-08-12,0.17498147056140967,0.14836242625801438,0.0006664040154168185,0.15746833324741125,0.0005584288660285992
2022-08-14,0.13382511814276105,0.3014091763656864,0.0034626312282347595,0.18471317697763123,0.0010582692871529428
2022-08-19,0.21846066744453488,0.25136677747465225,0.0027528581362749657,0.23078433309194282,0.0008552103699028667
2022-08-21,0.1829737510360706,0.19352720363525477,0.0013079477655589373,0.19080835681523978,0.000812459416018868
2022-08-24,0.1827020113462467,0.1682857457321567,0.0011157698086395739,0.17387767622232367,0.0007591496058360703
2022-08-26,0.18889016198045974,0.17209715973201123,0.0007907525459054868,0.17725504819882204,0.0004982674398361937
2022-08-31,0.24519785276563166,0.19740323527478063,0.0012847116409299862,0.21932944168278723,0.0006576425401319533
2022-09-05,0.15829496120573366,0.17580111550762337,0.0016267558942911924,0.1683035262143483,0.0008633096674615177
2022-09-07,0.13015670221861694,0.1647030298115698,0.0011706936129061059,0.15269396897143298,0.0005680309534431662
2022-09-12,0.25311350364056007,0.179170647222515,0.001000112735233986,0.20798655790846393,0.0006223303357829914
2022-09-14,0.2388126048345755,0.20618893958587145,0.0011066055507714238,0.21816090516583056,0.0005954830319734975
2022-09-17,0.18667920365417856,0.18958104145149263,0.0009218329962548549,0.19098848795242185,0.0005045034113355738
2022-09-19,0.13954863239986237,0.17643195284743413,0.0008885623595044743,0.163616956933507,0.0006189137967426001
2022-09-24,0.37567430960205783,0.22451829502415868,0.001973323065435559,0.30951742900027507,0.0009450407537118009
2022-09-26,0.22039267207132932,0.29534718870175575,0.0011523204266714636,0.26381921106506023,0.0006970766450357489
2022-09-29,0.4108982442278171,0.3864161654213272,0.0009524233529275254,0.3955048013316762,0.0005547655107970997
2022-10-01,0.1952476764536904,0.3321244608549535,0.0006049708472423896,0.2939277834819469,0.0005054824259561101
2022-10-06,0.16702285938073458,0.22602597674591063,0.0016136045318446038,0.1977823011000739,0.0007793755663773067
2022-10-08,0.21213156585002993,0.21440982467478964,0.0011182377284477876,0.2120595606187909,0.0005924810172326289
2022-10-11,0.2752994805060079,0.19741914106084732,0.001338056948985874,0.2344126658707138,0.0006982659498878934
2022-10-13,0.16970916409057618,0.2554883974455041,0.0012807913072094984,0.22038203449819316,0.0007378488985699332
2022-10-18,0.23698267253826,0.23420181540139343,0.002362046841859301,0.2342104641165848,0.000726021129598848
2022-10-20,0.2861374803606556,0.23780058828490402,0.001589461793563473,0.26163172074469865,0.0007141347931079572
2022-10-23,0.2813222663510925,0.23408536610058536,0.0017647789355029141,0.25612872509361095,0.0007957139712058239
2022-10-25,0.2538332699437758,0.23561897927905628,0.0015157506680394987,0.23998715888742012,0.0008122616648058314
2022-10-30,0.18929095582072034,0.20183703393852231,0.001500797162667328,0.19653990962566656,0.0007018864997673035
2022-11-01,0.24850732792004143,0.22564168219689176,0.001870595267137804,0.23944238193672127,0.000763562146947013
2022-11-04,0.313675742521948,0.3078674183628917,0.0029651674253558307,0.308414696743184,0.001204977020443076
2022-11-06,0.289648114954191,0.28113835205589643,0.0016031137289363136,0.28901573388537377,0.0008784596182422901
2022-11-11,0.2561176230362046,0.2825622689817742,0.0019164795567789053,0.26965063470608164,0.0009956837715547268
2022-11-13,0.21761387061180992,0.25546259155138706,0.0015976739151968421,0.23528918979147345,0.0007907121123077879
2022-11-16,0.35368970765198626,0.32301346038703116,0.0016807285230849376,0.33754302935773434,0.0007673305804682614
2022-11-18,0.38119921905136367,0.37012837092943296,0.0008326338262276131,0.3757946146766298,0.0005638210089313316
2022-11-23,0.41833481983518045,0.40776877074507906,0.000535235568105731,0.4112819353395443,0.0003975246833269448
2022-11-25,0.41845123322370736,0.4021675414626423,0.000582954161120354,0.4058035881125012,0.0004275290830105534
2022-11-28,0.37025087708033433,0.40480307591667697,0.0006572730163009915,0.3943127260507789,0.00040999791371092734
2022-11-30,0.27800937322306474,0.3579825211955167,0.0006026168700692381,0.33909701974494655,0.0004584637956773774
2022-12-05,0.3221187975713743,0.3451336926320906,0.0008045660187797056,0.33617866860907136,0.0005231541906184219
2022-12-07,0.3484498384649752,0.325299176854283,0.0011358269431206202,0.3354929758559425,0.0007575952950172601
2022-12-17,0.3492072422523124,0.3714457337149579,0.0005721064855386396,0.3662702856525491,0.00034350735907371006
2022-12-19,0.40525020725060845,0.34330942703723044,0.0006773881394559946,0.36162526248341975,0.00045222376806343915
2022-12-22,0.40117432126719055,0.3677863632898727,0.0006811899153146169,0.3776923303805591,0.00048466462212210556
2022-12-24,0.31259608568739505,0.3505825311974643,0.0006036465514700405,0.3395427694330534,0.00040751437592976403
2022-12-29,0.3555150315481732,0.385280443663966,0.0007170669183028781,0.37438530903654843,0.000544684345531695
2022-12-31,0.3813289193867498,0.35929937493890274,0.0007590151777129941,0.3668775913195297,0.0005209221347182853
2023-01-03,0.4035646655252648,0.35192537361970705,0.0006262808184693163,0.3646148387411013,0.0004865506216689149
2023-01-05,0.38373833254701795,0.3525415120507786,0.0009879948498532748,0.3656243725829873,0.0005282748886184594
2023-01-10,0.39369331354829445,0.37471771098006845,0.000532509026170193,0.3779550823051889,0.0004318095405786314
2023-01-12,0.41294618109941833,0.369067568878681,0.000649595472653428,0.3818886071286369,0.00042662693643987783
2023-01-15,0.3964153199158153,0.37226025022962345,0.0006287569137778359,0.37971217376340455,0.0005652314114053806
2023-01-17,0.4128456866974473,0.4243345376403277,0.00044428119908429276,0.4213376299590885,0.0004000682046298209
2023-01-27,0.38621731092444106,0.3720902346062613,0.0006236802030618176,0.3754517811503063,0.00042513804862970696
2023-02-05,0.34349186694408645,0.3400105865319651,0.0012826725278273926,0.34054617026412165,0.0006988962844359017
2023-02-15,0.33598613570154745,0.31176921535300617,0.0015222980575979041,0.3285793188977951,0.0006956773375098249
2023-02-17,0.35403249105826357,0.3192093997919794,0.0010283616632464317,0.33271526995183026,0.0006499544578713341
2023-02-20,0.3607299738779137,0.31581284449040625,0.0010587139073619874,0.33500732496122665,0.0006728993743590746
2023-02-22,0.34214119581404273,0.3508680704243883,0.0009561095038246454,0.3481361609774807,0.0007151383532880581
2023-03-04,0.29194880873516543,0.33427798143445026,0.0011214066077025726,0.31935783104308574,0.0006637526466056882
2023-03-11,0.380422204562693,0.4062798723419362,0.0005952046185276347,0.39943447854117514,0.0004892715784813762
2023-03-13,0.3797912324395622,0.3671070438129918,0.0005351325326650581,0.3704846250686564,0.00035380415963473337
2023-03-16,0.3702046474354334,0.34889800960069695,0.0007564786269936941,0.3537978683379058,0.0004734245583325711
2023-03-18,0.4195081390178913,0.3560149086020077,0.0007337790342635269,0.37615304764978985,0.0005279753261603598
2023-03-23,0.3481995032271625,0.32190139853751615,0.0016752221130991042,0.3379276825441777,0.0007162002251259273
2023-03-25,0.34229650895468966,0.3274390599658852,0.0013294437803912202,0.33497306834906193,0.000584621121802572
2023-03-28,0.3413265869726218,0.338288263698588,0.0010478488003983395,0.33714312869948315,0.0006113338184317919
2023-03-30,0.28336761901314345,0.31188985284907217,0.0009218075585003104,0.30273490647148327,0.0006033075385334254
2023-04-04,0.31551677799356936,0.33376315776065196,0.0012655154292103932,0.32723288805116746,0.0005494772923983213
2023-04-06,0.3586780845906296,0.3083715492708244,0.0013485618679939199,0.3289876821071529,0.0006692547618390214
2023-04-09,0.3402527542237671,0.2911425973487555,0.0011778281864735635,0.314528360214169,0.0007380439041156869
2023-04-11,0.2930270832213526,0.2987049609376895,0.0011717283726542188,0.29573114681816653,0.0008113551364370603
2023-04-16,0.26114695254891007,0.3443736438291436,0.0008531029346021851,0.31559645102701905,0.0006117985930154528
2023-04-18,0.2961070214832225,0.2905665490909907,0.0010942707315511242,0.29535923858929103,0.0005513979764911993
2023-04-21,0.3705996456771336,0.2509416925948325,0.0011160310124815353,0.29941199906603116,0.0006394666996963898
2023-04-23,0.3716546422921015,0.3709286044287587,0.0009429282280676586,0.37206249222936094,0.0007218219556209595
2023-04-28,0.37512963752857575,0.3228713156199038,0.000911781361799406,0.34266228396893134,0.0006448275905167405
2023-04-30,0.33172421893363885,0.3861789142518032,0.0006094701495232113,0.36983440258325007,0.0005065893538500415
2023-05-03,0.3526848002623002,0.31809520641048644,0.0009757260298891219,0.3303846872017628,0.0005854926549219663
2023-05-05,0.30286314382588025,0.3035397820189504,0.0013053718770968715,0.3027285724526569,0.0006300984833677444
2023-05-10,0.34223481467987504,0.3489427106350813,0.0009207034461416342,0.34511809476686717,0.0006280836653626255
2023-05-12,0.38095308893144936,0.3713657693646804,0.0007401381025918165,0.3758901589866754,0.0005441557850989904
2023-05-15,0.3443096537716003,0.37612282697688243,0.0006431718301216455,0.3645525697538906,0.0004298378582392902
2023-05-17,0.33064787517558264,0.3399022113170691,0.0007326136994865825,0.3359261434602709,0.0004820712950757706
2023-05-22,0.39941295451854897,0.31135485385892275,0.0016374902524718532,0.35708363390406744,0.0009504482201227257
2023-05-24,0.3973520321778808,0.37211825237559276,0.0009968288421462906,0.3798671074758464,0.0007892271239427031
2023-05-27,0.30829954575084345,0.29788815960516396,0.001263767642062516,0.30579075759124186,0.0008929755044510087
2023-05-29,0.39427556141485204,0.3221331523742543,0.0014674024385613624,0.3564337598950937,0.0008208348871102175
2023-06-03,0.3897726060717967,0.3509971660055833,0.0009254244103115859,0.36498119129926104,0.0005739679506432912
2023-06-05,0.3258174738502728,0.3186558245450451,0.0010691447858212565,0.3188208442479259,0.0006226258886983686
2023-06-08,0.29948441019125244,0.27528847493463465,0.0016569800784200102,0.28675582931219074,0.0008255655744792266
2023-06-10,0.2693930897658451,0.34647329747904343,0.0009336344117370014,0.3178148786510424,0.0006100211009132863
2023-06-15,0.28172474414197013,0.3343812222918101,0.0009061310384405882,0.31424464705394717,0.0006627584104065267
2023-06-17,0.194412469538912,0.2784848915189674,0.0011812577729873916,0.24016455875209924,0.0006971271021474878
2023-06-20,0.390272673310528,0.32393471985921307,0.0023868146462734897,0.3631231090424767,0.0009454390790841761
2023-06-22,0.38691624941754454,0.40466198015352284,0.0005563926890390571,0.400440244485387,0.0004000148594763594
2023-06-27,0.30787578641935753,0.266595515089173,0.0015814571867094273,0.28267998487714285,0.0009345900188515041
2023-06-29,0.25185328364364556,0.2507142712326893,0.001761477191078864,0.24752451137781492,0.0007254468660511626
2023-07-02,0.2653705628433377,0.27069622969934637,0.0019426662666613896,0.26895229203055,0.0009762324651289298
2023-07-04,0.3763641554137167,0.23967838302564065,0.0014290135371765149,0.3030778983019439,0.0007848749563849254
2023-07-09,0.28186122233425676,0.22101043198980583,0.0018547115421030543,0.2557068301821822,0.0009279956563445295
2023-07-11,0.22740032345345645,0.22234977017759905,0.0012657023350466509,0.2219395149993243,0.0008270651575358744
2023-07-14,0.28343821073005815,0.19952786891677388,0.001431470556179646,0.2419956990404086,0.0006995121303587322
2023-07-16,0.22302265241426186,0.22403146536823537,0.0011672139605549536,0.22397782794302473,0.0006321157798773253
2023-07-21,0.2536674206458336,0.186456017391709,0.0011482187391057023,0.2137765133416593,0.0006863316976748178
2023-07-23,0.27333575038911034,0.2571192708140252,0.002080488247576216,0.2656087337788924,0.0008034989505573949
2023-07-26,0.3095477740237241,0.2590440123275859,0.0017209177358674772,0.283890191904534,0.000682890777874907
2023-07-28,0.18896603100053505,0.251828177358932,0.0014833608336909203,0.22457544386284434,0.0007251238185313766
2023-08-02,0.20942763983869878,0.19852563170225593,0.0010768631895328527,0.20513167475191715,0.0006536153860435952
2023-08-04,0.2861317102739863,0.2193852240008815,0.0011168599068275336,0.24790756916940843,0.0007212805244738815
2023-08-07,0.2340761363494426,0.21852694066940054,0.0012998670423850223,0.22846707027844446,0.0007868485375037236
2023-08-09,0.21704026093680756,0.1920833499603372,0.0010706322427230688,0.2009553232821135,0.0006418355742672092
2023-08-14,0.22308778822509637,0.1834380642387731,0.001149140288248297,0.1973676011319628,0.0007368655578230802
2023-08-16,0.28064911509155954,0.1918402592917146,0.0008236358109976559,0.22050893487602835,0.0006280583673149813
2023-08-19,0.1962114678902539,0.1825792451340036,0.0011910099114748225,0.18655408763308418,0.0005673510162399041
2023-08-21,0.1943565602009163,0.1718548516270471,0.0008525109207171962,0.17799446894745202,0.0005333893151899303
2023-08-26,0.33628340583756394,0.23526048722217952,0.0022725221470319473,0.2941188733171762,0.0010542314155399268
2023-08-28,0.20921604503256444,0.2743193629991359,0.0014714993120661763,0.24149431574845592,0.0007744465241832099
2023-08-31,0.2363983162425159,0.22570507920778687,0.0013954650391917263,0.22949015853443044,0.0007852710330615553
2023-09-02,0.2877467193764002,0.29214793224830876,0.0029616860602071863,0.28793582809745943,0.0012801363049869071
2023-09-07,0.2814861121568392,0.20608162850307757,0.0015604809851413617,0.24327081887420235,0.000944534405823699
2023-09-09,0.2865731844037934,0.20974171048428997,0.0010032666522232306,0.23906958946349122,0.0005342227306957993
2023-09-12,0.3880695703545275,0.2619954943008555,0.001452897364630416,0.3208993448925978,0.0007968115450433752
2023-09-14,0.24519283905637798,0.300665288369491,0.001141694286307303,0.27709978152534903,0.0008853663362310367
2023-09-19,0.331058349029383,0.25388674511908726,0.0013246004613637037,0.28771315365325506,0.0007141706433832942
2023-09-21,0.38962061786706004,0.31199719530662295,0.001390195239612692,0.34830418655903245,0.0005359895841564059
2023-09-24,0.3313289007612831,0.31304511603966206,0.0010876952810400734,0.31860256074102117,0.000617110774729982
2023-09-26,0.25271939783932207,0.2776479729842684,0.0012209670119173945,0.2673467630978641,0.0005361622694591786
2023-10-01,0.27744674461030977,0.207541013799969,0.0015608227073353308,0.24367292875282032,0.0007241053496553288
2023-10-03,0.3008378603871623,0.22751343163864976,0.0012693778449812568,0.25981196582226007,0.0006422320836143565
2023-10-06,0.2587788226511447,0.2284238973407324,0.0014427944127246403,0.24129711538257645,0.0006611987463327254
2023-10-08,0.2038618337500597,0.21826884027371687,0.00098521598838719,0.21229756374407066,0.0007342389196486778
2023-10-13,0.3585906282629468,0.19156522555522812,0.0014512396036851915,0.266109582181422,0.0008090615851730478
2023-10-15,0.29673288134134235,0.2532805079162499,0.0014969507378550181,0.2727722088933383,0.0007913576346494583
2023-10-18,0.3150066453490375,0.30263759003045915,0.002372191234829316,0.3078397026227139,0.000983441605206907
2023-10-20,0.423533845923343,0.3801272108835969,0.0009625968624441241,0.3960929811897999,0.0006092708107405487
2023-10-25,0.4231930867334651,0.3813177373825567,0.0006942860954540503,0.39534876031457644,0.0004190976152570679
2023-10-27,0.3318019835737741,0.3974934428866173,0.0005478780750267914,0.3813163456102096,0.0003797922248138445
2023-10-30,0.39081506471947836,0.3998301335170881,0.0006077042343902905,0.3961080877179322,0.00039174022462072465
2023-11-01,0.313309173372158,0.3648705511826952,0.0005124739598843,0.3506242112287775,0.00038372050141228007
2023-11-06,0.41858105672577417,0.38467209716657036,0.0005545397106031781,0.3938697426034902,0.0003669641311155401
2023-11-08,0.3740078918184949,0.375693926757917,0.0005485033565384226,0.37629200216355296,0.00043008592204161165
2023-11-11,0.38391691469084166,0.41511009965008355,0.0005907943325916304,0.40626693556094834,0.0003875195898837046
2023-11-13,0.3553592250602139,0.3705899798859194,0.0005923282682833906,0.3666268907360567,0.0004871788976877595
2023-11-18,0.41885866234099955,0.3555827609806409,0.0005896571061218307,0.37448427479815194,0.0004073660177090617
2023-11-20,0.3804797755041376,0.36395405658036883,0.0005594379103320742,0.3676718321966217,0.0003520635084078512
2023-11-23,0.3536929505700848,0.357939675007398,0.0005881822556889923,0.35765466260921713,0.00048327766336425323
2023-11-25,0.2226959788045435,0.35204189435889555,0.0007670577760767366,0.3117726121543146,0.0005811341853418886
2023-11-30,0.4158600942813624,0.41692098164166164,0.0005175533332459043,0.41786450171978506,0.00038034146153681844
2023-12-02,0.37627234993746334,0.3865137394258462,0.000503469697072809,0.382918132896751,0.0003826676962697776
2023-12-05,0.4174066312963023,0.37144322417268766,0.00046134426572373043,0.3802688592607585,0.0003413855934153663
2023-12-07,0.41002272966209097,0.4101339958769155,0.0006902545608707581,0.4105447984258056,0.000503160380134108
2023-12-12,0.4174772498119452,0.40481780222078184,0.0009384556882246893,0.40840289493300075,0.0005627393039331012
2023-12-14,0.38934486659428585,0.3963691621980987,0.0004922459272228955,0.39558806610310754,0.00039507499567739473
2023-12-17,0.36324145398251884,0.361144345498148,0.0006235406627937103,0.3641937822509832,0.0004413138996717903
2023-12-19,0.34133202061230916,0.35497780263709955,0.000703763443075337,0.3510074160980723,0.00047635173602899694
2023-12-24,0.3944475012026829,0.35880260948843157,0.0005764262777460298,0.3704228019516121,0.0004571322740835809
2023-12-29,0.4055470481172692,0.3443629561440511,0.0008526279197568766,0.36486685366884275,0.0005964601868587953
2023-12-31,0.35989410558859225,0.3711953891894088,0.0008352573460891047,0.3674037226169956,0.0007196597280561241
2024-01-05,0.4023794088924162,0.37424731035730424,0.0007204865150520696,0.38191065322116413,0.0005305015912325682
2024-01-07,0.4035199643545163,0.36764028024215284,0.0006640632170726358,0.3787197337272644,0.0004136740030784654
2024-01-10,0.3784227282611265,0.3664937023150068,0.0006372317493331571,0.3703348265485337,0.0005488100898062891
2024-01-12,0.3048043622218973,0.3623753678263133,0.0007173113363050861,0.3420916993655117,0.00045966907497850453
2024-01-17,0.35883237925144673,0.3666713985611442,0.0006282648267204546,0.3639837429505777,0.0005257778567085513
2024-01-22,0.38573592001249535,0.3536420303648896,0.001027083727911826,0.3661461700094975,0.0005861513050673449
2024-01-24,0.3277505626563949,0.35083519289149395,0.0007081201266134821,0.3461313313438364,0.0005494500398055664
2024-01-29,0.3424325569187909,0.3309873429246127,0.00123933565086886,0.3352141435235042,0.0007151807706384333
2024-01-31,0.3489036670182456,0.32807890176942023,0.0011594742817307114,0.3389190699330193,0.0006430035498288978
2024-02-03,0.3651889407860231,0.33397706105951924,0.0007636021156471755,0.34317580343418946,0.0004801973451893083
2024-02-05,0.3356882635918173,0.33874831795354765,0.0007990285353708474,0.33727681199825277,0.00048446553937996496
2024-02-10,0.37365045416427695,0.40538798647996666,0.0006100826978417091,0.39659818107130396,0.0004468535246228121
2024-02-12,0.40468639289376085,0.3983989165438808,0.000499206810226193,0.4006147219160855,0.0003338370167942269
2024-02-15,0.4059263503454125,0.3656117383873857,0.0006039384139683471,0.37621382166112377,0.0005078203464894523
2024-02-17,0.35382577578681584,0.37575744905222097,0.0006232004139052248,0.37033989465007844,0.00038605879496402104
2024-02-22,0.38988551446883246,0.35974972788682835,0.0009230244378079998,0.3713748158259179,0.0004865200357610358
2024-02-24,0.3889010168555446,0.3678973831684867,0.0007101833428750428,0.376088741119408,0.0005442463940507537
2024-02-27,0.3884382261019365,0.4016161358822648,0.0007065684551210677,0.3984258221605107,0.0005992231154968818
2024-02-29,0.361896135906764,0.37963470501149665,0.0006752131437869624,0.37332412302068646,0.0003774843811176693
2024-03-05,0.4078734471671214,0.38176876183360703,0.0005823742079655273,0.38987607411200254,0.0003872961028862384
2024-03-07,0.36434951212720984,0.35877426982767213,0.0007892341716463608,0.359971174531685,0.0005306047235339814
2024-03-10,0.4103759600455611,0.38530082385155445,0.000709133067696384,0.39452232905545387,0.00043983809577790315
2024-03-12,0.4024199235747501,0.37741085122883417,0.0005492277656624489,0.38282709858881875,0.00040733942634429667
2024-03-17,0.4224275018554628,0.34384559302268003,0.000977854620152871,0.3717362343203499,0.0006327893735549972
2024-03-19,0.36565265587620666,0.35187415764230484,0.0006124355716207725,0.35592824569160425,0.0005693664459485131
2024-03-22,0.36148934415853035,0.3257023153198116,0.0011364238740983578,0.3370943604939425,0.0007134222802235824
2024-03-24,0.3414840610472128,0.3369826441238473,0.0007690322816829854,0.3371411241486305,0.0005165482770383324
2024-03-29,0.396812612637863,0.40486721242558,0.0005832756501517278,0.4023612635988493,0.0003368237550953892
2024-03-31,0.405316588349951,0.40497282325700945,0.0006755726628592952,0.4036237237868312,0.0004989529114260184
2024-04-03,0.32036190957277233,0.34637262232476024,0.0007335333887195684,0.33870060677817465,0.0005246292589203274
2024-04-05,0.39235772733725444,0.32122908694388597,0.0010558341134953922,0.3473621365136004,0.0007153752590179971
2024-04-10,0.3652249284395304,0.37142863254063857,0.0005798856849111129,0.37233349575707264,0.0005351819089944766
2024-04-12,0.33522645412665614,0.33303610964518815,0.000714479037110686,0.3341095750757293,0.0005017367907825221
2024-04-15,0.40996019342114637,0.2989738360810903,0.0010767407571499175,0.3456067201952879,0.0008444967998636214
2024-04-17,0.3187135998880672,0.3422343133089598,0.0009492658438840809,0.3321727752108312,0.0007674418246123889
2024-04-22,0.24281123614620465,0.2942402617632507,0.0013114838299467064,0.27437570553195334,0.0007230687718993281
2024-04-24,0.3354103627444287,0.28040780517939035,0.0015071388196189204,0.3086379727468556,0.0005340719706977743
2024-04-27,0.31127161922111435,0.3825193584923815,0.0008805972421865083,0.3580423659707606,0.0006219379578759762
2024-04-29,0.34494448970391756,0.36044261473376793,0.0008286382957598977,0.35635471087830345,0.0005858628896868414
2024-05-04,0.35341218554997317,0.36049289388452754,0.0006842493270887807,0.35831358960132725,0.0005720001142537983
2024-05-06,0.33729355109916603,0.388578340488976,0.0005507378148067394,0.3753512784262696,0.000414810169394975
2024-05-09,0.2907746997132567,0.33329982599978664,0.0008064886781866622,0.3186267592757084,0.000585399817627316
2024-05-11,0.28529416382829886,0.28119411490331564,0.0012117923587222394,0.2837904488887692,0.0007809612004656506
2024-05-18,0.34080846312234125,0.3501426554054342,0.0007401430417801781,0.34792876732627237,0.00046665251709796944
2024-05-21,0.3428849862539727,0.36104760121778817,0.0006276172236563702,0.356532209112965,0.00042819377772171824
2024-05-23,0.24064890248849027,0.3493569224691822,0.0007203438111449827,0.31755138772208347,0.0005043885562083707
2024-05-28,0.32434630794751024,0.25791858358668773,0.0019652992403528607,0.2944423557683773,0.0006970050721672043
2024-05-30,0.30931161596288853,0.2859702844156579,0.0013274241893049456,0.2926594301752404,0.0006548111636345698
2024-06-02,0.32181688508372874,0.278358862577936,0.0015376613113063967,0.29960278686539255,0.0007846506230652564
2024-06-04,0.33335706873343474,0.2675789501143985,0.0012915621897026206,0.29551407011726916,0.0007741585013473733
2024-06-09,0.35798048598951315,0.4036612516657019,0.0006705810997896895,0.3907739883863016,0.0005087434726060228
2024-06-11,0.36340506618067486,0.34790388892483626,0.0007427375909669185,0.35494631860135956,0.0005320105586452432
2024-06-14,0.3955405780975822,0.33771305921775946,0.001139279227443204,0.361346535844,0.0007534800316894042
2024-06-16,0.2729377498467137,0.313307264155951,0.0011582220406583133,0.2966200857728852,0.0007182053749580129
2024-06-21,0.3415904665522141,0.37939471629889604,0.000738715379042339,0.36793066908429495,0.0005292073800291164
2024-06-23,0.37907001888018077,0.337691451142729,0.0005906200130501004,0.34829171321508107,0.00045927405331171184
2024-06-26,0.22518945787770436,0.27452060597552896,0.0015257858816121114,0.2505714164776429,0.0009025868232845238
2024-06-28,0.3139969951407956,0.2533345361349449,0.0016429038347170976,0.2832799088021173,0.0007995681723155214
2024-07-03,0.2842274528377434,0.3176712607379957,0.0010511341363420572,0.3031301678361792,0.000629324027685319
2024-07-05,0.3397264325765531,0.3000949245699717,0.0010220892232204242,0.31748356780967035,0.0007267096092775456
2024-07-08,0.1743233835893978,0.3016126220910309,0.0011484819652248905,0.2509548430415529,0.0007649944901763067
2024-07-10,0.32505497055923555,0.2928785527679241,0.0019473241610155304,0.31101793898303454,0.0007812716917043108
2024-07-15,0.21192428189509246,0.25342376329701966,0.0020176060415409832,0.2322728590853874,0.0010353363655631394
2024-07-17,0.22793512175326944,0.2149136736960775,0.0014563649113696051,0.22449141478529358,0.0007111589267524426
2024-07-20,0.24211842393802205,0.20613291250497426,0.0011757544155077825,0.22290458566853655,0.0005977130127382785
2024-07-22,0.29233918131472414,0.29703287891032565,0.0020082451958805913,0.2934463776614704,0.0008738514868224307
2024-07-27,0.2649670063116063,0.20767696960636198,0.0012777097930692532,0.23386988379225757,0.0005800992938065648
2024-07-29,0.24358302518631642,0.20551653358117367,0.0007997400886201475,0.2166902936052434,0.00042007777405591245
2024-08-01,0.11854302321526347,0.1892085382672671,0.0009408792822377783,0.1631719927198033,0.0006477899553902234
2024-08-03,0.2982717210945405,0.16511286487013127,0.000845496675350789,0.2093131283373914,0.0005398183508975611
2024-08-08,0.18064256637936804,0.17423903224452605,0.0010627501555396572,0.17702286930097594,0.0006761503782236865
2024-08-10,0.19780191044485024,0.16697928728391798,0.000643381573814302,0.17648763778323154,0.00042180319572178394
2024-08-13,0.2730803493407787,0.1781233205088846,0.0008891531558524545,0.21046635095795632,0.0005560468369038505
2024-08-15,0.2606873791066781,0.33303439192770035,0.0015620836940045519,0.29820805336237155,0.0007769835200907902
2024-08-20,0.262660997227791,0.22213489098187383,0.0015201380142026656,0.2418867237280361,0.0008049077017981325
2024-08-22,0.2515785711669727,0.2130541648769885,0.0013072646476542877,0.2293652027039047,0.0005602177842204425
2024-08-25,0.14282951313734324,0.2207124640252453,0.0013341872213424022,0.1833073895358148,0.0006165397669438041
2024-08-27,0.2199443596812354,0.17065569524315638,0.0008005067790209596,0.18783288572732249,0.0005447107663791184
2024-09-01,0.37450088537962845,0.29229321864697716,0.0026337084206867513,0.345026697306787,0.0011146528166724138
2024-09-03,0.3766541071858383,0.37006326536188916,0.000913315783022694,0.37255951575325147,0.0005871365283372829
2024-09-06,0.37073528399469546,0.38081326542734883,0.0009927200539360788,0.37645906017575825,0.0005727839842635999
2024-09-08,0.30489818748202263,0.36883747788786125,0.0006831138444586052,0.3487696775937929,0.0004930343001202288
2024-09-13,0.3017567881657874,0.3176742877986129,0.0012269272088605246,0.30940424516592896,0.0007365089051902008
2024-09-15,0.24965184811031924,0.278146566488842,0.0015054882030689893,0.26380917582668717,0.0007341284299298273
2024-09-18,0.2716690802171029,0.235116655071826,0.0015075383591636048,0.25492205946991886,0.000819765269223888
2024-09-20,0.24949625175701381,0.23692318308979793,0.0013435670107089306,0.23988290936521403,0.0006585446327955774
2024-09-25,0.40453610739782486,0.31634739923052185,0.0018811020235161722,0.36143442562393374,0.0010320555682358356
2024-09-27,0.40203824767743956,0.3936122635479195,0.0006582329737058052,0.3961611349330517,0.0005467107687614809
2024-09-30,0.3106658065490153,0.3326200752190955,0.0007824252985930225,0.3247091238681864,0.0005370223327365745
2024-10-02,0.293506689389816,0.3381471623930354,0.0010956250492339251,0.3205158160368087,0.0007818040703778231
2024-10-07,0.4119625150890095,0.41072599195402854,0.0005910462960772307,0.4120072737884595,0.00043658625542184197
2024-10-09,0.4224201235258366,0.3897610503383097,0.0008746349131917023,0.4011997973559566,0.000582538999738227
2024-10-12,0.4080566952862177,0.3430407696892314,0.0007105385123064572,0.3634310406021448,0.0004718626991244027
2024-10-14,0.31318307216299907,0.3442235000592963,0.0006499585287026083,0.33626637190017883,0.00048474956278651957
2024-10-19,0.383628402491506,0.38477846746560795,0.0005890449156120189,0.3868590179685993,0.0004238993552520799
2024-10-21,0.310751561886829,0.34941640828929077,0.000640951043333828,0.3389741485159808,0.0004644203104006576
2024-10-24,0.34775290234668343,0.32339598994384994,0.0013622376434845233,0.3332961230034692,0.0007345828169130433
2024-10-26,0.42185478865767295,0.4127802282243432,0.0006202442790118999,0.41590339419275046,0.0005169156888432952
2024-10-31,0.3249924642140153,0.34440268207300123,0.0008925513208468783,0.3371877846001981,0.0005845919824347186
2024-11-02,0.27171187030934374,0.32616974654309594,0.0010488659735904205,0.30544930055794284,0.000534529834471898
2024-11-05,0.32225647213208425,0.3014032550860758,0.0012929489247908588,0.30730646309853893,0.0007053729946302785
2024-11-07,0.28811444256168517,0.3037145775188699,0.0012679003357212398,0.29732129929731915,0.0008710067703544469
2024-11-12,0.4204517188729191,0.3335919381941719,0.0012792226527979617,0.37112529024560437,0.0007380881480954579
2024-11-14,0.22250139346373782,0.3563411809427211,0.00043658153251138136,0.3281191297504996,0.00039928393478150687
2024-11-17,0.3899282388812974,0.31659669622302056,0.0013317077059203377,0.3499007434434948,0.0006716793294554822
2024-11-19,0.3211421964288656,0.3453952289839691,0.0007700948938688373,0.3378701771951732,0.0005435855233721116
2024-11-24,0.3982973912084846,0.35326293429088307,0.0007321051796681891,0.36628475939981925,0.0004192426530208214
2024-11-26,0.3585453988240195,0.3715142807226355,0.0006494918158510361,0.36767619874986635,0.00045869750162607037
2024-11-29,0.40770207743372283,0.3401542849777697,0.001163999438725441,0.36771012769318817,0.0006983594032334619
2024-12-01,0.389802332067266,0.3534272919644361,0.0009074076513374265,0.3652890458616706,0.000678714110243133
2024-12-06,0.3850115440083479,0.37938389691989977,0.0008036799687638917,0.38048605828892207,0.0005118634533747093
2024-12-08,0.41805202028823996,0.39037864971682046,0.000548126875740293,0.3978458262935953,0.0003512399018690816
2024-12-11,0.3658499906186051,0.3624733688270007,0.0005039276140142936,0.3610097977004243,0.0003124647472208744
2024-12-13,0.3727583273723563,0.3548642717791177,0.0007661362660756799,0.361285306861229,0.0005327549589587443
2024-12-18,0.3754509941028126,0.3523516178886142,0.0006703178453033055,0.36037534932791615,0.00047806816560376215
2024-12-20,0.3376600746673527,0.37512035489380813,0.0004967735639042943,0.3664503791829039,0.0003745002531754137
2024-12-23,0.4133284175154583,0.377147311838168,0.0005748408000340311,0.38596199858621316,0.0005223204050318339
2024-12-25,0.4005810886299352,0.36848684001938187,0.00040475579455391666,0.3734176666265179,0.00029085470934334063
2024-12-30,0.3897176167868272,0.3463237475115162,0.000932118187088373,0.36250408301739356,0.0005505224240749803
