day,y,hxb,hpbh,hxa,hpah
2016-01-01,0.3628986198089193,0.29726109991916116,0.001164743027793818,0.30737601565426476,0.0008548853990773547
2016-01-04,0.38905189321915645,0.4085215854478197,0.00023497467586724842,0.40735639801992773,0.00022203266536733698
2016-01-06,0.350375396807092,0.4105919211363581,0.000281423171395308,0.40687879856597464,0.00024587869103018397
2016-01-11,0.4269553818436965,0.41777880187266786,0.00016350737679869591,0.4180088089193943,0.00016136912824166205
2016-01-13,0.3902019585926713,0.38596591318921614,0.00015162867643850033,0.3856351698339994,0.00015785446099103308
2016-01-18,0.24415357178570063,0.38775336312817593,0.00031848872301656303,0.3784520399056522,0.00027425331863452503
2016-01-23,0.34749542614419043,0.36440397388031315,0.00018841664725505203,0.3638919316908076,0.00018156228305845986
2016-01-25,0.3725549755690252,0.3502744840431211,0.0002943922913715321,0.35117720214503506,0.0002847261418928463
2016-01-28,0.3488753919810955,0.3465741432197504,0.00034519087895022244,0.34658118370998764,0.00031461389485861206
2016-01-30,0.30394389380828607,0.340958688321188,0.00032887796760139337,0.33935266662039076,0.0002959366519348553
2016-02-04,0.3415602456029677,0.35785096931229465,0.00022041057875468433,0.35680421963586967,0.0002190747010635808
2016-02-06,0.34820405683655115,0.3517499220062695,0.0002651750916602757,0.3514435606251447,0.0002574513200740146
2016-02-09,0.3834884921180487,0.41755669214870733,0.0001648418135584744,0.41670437549986133,0.0001617073780670664
2016-02-11,0.3141158397933046,0.397308369893666,0.0002258346841015365,0.3937338291779817,0.00021682440673197886
2016-02-18,0.3823675591572465,0.38677081263077584,0.0003204671218700613,0.386192002765314,0.0002843871096788553
2016-02-23,0.37840446223676777,0.3719849077886385,0.00027723491387749257,0.3729193348458594,0.00023896579594134837
2016-02-28,0.21445206831542896,0.39384253349692644,0.0002883419333947779,0.38311814281224743,0.00026125153962507704
2016-03-01,0.36052720708829367,0.3564860356765397,0.0001468934186793694,0.35647302011276444,0.00014203606976840273
2016-03-04,0.39432034988457687,0.40674328634544116,0.0002607338254605025,0.4066542537842384,0.00025945371766689074
2016-03-06,0.34841361792634395,0.386835189183885,0.00016087774750244414,0.3856975350166502,0.00015663198786172348
2016-03-11,0.14528516737793892,0.3622999343766668,0.0001921689393888326,0.354218361733884,0.00018169035497748862
2016-03-13,0.37243839595544453,0.3452427696171608,0.00022539530179318995,0.34637046217636375,0.0002176543471257085
2016-03-16,0.2282029230270871,0.3465946226470579,0.0003229567932379123,0.33952151265781993,0.0003042820417589218
2016-03-18,0.31119055348104163,0.3388584470733095,0.00036288084962241577,0.3367325960355486,0.00035602407665339097
2016-03-23,0.16696623234168562,0.33752375752781866,0.00023814833189917558,0.3298375487186108,0.000239538228774135
2016-03-25,0.2594481221768033,0.33112591698089444,0.0004134685672068391,0.32581345836283326,0.0003797862037156227
2016-03-28,0.1957915253776777,0.33358921713969425,0.00045140605397573996,0.32292297517445484,0.00041955612290373295
2016-03-30,0.38843437692118715,0.33462598099671476,0.0005326927678240024,0.3391666975384337,0.0004845068585262477
2016-04-04,0.3865352655659412,0.35408166275132247,0.00029954047096151224,0.3555803696385182,0.0002675434142775321
2016-04-06,0.36051412565835755,0.3453224479784218,0.00025803698356504544,0.3457218569965679,0.000252619729185416
2016-04-09,0.2912746051964026,0.35255630867525745,0.0003807235799596596,0.3486389084081491,0.00033844928057308733
2016-04-11,0.18852397662172943,0.3761584314395987,0.0005527104738702575,0.3587356775133369,0.0005021743176317761
2016-04-16,0.37106138549659134,0.37283034486417976,0.00041298074728246504,0.37295780023965086,0.00038792463843896385
2016-04-18,0.3400196193642789,0.3518438998428073,0.0002710904922279431,0.3512661485029706,0.0002374483096846939
2016-04-21,0.4269553818436965,0.3620216270817666,0.0007042164338449005,0.3697191291872982,0.0006654895493487493
2016-04-23,0.3069386016870278,0.3635886616742099,0.00045538464087430596,0.35851529951323996,0.0004005519088965181
2016-04-28,0.21390729142648618,0.31037765524393096,0.0005918674063739757,0.29988867090344934,0.0004914204563085269
2016-04-30,0.2232594774966808,0.34086127597815447,0.000812959567392309,0.32381844217835865,0.0007240092908110546
2016-05-03,0.20320800627100843,0.28293197188184305,0.000803197907365752,0.2728348685266232,0.0006860174354942857
2016-05-05,0.19938079781134763,0.24364545534287516,0.0007792305282926543,0.2376126900978935,0.0007275057674468327
2016-05-10,0.2682834701360467,0.27494798816255284,0.0014958264768125424,0.2745700086052753,0.0012225088745141896
2016-05-12,0.3079092594238837,0.3148865746951735,0.001131226736616068,0.3154835633918327,0.0009897330592708664
2016-05-15,0.18989420507309812,0.3398433044373688,0.0006301867227697853,0.32057434145682473,0.000517821099657209
2016-05-17,0.32201735592823094,0.2898608880284176,0.000640338250898013,0.29339403156883853,0.0005519096692267431
2016-05-22,0.36218817718527346,0.31654057011923736,0.001996451825755236,0.3287532685452689,0.0013309112760179064
2016-05-24,0.3386982001468473,0.2890426490464464,0.001178114233281701,0.2969754070750471,0.0008713019898210884
2016-05-27,0.4269553818436965,0.2887231530054267,0.0007788601287898244,0.30762195523978186,0.000726455889034328
2016-05-29,0.30914221737015896,0.38192692628008973,0.0003913822657837281,0.37608582221881354,0.0003560210634454634
2016-06-03,0.34601601610510613,0.3169433633093398,0.0003262211118285857,0.3191381797387004,0.0002949251124153328
2016-06-05,0.17048091331594792,0.2850794225101735,0.000572579061380048,0.27329220165828766,0.0004638788531966713
2016-06-08,0.36177245658812995,0.23058812250271812,0.0007009449813603238,0.24754554932543724,0.0006330841141659694
2016-06-10,0.3801060871899833,0.24605559574910743,0.00105172150429672,0.2695373313594015,0.000874846248877088
2016-06-27,0.23731234818534291,0.200939914656072,0.000756031748408252,0.2067238721040123,0.0006810034192579383
2016-06-29,0.30051229506538657,0.1884747017992942,0.0005497302477949136,0.19877112083523574,0.0005194984964863803
2016-07-02,0.26584917510616246,0.1886436380008227,0.0004586608622562242,0.19457739048219327,0.0004363229266887793
2016-07-04,0.30492619684872546,0.20572070900606884,0.00045784013205287953,0.21449688810924947,0.0004345482148655172
2016-07-09,0.25226355016964075,0.19282357912911277,0.0006405724930429643,0.19826021369946076,0.0005071601155138539
2016-07-11,0.17952087862147897,0.19112023728889768,0.0004703702881710564,0.19155503671807264,0.00040898598542528754
2016-07-14,0.19557709341656201,0.2116461322054745,0.0008142823034498826,0.2088599051947936,0.0006906672088947594
2016-07-16,0.35904803055982726,0.18384981948942125,0.0004724470869980815,0.19911214604203792,0.00043022304103616457
2016-07-21,0.3482854671528313,0.17186557628002383,0.00041495672013681695,0.18632170154385644,0.0003895814589950533
2016-07-23,0.36251367617735486,0.2626076920530517,0.0020754252448093647,0.29022002281847203,0.001684152606063501
2016-07-26,0.3583143220813944,0.22065365604035386,0.001114529057028793,0.2433415872391164,0.0008597878230702525
2016-07-28,0.33317931431931075,0.2100465965406131,0.0006750279587693728,0.2236761579618688,0.0006203340171850595
2016-08-02,0.2220522926521714,0.1753007955218955,0.0003476714463570562,0.1786780184139719,0.000314375210926546
2016-08-04,0.3604976959519694,0.18973012770713318,0.0004958295913512924,0.20479845424057122,0.0004566008617587028
2016-08-07,0.36997710382959137,0.1772987177923071,0.00039132449894846915,0.1911547558257924,0.00037146042874010825
2016-08-09,0.2979092850208037,0.18509466306166686,0.0004250445755829727,0.19351320544618633,0.00037989371208198926
2016-08-14,0.2777412546362311,0.16246072646615248,0.00029328857612276316,0.16875468069783228,0.00026806033526075463
2016-08-16,0.17627267297483734,0.16374185406612723,0.0002744982209381714,0.16433181591893503,0.0002760008400228714
2016-08-19,0.4000133794465503,0.16983631879249397,0.0003741483510884877,0.1855346021887984,0.000319818310253441
2016-08-21,0.1965238963397974,0.22362083484752382,0.001025898796851546,0.21768322277874652,0.0007675172239550542
2016-08-26,0.19495694899598554,0.16898586675387064,0.00030248707161760046,0.16975748974985808,0.00026459210099380405
2016-08-28,0.16441799548438013,0.16785370671868605,0.0003397071540159572,0.16677910619647926,0.00032951417336173094
2016-08-31,0.14528516737793892,0.16344277163554644,0.0003466194491596188,0.16248517504810495,0.00033269592269361524
2016-09-02,0.21247031303206965,0.1561793847207453,0.0002685980215232028,0.15900228361884033,0.0002540507653499806
2016-09-07,0.14528516737793892,0.15415394466096882,0.00027447886590759523,0.15396733229888585,0.0002679710996196305
2016-09-09,0.31731982426090405,0.2139106007106308,0.0012802918070179718,0.2338275695178804,0.0008789461390924457
2016-09-12,0.16906525964449473,0.1950694555895112,0.0007373051203756223,0.1920425346007574,0.0006032958249962731
2016-09-14,0.40043552296610957,0.3623045647491094,0.0017048710906799494,0.37625756668902754,0.0013160468277878103
2016-09-19,0.14528516737793892,0.29406099418203485,0.0005764889454197647,0.2786473030315166,0.0004727005961856602
2016-09-21,0.16308595670469347,0.24973964617678324,0.0006010206469382476,0.24181594250920202,0.00048627393630058195
2016-09-24,0.2031420099686361,0.20810469503087745,0.0004990504261962146,0.2085670451908838,0.00045114682404871374
2016-09-25,0.14528516737793892,0.2214736942306567,0.0005346988565167251,0.21417813618319784,0.00046609559449333355
2016-09-26,0.16228469352374533,0.2059583731957547,0.0004683539653913905,0.2017799003794685,0.000409916218271191
2016-09-27,0.17443693712770555,0.19297310410172766,0.00046180163003264733,0.19047013196050597,0.0004338223317710147
2016-09-30,0.31977242883440793,0.1757744733324982,0.0003226953698849273,0.18404759051094047,0.0002846646345048956
2016-10-01,0.22925972565197705,0.21795497732304286,0.00043602472440168,0.21856674318678673,0.0004284687742845501
2016-10-02,0.18309471530208124,0.22134486561477731,0.0005192367825824245,0.21734095746062385,0.0004470723340509243
2016-10-03,0.16970270564518763,0.20900935440236024,0.0004792880782225921,0.20523117081698697,0.00046415950972682467
2016-10-06,0.18259426903377418,0.21272475688582407,0.0005591530616264301,0.20894049453257224,0.00050952181852406
2016-10-07,0.20311709660458693,0.2025119626923918,0.0004682844469231288,0.20221363659980884,0.0004499394497588964
2016-10-08,0.24846975741025015,0.1977837622015532,0.0004904584883824853,0.20370891253677367,0.00046861603631125266
2016-10-09,0.14528516737793892,0.19823740630382744,0.00043528345724714565,0.1939874397658006,0.0004298862280398024
2016-10-13,0.34638754257988563,0.30615278666777934,0.0024101734967418935,0.3192194589999729,0.0016159990746038987
2016-10-14,0.3278620265609265,0.35838489233267995,0.0008375253820156719,0.35664578782309236,0.0007384088667937727
2016-10-15,0.3235760469381792,0.32958900909193767,0.0005261413885626789,0.3297721171391068,0.0004664987932789229
2016-10-18,0.14528516737793892,0.28701731851865203,0.0006687210201247037,0.2706232462863476,0.0005843706193350221
2016-10-19,0.21052417914593963,0.2591229575004366,0.0005013350398745291,0.2551056765409471,0.0004729444932114799
2016-10-20,0.14528516737793892,0.24610947826232757,0.0004765881502389277,0.23656808233369542,0.0004976645123872502
2016-10-21,0.1654398079628422,0.22991353742302467,0.0005128932838522884,0.22440084542793226,0.000436321667666467
2016-10-24,0.20389742443235268,0.2851765431556696,0.001570605924286608,0.2655607903628073,0.001138914205483259
2016-10-25,0.32355264623786334,0.2696800988206253,0.0012213202107691998,0.27939873629788914,0.0010810139504806298
2016-10-26,0.30229970223498887,0.2726997248577392,0.0010931752200283487,0.27918332215523795,0.0009095434402329102
2016-10-27,0.321182111845745,0.26646802389929847,0.0009460365344209415,0.27570815114088676,0.0008091432200504988
2016-10-30,0.24425948610447898,0.24603092875725682,0.0009707015579648085,0.24617461816169478,0.0008749354084849456
2016-10-31,0.22901045873684578,0.23788672479635609,0.0008611296891544659,0.23677453795470713,0.0007555883503776634
2016-11-01,0.30144594982935535,0.22859270348080651,0.0007475414198732805,0.23854611200461068,0.0005907845977493878
2016-11-02,0.2695213021849293,0.2322190057118665,0.0006278328066955569,0.23660075688060886,0.0005229814221238676
2016-11-05,0.33780091432881637,0.2985389495823576,0.0012615840333341753,0.30737795793292894,0.0010057311724594048
2016-11-06,0.26795349397686397,0.3304658689584629,0.0008266304140543584,0.3204525614055436,0.0007277306959416948
2016-11-07,0.2901465922604224,0.34372173228749325,0.000670156187644711,0.33620062336599843,0.00056399369708219
2016-11-08,0.3827771361196754,0.3323896555779533,0.0005225043946651666,0.3381790271463091,0.0005097711211866415
2016-11-11,0.3083136720715569,0.3655293245030109,0.0002902191027155021,0.3620919898881296,0.00029331237017659397
2016-11-12,0.2995090533359251,0.34613796589005213,0.0002534270548740325,0.3437983117084511,0.00023962393733675051
2016-11-13,0.3581477916133441,0.3654182652737319,0.00032224039463997186,0.36496569380701305,0.00029987690977206473
2016-11-14,0.3911077938865742,0.3527584271050154,0.0002157894394045598,0.35384331098522936,0.00019724973748489326
2016-11-17,0.22313487816348987,0.31627855371600755,0.00041733638358664967,0.3086605586511728,0.000400818240777819
2016-11-18,0.3348015190860677,0.3304770753414015,0.0006281614164832491,0.33033325295768134,0.0006051111128981465
2016-11-19,0.3571656607393419,0.34341570123481147,0.0005214386945162598,0.3450378776585912,0.0004853339777380599
2016-11-20,0.3690681614725714,0.34649195098589425,0.000440634697519554,0.34868198243345716,0.00035668134724780584
2016-11-23,0.3691673017125723,0.3925188989042569,0.00037970059789144383,0.390362375553096,0.00036060141787357607
2016-11-24,0.3403275542885361,0.3650389214669395,0.00017887483642019944,0.3643529912453785,0.0001797635836824153
2016-11-25,0.2564912533847441,0.35553407776749635,0.0001891105064873566,0.3520009933089133,0.0001720356210510665
2016-11-26,0.3673579167564401,0.34540094299830926,0.0002173392383197446,0.3463990312015122,0.00020204658133213707
2016-11-29,0.2880407864154402,0.32000021795237016,0.00037921577301973977,0.3178533127370249,0.00035855516278317354
2016-11-30,0.27757422128315534,0.3096830062091382,0.0004429638031392958,0.30814545667840637,0.00039443827656947494
2016-12-01,0.3474378542001024,0.3027457913402851,0.0004348525270160409,0.3076583794901631,0.0004191166835168443
2016-12-05,0.2155079494512153,0.28606316340220395,0.0007818895267084902,0.2762278829940302,0.0007447412283604865
2016-12-06,0.32024049753842915,0.272358382578828,0.0008612309697545474,0.2776424848417626,0.0006299272975299157
2016-12-07,0.24277086678239587,0.2743490570282323,0.000621086637691814,0.27064782308493146,0.00055024888166861
2016-12-08,0.32484737302368266,0.26864366338545326,0.0005233803694404302,0.2732701751978113,0.0004402727493023438
2016-12-11,0.16353960006837168,0.2669919881296758,0.0006518956560508508,0.2549456040777914,0.0006367759569540465
2016-12-12,0.3195483522901723,0.2531427699631791,0.0006328413666031442,0.2606894393278832,0.0005822892746726173
2016-12-13,0.16714967599748354,0.2573244522170847,0.0005084216391175078,0.24904381934116468,0.000492267540124188
2016-12-14,0.29974709646024555,0.24749359184853184,0.0005576438258589834,0.25255940664739485,0.0004950149069760947
2016-12-17,0.18059299439006435,0.24803029333547932,0.0006592924762246286,0.2410127379295044,0.0005679883734013232
2016-12-18,0.27654634959832486,0.2397832399030269,0.0005677828403191574,0.24344247087498377,0.00046176508015223657
2016-12-19,0.21730793185236413,0.2527774817655352,0.0004377344514200302,0.24991489491270932,0.0004301042698701106
2016-12-20,0.2466313550773199,0.251638754021624,0.00047895054741232837,0.25108376991126347,0.0004440147333599999
2016-12-23,0.3583378199812859,0.30305422692553313,0.0008701227647655557,0.3120733618923878,0.0006911096536611113
2016-12-24,0.3545115259316257,0.3090739855401492,0.0007551333591893999,0.3150147976547963,0.0006506832403929861
2016-12-25,0.2950780375710518,0.31004389362828727,0.0007569310006833455,0.3077512095555885,0.0006543119811167972
2016-12-26,0.1906625261011681,0.30340123280184084,0.0005775967608348848,0.2925222290213162,0.00048369197746846474
2016-12-29,0.28724803029074125,0.2740442057384492,0.0005275515888684341,0.2741535665269313,0.0004780995487393978
2016-12-30,0.2104564614080728,0.2719053253220369,0.0005170749477349897,0.2655785964416478,0.000434537917710985
2016-12-31,0.32396370491297244,0.2629015067758222,0.0004552578533135097,0.2675720814782375,0.00042108513999607986
2017-01-10,0.20718122950104012,0.3144068685526878,0.0014011857080213387,0.29059693839525313,0.0009701162921658058
2017-01-11,0.35153684291154896,0.2914718356681135,0.0009099592453875473,0.3011108704845705,0.0007319148996985759
2017-01-12,0.3173434269119795,0.32469329702845234,0.0008143122945142964,0.3244724548369737,0.0007468063637231605
2017-01-13,0.2673691562791626,0.33065858253278646,0.0006613175714557877,0.3226829782087728,0.000572128960945135
2017-01-28,0.14528516737793892,0.29832639315558196,0.0008889320749197905,0.2768933830687744,0.0006927762080026988
2017-01-29,0.17186240617761736,0.27001158408390075,0.000805713071170647,0.25592500177931343,0.0007525824754755188
2017-01-30,0.14528516737793892,0.26589679885507317,0.0007775030779492556,0.2507296794004734,0.0006877471795451847
2017-01-31,0.14528516737793892,0.2482266839295999,0.000642902125826281,0.23648720244128513,0.000561831135732326
2017-02-03,0.29639256764161653,0.2984195940867545,0.0011397465939976682,0.29995964118147755,0.0009124597373524511
2017-02-04,0.3645998736444488,0.35248356583874246,0.001124370350397686,0.3558059494269512,0.000894341342247967
2017-02-05,0.3639080205730375,0.39155511991610226,0.0004222204428532442,0.38939225546551137,0.0003782795930417297
2017-02-06,0.3287361343648786,0.36746681815965604,0.00017577066869217556,0.366098604195016,0.00016653366463265502
2017-02-09,0.3071672180521144,0.3441192104743035,0.000220774204907552,0.3420570835911115,0.00021885239849935898
2017-02-10,0.2572692207139508,0.33049886880089696,0.0003187493892967621,0.32504018856425965,0.0002867964879556503
2017-02-11,0.26956506766617133,0.31477951482670424,0.00031812040317269957,0.31231483394305376,0.0002800006794438613
2017-02-12,0.3467496156720687,0.31318861670024545,0.00044629128217522413,0.3160205633252914,0.00040793783128890147
2017-02-15,0.14528516737793892,0.3308314722629197,0.0004068569635411581,0.31786328475316095,0.00040025386099749687
2017-02-16,0.14528516737793892,0.3062361829891313,0.0003732113567286335,0.2953686916218706,0.00035007346225662
2017-02-17,0.16849420470870774,0.28552525464288075,0.00039827819584920915,0.2762101060738087,0.0003641262666907363
2017-02-18,0.24307924145413107,0.2692790671955361,0.0004198371498892538,0.2675956684495132,0.0003721633948846267
2017-02-21,0.14528516737793892,0.2503061016480865,0.0005522113537775457,0.23999518260781985,0.0005041706292278225
2017-02-22,0.19901864899117425,0.23565901278933774,0.0005104303854640875,0.23309123129881354,0.0004439184732754662
2017-02-23,0.14528516737793892,0.22704308621502675,0.0005571336583521177,0.22012063130591372,0.0004832203809177855
2017-02-24,0.17230602433228032,0.22142223313323986,0.0005134881565383894,0.21568337651911784,0.00045278195569928493
2017-02-27,0.17310621145581961,0.22919095367102546,0.000559885076037897,0.22350758921375458,0.0005149486601074089
2017-02-28,0.2372698718960193,0.3121098670808215,0.0018278479340198917,0.29055285537148273,0.0012837683906629822
2017-03-01,0.34915830405205545,0.2934422396605287,0.001132872496485092,0.3061068860462952,0.0008716120671851432
2017-03-02,0.312712317422642,0.29573528195642007,0.000825751387169733,0.2975454055756026,0.000708983434091992
2017-03-05,0.3522653045728692,0.37349817573246696,0.0002598728663379317,0.3721773674656906,0.00024938111437180875
2017-03-06,0.29923253421970164,0.3649327684202789,0.00021528498295239382,0.3619685400277136,0.00020264671577736155
2017-03-07,0.3970272893387855,0.3856055663547984,0.00034251529540410786,0.38624050820274375,0.0003051104262094626
2017-03-08,0.3642017229870619,0.36539075211545674,0.0001342961363240255,0.3652489642385184,0.00012810038594239154
2017-03-11,0.3026634471622509,0.31255812141485473,0.0003625076867490812,0.31174353102364294,0.0003307866541776994
2017-03-12,0.29614253581452765,0.3656166651778141,0.0003993696472507941,0.36091527089632147,0.00035417278616830074
2017-03-13,0.220363425806685,0.34876374178499836,0.0002421704442492698,0.34242880175655116,0.000226763139585063
2017-03-14,0.2922436805490098,0.3260979135757241,0.00032169732432545204,0.32380924197327177,0.00031157553708757133
2017-03-17,0.17303975660500723,0.2794241948342478,0.0005520647663723803,0.2690170331690349,0.0005262401996132636
2017-03-18,0.23323525242776416,0.262814101183652,0.0006028566380111804,0.2593893613055485,0.000524724820640851
2017-03-19,0.16399272018898936,0.2509621969156727,0.0005297697935906892,0.24255091888608793,0.0005200407183505361
2017-03-20,0.2211908016780018,0.2379647448305375,0.0005458401792214945,0.2365133181302899,0.0004740439021100853
2017-03-23,0.2641590727571163,0.3609085867127943,0.001214010151143745,0.342255180808976,0.000903955048978225
2017-03-24,0.27468646451305295,0.3445552507727153,0.0005808416766446093,0.33820266066811233,0.00048357082881834014
2017-03-25,0.3007614102211655,0.36472598123829864,0.0005446618674446326,0.3574111404555489,0.00047948659575682874
2017-03-26,0.3302176811204323,0.3326433306158727,0.0003960672720747454,0.3317790669061935,0.0003763007271114208
2017-03-29,0.1738370444302877,0.28848789452886814,0.000696866220552239,0.2747488228644853,0.0006846398225938576
2017-03-30,0.16239526528136547,0.25755193129831605,0.0007942414267980048,0.2434850770287246,0.0007529854916589076
2017-03-31,0.3667437292412931,0.3262732239942142,0.0017305810355443432,0.33664105272869305,0.0011711160511553556
2017-04-01,0.2831232782017561,0.34611762503634447,0.0007608275952035126,0.33877351599622996,0.0006609356388806534
2017-04-04,0.2969459036146027,0.3066960975826339,0.0004660904412601943,0.3063657179894859,0.0004094491206617518
2017-04-05,0.14528516737793892,0.3138891860041498,0.0006228370733298955,0.29421440811136007,0.0005126599845163658
2017-04-06,0.23758004572133018,0.2787035248852748,0.0005560086126736608,0.2753082967845693,0.000523793378611491
2017-04-07,0.14528516737793892,0.25754161818130733,0.0005482633410081625,0.24525594600448905,0.000512879594937315
2017-04-10,0.17505872944030318,0.20573038378738445,0.0006241724681259973,0.2025500229227137,0.0006126173603025744
2017-04-11,0.14528516737793892,0.20144330971662505,0.0006178396252239499,0.19427617199797967,0.0005224720822136807
2017-04-12,0.17224740682563233,0.18874073836176974,0.00042737011430606835,0.1877971855845052,0.00040827021101423296
2017-04-13,0.19061143579448875,0.18335546800012759,0.0003511362148131942,0.18371166035010872,0.00034794199553871786
2017-04-16,0.14528516737793892,0.1828425570455899,0.0003542338798518525,0.18008717469205313,0.0003319905939816987
2017-04-17,0.14528516737793892,0.1767359060596573,0.000363095265146913,0.17464013741481466,0.00036563044485922463
2017-04-18,0.14528516737793892,0.17343692052612927,0.0003634713805175849,0.17123607708536126,0.00032645078125022146
2017-04-19,0.21359731609118845,0.1719389935016751,0.00039516254873425986,0.17578061321592287,0.000382904332415707
2017-04-22,0.19054691789860662,0.16778613832825784,0.0003328174395393368,0.16941021836350761,0.00032352997394488944
2017-04-23,0.14528516737793892,0.1651614927692978,0.00023136337756447768,0.16421095113927237,0.00020374195967148
2017-04-24,0.14528516737793892,0.16333233706761263,0.0002374222881630685,0.16253525516202466,0.0002259953598807435
2017-04-25,0.2104170768394046,0.25469126125343744,0.002275714142033818,0.24344268906948546,0.0015512206930661562
2017-04-28,0.26009292432827313,0.21859190972785886,0.0008240330541918265,0.22522521084151104,0.0007164423814459467
2017-04-29,0.19102050819008776,0.209943473537761,0.0006689843978646406,0.2081733289982398,0.0005898459737666047
2017-04-30,0.346837347071672,0.2405229901648293,0.0010277729723715543,0.2582673800465489,0.0009770537778825133
2017-05-01,0.1754661385880563,0.2656144895858032,0.0010430375169088407,0.248153631001857,0.0009415441284570902
2017-05-04,0.21589828524517893,0.278401489943572,0.001200570835791679,0.26576062842359793,0.0009880634066520655
2017-05-05,0.37911743935117365,0.2897650060525711,0.000997448064673477,0.30477190018841155,0.0008786140155851562
2017-05-06,0.34853350207067413,0.3347177692538871,0.001087129744130704,0.3363752982697779,0.0009398147810553686
2017-05-07,0.14528516737793892,0.310447931468215,0.0007834510198826628,0.28843648355615076,0.0006229458626187288
2017-05-10,0.3572664585519527,0.24461149367704102,0.0008649906506751222,0.2601199086853573,0.0007158053553815856
2017-05-11,0.32340042607524716,0.29215487898437986,0.0012997611183716761,0.3000349848978203,0.0010482108242929771
2017-05-12,0.1715730163780664,0.27683422149326203,0.0009580424213589668,0.25996586970051855,0.0008286617034738965
2017-05-13,0.34884299568240673,0.2591275090822668,0.0008264746076109817,0.27275826819481763,0.0007199607049641223
2017-05-16,0.2164960852490287,0.20738241066974156,0.0007920233818186737,0.20733435369245443,0.0007175903331851463
2017-05-17,0.40000458861110666,0.244544642740004,0.0013841895428746524,0.28059496776400156,0.001050623951046177
2017-05-18,0.3761766102763517,0.37675884677836885,0.0008947086736954317,0.37587282559978535,0.0007031078699982203
2017-05-19,0.34422160272449076,0.3532995484228053,0.00030380845854331,0.35197222751901736,0.000294800865456352
2017-05-22,0.27728307417647213,0.2972660768092878,0.0006698538805841014,0.2948235940101436,0.0005944285453988637
2017-05-23,0.362430332450197,0.27498921161909445,0.0006259592898948448,0.28446323992469014,0.0005388907936349981
2017-05-24,0.3213482387175737,0.2594388780404701,0.0006705819433439877,0.2654139793325415,0.0005035962603068771
2017-05-25,0.23989405562489438,0.23870507892648515,0.0006378557398545545,0.23814616909108757,0.0006194399389238684
2017-05-28,0.24706892966673105,0.19560982896475004,0.0006008556912469915,0.2009505163471328,0.0004993481234730881
2017-05-29,0.4269553818436965,0.19499581197926458,0.00046811388445525397,0.21505186919497912,0.0004733059480625086
2017-05-30,0.3848417770384964,0.2993927923122164,0.002209608671236908,0.32851686002049457,0.0014827339714288401
2017-05-31,0.2680334112914916,0.32950973793637994,0.0013052219057123695,0.31452523207768934,0.0009705390535208991
2017-06-03,0.3419097556060695,0.3624476376235065,0.0011772908619801588,0.35836398397222075,0.000918911714196527
2017-06-04,0.3355681430072391,0.34487747061891416,0.0006456829770028761,0.34495367042625735,0.0005283955895242245
2017-06-05,0.28682538075858927,0.32044774567550294,0.000545504978673475,0.3178955600384817,0.00048598308824544735
2017-06-06,0.2699616905359249,0.31078671988668,0.0005407612812577107,0.3066869004079267,0.00045096231087312245
2017-06-09,0.2661895259910224,0.28588772541613655,0.001297901211468331,0.2822395298786983,0.00103464182333753
2017-06-10,0.2821002038441571,0.2551510275353639,0.0010596963548874586,0.2583297404224131,0.0009338451676600811
2017-06-11,0.30923887593667826,0.23213934873033013,0.0009389723348969043,0.24561130120026417,0.0007120529560410826
2017-06-12,0.336261139723347,0.22748867148751453,0.0006216564979267432,0.2389633465695546,0.000615115515760251
2017-06-15,0.16433266377910055,0.19215924219738809,0.0004926319043863111,0.19004527074593894,0.0004562321417677493
2017-06-16,0.24051661811527944,0.18216100910057864,0.00035976387531218984,0.18589753065519926,0.000332643551387609
2017-06-17,0.3675685780451773,0.1767173415365763,0.00035116932102865036,0.1899928120472691,0.00032257185182562036
2017-06-18,0.14528516737793892,0.1767726201102596,0.00024592958329590185,0.1753546846039173,0.00022977600161972836
2017-06-21,0.2682450580502779,0.16211788799881677,0.00020547927187561447,0.1662617552978978,0.00019120186387960368
2017-06-22,0.3261094261119366,0.1598512590979925,0.00020936930228604268,0.16619191297839603,0.00019485052949106533
2017-06-23,0.20772193166412634,0.16872118691836754,0.0002503746397778898,0.17004901322573107,0.00025099996636870035
2017-06-24,0.259134814005795,0.16886882697728411,0.0002612150000376569,0.1731812789343461,0.00024399911757822383
2017-06-27,0.37727614119695213,0.28985937911864973,0.001839568273700904,0.3132457925151398,0.0012334960668612062
2017-06-28,0.32582764692026506,0.34695220304418917,0.001063060059907627,0.3446955657548471,0.000840408307924589
2017-06-29,0.3528743733291402,0.34603895176225047,0.0006380303144931108,0.3465707838476482,0.000589134916066941
2017-06-30,0.4269553818436965,0.36852806447904024,0.00048647018159269793,0.37403965182557386,0.00044133948699936744
2017-07-03,0.28126704366632804,0.31353075028679755,0.00040971937993012687,0.31109883980557096,0.000391765717017514
2017-07-04,0.21909970394271402,0.2773726590814344,0.00057365454532323,0.27244703742332355,0.0005749674856842378
2017-07-05,0.22323239419288296,0.24655977066337456,0.0007475820103153252,0.24268879251703285,0.0006628145386097696
2017-07-06,0.23984957554467676,0.21783564211571987,0.0007171310862141917,0.22082199953552725,0.0005485505742111456
2017-07-09,0.3627814781088273,0.24757630297722533,0.00137871227569167,0.27019089401703045,0.001048988077319488
2017-07-10,0.3610663873887488,0.32767781334429213,0.0015718175673461118,0.33509933173686335,0.001114566029298851
2017-07-11,0.33107998323056986,0.3145579515562197,0.0009033132344939309,0.3171276518073621,0.0007903693594782685
2017-07-12,0.35409461039729745,0.29212922721333834,0.0008218126282269703,0.30214438595530463,0.0006695667081406555
2017-07-15,0.22412218737771544,0.23539930188824965,0.0007710780115688506,0.234473318089894,0.0006585616388950905
2017-07-16,0.22848793720866972,0.211552054711962,0.0006313371637625017,0.21355788458292913,0.0005772354780451677
2017-07-17,0.19285961052343173,0.19186379223491573,0.0005784443393868803,0.1917760901437149,0.0005047479778635883
2017-07-18,0.32330343070085904,0.17850524291860892,0.0003843166644303405,0.1884219738565782,0.00037971928930137765
2017-07-21,0.31957795642087106,0.2662703378592077,0.0018877989384629163,0.2843713416076589,0.001244598238275156
2017-07-22,0.24494740541490154,0.2627256418579277,0.0011572842509446162,0.2577797180019901,0.0009399389291496229
2017-07-23,0.3128158040585383,0.2418861931222153,0.0008482534187539816,0.25341240315479596,0.0006878480835455635
2017-07-24,0.30000262366591646,0.26546309263247714,0.000930419122256318,0.272185078892421,0.0008567852946857248
2017-07-27,0.21609412701536596,0.2334168695382011,0.001006697863613387,0.2323341777872996,0.0009047034389916762
2017-07-28,0.278406434695888,0.2208679085892371,0.0008584013692037017,0.2301404989325644,0.0008168462035074459
2017-07-29,0.3092080805399639,0.20980605502584226,0.0007109431954022116,0.2223722199213472,0.0006222631583250622
2017-07-30,0.19635338119297352,0.2108043472913742,0.0005706956185524063,0.20926346431558313,0.00047927488664007984
2017-08-02,0.14528516737793892,0.18518162721473946,0.0003887186134953569,0.18171320657488238,0.00039345961078814253
2017-08-03,0.30287702684399354,0.1737814027676216,0.0003081836856206291,0.18155104592991417,0.0002571183235163042
2017-08-04,0.14528516737793892,0.17484215700819816,0.00032161817161858417,0.1727987472304332,0.00029202615128117213
2017-08-05,0.14528516737793892,0.17645695980547957,0.0002967666307199487,0.17498026073810288,0.00029423277454912645
2017-08-08,0.26534393042309545,0.35227884140213156,0.0017880451209222983,0.32977735729331653,0.00119383580274634
2017-08-09,0.18808291624733456,0.330304728041897,0.0007977594678605444,0.31016938551433815,0.0006933182054059849
2017-08-10,0.2086364311651019,0.32331611577760344,0.0007709967957489742,0.3089654212548279,0.0006303781558246827
2017-08-11,0.16179708321186734,0.291353418709088,0.0006725347064153676,0.2754832862230898,0.0005600392027790658
2017-08-14,0.21961848511346355,0.20715403349615447,0.0005599657136527353,0.20770688773882412,0.000496933565971872
2017-08-15,0.31906985699292545,0.19995002502051418,0.0004982179153914447,0.20975802661274875,0.0004476232651049312
2017-08-16,0.16718557476472337,0.20489428799545553,0.00048814713972613515,0.20166861332703473,0.00045286718473211857
2017-08-17,0.14528516737793892,0.1898157070987975,0.0003723480151548462,0.18646544006603105,0.0003495870600956013
2017-08-20,0.1765959571694591,0.17378223807966436,0.0003399655323582386,0.17400839893558626,0.00029808023243085456
2017-08-21,0.16288870862096555,0.16612490151872422,0.0003629328105655724,0.166239610912707,0.00034921197004288373
2017-08-22,0.14528516737793892,0.16163569888827628,0.0003664235826819715,0.15977795008703907,0.0003454926040628571
2017-08-23,0.14528516737793892,0.1621605119193584,0.00038470788261187505,0.16108729103195862,0.0003640298815723153
2017-08-26,0.35145333012871566,0.15605299082264512,0.00023926303369481105,0.16541739717872506,0.00023174768863972584
2017-08-27,0.33568887917216095,0.16772010685970776,0.0002596531280554118,0.17603752829171274,0.00025281703939024623
2017-08-28,0.16952240139191813,0.18311636379647397,0.0003045930838151753,0.18239206494190616,0.00028334020561353676
2017-08-29,0.1547332193631565,0.17564100037156075,0.00032121622234489546,0.17484313197342405,0.0002923853003510157
2017-09-01,0.33573150355465303,0.274210385520348,0.0019754387092920725,0.29150776474786805,0.001541166342556709
2017-09-02,0.2158014137185748,0.27342905350574936,0.0014102543080727079,0.2620650249120953,0.0009780711102576653
2017-09-03,0.20156818541540503,0.24785493545644574,0.0010065361147739407,0.23997990436197442,0.0007650158352627232
2017-09-04,0.29946533173406703,0.25047865585048856,0.0010011518043533856,0.2593913142430266,0.0008071610061516383
2017-09-07,0.21162534167260258,0.22331615665899224,0.0006880396849991095,0.22341373849161486,0.0006963869500305639
2017-09-08,0.3645400091097631,0.21304047697764164,0.0006225199541343422,0.23086404393330326,0.0005023999782719812
2017-09-09,0.19022541990767045,0.34832332676000227,0.0015575077665875424,0.30594164005779045,0.0009816988318671399
2017-09-10,0.24059771616355421,0.29378206478639773,0.0010044600064663058,0.28277598569482715,0.0008396923135829983
2017-09-13,0.2405917131457819,0.25103937646745655,0.0008375043146408406,0.24961018365300106,0.0006584662665891503
2017-09-14,0.35744399864732673,0.2581526547373541,0.0008970407053200378,0.2730443300599783,0.0008243218376235253
2017-09-15,0.3192731326738927,0.28038743857912496,0.0008726700793192295,0.286397313655827,0.000660514731409808
2017-09-16,0.2974555549384769,0.28297815438374774,0.0007388214140928778,0.28380417490444104,0.0007361410252825306
2017-09-19,0.30875508363187293,0.3261951801722381,0.0007792280541987648,0.32399580100473746,0.0006981403885502745
2017-09-20,0.2859543219993253,0.3025159711168699,0.0007525870317416366,0.29824812575151116,0.0005899284732663446
2017-09-21,0.2832106713218934,0.2772720679299305,0.0005911086439236843,0.27887526590939005,0.0005375062097065898
2017-09-22,0.1938473477450297,0.2672084695059089,0.0005910351461038614,0.25897464484446536,0.000531567916429484
2017-09-25,0.3270959363654959,0.2566059927777462,0.0009069603635729075,0.2677419556376457,0.0007822625895739458
2017-09-26,0.3553407516718629,0.2628537498993254,0.0008323446227800098,0.27483188389630664,0.0007433700453553237
2017-09-27,0.36969429876558857,0.2557709409484699,0.0007968213910419293,0.27041617257260314,0.0006257402872195135
2017-09-28,0.18129429322133697,0.2546884508179861,0.0006812846182666984,0.24466998797136605,0.00060054683225601
2017-10-01,0.3611732171533825,0.29093183378975024,0.0016495283502880628,0.30952138871092894,0.0011705466170188075
2017-10-02,0.4269553818436965,0.31310103324516697,0.0009128521010819325,0.3299195425315332,0.0008170245835574082
2017-10-03,0.3560092194337288,0.32505492939479697,0.0007065564742110118,0.32780581925837915,0.0006232678630238316
2017-10-04,0.33305671908938833,0.308729819536673,0.0005724255815271781,0.31070389976793633,0.0005334818795715321
2017-10-07,0.19757441745298163,0.2883783742836565,0.0006745227076612258,0.2778227058080528,0.0005781247361411349
2017-10-08,0.28563840146086833,0.26679530419498826,0.0005258247295235497,0.26870940141208516,0.0005449163329243559
2017-10-09,0.1913084271033816,0.25996612689783727,0.0005953665990771311,0.2536522327406409,0.0005087662302463304
2017-10-10,0.19349661058304976,0.24565765626786298,0.0005732159096575249,0.24067284353866314,0.0005776866829515854
2017-10-13,0.26886124506487113,0.21775760359323665,0.0006237449135694956,0.22218567392960345,0.0005298408113202159
2017-10-14,0.3543898098514228,0.21293134659869767,0.0006381856301834642,0.22813961855981219,0.0005770051235456105
2017-10-15,0.25801948305392675,0.22078985425337405,0.0005809676398779397,0.22568737316232704,0.0005577873406100245
2017-10-16,0.21701870924248653,0.22111735489780643,0.0005369331908293089,0.22031903048559076,0.0004974799495594335
2017-10-19,0.3543339480192272,0.30195242644073106,0.0014518396483244119,0.31474005009529704,0.001167113884617009
2017-10-20,0.36054724367132945,0.3014450089255254,0.0009981029904635604,0.31042001291081844,0.0008391955577259851
2017-10-22,0.341758672584404,0.29698508047220756,0.0007623279433639394,0.302563066065069,0.0006829328700940073
2017-10-25,0.2897828088631347,0.27082472519744366,0.0007497825059142025,0.2743628549581719,0.0007588976354823062
2017-10-26,0.2801877737224534,0.263118239553251,0.0008428292261334679,0.26421604636920015,0.0007252338830104654
2017-10-27,0.14528516737793892,0.25874999039252256,0.0006504414773469535,0.24628409677298507,0.00052058468689967
2017-10-28,0.3110537647159904,0.240489669869111,0.0006540303387507543,0.24834354846430245,0.0006003752635822196
2017-10-31,0.17736171681683358,0.23633423300858972,0.0006340074315660769,0.22961384103181753,0.0005327748599489916
2017-11-01,0.34138899155594227,0.2266905442831048,0.0005715761789438213,0.23761044229762876,0.0005518526617874249
2017-11-02,0.20399263745464083,0.2345884076001316,0.0005118162115532487,0.2317101466532308,0.00045060218735219526
2017-11-03,0.285637761946416,0.22835962389537692,0.0005207631535632641,0.23380057777794183,0.00045955950066264747
2017-11-06,0.1630215874229826,0.31975620550253686,0.0009940972594669971,0.2945782709799819,0.0008552631871798035
2017-11-07,0.2605550980013921,0.284482409765139,0.000826745697422733,0.28046943212176073,0.0007100318073750116
2017-11-08,0.31688374081439363,0.30854858151329834,0.0009120112625785283,0.30972558016565743,0.0008377020731234351
2017-11-09,0.28455778638701257,0.3301273045908757,0.0007057995891469113,0.3239364700839195,0.0005916377800268623
2017-11-12,0.35345057640882294,0.3270885684911432,0.0007108814587307678,0.3301769593089759,0.0005718501157058437
2017-11-13,0.19036130552702366,0.3199056632942717,0.0005253894689060125,0.307213713509744,0.0004831096701819645
2017-11-14,0.2494258496131666,0.29619493849801487,0.0004948785047224979,0.29134582036008466,0.0004961607632760455
2017-11-19,0.3568248661253415,0.26068800580268614,0.0006372558996117163,0.2712183726829783,0.0006252422504991724
2017-11-20,0.27386696269868027,0.26331299439821554,0.0006471144747470259,0.2637582758445384,0.0005405885339406758
2017-11-21,0.20391938134677723,0.2590556935946013,0.000514296944956181,0.2530636695441013,0.0004582719831798374
2017-11-24,0.3585720860598639,0.26465559923108634,0.0007770223882816015,0.2783622060341726,0.0007851513130710924
2017-11-25,0.23360678807579158,0.3337690883593574,0.0013810509493216217,0.3116994547466605,0.001099429872893816
2017-11-26,0.33586476729285974,0.30411323615505603,0.001040778807269541,0.31012796213690064,0.000839425138152636
2017-11-30,0.34030788617269875,0.3185046059960647,0.0007357059865910441,0.320196297429536,0.0006113210750984886
2017-12-07,0.3597463794633554,0.31012055006324885,0.0009797463072972726,0.3172357113391917,0.0006879765744945013
2017-12-08,0.3978508301413649,0.33521375193188363,0.0007160369478910284,0.34311058381937576,0.00058164657792429
2017-12-09,0.3311982985012017,0.3624658747263813,0.00043586760491584327,0.3595216099768502,0.00043647394149498434
2017-12-12,0.36082143867054556,0.37517594609076804,0.00023481816051216525,0.37439732163106215,0.0002136322939174456
2017-12-13,0.3911479400867432,0.3679391089517875,0.00018323082631085374,0.368447606302514,0.00017959703859303213
2017-12-14,0.3842417182873284,0.3673646931686721,0.00019764107223236297,0.36812326897181313,0.00020020098462076037
2017-12-15,0.4269553818436965,0.3957269330472501,0.0003679138929250886,0.3984376075817018,0.00032464632428152833
2017-12-21,0.37730720516008187,0.3462532148457908,0.00024163724358915807,0.3478055556873895,0.00023007707712350826
2017-12-24,0.34073465908251827,0.33892414699544743,0.0003569026708511761,0.34021129642815745,0.0003424649681194005
2017-12-25,0.2669718114078052,0.33520486785623893,0.0003777031524905224,0.33113037587525496,0.00036111449667463767
2017-12-26,0.31610649927784623,0.3591448274491194,0.0004628365793779183,0.35505033636582295,0.00042306359373504214
2017-12-27,0.4006356321641993,0.397435062409366,0.00041057685744828344,0.3982245691602096,0.0003598968864507162
2017-12-30,0.3546695844230075,0.3681396107454058,0.00015036450833533842,0.3670121533034637,0.00014565873912491381
2017-12-31,0.3425388061276555,0.3639941028428545,0.00017089131653874444,0.3633093082879423,0.00017086358393426031
2018-01-01,0.35644338888461496,0.38928422793189554,0.00036806576881185516,0.38704694939651657,0.00033282879356946927
2018-01-02,0.4269553818436965,0.39424327333194414,0.0002702799915077101,0.39567302932590565,0.0002691959158423028
2018-01-05,0.3945042468850999,0.37726225204712066,0.0003026348276655145,0.3779110857976706,0.00029660171917545667
2018-01-06,0.362711653609064,0.41470670399967946,0.0002365625407208172,0.4123624742144475,0.00024564467854255694
2018-01-07,0.26080212486973997,0.41812840673603574,0.0001707499420598422,0.41281285648286875,0.0001557611686635764
2018-01-08,0.293773289379113,0.3966152762170922,0.00019348769498318566,0.3927254250878701,0.0001916567966482126
2018-01-11,0.35708876392148137,0.3742857973593468,0.00011523736650522382,0.3740914201739596,0.00011685236272479917
2018-01-12,0.3011947420155675,0.36442768843091966,0.00014644106599602064,0.36248600742066633,0.0001417318413066841
2018-01-13,0.30385742165117635,0.35794387257656546,0.00012437184371089473,0.3568065508099291,0.0001241635520567346
2018-01-14,0.3594771108719107,0.37435548375335925,0.00023105339881226614,0.37378732569945144,0.0002174218921841712
2018-01-17,0.3894840751903474,0.3725436480675659,0.0001732392886760178,0.3730714812653739,0.00017255605049793627
2018-01-18,0.3687183311269275,0.36473687485616635,0.0001700623880863727,0.3646278249521941,0.00017105889042340748
2018-01-19,0.3183248189639463,0.3781245632677392,0.00027728055013926257,0.3745014675187466,0.00025861430628488445
2018-01-20,0.4269553818436965,0.40007949576978324,0.00034388629354615815,0.4019889528489608,0.00032678533625711325
2018-01-23,0.36830886979859884,0.3666789170198004,0.0001444173876082871,0.36680913015946764,0.00013562497471453883
2018-01-24,0.3446283092125158,0.35957432048733556,0.00015593019224901638,0.35890072703448994,0.00015219635741629538
2018-01-25,0.349078660579606,0.3779129673223626,0.00021921455075760594,0.37655055286023154,0.0002193838133261888
2018-01-26,0.32329165564692935,0.376827729568341,0.000113856504640067,0.37552896767593935,0.00011355726172464538
2018-01-29,0.27537116823735647,0.35598826005297135,0.00020988536121502552,0.35280286425006013,0.00020883236784694653
2018-01-30,0.35161609340588484,0.3499817907636642,0.00023826847793247013,0.3502138594266578,0.0002268927235862159
2018-01-31,0.32060381427962925,0.3483994187840939,0.000208155615754484,0.34749542672183475,0.00021104807722682043
2018-02-01,0.3664023831287926,0.38913223843629974,0.00040713353468311333,0.3886841553848173,0.00036030157476968594
2018-02-04,0.366946197530659,0.371117029463797,0.00016227003766660183,0.37088373179881623,0.0001597304828401854
2018-02-10,0.3403332637823392,0.35699406343835627,0.00015694348053480917,0.3565329245988159,0.0001499695497136278
2018-02-16,0.34961090737398226,0.3802134973178512,0.00015664603242484648,0.37918841049841584,0.0001491093417777884
2018-02-17,0.24442326106948373,0.3811394663936125,0.00028475812878416673,0.3731330511301203,0.00026325551367539714
2018-02-18,0.36535199149203756,0.3786457293676833,0.0002114597038739063,0.3782462419242829,0.00020589944607882346
2018-02-19,0.29210696759740945,0.369833568204876,0.00012541095154233606,0.36757653750813096,0.00012008669366620538
2018-02-28,0.3655020046551389,0.382031161987451,0.00036726242573323613,0.3809412113321802,0.0003426273969992285
2018-03-01,0.3175704054421464,0.3741795450328528,0.0002106340089435171,0.37212480381747687,0.0002053425616158973
2018-03-02,0.35341931400576804,0.3930790230264601,0.0003106444101230677,0.3917756503410929,0.00029463183738410363
2018-03-03,0.39201899057144,0.37993978078094126,0.0002017938995845003,0.3796034783840772,0.0001947136002114787
2018-03-06,0.28982538618346937,0.36602501210228267,0.00013451753098505398,0.3639745288732608,0.00012885972578613976
2018-03-07,0.34614208226637816,0.3627602907284386,0.00016011826576012243,0.3620910459280091,0.00014976584884754705
2018-03-08,0.34369909928431575,0.35224409444881877,0.00016257226752137781,0.35208838495184686,0.0001638686772832228
2018-03-09,0.4269553818436965,0.3557715675589369,0.00014102002771897187,0.3578841319059874,0.00014067266935669344
2018-03-12,0.2522906401428915,0.37561444573414604,0.00017447752485137032,0.37182417416353,0.00017978887134095255
2018-03-13,0.3290962415713161,0.3594482370743088,0.0001670741830855132,0.35848537285368415,0.00016311705263969358
2018-03-14,0.3610675768916662,0.35987917153638965,0.00015577404483460564,0.3596915505320906,0.00015067260793109424
2018-03-15,0.38341480472637773,0.35982897897556126,0.00017146641440998148,0.3601598593352508,0.00016577911857849702
2018-03-18,0.3086637019597982,0.3807468430129616,0.0002402690614473188,0.37647077194218087,0.0002202371651102188
2018-03-19,0.29869234307787024,0.38795161102385406,0.0002733706125100502,0.38313122439257474,0.00026471236490625187
2018-03-20,0.306876728656295,0.36811908798125187,0.00017180855232182984,0.36619013872199496,0.0001669708875315356
2018-03-21,0.362438421996802,0.3551545005386308,0.00021282109752077512,0.35604036415766144,0.00020893050198685843
2018-03-24,0.3050025976471933,0.38175611474875437,0.0004904382720750014,0.3747933866482358,0.0004268931147090607
2018-03-25,0.33348669473381487,0.36480767671990255,0.0002388218873982605,0.3634683557771268,0.00022730541705389545
2018-03-26,0.26183137325903433,0.3733727007016124,0.00027681936966572444,0.36816464294367196,0.00025945316771050595
2018-03-27,0.4269553818436965,0.38757796374906556,0.00042370670567646863,0.39107489266247036,0.00042139226526308914
2018-03-30,0.3041726136862493,0.36331379113506856,0.0001755617645111297,0.36100078190039026,0.00016064057532360888
2018-03-31,0.3489647880758418,0.3890487233002348,0.0003410862712840249,0.3865730940036631,0.0002927513257961566
2018-04-01,0.3548646350907078,0.36203451066253917,0.00016870532348310134,0.3616216902888015,0.00016070531539894432
2018-04-02,0.3921778678052791,0.34919805992077957,0.00018683189708680264,0.35089181461764396,0.00017930787555526826
2018-04-05,0.23139774432859084,0.35639402901333367,0.0002026801329664796,0.35111833459147773,0.0001965887118591158
2018-04-06,0.20933354586759712,0.3433412413722447,0.00022391098990169622,0.3379065729311897,0.0002093858090817912
2018-04-07,0.22217575051647304,0.3485819946596187,0.0002881626840632938,0.3414769064542956,0.00026589880974349186
2018-04-08,0.3670435360507772,0.3969978855352568,0.00047817866088669395,0.39457982165391686,0.0004292854965128685
2018-04-11,0.2658515688317286,0.39592016932454427,0.00025174100440213376,0.3898812209377568,0.00023526735391212727
2018-04-12,0.1910621227547984,0.3636222004562741,0.00014690807879724665,0.35848305661486146,0.00014548721303605887
2018-04-13,0.3344526165249452,0.3652094515725242,0.000270142630643143,0.36398755110322667,0.00024909251540830297
2018-04-14,0.29989501678349567,0.35336240820409826,0.00024877177621952264,0.3510205703488984,0.0002410104961696786
2018-04-17,0.26000292031633915,0.32887145866475087,0.000360444485898107,0.323919503726396,0.00036602936489085535
2018-04-18,0.2170914892100865,0.3085167695331305,0.00047594813194296704,0.30063377114317336,0.00043506959787859917
2018-04-19,0.2082803824384893,0.29050189881066757,0.0005471637070688529,0.2809724636745824,0.0004887777562651765
2018-04-23,0.24611574687167798,0.2522329337415263,0.0007150965057890171,0.24981273438834797,0.0006312785715584518
2018-04-24,0.14528516737793892,0.24440841479654069,0.0006712247707267292,0.23228455201084255,0.0006389131363273564
2018-04-25,0.16971152687408544,0.23558560257716704,0.0006545791581784315,0.22842042862171635,0.0006572465871581001
2018-04-26,0.16291143474929126,0.22560549300750474,0.0005609397049418168,0.21905502213291655,0.0004674994484287325
2018-04-29,0.31698090796134754,0.4040601893404972,0.0003669188796522952,0.3984394466367347,0.00036889438097549197
2018-04-30,0.1633956258112837,0.3789277744586003,0.00024650185443552184,0.36904588574098424,0.00025380519173748826
2018-05-01,0.17352932203488167,0.35443234187240963,0.0002618167763985988,0.3454245461553963,0.00025000901439267595
2018-05-05,0.3224383141141964,0.3236071503556772,0.0004352615555768106,0.32247686261215286,0.0003942347379488651
2018-05-06,0.3445138407209313,0.2994140527732665,0.0005721145050365462,0.30369920987949517,0.0004665277906628646
2018-05-07,0.22509421222777196,0.29995810933134776,0.0005246286166299079,0.29198466142220414,0.00043000547573282576
2018-05-08,0.3569456547771053,0.2843348551980981,0.0004412627817731993,0.2910379751737644,0.0004469650645986864
2018-05-11,0.4269553818436965,0.26739285208084335,0.000862829457125242,0.2900826602287036,0.0007110178101266528
2018-05-12,0.3590115458387633,0.35231490239203095,0.0010645144385292742,0.35523085223731443,0.0008419886032249913
2018-05-13,0.4269553818436965,0.37845652761637616,0.0006424038598926409,0.38288105697074626,0.0006044254133537997
2018-05-17,0.3443630253676984,0.3387847675059914,0.00026088374088760534,0.3383614466713442,0.00024319227197569548
2018-05-18,0.3565874769090027,0.3189134543458801,0.0003227889316787042,0.320882909725013,0.00029503202548780027
2018-05-19,0.16777760034182918,0.30530656319590427,0.00046106696463737925,0.29328353792649314,0.00044692269024606846
2018-05-20,0.281380800568673,0.27815023298315095,0.0006068775918349384,0.2787959324957549,0.0004463252815680842
2018-05-23,0.21618055920694126,0.27764457489622246,0.0012597926690219722,0.2676394221315409,0.0010119074724003064
2018-05-24,0.18423983519165082,0.2558734062622598,0.0010147458478945448,0.246008311732195,0.0008039442740118332
2018-05-25,0.33172401471096696,0.23350282813012718,0.000837323679641002,0.24606953850702315,0.0006761920009056632
2018-05-29,0.3898681483745005,0.3876818564478027,0.00027254134633439617,0.38758537531380793,0.0002566636366129178
2018-05-30,0.3919375639785185,0.4021620465471794,0.00022365443351665213,0.4014526506834033,0.00020252766939869496
2018-05-31,0.40030102664299727,0.36723617762949007,0.0001848042439716701,0.36846521138334437,0.00017604729112152205
2018-06-01,0.37058045389936073,0.3396603359503267,0.0002319085231565394,0.34147166174326216,0.00023078693087113397
2018-06-04,0.4269553818436965,0.3528895147153622,0.00045301695227951765,0.35974388431783744,0.0004087467258875803
2018-06-05,0.4269553818436965,0.41578380882646093,9.915052188333056e-05,0.4163395871751427,9.711105715215811e-05
2018-06-06,0.31874370186237433,0.40260010467204127,0.00018587259613895882,0.3996827401849472,0.0001694869246975228
2018-06-10,0.3710996601240738,0.40642299289320194,0.0003833964063791371,0.4032203431826663,0.00038691996760731166
2018-06-11,0.38373159880607594,0.4014252811137979,0.000190159654574261,0.40071354734636894,0.00018041075507102105
2018-06-12,0.38380988588417575,0.41334735864675975,0.00014708647868179821,0.4123960484683177,0.00014624821967201774
2018-06-13,0.3252259471493302,0.37785569536126135,0.00013782802721152087,0.37611759814153245,0.00013664333728912045
2018-06-16,0.36042825393399025,0.3413425094417077,0.00027298293943620874,0.34265265002021267,0.00023194814420150693
2018-06-17,0.2807606041666624,0.33357251801782484,0.0003675874985288843,0.3305658595082104,0.0003236090909368788
2018-06-18,0.23765564153590873,0.3180428183368475,0.0004253783570382491,0.3123973174166424,0.00044202287725800526
2018-06-22,0.21526816808170562,0.25611971479882756,0.0010369620256348222,0.24877853759708846,0.0007425476658383898
2018-06-23,0.26569707288653477,0.23828255556530048,0.0007682106323580093,0.2423589904605328,0.0006173218012749839
2018-06-24,0.24547987278372208,0.23023881455232162,0.000726529318650488,0.23285014959967604,0.0005814175721571672
2018-06-25,0.32364493585004767,0.2216079778645221,0.0005615930358853441,0.23108178376647587,0.0004998924472355638
2018-06-28,0.32142300060229073,0.2042624745381167,0.0004981977070609078,0.21506614801868232,0.00045973447580021054
2018-06-29,0.32472024192327276,0.2073718139369934,0.00042530736763610617,0.21697738410275563,0.0003987181170429819
2018-06-30,0.3283982371690064,0.2075103038697024,0.00036595079674387,0.21636647730268002,0.00034890430046082243
2018-07-04,0.4269553818436965,0.307005861251873,0.0014522870650433626,0.3351164634273921,0.0011688657209430614
2018-07-05,0.4269553818436965,0.3395798132005946,0.0007342553396015808,0.3519699849878198,0.0006444252883472194
2018-07-06,0.4269553818436965,0.33066095328590556,0.0005663840437059964,0.34225391347273665,0.0005340039359072305
2018-07-10,0.22365932368170185,0.24781706445460958,0.001078495151211082,0.242818686428115,0.0008400744721282201
2018-07-11,0.3561143804945607,0.22794144729944688,0.0008095554902579264,0.24642464058083946,0.0006317366588398031
2018-07-12,0.3136953938056729,0.23013589104455132,0.0007260653065001144,0.24106380030301622,0.0006698750163590226
2018-07-16,0.3135674027507936,0.35012038814476404,0.0017575645329984489,0.33953658543243537,0.0013030236068828282
2018-07-17,0.3024966649282044,0.31378975741817255,0.0009727592562507759,0.3123662918961269,0.0008377639704161745
2018-07-18,0.3556118183610797,0.29248097713056503,0.0008734853520988528,0.3015351700531229,0.0006757678976307011
2018-07-19,0.34344738368048444,0.2772444368633283,0.0007328877247060161,0.2855591138160643,0.0006463011812016893
2018-07-22,0.24413033906430517,0.26690760797169255,0.0011382093173401507,0.2613434431301399,0.0009672067431721
2018-07-23,0.2845493559364399,0.24091502663028613,0.001024786528775254,0.2496268030093805,0.0008275024780400059
2018-07-24,0.28433995170349097,0.22902820141764213,0.0009215441395749716,0.23839874336047606,0.0007317224802241934
2018-07-28,0.35532845460363355,0.30801760763747865,0.0030039714696014743,0.32619137050902663,0.0018517788620304653
2018-07-29,0.2802223257587092,0.29631713582236907,0.0013561981796877706,0.2900879937959097,0.0010188782313135768
2018-07-30,0.2337270343533415,0.2635544233842419,0.0010590526240200253,0.26091892754003754,0.000793014582336443
2018-07-31,0.3460311437788195,0.2483612358452948,0.0008769934943133109,0.2648207777249246,0.0007855221089595288
2018-08-03,0.3314906319719211,0.20455481768931422,0.0006209074658765098,0.21904295730236062,0.0004989269189451788
2018-08-04,0.25171355071588525,0.20358559441193644,0.0005284524978263473,0.20752169989706687,0.00047762822567208954
2018-08-05,0.20201518641842836,0.19308758725202005,0.0005016817670440661,0.1939246386697954,0.00045507976485264454
2018-08-09,0.34685700837078154,0.19448292692609884,0.0005132716737245073,0.2088515925878942,0.0004317820590586338
2018-08-10,0.31718629824888295,0.19785516738999,0.00040198958467900747,0.2067414681233452,0.0003595626914861339
2018-08-11,0.1919335048125281,0.1937585523402899,0.00033966362899444364,0.19335500892829877,0.0003283721261994327
2018-08-12,0.2034663567606062,0.24605220862769583,0.0015533916432976193,0.23504579526877137,0.0011315554954742734
2018-08-15,0.26995070743499394,0.2429441189759785,0.0011292343185414987,0.24815647265398674,0.0010107236103348357
2018-08-16,0.3045460748566938,0.23733755702346776,0.000887576788342013,0.2493695777924746,0.0007703236404366446
2018-08-17,0.24007853326026476,0.24190134671456293,0.0007381435313943749,0.2413315414135119,0.0005718215826009714
2018-08-21,0.17162057530348393,0.18689803885316827,0.0005117313994757224,0.18475510859289113,0.000426040348962863
2018-08-22,0.19218522726214432,0.17797793890427718,0.0003141645972960956,0.1781806254996619,0.0003084395402373826
2018-08-23,0.21208061223699645,0.19256282702246202,0.0004563891496224928,0.1931408324183333,0.00042167214144776664
2018-08-24,0.34173814190909674,0.19601393600571915,0.00045651832113687794,0.2088270296250782,0.0004128369190712885
2018-08-27,0.1621048227335567,0.19324664491410992,0.000509441554811023,0.19070492068210104,0.00045661072243034144
2018-08-29,0.281105397559285,0.19113752640048087,0.00041663974109852197,0.19943728171703373,0.0003952306752403707
2018-09-02,0.21727502883706343,0.1717887851672595,0.00034020973866249045,0.17502472807568686,0.0002972647482967652
2018-09-03,0.18508871831305593,0.17057195934449557,0.00032390424398573577,0.17055412135721787,0.0003255386354297666
2018-09-04,0.2042334099513725,0.1668081820295537,0.0002800520651267364,0.1687081540455149,0.0002567815199875094
2018-09-05,0.27420861886946635,0.176417984071875,0.00028734649788393347,0.181518488804394,0.0002775695915559267
2018-09-08,0.331851751924265,0.25861620788361384,0.0019677504945972237,0.28137651428044885,0.0013517002115751736
2018-09-09,0.26156507701786524,0.2640481450319574,0.0012545780181194592,0.26469912543922486,0.0009428670362809156
2018-09-10,0.3415014237354457,0.24899486183282168,0.0007800784330964152,0.2612228960189526,0.0006334825217960491
2018-09-14,0.18569821189447733,0.21171142039958682,0.0006362974504565645,0.20904223547545223,0.0005817804616984024
2018-09-15,0.14528516737793892,0.2000066597786987,0.0005321780923635719,0.19497851434398825,0.0005368310391254481
2018-09-16,0.22091169178728318,0.1870193153679254,0.000509190938427669,0.19027319720020233,0.0004990860903229591
2018-09-17,0.14528516737793892,0.18494329557571587,0.0004789803610008865,0.181138138180258,0.00042246511256638787
2018-09-20,0.17562048305763234,0.17247914130142233,0.0003753691983923399,0.17332115104907395,0.00037591428317907137
2018-09-21,0.3142165640359152,0.1757742164445714,0.0003694415262525213,0.18550059673063846,0.00037657224142151975
2018-09-22,0.2226911349174068,0.18353868257934988,0.000347058872831313,0.18616910887906105,0.000329924645332167
2018-09-26,0.1737304541770598,0.19043677750549445,0.0004166969782841684,0.18930582982976152,0.0003724224993122
2018-09-27,0.315248284386942,0.18434756117281595,0.000303758559681334,0.19201232522656572,0.0002948139568381106
2018-09-28,0.14528516737793892,0.18680778270661844,0.00031831403519894157,0.18483597906767532,0.00029618963511787407
2018-09-29,0.14528516737793892,0.1826088955490296,0.0003911028774546461,0.18041351951969437,0.0003573540449726306
2018-10-02,0.14528516737793892,0.1773007983636007,0.00042774126587530136,0.17444784696972515,0.00038855261499032577
2018-10-03,0.22786752497267113,0.17315152008657822,0.0003900389550738693,0.17732134738812672,0.00035489126990503525
2018-10-04,0.14528516737793892,0.17582499779153207,0.000332886339931387,0.1736513069608951,0.00033335970544454884
2018-10-08,0.3108493782969873,0.2846438180692141,0.0018049650140329744,0.29169578136997826,0.0011800336457823439
2018-10-09,0.3338668494232836,0.27591242161317525,0.001140147286202107,0.28720013265467215,0.0009976381652033388
2018-10-10,0.2116958914868566,0.33989924499124846,0.001039990809956342,0.3166548326425229,0.0008891542836329732
2018-10-11,0.2620109939657628,0.30684787481221976,0.000750838260164846,0.30209591111986617,0.0006353441776387895
2018-10-14,0.4269553818436965,0.37634567247687495,0.0007622292654936033,0.38317286275210094,0.0006480493807505093
2018-10-15,0.20601429091001625,0.40003903117084216,0.00028826068693401204,0.38983610011164255,0.00030271108351050715
2018-10-16,0.37368554678761073,0.3566412595387357,0.00020808277647496457,0.35669089082944977,0.0002027883273986423
2018-10-20,0.2618347472338169,0.3055990222771219,0.00039317939511758227,0.3023875794247016,0.00036362017837732093
2018-10-21,0.37838827617299486,0.29112716798660854,0.00038845013232641007,0.2979797145136349,0.0003847365018819733
2018-10-22,0.243462582688206,0.2872070344336792,0.0004753461062281722,0.28407003652261315,0.0004114404268657059
2018-10-23,0.21131366946255356,0.2748559427257114,0.0005674385909783854,0.2689883594312945,0.00041417706808263697
2018-10-26,0.3104931002574013,0.25018611914647,0.0004757742693134475,0.2549875764336413,0.0004435453469126301
2018-10-27,0.21659662246256184,0.2568087115913145,0.0005638323221659964,0.2515291668231851,0.0004893817596574057
2018-10-28,0.31472102459108425,0.3218964437055744,0.0013154735438478421,0.31962984496107644,0.0010352922929429095
2018-10-29,0.35347283436289045,0.3164777633236381,0.0008131240310612742,0.32277278244891994,0.0006700736798878342
2018-11-01,0.3845343975064188,0.339228141165157,0.0007054499801115691,0.34593324268348624,0.0005963156783579327
2018-11-02,0.33477097095959973,0.3519171761699322,0.0004210040948906239,0.35082808476990657,0.0004043080432895369
2018-11-03,0.3647554069908658,0.335100637550056,0.00047523329458189017,0.337634947863986,0.0004449787937059699
2018-11-04,0.3413817372325744,0.324297639459759,0.0004123274641609691,0.32609885986364257,0.0003760489970813327
2018-11-07,0.39360962094636925,0.3654412084794607,0.00022767701234290965,0.3659790587097069,0.00019931990644124438
2018-11-08,0.31229494143230024,0.35124958330756967,0.00014768780938464863,0.35004277696457414,0.00014081713491488732
2018-11-09,0.36745231179858995,0.34625125019505326,0.00016755990122420752,0.34656528689472416,0.00017323531467953866
2018-11-13,0.362494866941001,0.3450653990011059,0.00029498296713620907,0.3464957684463987,0.00027557795126861915
2018-11-14,0.355188463005181,0.33443910074446104,0.0003144874921360228,0.3360668283997402,0.0003226799594179128
2018-11-15,0.30945292888240394,0.3268191287749804,0.00043811159485803813,0.32647204414198333,0.00039355510812825296
2018-11-16,0.16849518239892855,0.3164319358443836,0.0004413661004135372,0.3051939675768825,0.00040332635418524116
2018-11-19,0.17476570013572953,0.2897446143654689,0.0005664378462183148,0.27840718209016696,0.0005246592354679004
2018-11-25,0.35399673173046686,0.3015044177784847,0.0012193839962326887,0.3118991614696618,0.0009134948502420394
2018-11-26,0.323590878180243,0.30823466373731107,0.0008377923330635041,0.3091149119858929,0.000718402230940321
2018-11-27,0.275654954299851,0.3012658385389384,0.0006901724501640694,0.29789454153019934,0.0006285469415327604
2018-11-28,0.14528516737793892,0.2929283595348811,0.0006064516711224212,0.2773455508738258,0.0005391230166807664
2018-12-01,0.35522212587607743,0.37295884610664026,0.0005074675236688437,0.3709782355366575,0.00045669220614052416
2018-12-02,0.2820511595027345,0.38726297223312806,0.00042270035809636905,0.37848569947681576,0.00036588781708216805
2018-12-03,0.3580987768666576,0.38902596578109727,0.0003239669140924182,0.3874652951905869,0.00030013798590901216
2018-12-07,0.3781638132137816,0.3363700019655815,0.00025328040468947403,0.3375319270397445,0.0002466586717864019
2018-12-08,0.32164891250525113,0.3312061437059913,0.0003090367398445534,0.33002567385342146,0.00029696846690866743
2018-12-09,0.2500675884991687,0.3305401472914219,0.00034272768683177583,0.32504458714512297,0.0003326495977190181
2018-12-13,0.3701991561783364,0.38420088041438893,0.0006613228159491351,0.38259351012431186,0.0005348527397155474
2018-12-14,0.2191209405973206,0.3605194335121581,0.0003668261802958155,0.35048585479687216,0.0003259627016920615
2018-12-15,0.3508764257113044,0.37757263069440006,0.00048689497531542795,0.37509453375951046,0.0004462646419745756
2018-12-19,0.34033074365920957,0.359087936474962,0.0001853724423160694,0.3584969834040059,0.00017675261746006194
2018-12-20,0.2987641301024244,0.350686401735657,0.000231237042147951,0.34891470397056884,0.00020215680556977586
2018-12-21,0.3208570782009749,0.3566631692815301,0.00027316909828787044,0.3545034150611204,0.00023961887833858183
2018-12-25,0.3750032459960438,0.3457122348157338,0.0002110741502875762,0.3468299203674045,0.00020543636142959838
2018-12-26,0.16333145932595974,0.340294550786972,0.0003372949872160856,0.33005791000413615,0.0003177368383762269
2018-12-27,0.34980678335156346,0.32686810713997394,0.00036180605451869815,0.32765323901271876,0.0003330659389234077
2019-01-01,0.22529432653529197,0.3151756200243996,0.0005434460083392723,0.30687883097942636,0.0004445594694771969
2019-01-02,0.3128974409382671,0.30275299676334166,0.0006097214925852332,0.30288784983288286,0.0005125321345425197
2019-01-07,0.19409828934274023,0.294140272960733,0.0008373309270170872,0.27750421858398405,0.0006958086424949849
2019-01-08,0.20642845826090317,0.2806003439150567,0.0006398055293693235,0.27360031390074113,0.0005371427501736539
2019-01-12,0.31244412440156816,0.27385779624059464,0.0008362831280686619,0.2789566352953035,0.0006437333647597864
2019-01-13,0.35025090576530155,0.27923683898122403,0.0006846208448953971,0.2877540741539988,0.000578050471281222
2019-01-14,0.3145526209905183,0.28953476604001877,0.0006751169986654577,0.29235907716271103,0.0005650904122057067
2019-01-19,0.223041493562485,0.3313047304313803,0.0007207260048096331,0.31761770651323457,0.0007203055181940678
2019-01-20,0.2764825115426589,0.32684166364031336,0.0006935760352240975,0.3228359043730842,0.0005944408601455815
2019-01-24,0.25709470831637365,0.36214584381884324,0.0002949597525986862,0.3560461649788975,0.00026514284450507856
2019-01-25,0.31616645724730696,0.3515036181396512,0.0002568517069318759,0.34975230639718247,0.0002456405496773443
2019-01-26,0.2780095844979444,0.342521501180642,0.00031898486016208107,0.3387824798325769,0.0002989037328186965
2019-01-27,0.31653563370526067,0.3620900245161674,0.0004246362315230649,0.35883483320862986,0.00038036449467584635
2019-01-30,0.36803002794341166,0.4007430736611942,0.0003346753053655579,0.3986960707919022,0.00031711754321072137
2019-02-01,0.25790775927465054,0.4191965553468699,0.00012361711799205947,0.41534280085463154,0.00012127517450140663
2019-02-05,0.4269553818436965,0.40333061603844833,0.00026436309076173655,0.4047569805669709,0.0002659381896933084
2019-02-07,0.3584344581832105,0.3740210941699866,0.00018198218272839057,0.37385820391777713,0.0001759758003098353
2019-02-08,0.36339284811652967,0.3615286015075047,0.0002049154279716705,0.3613233294268535,0.00020955080575789603
2019-02-11,0.26602943415391567,0.3497209065727901,0.0003835353175459635,0.3432579721112047,0.0003562980323170831
2019-02-17,0.22749888574659097,0.3182226737467155,0.0007234130329259373,0.30513021469532053,0.000640232083737621
2019-02-18,0.16792663365121663,0.30276209070009114,0.0006591502955847858,0.28663739292834983,0.0006275153619559599
2019-02-19,0.18948282414655448,0.28724630239890997,0.0006725838840366715,0.2754322467633196,0.000596558935597804
2019-02-23,0.14528516737793892,0.26833218026518696,0.00074887070079011,0.25288326021213003,0.0006460644681441606
2019-02-24,0.1675910905738672,0.25299286458258824,0.0007214752412422748,0.2420535590261117,0.0005594627740418862
2019-03-01,0.14528516737793892,0.2414092723646794,0.0006483320801463294,0.2284855781721196,0.0005581504038496476
2019-03-02,0.17708976384143577,0.2309803616102308,0.000662699338092103,0.22365099465152316,0.0005993425263606138
2019-03-04,0.18704984980742134,0.2285359847300836,0.0006719373486778311,0.22323532519372588,0.0005668365664310497
2019-03-07,0.2784506555235355,0.25468576995680126,0.0006363130966379173,0.25631390050762853,0.0006261017308548935
2019-03-08,0.1870995860855108,0.25976140022261107,0.0006103610525283957,0.25259147254085973,0.0006208074498446571
2019-03-09,0.2560787844700574,0.2476139072901623,0.000637897137588197,0.249406437812267,0.0005989340890397041
2019-03-13,0.3651357493786238,0.2820509435966965,0.0007398701152458567,0.2928388223911771,0.0005601562360964958
2019-03-14,0.3442693078226749,0.30355745363036746,0.0006429589657244994,0.3068504056416644,0.000571334493317756
2019-03-15,0.37114859010018514,0.3019821536776868,0.0005711889041143899,0.30978138700125896,0.0005263504612673697
2019-03-16,0.30752342295176643,0.2987338643893028,0.00046042430794977275,0.29928202487280003,0.00045758272128347153
2019-03-19,0.17760012408205492,0.3127152171055058,0.0007323657067680534,0.2955484000949392,0.0006671015239453845
2019-03-20,0.14528516737793892,0.28363790130986055,0.0006691222717144487,0.26680425490337084,0.0006504074862755953
2019-03-25,0.24364722040800968,0.2246681695335144,0.0007250799171728507,0.22713537202460124,0.0006002844970062032
2019-03-26,0.16588569407173226,0.22116680719114248,0.0005879996398122763,0.21673365583809404,0.00046656233411794686
2019-03-27,0.265818144119344,0.21398185963685407,0.0004575278876126095,0.21798692700750863,0.0004204846414703045
2019-03-31,0.16969332247474028,0.20054675832680316,0.0004487987874408214,0.19843224468656984,0.00039402230552432486
2019-04-01,0.3839256659061707,0.2088427184019561,0.00036647268268669614,0.2213223720741019,0.0003491136942351588
2019-04-02,0.3437362691257862,0.23305908306073547,0.00045560172972769296,0.2422371195585329,0.0003775598463327075
2019-04-06,0.39454955192849545,0.3478931614160743,0.001173953096617806,0.35502249856959783,0.0009023459494202037
2019-04-07,0.2812094318188129,0.3503465444917848,0.0005133861799169651,0.34435190945396416,0.0004488574522249281
2019-04-08,0.4269553818436965,0.34332213048314325,0.00033893556656958574,0.3485737587287231,0.00030966586771761297
2019-04-09,0.16970327641434865,0.33159903489609677,0.0003131946919490386,0.32272684147541514,0.0002853951105060243
2019-04-12,0.250860444140659,0.29803269078325006,0.0004853730316456132,0.2942994466952262,0.00039660076224012686
2019-04-13,0.16881125651615123,0.2771325562800319,0.00044679268195037123,0.2687308096829013,0.00041816936317105435
2019-04-14,0.24992483338943056,0.2573788748709347,0.00045068061170104503,0.25647804213408754,0.00040943510093424917
2019-04-18,0.17121692151797865,0.28328888639500405,0.000993515421764042,0.26554510150121613,0.0008177675983526249
2019-04-19,0.16490833130449264,0.2528337653738296,0.0008262723416234637,0.23976479770280318,0.0008529447145188522
2019-04-20,0.36199144737524525,0.22786619762318214,0.0008002449163387446,0.2452067197020452,0.0007651481731295121
2019-04-21,0.2037574129723602,0.23891765821173233,0.00075230665832922,0.23525001237178536,0.0006138801854266874
2019-04-24,0.3653682790044129,0.36619935552004856,0.0007696079996622891,0.36662420704147874,0.0007189042312546292
2019-04-25,0.4269553818436965,0.3850490854528609,0.0006967881128406016,0.3900733069219529,0.0006172895710151655
2019-04-26,0.37749523841942945,0.36932057909306737,0.00034083805569806367,0.3688563495221593,0.0003129150533400765
2019-04-30,0.22837274510285577,0.2883246651082948,0.0005739352040913751,0.2836692503268044,0.0004902682368671439
2019-05-01,0.2976338808623414,0.26747818646474986,0.0005162392966452405,0.2696649883938845,0.00048311230391496254
2019-05-02,0.3151569562295964,0.26108867226137483,0.0006122274514603826,0.2680884764706742,0.0005152313714560108
2019-05-03,0.30510652078741846,0.2882014165472315,0.0006645469642207532,0.2911914438476919,0.0005341503758330117
2019-05-07,0.4269553818436965,0.24455441814781828,0.000495436907517388,0.26110315467418627,0.0005210601822454232
2019-05-08,0.37868302845744456,0.2834686162479182,0.0008325973036717396,0.2971345944709364,0.0007118058532078909
2019-05-12,0.226176128856219,0.2687933813120822,0.0007807705071929624,0.26220156382591175,0.0007310884431360708
2019-05-13,0.19788378520617517,0.2463083988756082,0.0007879820322127647,0.23976372662320028,0.0007133253324006398
2019-05-14,0.30252966759432287,0.22456195759556397,0.0006900166420087173,0.23478532254486773,0.0005530904149285959
2019-05-15,0.28407205038558775,0.22037479926950138,0.0006599887405787681,0.22863785198303443,0.0005160674635298531
2019-05-18,0.3445677861124407,0.3508411082779436,0.0006956005624226002,0.3497603561007327,0.0006473502791044693
2019-05-19,0.36482336583612357,0.36462102946039093,0.0004052958589674555,0.3641037780938271,0.00036744937014079757
2019-05-25,0.38094967838072946,0.3487224847219366,0.000391969033641647,0.35069296903850955,0.0003504709791188907
2019-05-26,0.34781974712528935,0.3328156301408346,0.00041243701997390966,0.33456367640288187,0.0003873790054797163
2019-05-30,0.332418090722231,0.285467361072933,0.0007748812225118545,0.2919342351388922,0.0007042374646976761
2019-05-31,0.26583159511328464,0.2662938038637634,0.0008345302462317528,0.2644356085097133,0.0007148810033379642
2019-06-01,0.35712228292733844,0.23805593009930795,0.0009234478178855008,0.2589364851032826,0.0007754504533105397
2019-06-05,0.4269553818436965,0.37266164019874526,0.001718481313035671,0.38798474639358765,0.001305084984565875
2019-06-07,0.3490246770578154,0.3360196246961125,0.0005643955083095623,0.33833772054480205,0.0005573796941499377
2019-06-08,0.2632656446155754,0.3124156100570142,0.000575112810535472,0.3080219758222059,0.0005191497309456282
2019-06-11,0.36451739364629093,0.2959561534138744,0.0008973204767192256,0.3062591179862694,0.0007630849758202461
2019-06-12,0.3408863305633,0.2932645030761691,0.0008889653400571694,0.29972282539246525,0.0007837156124720653
2019-06-13,0.2994268765766746,0.27305388042740025,0.0009513495524594846,0.278252853668572,0.0007755077162649961
2019-06-17,0.32738277341505684,0.2575354482684723,0.0013541536264528623,0.2718547100412773,0.0009192158097816404
2019-06-18,0.36516453474238797,0.2480481832603399,0.0010513811633432613,0.2713416547524373,0.0010325172685108196
2019-06-19,0.36299180656059576,0.25800092189761964,0.0011100109526891652,0.27739908381256784,0.0008838115012684962
2019-06-20,0.2958354551953297,0.29758623993980604,0.0011448708364260696,0.2982138667595297,0.0008748121678891203
2019-06-23,0.3162661768891569,0.2706891997682007,0.0009389857742779271,0.2791680191566515,0.0008915621464381244
2019-06-24,0.36641167692407084,0.2539695900052209,0.000939722845747521,0.2703937637129893,0.0007471330788590309
2019-06-25,0.37046166231480454,0.24724437028664983,0.0008559546432190048,0.2670962519267552,0.0006439969269419936
2019-06-29,0.3860625184008091,0.19218632330404017,0.000569842348092012,0.2118905948320222,0.0004502719066954847
2019-06-30,0.4269553818436965,0.19973418777180782,0.0003995483364525639,0.21666600790935384,0.0003582293055341649
2019-07-01,0.3631108746677769,0.205837831816832,0.0003770164595947496,0.21650349992333617,0.0002920613681932016
2019-07-02,0.28789058207285706,0.2100045596253333,0.00033196201328879654,0.21552994754677865,0.0003180513583086232
2019-07-05,0.33339814148583113,0.1773714006111646,0.0003189569864936413,0.18690411562683848,0.00030889141079487847
2019-07-06,0.3612979165058082,0.18661339766961357,0.0003131687226257048,0.19724110504552556,0.0003101281809680434
2019-07-07,0.4269553818436965,0.19132781952653757,0.0003385022506469688,0.20677146665201648,0.0002867395338511806
2019-07-11,0.37355721688149657,0.21622554451424317,0.0010040171254287193,0.24377149280826438,0.0008089258604891215
2019-07-12,0.3758183245820858,0.21820894508956318,0.0008335577290673722,0.24128996743837877,0.0007550699150212086
2019-07-13,0.30191030855510254,0.22441891755638782,0.0007276349248942115,0.23312987190929682,0.0006749620128599862
2019-07-14,0.2478267446028489,0.21351343448687132,0.0006092608866441657,0.21849243656592737,0.0005434136375856113
2019-07-17,0.3544545964965797,0.17937041259093195,0.00040527265834315406,0.19231414822042936,0.00040215966073282075
2019-07-18,0.35259916600683805,0.1860766384718868,0.0004439054264646909,0.19928861087848418,0.0004291025094383691
2019-07-23,0.25632063634756036,0.1609754656826352,0.0002018687221043927,0.16494673153045053,0.0001901097358186098
2019-07-24,0.30787970545264853,0.15949036383073645,0.00018931423898923102,0.1648232616792551,0.00016969548521959688
2019-07-25,0.28700095681181126,0.17321025497565884,0.0003028043974475256,0.17941341306669822,0.0003093671682295013
2019-07-29,0.3181829608490667,0.2691600127339195,0.001548736375823136,0.2781885402383698,0.001124922293558872
2019-07-30,0.3742680464430321,0.2684312999242627,0.000964367718514578,0.2850890917901069,0.0008450967774486214
2019-07-31,0.20052464185157828,0.26323892818924693,0.0009133944963746003,0.2535806475896409,0.0008118110914848123
2019-08-04,0.35603023511341625,0.20410841254097226,0.0006174937308047471,0.22053058499969272,0.0006389302013188982
2019-08-05,0.3588226996000509,0.20531045282672944,0.0004893992559251234,0.21925067716454089,0.0004886898341437474
2019-08-06,0.3638746931077855,0.20489204668242034,0.00046781555930735017,0.21899454667109367,0.0004165401554660861
2019-08-07,0.3669176674022842,0.3526208816539173,0.0017483256373539771,0.354050883531784,0.0013169480048081817
2019-08-10,0.3881552743982532,0.31891470437849684,0.0008784072956961927,0.32969568204032684,0.000703488489770573
2019-08-11,0.4269553818436965,0.3688484255699923,0.0006793264435301722,0.37585404336359685,0.000562688284316753
2019-08-12,0.36872047727405177,0.359230217067723,0.00025647164024434683,0.35926100456344456,0.0002384637880355192
2019-08-16,0.33422123142046506,0.2699985976369004,0.0005414589229047329,0.27717108599422496,0.0004496322059057452
2019-08-17,0.2693803512099117,0.2541475051405365,0.0006396278931024895,0.2562378613002167,0.0005336885997231183
2019-08-18,0.36259124715173385,0.3018939864373653,0.001430117575224322,0.3151523448595696,0.0011248181787883633
2019-08-19,0.2682049938201621,0.3005316016026156,0.0009695703212866929,0.2938068387311682,0.0008662720196890165
2019-08-23,0.3754698900131944,0.2466393947673241,0.0009383446552050471,0.2678568914913458,0.0008060661590229868
2019-08-24,0.35546376594581736,0.24582358073879843,0.0008571875579146965,0.2615620311045455,0.0007016711790729614
2019-08-28,0.28656255733233804,0.22939605685355657,0.0009045192633951099,0.2379307607487462,0.0007953049752820995
2019-08-29,0.34044215939532185,0.22384037929896727,0.0008078016063870222,0.2401456004467701,0.0007081994297413414
2019-08-30,0.276050460309807,0.22426013196187278,0.0006283100212851934,0.2304634792242867,0.0005851876632067182
2019-08-31,0.22987989984147192,0.21973461537933772,0.000562502895447234,0.22052072472195966,0.0005338229163734533
2019-09-03,0.1757369653220371,0.20303878344659285,0.0005216607873886856,0.2005088771114556,0.00045963223274895457
2019-09-04,0.4269553818436965,0.19389050881317504,0.0004225509314600986,0.21244524411116283,0.00041911879746308874
2019-09-05,0.1720852613270655,0.20886000301684302,0.0004457832276643798,0.20617256137973114,0.00047204864044553263
2019-09-09,0.3283303118010063,0.19324724503829352,0.0005358889324127898,0.2060083647774375,0.00044903654844433285
2019-09-10,0.3267222125130318,0.23026961149545322,0.0006452863358486751,0.24123086521339704,0.0006230690049272925
2019-09-11,0.23831136614215917,0.22708405932576411,0.0006226345150358663,0.2277736372875255,0.0005367455147716121
2019-09-12,0.3358835289959069,0.21451908148945847,0.0005875742753704791,0.22922043439838255,0.0004899182452717294
2019-09-15,0.3084577541235036,0.19788886582998352,0.00043772934920330514,0.2072871559320234,0.00041189627481476304
2019-09-16,0.254858713019305,0.201322716600974,0.000384679769035063,0.20505731129364185,0.0003530052579499587
2019-09-21,0.25690448637241603,0.19966082718969436,0.0004022918151813941,0.20460091129539748,0.00037789473168927344
2019-09-22,0.35678827867248786,0.29462702357382364,0.002072484201881456,0.31133188816322865,0.0014435819713675183
2019-09-23,0.39238543377608814,0.291958447775082,0.0011774000454094933,0.31233270565155624,0.0010072811661163714
2019-09-27,0.2672328897282121,0.29764702477795085,0.0006287794049242169,0.2946042107999864,0.0005450533588052761
2019-09-28,0.37415604038252653,0.28175230879767904,0.0006430625340674588,0.29218631873267015,0.000525614092046452
2019-09-29,0.2584945120105563,0.27597907285726,0.0005754706916980552,0.27485511813900726,0.0005410665859463398
2019-10-03,0.26509688229301465,0.2620669843105198,0.000802512257509786,0.2621196501637345,0.0006819890559168909
2019-10-04,0.37098338126335545,0.2587180327572027,0.0006666781869501762,0.27312987885997986,0.0006592572200469129
2019-10-05,0.19180787027709634,0.2689229697815674,0.0006788710851156606,0.25889921667377364,0.0005620117478939437
2019-10-06,0.2591528717859361,0.2577197686104582,0.0006493290369787431,0.2571870511758397,0.0005372359342861429
2019-10-09,0.3288793839908021,0.2545518092057295,0.0004968911162010863,0.26109162484323545,0.0004426661957311815
2019-10-10,0.2745621425353621,0.25342734513961984,0.00048005335167446074,0.2547918011621719,0.00038919150349034235
2019-10-11,0.2971968897584118,0.24310812364001871,0.000469557796624001,0.24772081008488653,0.0004606907704963571
2019-10-15,0.29944771924394714,0.3835135127555459,0.0004011316079853972,0.37727144619528724,0.0003822682127132783
2019-10-16,0.2993214048540995,0.3512622728931359,0.0002709526690620218,0.34783119920539546,0.00025363292685686806
2019-10-17,0.3608936217755932,0.33993431495705545,0.0003161178813814187,0.3418481178078829,0.0003117381771763461
2019-10-18,0.3288433510960439,0.3560809036692562,0.0003612001770312039,0.3541730698672718,0.0003233882074130757
2019-10-21,0.3633444729052376,0.3436136113147409,0.00023807433946272384,0.34470296155715974,0.00023334561935097235
2019-10-22,0.35178735310250764,0.3863472479959592,0.00042426790005877955,0.3830014513169906,0.000365756030708801
2019-10-23,0.3627421795723956,0.4086183115953188,0.00020719702494117505,0.4065473304799294,0.00020512307119609078
2019-10-27,0.36898453802549985,0.33856919474026853,0.00026951280467382287,0.34035021286074424,0.0002397234725162066
2019-10-28,0.3663334163643359,0.33316076500445746,0.00033533004891089866,0.3356604411283579,0.0003428703266414209
2019-10-29,0.3295756766493546,0.3253093979512534,0.00042789829161098136,0.3252133090193039,0.00039320883871462085
2019-10-30,0.2870703377186332,0.3229708981125654,0.0004934110859665876,0.32051187175514895,0.0004355902580789186
2019-11-02,0.33804380888864466,0.41274800545119184,0.00025640327800751647,0.4088191927222437,0.0002615091726466584
2019-11-03,0.379621079822101,0.4158555039259392,0.0001338891588717802,0.4151338909020906,0.00012291779230444889
2019-11-04,0.3833757027576496,0.41676506637145005,0.00012435828951674584,0.4161315206829324,0.0001161944711172622
2019-11-08,0.4269553818436965,0.4067743949353304,0.00026575166970404574,0.40750513618232354,0.00025914930558116245
2019-11-09,0.3631481325287369,0.388911529487655,0.00023788070497105258,0.38802652150870726,0.00022370240150305595
2019-11-10,0.30021710747793584,0.375933080662613,0.00017121361141360277,0.37332965522009687,0.00016853095283790538
2019-11-11,0.3685076100820427,0.3815157483796428,0.00021214425255570939,0.38095963258754567,0.0002011844492720776
2019-11-14,0.3433228818774095,0.3991333357932331,0.00037926287901490167,0.3956507049548568,0.000314675759844434
2019-11-15,0.3813245849214749,0.4126067878369547,0.0002623366859261039,0.41110166652618063,0.0002263066009270373
2019-11-16,0.37536518618965725,0.4143673632647098,0.00022571161811765392,0.4126785649372182,0.00022769103392635744
2019-11-20,0.33246049445810566,0.3638027371965789,0.00016027572317314401,0.3627357489836606,0.00014425267356508073
2019-11-21,0.35868218100278515,0.36024694028308424,0.00019629141629537173,0.3604768275926172,0.00018827878980321795
2019-11-22,0.32009587031233094,0.3653762322460119,0.0001769569158972653,0.3638770850159917,0.0001733439176861153
2019-11-23,0.4269553818436965,0.38381041146566874,0.00026769243615576513,0.3859071828442789,0.0002608266140259706
2019-11-26,0.3996245637750105,0.36637128850896183,0.00015655421446981882,0.36745057945860937,0.00015730831004875527
2019-11-27,0.3962182487906416,0.37618782666907963,0.0001672962321507848,0.3767998006794062,0.00016611347060595643
2019-11-28,0.3912162111154853,0.38612699483404833,0.00022934953530529193,0.3863472763970086,0.00022280592513239503
2019-12-03,0.369358673792122,0.3604235354884234,0.00018282907151271615,0.36055612102460677,0.0001850104938844686
2019-12-04,0.38065414078548365,0.35703087471790185,0.00016478932062483843,0.35812132946345215,0.0001553429424590608
2019-12-05,0.3071275148264057,0.3563758462118134,0.00022523776453393617,0.35367001183141,0.00021944255942280003
2019-12-08,0.34001784951621566,0.3756043134269238,0.0003261100251755584,0.3733867074758184,0.00030692959456201567
2019-12-09,0.3623851448788026,0.38298615869852043,0.00019627700956547533,0.38192414745448583,0.0001822893470213341
2019-12-10,0.3579287580662787,0.3681848426652516,0.00013517555631689318,0.36789349864322524,0.00012155184132943857
2019-12-14,0.3525031851699649,0.39224693354885176,0.00013239613839704048,0.39141748319087616,0.00012826268256515406
2019-12-15,0.3758235353185423,0.3726936872467487,0.00012897019206274535,0.3727295965251247,0.0001173667349422521
2019-12-16,0.4269553818436965,0.3647977370818586,0.0001377871933700334,0.3669810587663223,0.00013689464869136888
2019-12-17,0.3655172607674051,0.37136680532511046,0.00013191289429419022,0.3714966325934899,0.0001352138693590199
2019-12-20,0.33569265926193576,0.40290284034766044,0.00031494260691831505,0.3993291571023977,0.0003078508851598365
2019-12-21,0.37562520264635463,0.4233267501861915,0.00014719058440029476,0.42193400306956774,0.00015046616494099904
2019-12-22,0.4269553818436965,0.42736779296901245,0.00011175619679448538,0.427332075268255,0.00010607048163725936
2019-12-23,0.4269553818436965,0.39895109035743276,0.0001712630659603827,0.3995589395492612,0.00017586014778440495
2019-12-26,0.34721432125232843,0.3645388073959642,0.00012065604059480217,0.3640756171758783,0.00011171338651351718
2019-12-27,0.3726041993109365,0.36129962919582964,0.00018097691806296754,0.3615390105209603,0.0001819430010563187
2019-12-28,0.34420565234063877,0.35910154200614863,0.0002414492524582202,0.358580221201947,0.00023490375324410065
2019-12-29,0.3129338127141039,0.3566423947687259,0.00025988581443379727,0.354314556954249,0.0002630222115198023
2020-01-01,0.29425461976537093,0.3551595295646297,0.00023158852814982503,0.35255065930647084,0.0002297263421300456
2020-01-02,0.3406439028961665,0.35134127286626743,0.00021980469931085492,0.3508351413610436,0.00021850451973075247
2020-01-03,0.37325945022141166,0.3516615595615848,0.00025316566236723486,0.3529104811636873,0.00024101870556941362
2020-01-04,0.34633452992771835,0.3513068911332947,0.0002464303802533318,0.3514528788134507,0.00022605076194427798
2020-01-07,0.23800832709726505,0.3501226974861115,0.00032966629078524007,0.3427122451639525,0.0003113236174789376
2020-01-08,0.35648433322671413,0.34317496992461405,0.00036034588009115987,0.34369709970636153,0.00036882085853288824
2020-01-09,0.37596265470228446,0.35371885280903015,0.0003191705009240837,0.3545992790638273,0.0002952837943888452
2020-01-10,0.3581058778838891,0.35805522674152807,0.0002583322862555692,0.35757702970277466,0.0002357412541233273
2020-01-13,0.2893577083695872,0.3470215203158024,0.00028366542636110766,0.3443776918230621,0.00026275873269418905
2020-01-14,0.3399852490078267,0.3426633514332679,0.0003589458417251669,0.34274305492823637,0.00037296452774237827
2020-01-15,0.32401779927312396,0.34123071484061407,0.00035056565773523406,0.3405598717407073,0.00032878814176351694
2020-01-16,0.3418775523030522,0.3380349209788308,0.0003987291242256262,0.3386219853059307,0.00036246964529830267
2020-01-19,0.14528516737793892,0.36313860047914787,0.0001424063534510931,0.35699530768442456,0.0001421233529609933
2020-01-20,0.33790422247520613,0.3536394048331404,0.00015909283421163998,0.35317162356119325,0.00016098637126235686
2020-01-21,0.21917722656180572,0.34947146575747273,0.00022723961189920712,0.34390147481502487,0.00020931506268971863
2020-01-22,0.3674533102336053,0.391153102435947,0.00046024813770020455,0.39024995724117295,0.00043629484543596846
2020-01-25,0.30363779530848284,0.36160964746099916,0.00014217860395537835,0.3597798955523811,0.00013544145677939025
2020-01-26,0.31881557304242697,0.37191339552716374,0.00024343954855273505,0.36945652043652655,0.00021725492659962153
2020-01-27,0.38113186689257816,0.3677154910006441,0.00014761816859245377,0.3679271761954815,0.00014320757137720877
2020-01-28,0.36575002049449795,0.37363432519658507,0.00015559808055955787,0.3733232059845993,0.00015614563778362754
2020-01-31,0.38031827060013385,0.3857029325189487,0.00017222249032759892,0.38526405820324305,0.00017322227506732832
2020-02-01,0.32915511489482435,0.3833960839261346,0.00016872585514660348,0.3817008197194639,0.0001590463490322497
2020-02-03,0.3604130469555099,0.3574590617098795,0.0001699362080777942,0.35775206088272815,0.00016166165725401758
2020-02-06,0.26748195843589945,0.3452930610479587,0.0002503209910244791,0.34118354521315547,0.0002247108626212932
2020-02-07,0.3350197236878792,0.3388117212744681,0.00027798961554037244,0.3383131995512331,0.0002575384179297382
2020-02-08,0.30132401820742205,0.33682529560495417,0.00031105587606638146,0.33414548923410353,0.00029408766111436996
2020-02-09,0.35513459391828106,0.3301019090654258,0.00037052119444053855,0.331471877133409,0.00032000401633193475
2020-02-12,0.3378730829497711,0.351378249286563,0.000308878147299031,0.3505403334552609,0.00031375233780445605
2020-02-13,0.3057322923106026,0.34606225596076456,0.00030831204536793373,0.34311598240690705,0.00027837683300962975
2020-02-14,0.1928985740701735,0.3382444784420051,0.00034791195510958074,0.329120068189266,0.00031417663935691045
2020-02-15,0.35003799893749815,0.3243943810818237,0.00034419976385650924,0.3260183152147674,0.0003316036018886718
2020-02-18,0.2957663143025808,0.3335575967828251,0.0004259997276137388,0.3307034855427786,0.0003792016036719106
2020-02-19,0.21623185571176773,0.33109184908101497,0.00043749767930066754,0.32063922599057365,0.00038969569371678347
2020-02-20,0.18793830725951755,0.3160753048319482,0.00042964886707116555,0.3057672518962773,0.0003637318922004192
2020-02-21,0.3606768165625683,0.3046599914966862,0.0003406251594493912,0.3083327301297539,0.00030056494456133195
2020-02-24,0.1746456146000556,0.30227685981498953,0.0003789748290272243,0.2931966319356228,0.0003549809392654017
2020-02-25,0.38996243378182327,0.3218184230050561,0.0005640405562260034,0.32797517334557263,0.0005113679796607453
2020-02-26,0.36927438231943477,0.347888557609092,0.00038665094644613023,0.34877834327935453,0.0003809529768226437
2020-02-27,0.38863713939800104,0.3960654900576624,0.0003885128151861236,0.39609479096859873,0.00035804126982643184
2020-03-01,0.4269553818436965,0.3818451075033748,0.0002345746200058953,0.38420206367161064,0.00022444625019091069
2020-03-02,0.4269553818436965,0.408000936026905,0.000267906928050514,0.40867803817646126,0.00024443476557003344
2020-03-03,0.3947968438663918,0.41896791391361865,0.00013995239123817097,0.41798195116971454,0.00013182647196718518
2020-03-04,0.3894632221030462,0.40800849205876927,0.00024215627493936933,0.40733633552349957,0.00022685028699404107
2020-03-07,0.369224058504976,0.38178491104396806,0.00017212586527617276,0.3814888439112537,0.00016276464928164378
2020-03-08,0.3981586673643199,0.37169092592946834,0.00017145226782854756,0.37201275656329713,0.00015852902711464896
2020-03-09,0.36692383841177817,0.3729916155371311,0.00016311589639482873,0.37281576475486267,0.00015244970112118905
2020-03-10,0.3412339597988464,0.36771425313682193,0.00016776823989369456,0.3671956942696998,0.000160187471720761
2020-03-13,0.36319277306418346,0.35890429474090574,0.00016394491984942237,0.3590269954580355,0.00017034292862533882
2020-03-14,0.30713903857518227,0.34934169907265633,0.00023003195874359545,0.34740813301307294,0.00020677010893715249
2020-03-15,0.35229627732449953,0.3514494935524734,0.0002626563649050906,0.3514185178823077,0.0002423637832531827
2020-03-16,0.3963903015399194,0.38849082482936237,0.00038615209997978163,0.3903761099560933,0.00031694673729149145
2020-03-19,0.338548150379379,0.34519876242854314,0.0002355944333285359,0.345557257688798,0.00023229466081655037
2020-03-20,0.2700864569453735,0.33686632269385586,0.0002841468511450153,0.33339062863802177,0.0002809049285186097
2020-03-21,0.28265594441202196,0.32809250553131397,0.00040009633864179696,0.32516157027941917,0.0003662537947206602
2020-03-22,0.34825915025247417,0.3170450965524394,0.00047648426139117016,0.32022284543341667,0.00045998675763748737
2020-03-26,0.272791747332715,0.3383381817555194,0.0006240683781409365,0.3317675954980394,0.0004977434421709994
2020-03-27,0.33841453615662614,0.32377358068645046,0.0004776415653591112,0.3256690124296795,0.000443410595711305
2020-03-28,0.3343304127269067,0.31582110051803336,0.0004858673693974463,0.3171062112445621,0.0004475727946715986
2020-03-31,0.26047704963771884,0.31151735157038607,0.0006026783185738521,0.3059883593435307,0.0005303445445237967
2020-04-01,0.31533522360049293,0.29806553367850663,0.0005245508687642845,0.30013002731869615,0.0005308123590708384
2020-04-02,0.21009406233935338,0.2958681884367946,0.0005193872001493483,0.2874992993000161,0.0005099401585226674
2020-04-03,0.23896640257177126,0.28197041655058347,0.0006427959045361512,0.27712163921750055,0.0005537617770782577
2020-04-06,0.24639243242919726,0.2593599954369028,0.0008359366547238376,0.2586745419768639,0.0006456404282405705
2020-04-07,0.2575911235004602,0.2672575025986379,0.0007836113631133313,0.26538275408079903,0.0006913318854712891
2020-04-08,0.14528516737793892,0.25967609536164354,0.0007049116270569147,0.24428233698718954,0.0005665109337358558
2020-04-09,0.2530578657012182,0.2386804786411079,0.0005738245172828571,0.2394906138631269,0.0005410382448040302
2020-04-12,0.38137861530328054,0.23230172340899877,0.0005369450227010557,0.24843676975482773,0.000501633851232695
2020-04-13,0.34803016544679993,0.2567804148312247,0.0006717914048479728,0.2687452452095277,0.000603079666821405
2020-04-14,0.14528516737793892,0.2573093017011701,0.0007166147615869994,0.2412993606456808,0.0006179270592868418
2020-04-15,0.1692597492487314,0.2331200633921218,0.000604762886398394,0.22640144717919283,0.0005338177315498456
2020-04-18,0.3806485196521317,0.228212352774205,0.0006475168322762704,0.24553337969222153,0.0005772569947264144
2020-04-19,0.391480173040912,0.2788527669318753,0.000907546322611847,0.2981668236708083,0.0007906322761408253
2020-04-20,0.34851990997181603,0.33465519477094774,0.0007012776563322781,0.3350948869571798,0.0006283002946983834
2020-04-21,0.4269553818436965,0.3930156838159982,0.0004759995663060058,0.3950984641834715,0.00042303858000787613
2020-04-24,0.34740744685386066,0.32943401312532716,0.0002906992083563612,0.32990944149776263,0.00028529114413311486
2020-04-25,0.3504168400434148,0.31859189128387244,0.00039195311096958916,0.3211469541132624,0.0003970402044504761
2020-04-26,0.34566589570207656,0.3197484874560388,0.0005052459966672384,0.3228910836952742,0.00044184076769676443
2020-04-27,0.39158533260898726,0.35419336420978875,0.000603668057354268,0.3575047334714585,0.000557894905760564
2020-04-30,0.3853406844240646,0.3619566362297699,0.0003048071656883714,0.36310456566539223,0.0003134660550439641
2020-05-01,0.3758982282360646,0.3851695542040131,0.0003592243947872371,0.3848638968023228,0.00033983435012457805
2020-05-02,0.4269553818436965,0.3804227918433142,0.0003695020746928013,0.38285478728137085,0.0003288124424414111
2020-05-03,0.3614251982590666,0.35077186242428837,0.00020481542731127023,0.3512056496158617,0.0001864555055409951
2020-05-06,0.2639545880628834,0.30301645059459525,0.000569773476931508,0.29845686234858776,0.0004644420672721616
2020-05-07,0.3324663191610962,0.27774821172250835,0.0005763916727724468,0.2830867699041071,0.0005466005060407752
2020-05-08,0.14528516737793892,0.2739700075987535,0.0007679786878423914,0.25689837984226455,0.0006976035260714685
2020-05-09,0.25648034521727564,0.25585901083370505,0.0007187023881094527,0.2563892858541019,0.000608016132206534
2020-05-12,0.4269553818436965,0.38331433336632165,0.0001856475715120467,0.3848205938094449,0.00017094788149034333
2020-05-13,0.39319663293906,0.39658984170838907,0.0003026569970781708,0.3967098521416401,0.00029379245973947725
2020-05-14,0.4269553818436965,0.38487109377034484,0.0002918113265849144,0.3879452455799541,0.00026875676069573664
2020-05-15,0.37987932738315205,0.3660773032834582,0.00017026911173408785,0.3667515326615294,0.0001612684474253119
2020-05-18,0.3090120062856261,0.31117223837944313,0.000413226382903729,0.31129699111621956,0.00039000766956199476
2020-05-19,0.2236316529283334,0.2953072468253117,0.0006532397050686891,0.28724120935678327,0.0006099588117926028
2020-05-20,0.33407129534316454,0.26939774718668313,0.0008316194247821529,0.2779358681650399,0.0007267321389498607
2020-05-21,0.3567933956370142,0.26487666473845567,0.0008274250221353575,0.2773350163557102,0.0007250817280979081
2020-05-24,0.30528547321248645,0.2636180563773498,0.001039718926076741,0.2710170284970321,0.0008543077763864078
2020-05-25,0.3625676837685867,0.2559945484524267,0.0009501440904834195,0.27180453984757535,0.0007994568236397106
2020-05-26,0.21757731649352927,0.2562240514361015,0.0010506077210223343,0.2493521703648053,0.0009021916508164141
2020-05-27,0.3361027950346148,0.2348381826655094,0.0008553433587557059,0.24888904643500975,0.0007816023275783125
2020-05-30,0.34776818146261085,0.21073314771886043,0.0007799499970067245,0.22896166756619357,0.0006847567610098329
2020-05-31,0.35688751869328567,0.21673664404425214,0.0006723274334668014,0.23288225151036568,0.0005745254963725898
2020-06-01,0.1714850447334253,0.30235369827540726,0.0016497269680471804,0.26955472163281713,0.0011101416092553183
2020-06-02,0.368516973208962,0.2568729991707421,0.0012334224763902663,0.2771077725212383,0.0010712806879381665
2020-06-05,0.3591809046146548,0.3110076993175324,0.0014139464328048906,0.3224048082070631,0.000988462689798752
2020-06-06,0.3723344368811487,0.33399273125337736,0.0006184395145225394,0.3383579630485512,0.0005261538815033232
2020-06-07,0.37142190935339287,0.3304661466385839,0.0005262975321002995,0.334666273451311,0.0004341402014289887
2020-06-08,0.3907612191827367,0.3601803430997452,0.0004767522250114671,0.36271258316742055,0.0004580706117379861
2020-06-11,0.3873972414731899,0.39658247335176844,0.00042245556146724674,0.3952637939265549,0.0003865718337730313
2020-06-12,0.3595319605682081,0.35713325804788504,0.0002905898084687112,0.35640829258998685,0.00028178342744184133
2020-06-13,0.3626782116661425,0.343046334706868,0.0003252373537304514,0.34355609351768934,0.00030349798985279555
2020-06-14,0.34973626558546556,0.3261815197154799,0.0003219289046703933,0.32778758414566966,0.0002838336003748782
2020-06-17,0.33937137147842544,0.3281476024620463,0.0005469380046585784,0.32981117147153904,0.0005509064072266923
2020-06-18,0.3771316365109221,0.32766917369193943,0.0006451149735495544,0.33468906666921006,0.0005498459586983887
2020-06-19,0.35323750374603863,0.31416882936054835,0.0007061599003306015,0.3192418691253842,0.0006280340883547904
2020-06-20,0.34518941009515813,0.30060566679620426,0.0007402681411091394,0.30659702675450284,0.0007250274249811406
2020-06-23,0.34815216952279826,0.254211169389512,0.0011482560096627392,0.27169870484095776,0.0008173293575057358
2020-06-24,0.322503378154169,0.24793965085717415,0.0008663455710220368,0.25795995108839687,0.000824340669475875
2020-06-25,0.3569193115277358,0.25567125896183784,0.0009226015177747204,0.27145926459384523,0.0008028622324615685
2020-06-26,0.37799373339132797,0.29250778256851756,0.0009881135643920072,0.3072390186206809,0.00091222604529412
2020-06-29,0.2935017996426131,0.30102445438690234,0.0009391607110195204,0.30143866451221385,0.000746598681261221
2020-06-30,0.38515606676689956,0.27966796787976395,0.000837387483572593,0.29513524309294903,0.0006771999070687038
2020-07-01,0.4269553818436965,0.2800154595032724,0.0008059553353971693,0.3010683448752248,0.0007257528524483773
2020-07-02,0.3549852761364913,0.29621399158284306,0.0007126552054895651,0.30351756323288176,0.0006411196591902474
2020-07-05,0.3705950838760039,0.2513011069188102,0.0009242537698140008,0.269836495748393,0.000844564438510604
2020-07-06,0.36121765434820857,0.26119107852690837,0.0009020966948555397,0.27480192087244204,0.0008394644386147082
2020-07-07,0.30049637014189784,0.2560519782352932,0.000798628599242039,0.2605888929651816,0.0006492194290140342
2020-07-08,0.3070358081662286,0.24093093599465315,0.0007232581698769479,0.2489529235338108,0.0006083852037976993
2020-07-11,0.32268039023122,0.21555465618273442,0.0007082448432801016,0.2285629384932922,0.0005569956909626646
2020-07-12,0.3308549202233033,0.2140385152541376,0.0005611186520056064,0.22517228012099116,0.0005450099574751555
2020-07-13,0.32446170140321307,0.21103615399398176,0.0005231495927079707,0.2222180508669737,0.00045847057585735734
2020-07-14,0.2589394717934813,0.21178659656893256,0.000501973151831314,0.21440778887823156,0.0004219715500631851
2020-07-17,0.31463427264844385,0.21884262996067871,0.0006423966629001994,0.22943215394887112,0.0005936132191728701
2020-07-18,0.3523541055606633,0.2127998671566149,0.0006510173633201288,0.22854322273878874,0.0005351437922576191
2020-07-20,0.2958785190381139,0.19803078759902892,0.0005146920020893243,0.20816916653993978,0.0004823049576441284
2020-07-23,0.33666969483684345,0.19561655604488074,0.0005260019995728192,0.20780569339900698,0.000482994394333105
2020-07-24,0.3681884218953706,0.20064395317964323,0.0005352457140263107,0.21623967629143087,0.0005330810566238941
2020-07-25,0.2762380370011332,0.20446958665695183,0.0005375223560695547,0.2123225498948358,0.0004934852210710497
2020-07-26,0.3311266804960161,0.20591899591356783,0.0005083594048551882,0.21782204190843654,0.00043672240113142973
2020-07-29,0.28182168095539584,0.19253218070758774,0.0004100072412690807,0.1990780874292151,0.0003999625375000055
2020-07-30,0.25434979979654465,0.18867348876740805,0.00042122087389304173,0.19469538700620417,0.0003606705973557828
2020-07-31,0.26184620176623846,0.19146540976397058,0.0003758278359806752,0.19593680661744897,0.0003542396493660748
2020-08-01,0.29179471962997805,0.19197606259012573,0.0004125596200668213,0.20004912734050212,0.00039535329686602306
2020-08-04,0.18299987285392666,0.19363780818398235,0.0003980178635412843,0.19307188245213328,0.00039384309141350177
2020-08-05,0.28064741011345945,0.18448468267598422,0.00034323743665174095,0.19115152131697927,0.0003153536666826432
2020-08-06,0.2530718165677703,0.17882245098426114,0.00033750121075031366,0.18385700161751004,0.0003407599301309015
2020-08-07,0.3136526596756761,0.17744725842330755,0.0003213485086407255,0.1861502372252518,0.00030974627983384995
2020-08-10,0.14528516737793892,0.18060680142928556,0.0002290875049928815,0.1789242638895344,0.0002177846517244001
2020-08-11,0.3020010954692364,0.18656308549888176,0.0002472180293272661,0.19213656734902826,0.00023237199120319292
2020-08-12,0.4269553818436965,0.2249618210302311,0.000802768647065197,0.25107073453334094,0.0006686261630104033
2020-08-13,0.36274027762927935,0.25682667712426394,0.0006768986549676166,0.26882444674444156,0.0006629631754224982
2020-08-16,0.24638625848920076,0.30639875234206526,0.0017569315368755152,0.28856231895615464,0.0011095983830778536
2020-08-17,0.3439381103523145,0.2663098502197065,0.0011251980735621793,0.2813460673237606,0.0008613809657639026
2020-08-18,0.19667202397725358,0.2641244930163101,0.0008944712853873426,0.2532252318627924,0.0007210411956027889
2020-08-19,0.27930381311060787,0.22957439252849668,0.0007519978694655729,0.23433458655110967,0.0006740091927275033
2020-08-22,0.27317075029980653,0.3162336710844741,0.001361269509158141,0.30833764052090706,0.0009590245834875642
2020-08-23,0.3493140627500506,0.2905740545534557,0.000931865466459641,0.30078005281286674,0.0007172902543468619
2020-08-24,0.14528516737793892,0.2796149015495653,0.0006686109454519992,0.262776488012787,0.0006103580622878173
2020-08-25,0.18201358828892453,0.24017988591931017,0.0007011664837833685,0.23247519616732912,0.0006702991441654005
2020-08-28,0.39920167961987846,0.24509671568290214,0.0010868273846194275,0.2716881135093165,0.0009613559977915122
2020-08-29,0.3201128432272444,0.335978107242792,0.0013531649699572378,0.33393596457066343,0.0010225408538251024
2020-08-30,0.3212792190014147,0.3310935428314414,0.0007448700018641506,0.3288139194871323,0.00057280623810195
2020-08-31,0.3408431766517952,0.3084893361408662,0.0004894084746340279,0.3115870135905873,0.00042457435495862276
2020-09-03,0.29813230209092767,0.2535154344233515,0.0006295494757079861,0.25911903636896094,0.0005074706478719629
2020-09-04,0.16722323960142216,0.23866359696224826,0.0005362174266840847,0.2319809262108577,0.0004965885173005251
2020-09-05,0.17152170230948882,0.21965282302734634,0.0005130354198903633,0.215281323687133,0.0004372867739417518
2020-09-06,0.3087892678287251,0.20971853471267854,0.0004768499278678947,0.2189198138206527,0.0004376465339100188
2020-09-09,0.3211766870194444,0.19474541072259818,0.0004482580060129157,0.2062396145162603,0.0004316607886356644
2020-09-10,0.2602960946250048,0.20021204809199344,0.0004916866840519341,0.20515629311994263,0.00045120259026177874
2020-09-11,0.16701605927538263,0.19794170584550197,0.000545989058013622,0.19500872277070924,0.00043295243188528417
2020-09-12,0.23711450763460887,0.18826401139305082,0.00042455211090342443,0.19244936447584174,0.0003484711301798108
2020-09-15,0.16493878583194352,0.17777745601153425,0.0003723625328182662,0.17686439486017547,0.0003155629760157624
2020-09-16,0.16337553169953367,0.1732322969567257,0.00035724274594243116,0.1726770847845278,0.0003245554446135141
2020-09-17,0.2117887825669903,0.1699961283236656,0.0003136251112669034,0.17310526486737224,0.00030731530426971604
2020-09-18,0.16534624335940123,0.17441730300474448,0.0003248927512050069,0.1745126205263029,0.00027626386613920377
2020-09-21,0.38983873048097567,0.30603781220373255,0.002167787084838478,0.32986969326713506,0.0015070535238095575
2020-09-22,0.39510821694040127,0.3674935191157177,0.000879040926946979,0.3731155576774402,0.0007432090309798782
2020-09-23,0.25729867213737556,0.3434823668306254,0.00040893661771756464,0.3376945061479548,0.0003602128857075321
2020-09-24,0.4269553818436965,0.36676168855184144,0.0004941766866084741,0.3725226979077654,0.0004531138030257117
2020-09-27,0.33722191543885344,0.37305506215298073,0.00015921017332207795,0.3718780403784133,0.00016171585930404656
2020-09-28,0.28374956203581597,0.3491720578014611,0.00018809756879421312,0.347005103879089,0.0001891835759175506
2020-09-29,0.3506137791238174,0.33100236329925664,0.0002572371512443846,0.3317064247457583,0.0002490895789683389
2020-09-30,0.3684567658757279,0.31549710192094443,0.000363499813532529,0.31918152395978255,0.00034399950067024213
2020-10-03,0.36401835844559155,0.40517279931082634,0.00023187458428460675,0.4036113457903465,0.0002235615660230809
2020-10-04,0.4269553818436965,0.39535581614405596,0.0002375100475843383,0.3966679198126387,0.00022776480868715826
2020-10-05,0.35753386767179296,0.3720157682211153,0.0001650393231375819,0.37114952179105665,0.00015261297409246676
2020-10-06,0.3932766854778165,0.40721297573512716,0.00021013331945012576,0.40661192736606533,0.000203035253083733
2020-10-09,0.4269553818436965,0.3402862861281708,0.0002320275379715402,0.3444966711022428,0.00021237258151966495
2020-10-10,0.36946500817703487,0.3360690393812294,0.00028394383160863914,0.33776324441180366,0.0002480988334209165
2020-10-11,0.3249201712399158,0.34336892076008396,0.0002805880832327141,0.34254668992485093,0.000260821921325201
2020-10-12,0.3535957743191221,0.3456127963668585,0.0002811680765564059,0.34607690640915245,0.0002779585657042415
2020-10-15,0.4001927393807923,0.3691428840961711,0.00023225695302667493,0.3700977282915858,0.00022194847646564938
2020-10-16,0.3567359897099668,0.35354275363203574,0.00018580730644383734,0.35387890257628707,0.00017339648291864808
2020-10-17,0.4269553818436965,0.34314270206579583,0.00021265278363963378,0.3460425986885305,0.00019476092692305688
2020-10-18,0.32958334011711893,0.336764052073498,0.0002667583939379259,0.33602239251206617,0.0002592116000139289
2020-10-21,0.32592422918359143,0.32871983134399957,0.0004822162701359362,0.32708729750391513,0.00041520778009954254
2020-10-22,0.34999709318515027,0.3263000478313342,0.0005318792381781001,0.329338560731803,0.00041258334884485155
2020-10-23,0.34028766804578336,0.3589531485127839,0.0004932864636776317,0.35804440819952893,0.00043266219171465294
2020-10-24,0.22793213875563073,0.34422823820759013,0.00033543936657318574,0.3371379146164412,0.0003274893012712727
2020-10-27,0.3819252060747541,0.38322645525048904,0.0003656730460268956,0.3830621146473506,0.00032209005676012744
2020-10-28,0.3585707096411227,0.36389579485945334,0.00020770222414102777,0.3634365299666264,0.00020175963609742883
2020-10-29,0.3424234799504722,0.35245848741800784,0.00021726121112139343,0.35170389198220486,0.000204228378729674
2020-10-30,0.3015895776362924,0.34264677323810516,0.00021912588269559403,0.3411326184755115,0.00019672331016770897
2020-11-02,0.37998194181175626,0.3275307120253684,0.00042697259271050114,0.3311404212720854,0.0004497770244957788
2020-11-03,0.3533966245511087,0.3441277260979488,0.0004218469171114815,0.3447380393577672,0.0003612424369965394
2020-11-04,0.22213245430930117,0.33899097244714793,0.00035499922673319737,0.33013207512076265,0.00029677416638945774
2020-11-05,0.35265664284229403,0.32367676719657296,0.0003911497038323727,0.325340249231951,0.00036268835793616796
2020-11-08,0.4269553818436965,0.3366319440872686,0.000482853971306776,0.34499940216947655,0.0004186338674280524
2020-11-09,0.35514613679330703,0.353075679879366,0.0004272489229376095,0.35349097646375477,0.00041946522466596747
2020-11-10,0.3463207310252307,0.3627578321181582,0.0003879488333806657,0.36235434836372876,0.00036496386705138804
2020-11-11,0.3055887309056507,0.35272899891281073,0.0003733171792804152,0.349025915246742,0.00034253608615253736
2020-11-14,0.36271287036425726,0.33081309456177715,0.000450996344021784,0.33305904685716897,0.00037823165905527957
2020-11-15,0.3961226721944371,0.38306862134705716,0.0005441963912143565,0.38499323145491837,0.0004601559791982474
2020-11-16,0.26580612661543945,0.367466752146038,0.0002870693271639979,0.36183321519745365,0.0002618465831252908
2020-11-17,0.3572692800529756,0.35234358787346387,0.0003139858615387403,0.3530186012399055,0.0002885671998363397
2020-11-20,0.3528364303306662,0.34190779137795596,0.00038457532411618675,0.34191432466895366,0.0003636078992153133
2020-11-21,0.2610875989231699,0.33798381264704525,0.0004646704412742001,0.33111629393403885,0.00041983569087550044
2020-11-22,0.2701178040843211,0.3272885281615386,0.0004902848385965504,0.3221934117929653,0.000447597522159453
2020-11-23,0.2534066915046408,0.3191669382125634,0.0005241257809483959,0.31279513489652744,0.0004698671075933312
2020-11-26,0.27814059210639486,0.3056621216119638,0.0005926662112735698,0.30223540437968244,0.0005177757462786243
2020-11-27,0.3810750181714137,0.302136815879839,0.0005018075599288421,0.30797804187953604,0.0004959165143245288
2020-11-28,0.36499057653836675,0.3076877929581319,0.0005681828122671152,0.3129888382674954,0.0005808270954541631
2020-11-29,0.34233642953447074,0.30890131936279913,0.0005829866907070304,0.31190618381316015,0.0005058320936575446
2020-12-02,0.33860327320022754,0.32656667902076186,0.0006497170405804836,0.32723938028789606,0.0005312891154451994
2020-12-03,0.38464322078753715,0.3477060788736365,0.0004558759405194578,0.35068841100661347,0.00039247259617597425
2020-12-04,0.3827170395596863,0.3716095627249413,0.0003712948231710618,0.372829582504994,0.00031514581835785643
2020-12-08,0.3757195143490512,0.3900951956921766,0.00028396240003578246,0.3896677332958896,0.00025384902836643995
2020-12-09,0.4269553818436965,0.3775384734466818,0.00020319882949720644,0.3797761069854647,0.0001928606809206438
2020-12-10,0.3877604196934528,0.4147408951612141,0.00022523641727305538,0.41356104892426965,0.00020546097476595356
2020-12-11,0.39601483263174314,0.4193443429958078,0.00016666142513350007,0.4184274785395313,0.00016018581182086322
2020-12-14,0.38485541015329233,0.36811217565863896,0.00015946131346559586,0.36854543932676287,0.00015230609162658157
2020-12-15,0.37257338102962423,0.3847193518063176,0.0003418354621586221,0.38397799162756097,0.000341716876056078
2020-12-16,0.37315501542317375,0.3711073064675345,0.00017924252726861554,0.37166891671862745,0.00018309593695568755
2020-12-17,0.361600299888807,0.3624874594552395,0.0001650658274136083,0.36240797401436964,0.00015500701211711458
2020-12-20,0.36018194038944373,0.37113432180811495,0.00022665642140305115,0.3712617964367764,0.00022384079805138788
2020-12-21,0.3575551374387757,0.3715049404042403,0.0001661504048066719,0.3709081739339433,0.00015284929716036274
2020-12-22,0.3059896002286276,0.36266781430427547,0.00016458137451211434,0.3610935551696276,0.00015690338063199588
2020-12-23,0.4269553818436965,0.3621804384149406,0.00018735798316834605,0.36494529577726803,0.00018861711457298318
2020-12-26,0.2912942169971882,0.36066427230180453,0.00014385896230819555,0.3588461583415629,0.00014659492790097963
2020-12-27,0.4269553818436965,0.40126712411510895,0.0003987098156077942,0.4029696267667468,0.0003450398191314831
2020-12-28,0.4269553818436965,0.4240103219870449,0.0001337180084451615,0.4242621379344865,0.00013326031255768135
2020-12-29,0.39212643268194974,0.3962021642857227,0.00015708475120651644,0.3960252288890388,0.00015060225334446856
2021-01-13,0.3099016969387909,0.35538743201615586,0.0002168651925462781,0.3535552819625965,0.0002099119912614778
2021-01-14,0.22121706697003693,0.36395298965251266,0.0002243054486827424,0.35801316657647125,0.0002059821275815961
2021-01-15,0.28792584555002165,0.35768967078279446,0.00023809800299653348,0.35492146401158847,0.00022669720554942122
2021-01-19,0.3491628807132407,0.35576155148007127,0.00016755449293336558,0.3553148641748659,0.00016985711550232454
2021-01-20,0.26468605315644356,0.35142106797793055,0.0002018498281178079,0.34799052315420176,0.00019827622834980692
2021-01-21,0.247473142777341,0.36630442123888046,0.00025754778739258647,0.3606018311153422,0.00025423758294085047
2021-01-22,0.35768619929594486,0.39034416735541894,0.0004653715486824451,0.3869715886589168,0.0004460597135677744
2021-01-26,0.3606155882852799,0.385969268031551,0.0001582133151679821,0.3853259699676962,0.00014246345616577706
2021-01-27,0.4269553818436965,0.38741080476183015,0.00017287977368883562,0.3884807288305141,0.0001617568795864131
2021-01-28,0.38304759883522266,0.3809275933411027,0.00014940426959535964,0.38089003664457843,0.00014297765790628804
2021-02-01,0.37788295668307675,0.42448767807636917,8.549381829237862e-05,0.4238204095389518,8.427107602992433e-05
2021-02-02,0.3870895643150058,0.3983210523480913,0.00012518123351550699,0.3979879792000584,0.00012204877453259067
2021-02-03,0.4269553818436965,0.3796527162457124,0.00015395196020540395,0.3810323041322297,0.00015281962552130825
2021-02-06,0.3812600310631045,0.3954814926180811,0.000315817515701341,0.394067381307696,0.00030442746605819585
2021-02-07,0.3320405259254572,0.3857976711233014,0.00021090966455893713,0.3834607607435403,0.00019255077713386804
2021-02-08,0.3840034224942548,0.4096299710222528,0.0002718148260494026,0.4084079931102719,0.0002529951409832216
2021-02-09,0.4269553818436965,0.4042850108581855,0.0002342534975601712,0.40576295872229373,0.00021522982626516715
2021-02-13,0.2766471895566113,0.37596670985964614,0.0001730178401753121,0.37270917109705287,0.00017209780993026374
2021-02-14,0.3623955215344453,0.364141254897564,0.0001463569419117728,0.3642740292845238,0.00014682892272687765
2021-02-15,0.3759531333631687,0.3585116805226988,0.00012412352031365137,0.35908841460808444,0.00012335909572089415
2021-02-18,0.3416003742565502,0.35227594128847356,0.00028075773505558494,0.3519370762668049,0.00027432433752192257
2021-02-19,0.2739254626228027,0.34706725863306853,0.00031882129011147434,0.3428655582590307,0.00030314710834169215
2021-02-20,0.3555386830916822,0.3384942248364672,0.00029167709908337665,0.3402882276334649,0.0002815722286746028
2021-02-21,0.3510467523802728,0.3379986101709961,0.0003002982253542171,0.33843348507796345,0.0002907473206226599
2021-02-24,0.34581429267516284,0.33440477579556693,0.0003834494348257689,0.3350014578464379,0.0003468542492979755
2021-02-25,0.3952464978451301,0.33084053765179694,0.00044489326114070197,0.33580260550474494,0.00040373347931603974
2021-02-26,0.14528516737793892,0.3322492437182019,0.0004264490819820689,0.31760980883518836,0.0004242299767662423
2021-02-27,0.31531504038503977,0.31393614833183175,0.00045757253886816,0.3137358836190661,0.0004436369512510893
2021-03-02,0.20707512705562753,0.3077352784155341,0.0006924286746468929,0.2950402172444619,0.0006514613547229926
2021-03-03,0.35043276711834803,0.2936631225888903,0.0006977225503578408,0.29959473605842196,0.0005808383135261299
2021-03-04,0.3108162137219123,0.298720310608404,0.0006100967585033846,0.30004460366542707,0.0004903849091015156
2021-03-05,0.30294234297979483,0.30044034890822474,0.0005397921780699207,0.30081342162487934,0.00045843796232653976
2021-03-08,0.20153456622774127,0.32109614225961086,0.0007271301696273357,0.3064381160068188,0.0006063745664034893
2021-03-09,0.18693769536047083,0.30314532013133555,0.0005602111871188817,0.2916339096978662,0.0004453414694964471
2021-03-10,0.2557687583281386,0.28801984540111003,0.0004852693023520142,0.28518898766925477,0.00045291557115887277
2021-03-11,0.3138370490530614,0.2958728255531091,0.0006534812266328679,0.297452475724101,0.0005421511103847672
2021-03-14,0.3029140448948147,0.33077335782903794,0.0006091058340484668,0.32807993642225974,0.0005420128997613068
2021-03-15,0.316330721533709,0.33323814103525295,0.0005489063870725233,0.33257783974959787,0.0005322031895086629
2021-03-16,0.3554929753768985,0.3295588996136994,0.00046866079728296743,0.3318307251994403,0.00043040556623731964
2021-03-17,0.241317151984098,0.3322357903327719,0.0004147589378615277,0.3250120464692433,0.00035759248482560875
2021-03-20,0.24878876014302212,0.3384590079322291,0.00044668355804322596,0.3310522443305247,0.0004351061973335652
2021-03-21,0.2497053170326875,0.32113753179775906,0.0005158130617462673,0.312233744816939,0.00046704793771507877
2021-03-22,0.28274957741724155,0.30481897500326594,0.0005867320119968065,0.3025978722265108,0.0004847383585340339
2021-03-23,0.19833903778777703,0.2932038727676225,0.0005643791511805341,0.28377999535990883,0.0004943769259969279
2021-03-26,0.21231690829819433,0.27182333220006627,0.0004423470528455746,0.2676027838677355,0.0004111009435459354
2021-03-27,0.2552152337165419,0.26591184240228705,0.00047951467144265175,0.2653414467869798,0.000407778672825336
2021-03-28,0.3117419003043787,0.25712450491330247,0.0004900854307807026,0.26285718912635053,0.00043665371567970913
2021-03-29,0.19535636439610207,0.2551641957350531,0.0004842031223125816,0.25014729297094973,0.00046979111280516007
2021-04-01,0.16551001462726256,0.22845462093767682,0.0005239303034122349,0.22239927004333557,0.0004666261282057061
2021-04-02,0.2689003488892484,0.2175649554794211,0.00040552058862265494,0.2215264826663035,0.00039355382318720876
2021-04-03,0.26216370517547893,0.219089254420316,0.0004924492030045261,0.22207771744443602,0.00046149482312746296
2021-04-04,0.1669999527360679,0.2195974519165937,0.0004973478123751629,0.21570634955166643,0.00044909899590974984
2021-04-07,0.14528516737793892,0.21788721844607994,0.0006045308760894996,0.20986152902647057,0.0005354158171601639
2021-04-08,0.18425117272736016,0.20445951879504026,0.0005436889041686644,0.20260069117409832,0.0004950816880981419
2021-04-09,0.35727948477710353,0.2254578814858308,0.0008511487018440766,0.24440713108586162,0.0008442154501190635
2021-04-10,0.24704227427856648,0.2390529751487557,0.0007866908931968824,0.2386919052554445,0.0006850103562339415
2021-04-13,0.14528516737793892,0.26113657631815207,0.0010539615182529024,0.2401152346490261,0.0009508884559320483
2021-04-14,0.14528516737793892,0.23249856313360756,0.0009300282942455213,0.2199293147664369,0.000831111676345565
2021-04-15,0.14528516737793892,0.21541361633667716,0.0007503834253571446,0.20636684057438223,0.0007533399150010422
2021-04-16,0.14528516737793892,0.203790158448381,0.0006984879007551076,0.19628239823728058,0.0006375965268689163
2021-04-19,0.18015870813094167,0.18598708794374652,0.0005041894617939595,0.18481971297513503,0.00041888736366841055
2021-04-20,0.22481611392092835,0.18541408963006475,0.000412146513127589,0.18857097090981584,0.0003769788964007369
2021-04-21,0.21610947313128853,0.1872507133338771,0.00033940181827567413,0.18849479049962484,0.0003090276882628424
2021-04-22,0.20776350577702374,0.18582921128888866,0.0003840106724703291,0.18763605467239658,0.00034757782679398187
2021-04-25,0.32556940698897385,0.17470229336173038,0.00036871595589544134,0.18538747891911148,0.00034891576101090906
2021-04-26,0.38717982654407496,0.2537847415289848,0.001693914620008025,0.2876473999135565,0.0012668141988464437
2021-04-27,0.29691834683716956,0.291327161788592,0.0010051876625226455,0.29169444522752475,0.0008668287044260688
2021-04-28,0.35676670019135814,0.28422666076628955,0.000721311402238236,0.29290581399502236,0.0006098131111527644
2021-05-01,0.3123605451179991,0.3426833049211303,0.0008666654045627236,0.33689081427285006,0.0007565554191007148
2021-05-02,0.17116850717695656,0.3137639420974931,0.0006806430663522379,0.2976234567255807,0.0005505569782699108
2021-05-03,0.17597335150742283,0.2769969473351671,0.0006425794646444532,0.2655014729624602,0.0005423837458248673
2021-05-04,0.2556357086513523,0.24777971112098407,0.0005155819403448378,0.24870414057237655,0.0004027839314632777
2021-05-07,0.33913931125569374,0.2756120613387123,0.0009433333690352313,0.28472026241867526,0.00077274392732254
2021-05-08,0.3128989587196246,0.2581583673470993,0.0008249822064658816,0.26712785682663276,0.000672141100967083
2021-05-09,0.3766441595162604,0.31433938805294487,0.001378268337657166,0.3280573289917222,0.0009710694693506822
2021-05-10,0.37429722866209164,0.3206479097115459,0.0007937754180494076,0.3277590780799376,0.0006718791466512384
2021-05-13,0.4269553818436965,0.3598694054972764,0.0004391979204509189,0.36596181743123785,0.0004139595169724586
2021-05-14,0.4269553818436965,0.34924716786280735,0.000269441165177929,0.3536744103641245,0.00026907234963798694
2021-05-15,0.4269553818436965,0.38359366130483447,0.0004889057708063807,0.38679871195653986,0.0004663546851539238
2021-05-16,0.3714119377784687,0.37812759954391906,0.0003425192896409648,0.377632353868653,0.0003078586774703803
2021-05-19,0.35755231631555034,0.3215711727090796,0.0002756246054644885,0.32350086554877033,0.0002600612085764968
2021-05-20,0.2563606606855676,0.30146802021701513,0.0003730251160029962,0.2978544520893113,0.000363964995018149
2021-05-21,0.3820466450400755,0.3169775837427584,0.000694070187716931,0.32460966284453546,0.0006299047351309185
2021-05-22,0.3570551943631398,0.3112661429808716,0.0005841776625335405,0.31461945550824505,0.0005262448778264907
2021-05-25,0.2642730524131963,0.27458108257637426,0.0009017653802931058,0.2732193799318071,0.0006687614121751345
2021-05-26,0.21177184848040287,0.25399184597619107,0.000723764309249209,0.2502297650929501,0.0005327216316325164
2021-05-27,0.2592053930512849,0.22981524105098713,0.0006942019875854299,0.23487763585200586,0.0006263667200818145
2021-05-28,0.28778399091509227,0.21705721759081456,0.000607610587319792,0.22573487657471822,0.0005333078365122793
2021-05-31,0.3507621235749837,0.2158967707130807,0.0008001802411383526,0.23486208578407428,0.0006409426435717027
2021-06-01,0.3730093386628532,0.2425550153729756,0.0007533480558097808,0.2596654830093757,0.0007197696088841438
2021-06-02,0.2572878339558932,0.24540677181192982,0.0007600862924731977,0.24599102460494812,0.0005838884461895953
2021-06-03,0.3105194458139333,0.23230957475461278,0.0006200923871385345,0.24048353675900772,0.0005064259159435562
2021-06-06,0.2734740137392058,0.3031487600448111,0.0008523068752217544,0.298246412196779,0.0007304180320710221
2021-06-07,0.34382199685170156,0.2791647091936862,0.0007279554552956866,0.2880473003191517,0.0006571020079792634
2021-06-08,0.17276978152255237,0.2618004434021984,0.0007291262227053592,0.25020360006880876,0.0006214074071078821
2021-06-09,0.351565931919905,0.22782429630350534,0.0006287562520945608,0.2418355156976478,0.0005810200994401304
2021-06-12,0.2763762992353012,0.19985103250535932,0.0006563674451070943,0.20973918732751162,0.0005334580653514517
2021-06-13,0.40036030234238146,0.19431710228120874,0.0004972710456142661,0.21304102240350953,0.00042758773665495394
2021-06-14,0.37931442673567217,0.1945427483764797,0.0003917168094729925,0.20843861600908334,0.00035599090035364606
2021-06-15,0.3184689206487446,0.1969842790312314,0.0003831405904503974,0.20498343436193925,0.0003538207583450169
2021-06-18,0.252161965842373,0.2899875518594986,0.002049859198143992,0.2807527031353701,0.0014353817870236243
2021-06-19,0.4269553818436965,0.3354984829926074,0.0014732024742188101,0.3563983295071727,0.0008803862407910652
2021-06-20,0.3437360443187508,0.3387735950477566,0.0005101253442442371,0.34023895691236156,0.0004281167501388649
2021-06-21,0.4269553818436965,0.3373823267961688,0.0004364079470199158,0.3441679764003538,0.00041326386746039223
2021-06-24,0.34503920262169624,0.32179887660473033,0.0004730819063514826,0.3230885451131655,0.00047499760945739883
2021-06-25,0.2145893872131125,0.2987520878782279,0.0006305884392914465,0.287197416362553,0.0005919963950198845
2021-06-26,0.30595275067374506,0.363244035249082,0.0008575256233508152,0.3548810647747731,0.0007244702057580787
2021-06-27,0.3570734148696868,0.3869435199443212,0.00039234472778449476,0.3853967560381352,0.00034095903146673997
2021-06-30,0.30814022862218177,0.3313113359109889,0.00028603052829154056,0.3289310815058029,0.00024228858866962412
2021-07-01,0.32233245431217084,0.3017858728241058,0.0004118716530989516,0.30356444021474865,0.00038527319919438104
2021-07-02,0.3535871898499567,0.2783847447441545,0.0005098583159092189,0.28475682908144356,0.0004404362343736499
2021-07-06,0.39429761514158035,0.3199523977133062,0.0007306732281458713,0.32937997704629063,0.0006572526192680122
2021-07-07,0.37232505644469244,0.35550501079760655,0.0005691268149328592,0.3569553513423426,0.0004955088946870858
2021-07-08,0.31274976095976864,0.33833845126633333,0.00042641609143213095,0.3356271695894433,0.0003925161634483266
2021-07-09,0.2719873013012034,0.31145084195086636,0.0005848837846386794,0.3095776721098426,0.000541506631807926
2021-07-12,0.4269553818436965,0.28922619054169363,0.0014565245446680583,0.3196164450403768,0.0011811475570730793
2021-07-13,0.3733545589918734,0.3378368833198238,0.0009491066190290503,0.34359549310150994,0.0008785323553489924
2021-07-14,0.4269553818436965,0.338971319844458,0.0006972660764882225,0.35099056325586986,0.0006140173118996456
2021-07-15,0.3749969380374962,0.330698497055021,0.0006229539399987187,0.3345327100003502,0.0005832214129953777
2021-07-18,0.22368447490378396,0.263727813274387,0.0008263504529000982,0.25773687177532056,0.0007396179720097002
2021-07-19,0.31690631889145704,0.2353829860238202,0.000710456820483122,0.24475620720559366,0.0006336265930531938
2021-07-20,0.29420468896834745,0.22360053958366335,0.0006683932609462799,0.23348877364183226,0.0005591299142120769
2021-07-21,0.1949220206066656,0.21761849639663325,0.0005700688766278341,0.2146245654700849,0.0004853112434495407
2021-07-24,0.27794139458000383,0.2841087099531908,0.0016417984458626975,0.28191981891459333,0.0010581210870571152
2021-07-25,0.3543740144335247,0.26510858156710176,0.001084693677291861,0.2824356976351821,0.0008351401557304212
2021-07-26,0.31427204475848136,0.27050977133497733,0.0008047528151489024,0.276111969803945,0.0006932636732448563
2021-07-27,0.3054556030621317,0.2783998653078266,0.0008756003330829371,0.2818450926173156,0.0006708020282632755
2021-07-30,0.21395126226749053,0.25427791135713557,0.0008616009340521808,0.2466090792723833,0.0007462912793432053
2021-07-31,0.39679209538193333,0.28768156609352064,0.001490251815081211,0.3111353281890934,0.0011678617441783373
2021-08-01,0.39493618664839003,0.32701685563311345,0.0010368770832611552,0.33872125161258543,0.0007745522285423624
2021-08-02,0.344345213138518,0.31650120235406815,0.0005825172412915532,0.3194765237272787,0.00048450112442423787
2021-08-05,0.2562370338867346,0.3351943206308307,0.0004699565495769639,0.32838263873281953,0.00043935266703045073
2021-08-06,0.36408877031744025,0.30830269434500635,0.0005655464258920588,0.31207431572029853,0.0005287800381177754
2021-08-07,0.36972829777046784,0.32622828555784444,0.0006694749094710016,0.32924303725870485,0.0005904229306383722
2021-08-08,0.31285595242395353,0.30775595450494564,0.0006733120327373661,0.3082999318187024,0.0005977798253440782
2021-08-11,0.3325764687447853,0.2404366765648593,0.0009516274187879797,0.25637445615476023,0.0008670527067365431
2021-08-12,0.30631105660494273,0.2976453960020381,0.0014514048203158197,0.299109917934849,0.0010217999633728148
2021-08-13,0.26674581631814187,0.2762389277451758,0.0010487116626838099,0.2736123239645591,0.0008488665401317477
2021-08-14,0.2870649153494543,0.2512301912046773,0.0008510750248941026,0.25527444501237656,0.0006607898012107072
2021-08-17,0.16524821788327357,0.2226983147418684,0.0005761186880763132,0.2168703577222656,0.0004704800003864741
2021-08-18,0.18638579922098428,0.2081055491149133,0.0005173430179925944,0.20629016620523669,0.0004526472069060194
2021-08-19,0.2619184734519849,0.20207562379481847,0.00044999771732448794,0.20637230504286974,0.00041529234734411874
2021-08-20,0.33377989436020195,0.19441097515124156,0.00041903087638795795,0.20605030210636777,0.0003890188014949816
2021-08-23,0.3275745597734701,0.19078488194711407,0.0003532863245863418,0.20018147412035447,0.00033348504967187047
2021-08-24,0.25858823532806535,0.1933361872948135,0.0003305569421020401,0.19819227257118466,0.00033485529041385736
2021-08-25,0.3604878805360068,0.1879403469848379,0.0003019317950198233,0.19775143097662976,0.0002657860111349841
2021-08-26,0.1668024728022354,0.18934646551003687,0.0002539235542029734,0.18819992880538688,0.0002234427553152065
2021-08-29,0.14528516737793892,0.175667745573307,0.00021999773856757696,0.17457229978237848,0.00021621739125902935
2021-08-30,0.21765725336778755,0.17250126628320417,0.00020180292225600394,0.17408975362800694,0.00018136663548810108
2021-08-31,0.21117343775352784,0.17102002319449805,0.00019124242737948835,0.1721265792564115,0.0001735948629520165
2021-09-01,0.21374463608521643,0.18506155089092274,0.0002575597731129321,0.18608394218217728,0.00024998629293619733
2021-09-04,0.4269553818436965,0.2031162396999442,0.0004113535039455339,0.21983882426558513,0.0003706197426592552
2021-09-05,0.3225608461903499,0.20564333290861167,0.0004387553686300948,0.21520320849170202,0.0004107649556499732
2021-09-06,0.3588663430039844,0.20195154581159294,0.0004261390176115571,0.2155411399092718,0.0003698678945050852
2021-09-07,0.21960611566800262,0.20431146255230037,0.00034846857009708873,0.20562003970497603,0.00032751969553251946
2021-09-10,0.3185510725849177,0.3891264351895334,0.0003491929145679275,0.3842413598545749,0.0003065149587992243
2021-09-11,0.36776943132008477,0.347661844217943,0.0001992292740635823,0.3486082551292809,0.00020054729005778996
2021-09-12,0.33879354368084774,0.3250621564345408,0.0003275532143589328,0.32569445296285404,0.0002946801731734958
2021-09-13,0.1780391969586326,0.3139800043343831,0.0004458864720692151,0.30273022459271137,0.00042764013503478676
2021-09-16,0.3760890202833206,0.32285248952624274,0.0005932710562899684,0.32768120082133406,0.0005728139480381219
2021-09-17,0.36867107795493637,0.3137939214790555,0.0005992399684502909,0.3204678189577788,0.0004498252896469768
2021-09-18,0.4269553818436965,0.3832311775905315,0.0006479021838619314,0.38877730046842884,0.0005917479513797731
2021-09-19,0.3377907623305557,0.35823610098649605,0.0002642064458816125,0.35702223233670216,0.0002608540616099123
2021-09-22,0.26307228164184365,0.33450697119275596,0.00027631595302713265,0.33098280782201916,0.00025797113955511406
2021-09-23,0.37495914314837303,0.3146471360608828,0.0003579209300300608,0.319095407843913,0.0003356512328703487
2021-09-24,0.2602918051677774,0.302058206501876,0.00040316141356528415,0.2992227542540152,0.00037125009769922333
2021-09-25,0.30742405090170966,0.30661956980938165,0.000578514182069249,0.30691702181247654,0.00046821620568292103
2021-09-28,0.3769065571196366,0.28562110370791394,0.0006066704669946537,0.2951212840281823,0.0005619539114982019
2021-09-29,0.36366395372468785,0.2911832467120459,0.0005478013657937841,0.298986966925412,0.0004987857006595242
2021-09-30,0.3586992814372557,0.28712214564340177,0.0005560451414582325,0.29591010395971046,0.00046411876079687446
2021-10-01,0.221584630956826,0.28712289283663006,0.0004971254488090526,0.2814349143201942,0.00045715874483133007
2021-10-04,0.38698296018107603,0.3326513168257756,0.0007001260026835669,0.33778268612079726,0.000652079272362828
2021-10-05,0.4269553818436965,0.3654356056728912,0.0006891146892048373,0.3727575563405965,0.0006429439493149704
2021-10-06,0.37846603747076824,0.3491382104860164,0.0003988433402375367,0.35098838253219905,0.0003756699665550666
2021-10-07,0.3146897254319039,0.33428799977446166,0.0003389659854733484,0.33310536780304667,0.00034290480848856987
2021-10-10,0.26911022122134265,0.2989187699398514,0.0005890969005851113,0.29537332143354506,0.00044672883879990667
2021-10-11,0.34404472047314183,0.2858092903843388,0.0005165019926867101,0.2915135899627967,0.00046734043865370484
2021-10-12,0.2881412613858841,0.2825938211104053,0.0005514004406005894,0.28326251338740877,0.0005257610064435904
2021-10-13,0.3190056562035587,0.2748157572210085,0.0005796093612150128,0.27905361175280835,0.0004622728376674006
2021-10-16,0.3282466648450239,0.2581211354615589,0.0005722071742697424,0.26630021686101235,0.0004722710205780784
2021-10-17,0.23876364895275073,0.25892159130194703,0.0005662873803099723,0.2574315273681731,0.000485921144341165
2021-10-18,0.28323582465490693,0.2523537440595437,0.0004719363194486124,0.25594826014402194,0.00042140914296492693
2021-10-19,0.3699554763559502,0.25115408564735664,0.0004419272536312499,0.2612136089909893,0.0004596973656069777
2021-10-22,0.3491960984730968,0.264955198851438,0.0006055006135466911,0.27388472164042915,0.000541058714687407
2021-10-23,0.22656440839947867,0.26918767614519035,0.0005393237064892119,0.2657704119725783,0.0005203314437948059
2021-10-24,0.34863024107317836,0.2610865716498906,0.0004981950369281557,0.2690101488467203,0.0004932179249297228
2021-10-25,0.3125699888994384,0.2655757453239305,0.0005364030464820522,0.27034614637906873,0.0004865255269300052
2021-10-28,0.2866351748563623,0.2634107960258164,0.0007039371112816039,0.2668201342514436,0.0005903727687795601
2021-10-29,0.38015230863538174,0.27610241326743706,0.0006795143406419832,0.28905360147645615,0.0005461390691269347
2021-10-30,0.4269553818436965,0.3031319723658623,0.0005926671766403175,0.31626381992424646,0.0005441761067956316
2021-10-31,0.3978127199916612,0.3628889846368143,0.0006419882160001129,0.3673963538221788,0.0005838909679994346
2021-11-03,0.39270763094537753,0.3838907680403391,0.00019882692223277779,0.38467907507099164,0.00019429541319273514
2021-11-04,0.3750917969487394,0.37240439511291973,0.00019706348505887914,0.37285537053920875,0.0001897590283173381
2021-11-05,0.3987387392291019,0.3642292317460545,0.0001870367998089517,0.36543880720113037,0.00018025835843714103
2021-11-06,0.24024656814266382,0.35161940145310433,0.00015829517677619194,0.34785040405832,0.00015877036361282732
2021-11-09,0.33834481058935323,0.3393497461781427,0.0003082912173089187,0.3400231092444954,0.00028425887522051657
2021-11-10,0.3727499045719292,0.3385981185001938,0.0003536906605170329,0.3412985581459536,0.0003362476504546308
2021-11-11,0.2979942966972366,0.35332545970359386,0.00031864331833731426,0.3500012211582637,0.00029844079455967437
2021-11-12,0.3173926424957028,0.3426796937904786,0.00038993807483600696,0.3407518429913733,0.00035815841316473856
2021-11-15,0.3512589465523575,0.35273866594090836,0.00041991005620179133,0.35262713473514895,0.0003883878488396581
2021-11-16,0.3624368980738474,0.3493388340134929,0.0004081680111334458,0.3491240081528277,0.0003730545174917615
2021-11-17,0.37808773770316956,0.3459716602865238,0.0004223614592754546,0.3490142595911532,0.0003708380052268921
2021-11-18,0.3062563553882585,0.34065446884731443,0.0004066905184206072,0.33834808174119957,0.0003701512269552501
2021-11-21,0.22791738424110802,0.32773845391782674,0.0005439222486266964,0.31768716746948006,0.000543845691926067
2021-11-22,0.2644048080660413,0.3135216901162004,0.0005343099093394537,0.30904104040756153,0.0005133194998117693
2021-11-23,0.3508506717282606,0.30790330842588615,0.000526122576498816,0.3131250145643805,0.0004939068778161826
2021-11-24,0.3763593498916225,0.37246312110960594,0.0006992477131941282,0.37218955856379543,0.0005755478261153123
2021-11-27,0.3684106796432513,0.41390675834857005,0.00021258550894244447,0.41159594404913596,0.00019563995989184033
2021-12-03,0.3588278806954077,0.367469529943685,0.0001698050905327983,0.367215108910886,0.00016483437848389688
2021-12-04,0.18077661113757656,0.39638499597945726,0.000423770904156804,0.37875415355185615,0.0003791825801847003
2021-12-05,0.3462159400015278,0.40080110387444784,0.0003873983173176738,0.3975439970928678,0.0003564131840746146
2021-12-06,0.36144797677189794,0.37718194467025223,0.00020114613347462277,0.3771368661916438,0.00019195324288340276
2021-12-09,0.4269553818436965,0.4246634964695154,8.644713048323761e-05,0.42467809267316897,8.685641168622078e-05
2021-12-10,0.2919170579776789,0.42336958691090415,0.0001247718390101893,0.4201177695534625,0.00012044829520814295
2021-12-11,0.36608201765654297,0.39077885066861934,0.0001186308672266901,0.39027777530620833,0.00012112916708480377
2021-12-12,0.35150237731597567,0.3742787660544111,0.0001059449361384764,0.3738976869244525,0.00010755901479245553
2021-12-15,0.3829075043640123,0.36204164047990495,0.00016160100305374003,0.3624413592591549,0.00015527460188525833
2021-12-18,0.352455509106522,0.35512114980184717,0.00020646436415957384,0.354622903909384,0.00020279203461833406
2021-12-21,0.39455998848948115,0.3509628324706279,0.0002883750883737007,0.35379359938140276,0.0002516937757086642
2021-12-22,0.3252418749283354,0.35122308153078685,0.0002881032086943641,0.3502709938761839,0.0002758765372712807
2021-12-24,0.3654956821591488,0.34995669808557617,0.00037228227035189493,0.35062384173031347,0.00031735767971076764
2021-12-27,0.37697316700278083,0.39250199915945955,0.0004717336673959116,0.39191497462457525,0.0004435340944875512
2021-12-29,0.38727219525002154,0.37243331652269235,0.00017329565730280012,0.3729102172264133,0.000165936426569632
2022-01-03,0.30758540965848813,0.3457156727979708,0.0002989175281976834,0.3434195599607395,0.00027728279508232724
2022-01-05,0.34734133692852603,0.3586757089986384,0.0002464782761462522,0.35847047693004397,0.000237063497630323
2022-01-08,0.35419820013644604,0.37266218633585857,0.00027051024180047733,0.371065712761694,0.0002670926277586573
2022-01-10,0.4269553818436965,0.4230050949803841,9.214919834674349e-05,0.42304931804993773,9.083904619604992e-05
2022-01-29,0.26321274113068044,0.3446356562523348,0.0004272156710899108,0.3378479203928254,0.00038627528481332006
2022-02-01,0.3217430935513043,0.3450954747749239,0.00043351795459140155,0.3429798400223425,0.0004157508247590137
2022-02-03,0.31386132553646895,0.3373867511999563,0.0003813591643399749,0.33531663376243415,0.0003458106243769176
2022-02-08,0.14528516737793892,0.34077208075625015,0.0005140788925823475,0.32328308694496904,0.00047221246727401675
2022-02-10,0.3216653596455318,0.31774656132842793,0.000571607614043833,0.31782680743802516,0.0004958905922661102
2022-02-13,0.26150982036496084,0.3392945278523235,0.0004595881007905665,0.33268882451299997,0.00046952014037244676
2022-02-15,0.4269553818436965,0.38629858536682987,0.0003500237048513508,0.3885875557133721,0.0003099065027533517
2022-02-20,0.2905602557736263,0.3441943502274536,0.000254511444347678,0.34217793285418424,0.00024945288238840035
2022-02-22,0.3831308266375462,0.3441091671225138,0.00021738327975512686,0.34573998329768785,0.00020780957620000022
2022-02-25,0.17270034392628825,0.3324799872000769,0.00033891223498538854,0.3225104888614067,0.0003237680279921502
2022-02-27,0.2246098387614242,0.31439561294731844,0.00045550069731018834,0.3064677994047897,0.00044822507432606
2022-03-04,0.32214597649283616,0.364505606248536,0.0005973737840737997,0.3597162403190767,0.0005686661811353514
2022-03-06,0.34698526350303865,0.3505713161436192,0.0003267007361662964,0.3501269715837408,0.00028670930623895044
2022-03-09,0.25425277337958974,0.33781907403622247,0.0003434883499081905,0.3330794509722025,0.00033011558076066825
2022-03-11,0.3561241432340923,0.3943790713296871,0.000480870622614575,0.3914274366869329,0.0004748564905794754
2022-03-16,0.32134997785885977,0.35324725339035834,0.00014386246617681652,0.352125044154133,0.0001385740663518388
2022-03-18,0.3436892218117155,0.37087363144440444,0.00021891494414796943,0.37010957949864925,0.00020527494922578792
2022-03-21,0.2243216419347564,0.3389444836434005,0.00034007969175436887,0.33176243662306587,0.00034567099509931476
2022-03-23,0.26808773488562226,0.3196208752049823,0.0005112994460734326,0.31501785126804405,0.00046821119282016647
2022-03-28,0.21708490689952434,0.27678858927127215,0.0009599341923110056,0.26869669728818957,0.0009063739577036861
2022-03-30,0.34137296539704676,0.3132829570401735,0.0009071317197770842,0.316316340236303,0.000771266994483981
2022-04-09,0.14528516737793892,0.3353216206718725,0.0005201079344060313,0.3178756317581698,0.0004881519709022857
2022-04-11,0.18276446627764512,0.2933504814734974,0.0007129371412784605,0.27970532701828893,0.0006422428848006429
2022-04-14,0.18403447328349404,0.3501589098525978,0.00038542001021981683,0.33768561862921337,0.0003590298947380898
2022-04-16,0.31164223826706744,0.30147999172804457,0.0005982841454885528,0.3030839363488905,0.000471556739221133
2022-04-21,0.3537920953545986,0.3602110513532179,0.00042676463585492665,0.3599138614426986,0.0004006421630412786
2022-04-23,0.3279413584816569,0.39590583374740373,0.00046717070990832677,0.39078180413320424,0.00041763017055459567
2022-04-26,0.2150003498389908,0.3244610355235619,0.0003629908758994978,0.31670306440182466,0.0003638761233386839
2022-04-28,0.19990899335928852,0.3545917607699351,0.0005532801221532667,0.33886369320728577,0.0004915311959392491
2022-05-03,0.17473060535555282,0.32464159590926456,0.0011160295355315663,0.29757093247155764,0.0010143051373598007
2022-05-05,0.278038968436133,0.27082271835906974,0.0010736666435572386,0.27426467260020504,0.0009795453640952714
2022-05-08,0.22636452660662768,0.23262688717402738,0.0010593663226018118,0.23491925990007365,0.0009412140385005649
2022-05-10,0.24134100425910998,0.20642179480778908,0.0007446708087478817,0.2108506018428197,0.0007143287418812655
2022-05-15,0.3894889125555626,0.2551304335841625,0.002082534201894327,0.2945928879902911,0.0016159593247001016
2022-05-17,0.3494569562508974,0.2547457477681871,0.0015145397092953628,0.2768763719182323,0.0011384953718087051
2022-05-20,0.2210670601097953,0.23215402247493075,0.0012337815432888976,0.22821361691388412,0.0009450676803091262
2022-05-22,0.23066040751211533,0.19853185446631103,0.0006944910112282677,0.2029531347226369,0.0005619395987762558
2022-05-27,0.24265579296043155,0.20173463033925537,0.0005109000341019256,0.2048884708765668,0.00046943948519245294
2022-05-29,0.26474064680695664,0.1869859800799929,0.0004011564852546905,0.19286841104468597,0.00038747916634547405
2022-06-01,0.35304990634913475,0.177186993712226,0.00033687228503371315,0.1881623747104176,0.00031192889586017483
2022-06-03,0.14528516737793892,0.2215562259649746,0.0009777322684727868,0.20812014126382603,0.0007181267956278029
2022-06-08,0.37651262434945315,0.3164233522980875,0.0019497930777620262,0.3340413281574816,0.001260038533447548
2022-06-10,0.31555009917682314,0.28562126085347833,0.001083156278206851,0.29252249463210445,0.0008355269774664241
2022-06-13,0.3152173386980888,0.23908408066578182,0.0010244441459685426,0.25188922223016347,0.0009346263499845113
2022-06-15,0.2254339260108714,0.20142646761970995,0.0008282926869259104,0.20305818302382775,0.0007658612530103182
2022-06-20,0.26629078455349614,0.19944003871550747,0.0006463707753581382,0.20569184837877846,0.0006163853146893637
2022-06-22,0.17161417016104008,0.26606646643926807,0.0021116962890677885,0.23946186358478264,0.0015841583784193408
2022-06-25,0.4269553818436965,0.31084441248375966,0.0016268273385455193,0.3404167692670301,0.0009453684225086454
2022-06-27,0.3648412501923776,0.34072701189364385,0.0003603993322340908,0.3411935859929628,0.00032517899427985937
2022-07-02,0.19470445078272847,0.2919362066117484,0.0005038905106043458,0.28320590854233596,0.00050994932355563
2022-07-04,0.21273833199868972,0.2981455176587866,0.0011756715976707361,0.2815231552954255,0.0010308499686409018
2022-07-07,0.23404285125270743,0.21725353595541658,0.0009285861556245736,0.22064697093437047,0.0006284364943485507
2022-07-09,0.31137657285981946,0.1879558750689327,0.00047337585962215503,0.19820880316557057,0.0004209834976779112
2022-07-14,0.19566097629247256,0.15342758955058175,0.0002789886363157539,0.15493435571983466,0.0002820431694684116
2022-07-16,0.2962088443974063,0.1505844277899725,0.00028321205397516697,0.1585060604103429,0.0002749400988284005
2022-07-19,0.22977980132378692,0.15153042474763753,0.0002897296321240696,0.15573023611682932,0.0002762382916099331
2022-07-21,0.28853382478469375,0.155296714580241,0.00024842920269574554,0.16213862823421527,0.00023575241806229693
2022-07-26,0.30634821057443545,0.15655811895767535,0.0002970662076795704,0.16552846160864362,0.0002560142843640173
2022-07-28,0.18462710505989613,0.1590575269036132,0.0002508410163471446,0.16031837646154493,0.00023559709695488774
2022-07-31,0.24040135171100577,0.15507987475614426,0.0002850508342632838,0.16028156346799308,0.00026043184568522485
2022-08-02,0.2212360338342385,0.1529253121988739,0.0002705149949397654,0.15644246696533678,0.00024331879397595501
2022-08-07,0.1689471593130263,0.16295659820910294,0.00029817715846013065,0.16291238736425231,0.0002915478140593578
2022-08-09,0.19339289294130807,0.15127251907966885,0.0002863440500010087,0.15339488191212214,0.00028834297549353103
2022-08-12,0.22274966427203424,0.14868269414469268,0.0002709474884852344,0.15292649114684717,0.00028097124124307866
2022-08-14,0.169528836034513,0.30153334768565626,0.0030260959427323582,0.2486775885794356,0.0018370861864939114
2022-08-19,0.29331213549101637,0.2842206441210321,0.0013374614554923715,0.286150360924458,0.000937928898111376
2022-08-21,0.22512692930297773,0.23964962107480733,0.0009775579745338657,0.2385287796775758,0.0008120781211513381
2022-08-24,0.21966445649488994,0.19891162677993793,0.0006860916965711445,0.2012999146845721,0.0006543355676563051
2022-08-26,0.2276744082229416,0.1944560636879805,0.0005106013074221036,0.19739551402329625,0.000441360529352839
2022-08-31,0.3106281296458718,0.20726954347678567,0.0005838055906051998,0.21850546866057438,0.0005044350678391589
2022-09-05,0.1790820169752494,0.18046238724068164,0.0006667338431223545,0.18065429966312668,0.0006599552033478499
2022-09-07,0.14528516737793892,0.17419862863024044,0.0005902038163118486,0.1719787601280199,0.0004910148235908229
2022-09-12,0.3023306071271122,0.19051616005740693,0.0004828906003634689,0.2007386759208136,0.00044419818183086523
2022-09-14,0.2772507102834189,0.20308674612648367,0.00046839674773078527,0.20902850829208874,0.00040434562906773347
2022-09-17,0.19581742436991545,0.18847879208462132,0.0002938395487699716,0.1895478872286996,0.0002585145131946223
2022-09-19,0.14528516737793892,0.178276297336164,0.00031386401309424695,0.17634121100649952,0.0003008211079444563
2022-09-24,0.3843831276290112,0.23300866416197397,0.0009924523899617567,0.2594986371056161,0.0008500810555864617
2022-09-26,0.23300874847080874,0.25647931293011433,0.0007841904823545708,0.25291192487414516,0.0007025582145767166
2022-09-29,0.4269553818436965,0.38429739862579804,0.000702783437009923,0.3896329334204123,0.0005837694263420192
2022-10-01,0.19353157776661098,0.33239802663475015,0.0002814600254811898,0.3244937999963627,0.00027790502606189353
2022-10-06,0.1694751901207712,0.24943747451696432,0.0006359501448053086,0.24077900788419604,0.0005407271128539809
2022-10-08,0.2091669757134419,0.24824306668536877,0.0006590044651780526,0.24296486462485867,0.0005696541513539897
2022-10-11,0.2989436425362922,0.21992994510426403,0.0006394091739414361,0.22982125466312134,0.0005372946356629621
2022-10-13,0.16837505383984383,0.2528413828540541,0.0008142831088909201,0.24234578692006664,0.0006988592608137574
2022-10-18,0.23434649937768282,0.2531628825739159,0.0012741570966447492,0.2483539222330406,0.0008705054506913903
2022-10-20,0.3042424696546266,0.25507105916095585,0.0011306915247427823,0.2642127944287178,0.0009065528531283623
2022-10-23,0.2970299618019302,0.24022955955306077,0.0009852039021852046,0.24826738907771914,0.0008279279606508651
2022-10-25,0.2513837092337613,0.23158597285622043,0.0008476319192045702,0.23215977730794563,0.0007531586627975137
2022-10-30,0.1663698380240052,0.20545545116900013,0.0005881864901252755,0.201596608318456,0.0005037826628814567
2022-11-01,0.2261795763143444,0.23190500284458918,0.0010035364527931846,0.23184299543053313,0.0007670378504896037
2022-11-04,0.32422648798747,0.3075798852032048,0.002120702387928867,0.3099717337545318,0.0016411874870410183
2022-11-06,0.29190121203858244,0.2840429233679608,0.0011873398273119045,0.2880493293023767,0.0010153518665448923
2022-11-11,0.2272383639377104,0.28573536426680446,0.0009598808717320506,0.27698101357016053,0.0008016598308529228
2022-11-13,0.17187928500288094,0.2610526303865311,0.0008639713540977244,0.24708765455863724,0.0007684085324832912
2022-11-16,0.3567439069282495,0.3309937016414258,0.0008824111689205303,0.33436230809713147,0.0007150183455246164
2022-11-18,0.3731570615583469,0.37081527213476106,0.0005566556732436249,0.3720632581505351,0.0005043840129569277
2022-11-23,0.4269553818436965,0.408810951726066,0.00020072866026671495,0.40976549001408036,0.0001911500606246425
2022-11-25,0.4269553818436965,0.40401377286530354,0.0002466434368058068,0.4048993764237079,0.00023092079321518694
2022-11-28,0.36370452924667657,0.405168478773026,0.0003016367179286936,0.4025849050841317,0.0002729042734129839
2022-11-30,0.21720860322481983,0.361211178312122,0.00016275317697059434,0.3571837226284591,0.0001601304161222556
2022-12-05,0.3080862762750556,0.35563443499424735,0.00018381286217653017,0.35368084534266214,0.00017378986896656522
2022-12-07,0.3439752486660459,0.3419978663688842,0.00032873608634341147,0.34231527605201145,0.00034024316813667743
2022-12-17,0.3363093923682838,0.3728874782018012,0.00017483668142250042,0.37177688833495326,0.00015209859819662012
2022-12-19,0.3933041819794998,0.3519091032719387,0.00017887039103884193,0.35339491858193917,0.00016614241664902164
2022-12-22,0.3886586283908854,0.36866421999977717,0.0002027636432660139,0.36947593490089625,0.0001953420983313319
2022-12-24,0.2429254438322996,0.3512797972237906,0.00019296358971839048,0.34703929924031646,0.00018623123127362997
2022-12-29,0.3404262897771711,0.38708039073588196,0.0003832859957749024,0.38298865881548655,0.0003717445379665281
2022-12-31,0.36557028428271954,0.3629519865197285,0.00021126629769949615,0.36319843201251906,0.00020321544530484397
2023-01-03,0.3886261465564092,0.3527137574194896,0.00021379209877617596,0.353788803292545,0.00021050635476328438
2023-01-05,0.3671126905240619,0.34702092516755334,0.00036576684684314043,0.3488312383815695,0.00032466687918851543
2023-01-10,0.37860771300256485,0.3768044360883419,0.0001669972190095485,0.3765394737280319,0.00016677415835378303
2023-01-12,0.4269553818436965,0.36655963974335803,0.0001877988476377639,0.3688412528043659,0.0001746013826264476
2023-01-15,0.3800870266681368,0.37142774124854766,0.00020066026874299316,0.3719512684262671,0.00020796291169693953
2023-01-17,0.4269553818436965,0.42437614674029894,0.00012175707344380101,0.42432937809535465,0.00012434281210750906
2023-01-27,0.3655164368177957,0.3746586829183758,0.0001929817668739872,0.3741951615903675,0.00018614133092698896
2023-02-05,0.2688277126034532,0.3448926511694057,0.000357803082597536,0.33953756274746694,0.00032770457329270547
2023-02-15,0.24238504783364098,0.3201576495492735,0.0005087195082329633,0.3146935257589371,0.0004316568148830837
2023-02-17,0.30626224380411154,0.3090935804446468,0.000487703798761779,0.30888724807836104,0.0004636305117044829
2023-02-20,0.320254122491774,0.3005739735525596,0.0004552924228926944,0.3028193132195711,0.00043913781282530726
2023-02-22,0.26948707618901874,0.33202805028830973,0.0006324822294847036,0.3252425251182918,0.0005815931484635724
2023-03-04,0.1645815306564108,0.3359809087401801,0.00036981808611918573,0.3248111409006217,0.0003495112022169203
2023-03-11,0.35912645627937734,0.4067160608993819,0.0002817681168148598,0.40417910219561476,0.00027654627558113237
2023-03-13,0.35940364988416146,0.3676075297224348,0.00015502156168471846,0.3674169026979001,0.0001445642472614168
2023-03-16,0.3493926227102624,0.351128367097679,0.00018999276666877232,0.3506974876864465,0.00017951967816765658
2023-03-18,0.39761314287903526,0.3559939407718702,0.0002473311469841479,0.3581092436250222,0.00023792669361817346
2023-03-23,0.31595077665256693,0.3219933735418363,0.0005622418107362869,0.322346220931672,0.00047208609638314873
2023-03-25,0.3081124491233302,0.31449582059919884,0.0006649504695454897,0.3141549792074476,0.0005366772449814028
2023-03-28,0.30879401971643633,0.3323059132358553,0.0005833869955160004,0.32875303923290305,0.0004893480493767601
2023-03-30,0.17346289494868852,0.3055616111690762,0.0004974535354758969,0.2940577788195712,0.00045355751343741004
2023-04-04,0.2549841571819849,0.33424296058594405,0.0006216834378647093,0.3260801421483572,0.00050531614477128
2023-04-06,0.3482625554131512,0.305696035532857,0.0007448438020256824,0.3102020012766065,0.0005869651338376208
2023-04-09,0.31829973684441065,0.27618918510302537,0.0007172644986091951,0.283005347743988,0.0006541986586249147
2023-04-11,0.2135119037150969,0.27019161794976354,0.000747403850832583,0.26247033967335415,0.000749346373688962
2023-04-16,0.17298544849398723,0.3384447685176189,0.000341578759787484,0.327720171317506,0.00032224325081846035
2023-04-18,0.2446526803054923,0.30038584856427925,0.0005319324683684656,0.2960981673236021,0.0004243582344341674
2023-04-21,0.3649656503784033,0.2503660601086475,0.0006132387205808582,0.26296880292231106,0.0005428185556640051
2023-04-23,0.3665428913473981,0.35264651919605283,0.0010887481085459052,0.355881133672154,0.0009568395602538189
2023-04-28,0.37208330537255635,0.31890150852736554,0.00039398132424866807,0.32320979960007096,0.00039317356549297143
2023-04-30,0.3282887789325402,0.3819193209647843,0.0003161003362468953,0.3780978160433122,0.0003173241958735181
2023-05-03,0.3561404649387528,0.3170422147139252,0.00037274050602277954,0.31957078370464925,0.00034656738238304937
2023-05-05,0.292437624379867,0.29062202597575076,0.0006577020101685069,0.2905988412919857,0.0005566297539647854
2023-05-10,0.35392415481194417,0.34263682110741334,0.0005641200961500522,0.34308456397818865,0.0005041029732267904
2023-05-12,0.3819825955878644,0.37033092189444006,0.00035390671162461765,0.37167935042815414,0.0003348217736030336
2023-05-15,0.3594383610238899,0.3725521946280566,0.0003124449116656796,0.37081826992925826,0.0002904145357603918
2023-05-17,0.3523012793290844,0.34189601406595505,0.0002641705896949864,0.3420995357344941,0.0002399668392769884
2023-05-22,0.4269553818436965,0.3118211481999877,0.0008349065163626477,0.329237268880943,0.0007573371203715602
2023-05-24,0.4269553818436965,0.3660370458988699,0.0005768478177705756,0.37150580177779796,0.0005775690684223207
2023-05-27,0.34646827680450987,0.29389432519264624,0.0006738788589587566,0.30176514814615013,0.0006720541547906131
2023-05-29,0.4269553818436965,0.32084633941022994,0.0009855300565082862,0.3385345001472798,0.0009144479260916734
2023-06-03,0.3969696318311651,0.3480391707802595,0.0005470647976420893,0.3528890403970167,0.0004909610419075751
2023-06-05,0.36213941025749513,0.31161229300697757,0.0006662652436176741,0.31618362335768757,0.0005726121378040423
2023-06-08,0.3492996248023339,0.27037510972280565,0.0009722597837803373,0.28287080710738277,0.0008268941997001112
2023-06-10,0.32754095897586827,0.345453861212426,0.0006469806902909338,0.3429785776044185,0.0005728480663596034
2023-06-15,0.3448137895913499,0.33652281726383587,0.0003229667824037382,0.3365981704560113,0.00033076546479082465
2023-06-17,0.25599367524089717,0.2999629100164952,0.0006511732523464606,0.2933502186164623,0.0005858150674573388
2023-06-20,0.4269553818436965,0.35292766618655286,0.0013351186092845847,0.3685126786041952,0.0010632696917509405
2023-06-22,0.40025576757221126,0.40549323533352827,0.00020206771053069887,0.40535960269116167,0.00019210755426686847
2023-06-27,0.3626266432698832,0.27658819832616144,0.0006155447988150231,0.2844230536694054,0.0006070278042831186
2023-06-29,0.3302400586635563,0.2532713478167526,0.0009007013095046669,0.2630992265660963,0.000700132406823087
2023-07-02,0.343497669544586,0.2865813516404514,0.001115274867513017,0.2976527413389898,0.00099972446290586
2023-07-04,0.4269553818436965,0.2664763062023888,0.0011004559794437537,0.2953992233866073,0.0008686654723433861
2023-07-09,0.3563066483104086,0.2206906403977904,0.0010686176213516555,0.24604421900042886,0.0009006703780659285
2023-07-11,0.3118003894758037,0.21820955024145555,0.0008765270502730069,0.23063988874729108,0.0008786074131122184
2023-07-14,0.3574796184409343,0.2055722164481847,0.0008769068235177683,0.2302091739840469,0.0007063026379651989
2023-07-16,0.3082887895309301,0.21822566227646917,0.0007248644850269476,0.22984899364700148,0.0005840581147085838
2023-07-21,0.34200880546482876,0.19430240081268405,0.0005629808224133175,0.20915522265418832,0.000496079291813859
2023-07-23,0.35722798833160607,0.2571180465786757,0.001684774346919993,0.28195243807895654,0.0011969193311591186
2023-07-26,0.3789451835628068,0.2749444923371296,0.0012171746159424803,0.29469910824338497,0.0008209633117554301
2023-07-28,0.2600288743419013,0.2627143276828601,0.0010851336141420996,0.26390649895912693,0.0007994983448050733
2023-08-02,0.2957708835488816,0.21992815768722337,0.0006525302268039283,0.2298714149670038,0.0005934588811066145
2023-08-04,0.37055835470680243,0.24208826798946903,0.0007873817860478589,0.26050813587034244,0.000730398598200565
2023-08-07,0.3257354834817856,0.2311827640707388,0.0008800451175813214,0.24718630966633068,0.0007814730928908225
2023-08-09,0.303769270488202,0.2083076572548383,0.0007560959811084652,0.22031398260786086,0.0006541848318230525
2023-08-14,0.3066108152606292,0.19404997231679302,0.000540741240083468,0.20407769668451972,0.0004818341272226437
2023-08-16,0.3608406088518104,0.19989515879094955,0.0004623360519553218,0.2131274083653557,0.0004433104460772318
2023-08-19,0.2532775960882798,0.18417916499691991,0.00046645376530761863,0.18946899223729152,0.00040039567451672113
2023-08-21,0.2464506970059276,0.17636938831681812,0.0004101407352122829,0.18109815249984443,0.00036635620340021185
2023-08-26,0.3865787867937101,0.24241831080417345,0.0016917109125683828,0.27913481946584473,0.001409306967032611
2023-08-28,0.2597332164585388,0.2665431129991682,0.0010666733575681003,0.26398386191824025,0.0008714399849632383
2023-08-31,0.3002154137679494,0.24619579229553673,0.000855214999162868,0.25348027562405806,0.0007427923055567195
2023-09-02,0.3500858332199228,0.3128375962516362,0.00218594130581907,0.32304729015553696,0.001880136619741194
2023-09-07,0.3418511989356404,0.22523970780450392,0.0010165602006390138,0.2452802735518193,0.0009120675955879985
2023-09-09,0.3428165181129445,0.21471333651717509,0.0006648908770430612,0.22990634765898366,0.0005893291033854212
2023-09-12,0.4269553818436965,0.2570487101666787,0.0009798430519266604,0.28481983654434706,0.0008328826643296105
2023-09-14,0.2879488386588033,0.27550970382410755,0.0008544369424063756,0.2768043850987738,0.0008593095433429176
2023-09-19,0.36282111260089706,0.26138488668159526,0.0008080729979528293,0.2752083815757044,0.0007019632338460407
2023-09-21,0.3940020480073139,0.3031644078276566,0.001156047287844504,0.3208029379104421,0.0007665142396491868
2023-09-24,0.3605838187028413,0.2995964642845835,0.0007106976060497642,0.30626578483428035,0.0006485070617806308
2023-09-26,0.2825121870103395,0.26997621280356227,0.0006855733123261688,0.2716475478559076,0.0005705785303538632
2023-10-01,0.30912663952991115,0.21013172276780615,0.0006333084002763575,0.22213403037863988,0.0005562964589679408
2023-10-03,0.3309512252586735,0.21162614473411714,0.0005629679222741967,0.22387910088683444,0.0005081083213894206
2023-10-06,0.279098770372804,0.20409963839515619,0.0005055373481291546,0.21055396964463655,0.000418130163035364
2023-10-08,0.19891788519051432,0.19630343246423954,0.0003801746872632797,0.19629892093313617,0.00036615195107018593
2023-10-13,0.3644589363038398,0.18323875638870926,0.00039604485600551914,0.1955528709293821,0.0003495059875483617
2023-10-15,0.3176865276632431,0.19735104198435074,0.00043648279367113616,0.20668045434224389,0.0003825177877641155
2023-10-18,0.3368558759076189,0.2508865700054592,0.001417849218631255,0.2685459088149539,0.0011164083599924984
2023-10-20,0.4269553818436965,0.36809064540234,0.0007100796289307408,0.37539560511848896,0.0005961262337867367
2023-10-25,0.4269553818436965,0.3753088842061876,0.00028194122996863736,0.3785766151015093,0.00024257994543789684
2023-10-27,0.34745325885505846,0.39157870773551445,0.00020058253340450425,0.38993477176513375,0.00018799439269939351
2023-10-30,0.3813629010111423,0.3955004340089594,0.00034571334575027367,0.3940438136143643,0.0002919114675894681
2023-11-01,0.32466384122962216,0.3618578815888984,0.00016242576078603278,0.36022170254447694,0.00015655341801814595
2023-11-06,0.4269553818436965,0.3833623184507061,0.00018027903544895428,0.38504007306673804,0.00016808010685776965
2023-11-08,0.3695985131064126,0.3723315179734704,0.00020881563629462512,0.37250701742257314,0.00020890752201737611
2023-11-11,0.37592661942936995,0.4135492566255634,0.00023070270241206946,0.4117101344409759,0.00020827330376046383
2023-11-13,0.35846259698592065,0.3722443479696808,0.0001643708721362324,0.3718188938641559,0.00016439808272703546
2023-11-18,0.40005211857018835,0.3593851086551436,0.00013813767082630212,0.3608742166505297,0.00013333155778807657
2023-11-20,0.37281557384344005,0.36069216711615454,0.00018112308449716764,0.3610028462525866,0.00016233669640577594
2023-11-23,0.355113949928965,0.35888259484464996,0.0001577500805225672,0.35893594102049875,0.0001603959378522534
2023-11-25,0.14528516737793892,0.356194439697608,0.00018186038300240735,0.3489384286818217,0.00017873767706151863
2023-11-30,0.4269553818436965,0.4188383103824376,0.00017989218516438019,0.4194242139061204,0.00016897420326885852
2023-12-02,0.36755461733509065,0.38835883743483157,0.00013489774880171603,0.387576790328298,0.00013082018027780624
2023-12-05,0.4269553818436965,0.37335294338681263,0.00011699503130471342,0.37435589708317296,0.00011154259164410103
2023-12-07,0.3936705383053789,0.40918616223568127,0.0003785346822584681,0.4082759873256422,0.00035367786159658417
2023-12-12,0.4269553818436965,0.4041945838723985,0.00041380206694322874,0.40556661743232797,0.0003634605323692392
2023-12-14,0.3755224077332575,0.39521663871052004,0.00015051077168518368,0.39482491132651754,0.00014684110334528707
2023-12-17,0.3537351545425884,0.3642720355158634,0.00014112215829534017,0.36441324430326355,0.00013632411320114798
2023-12-19,0.3150952600248737,0.35965459025453783,0.0001750642946172788,0.3581665784665538,0.00016692155468768724
2023-12-24,0.3808779805435914,0.36317311548774145,0.00012377828551316593,0.3639876629656186,0.00012411286068541113
2023-12-29,0.39038272428000526,0.3506886985875117,0.00024406757183898986,0.35245084587760317,0.0002352566012912219
2023-12-31,0.34550815993171363,0.36893468656540923,0.0002734388599864137,0.3677205598858938,0.00029246256927645535
2024-01-05,0.38771220291865977,0.3779570120713984,0.0002398180524056843,0.3781677721538528,0.00023813298690666482
2024-01-07,0.3891986064636243,0.36723023701598423,0.00017017982474945646,0.3681077303244799,0.00015656233448706127
2024-01-10,0.36216548772608764,0.3666229756938486,0.00016933113544514308,0.36658132017902423,0.0001695123841833422
2024-01-12,0.1897636309481694,0.36146026036632006,0.00018475473972549622,0.3547517862177885,0.00017493318094586447
2024-01-17,0.33091977531351585,0.36958771714647587,0.0001530224427410991,0.3683387164647723,0.00015904613093516796
2024-01-22,0.36509582101809407,0.3576933758009092,0.0002396225094288891,0.35806826833901384,0.00022131034848136373
2024-01-24,0.23672931036736294,0.3493618486711415,0.00025240002108819576,0.34456084698373407,0.000244405217701723
2024-01-29,0.27607428696557157,0.335973344954444,0.0004015611039170421,0.3313014733137431,0.00037134981950069185
2024-01-31,0.29773082706466164,0.3270161854701659,0.0004666737758179427,0.32531485267269566,0.0004171744341271693
2024-02-03,0.33534329593198664,0.3269832281438163,0.0003699820617220401,0.32729745893759343,0.00032508372338728713
2024-02-05,0.24033248657276013,0.32722394973699065,0.00041524859308643533,0.32035226687499785,0.00035469403733000456
2024-02-10,0.3488312108993477,0.4054682516764389,0.00034900606257409,0.4016772247948509,0.0003138971269514551
2024-02-12,0.3892603485776479,0.3991090138020752,0.00025866591683248454,0.39890089321199407,0.00022990340850963305
2024-02-15,0.39018653620633115,0.3671385656085635,0.00019306623575540176,0.3679441465074551,0.00019641608740667395
2024-02-17,0.3056721091418214,0.3739184060507097,0.00019784958285122496,0.3714609763316418,0.00017876881177509432
2024-02-22,0.3707910117105431,0.36342801472037806,0.00029633971669100327,0.36405731977862993,0.00025337133882417104
2024-02-24,0.3688053073572894,0.36619709036675174,0.0002135690137946864,0.3667452013325629,0.00021096795941820805
2024-02-27,0.3664339707835391,0.398346753926043,0.000280787530428238,0.3968830509485685,0.0002888122977533815
2024-02-29,0.32691928548443283,0.3792070140252144,0.00024259166314147566,0.3764624137521295,0.00020510845973876452
2024-03-05,0.3869090938249257,0.38169891818730456,0.0001873250486655018,0.38219709650786327,0.000171278332063554
2024-03-07,0.3404633626929049,0.3594400799462125,0.00019959820160528606,0.35858370259336686,0.00018533697734299167
2024-03-10,0.3876740075634079,0.3854569517710379,0.000264169961238689,0.38605419262713897,0.00023826057383288817
2024-03-12,0.38049264282920336,0.37575522386349086,0.00018471355841435263,0.3757152654694794,0.00017996703544350176
2024-03-17,0.4269553818436965,0.34443682702105094,0.0002895921033184147,0.34860687636629306,0.00027261323214410987
2024-03-19,0.34601985317719713,0.34292652819921343,0.00028000162094905866,0.34319916972468933,0.0002899769618482569
2024-03-22,0.34223155729907995,0.3201561097973146,0.0004888072981683423,0.32089932253613335,0.0004265816501233085
2024-03-24,0.3067344466444389,0.3255295746814245,0.00042089125286821465,0.32352438071893147,0.00038938656949154423
2024-03-29,0.3818392847399789,0.40384020277971766,0.00027629794760415893,0.4025462556235302,0.0002324732373003384
2024-03-31,0.3906053869486861,0.40488723680648886,0.0002914394911606774,0.40362015510189003,0.0002753724054878187
2024-04-03,0.2674237879019925,0.34772297395802654,0.00021914248517268338,0.3444256400810113,0.00021770280344917724
2024-04-05,0.38000862995728707,0.3236243910139221,0.0004005235370318832,0.3272642014174725,0.00038674896525942677
2024-04-10,0.3574506551678364,0.37118659213119265,0.00018350878085791729,0.3712969403430125,0.00019086178857637972
2024-04-12,0.31598780559245726,0.3355639919123245,0.00021754631522971206,0.3348443957123754,0.00020426020082344484
2024-04-15,0.39812799533767446,0.3018090658917975,0.00041029851611076575,0.3100464545928386,0.00043134877341966617
2024-04-17,0.296928956419763,0.3194663476385598,0.0005207668633056475,0.31667981378835103,0.0005367280256250754
2024-04-22,0.1629910991863462,0.2832794410887803,0.0006615012686462586,0.27054620894542464,0.0006248956112291445
2024-04-24,0.3292471709316513,0.279386739097663,0.0009396692171603604,0.28841024639750323,0.0006774147905004461
2024-04-27,0.2950224263985918,0.37714256866505025,0.0007205122498143202,0.3670021163050775,0.0006545361982866418
2024-04-29,0.3476943319524192,0.3646495555298139,0.0004154598087847726,0.36378637646812784,0.0003910857937516811
2024-05-04,0.35880637808366467,0.36148343673233446,0.0002764411125251189,0.3613117600212318,0.00028157733007384405
2024-05-06,0.3460037144258581,0.38768417340724126,0.0002295478530927826,0.38573785067532657,0.00022394741103765427
2024-05-09,0.2832561641422361,0.3374857647402147,0.0002470501792450272,0.3347545850033451,0.0002340423600651762
2024-05-11,0.279664400051033,0.2956003313938907,0.0005028731819856567,0.294463106856554,0.00047609393123293286
2024-05-18,0.3598798933876193,0.355212976328945,0.00021467876743784607,0.35556347879648326,0.00020312102212028687
2024-05-21,0.3632327814274326,0.3643949898259136,0.00022234779852066782,0.36447968510302714,0.00020758093304376425
2024-05-23,0.24373936857643816,0.35398992228439896,0.00022782443995863897,0.34949606057052107,0.00022050705966934612
2024-05-28,0.35969799926037765,0.2814305550902005,0.0008184529905636924,0.2926310558183922,0.0006493601151063528
2024-05-30,0.3514507141352464,0.2862446748416655,0.0008370891063838367,0.293524790440784,0.0006547532968036134
2024-06-02,0.3605200318691125,0.28172211829455873,0.0009460079748523093,0.29443071028651624,0.0008098657427514215
2024-06-04,0.364979682157259,0.2654443886579053,0.0009110794668519057,0.2802143036172165,0.0008278586658638921
2024-06-09,0.3795320598336515,0.40272849711208286,0.0004761945687172856,0.4008837704267171,0.0004666123556225699
2024-06-11,0.3825471216061038,0.3526938453793196,0.00029636076951613697,0.3550660129249279,0.00029093699592251866
2024-06-14,0.4269553818436965,0.3449886834016451,0.0005507342466919098,0.35313033801077237,0.000521974733392755
2024-06-16,0.3413981595102707,0.3139191275022022,0.0006133109780321443,0.3169230696104296,0.0005718779141694298
2024-06-21,0.37775529853270323,0.38301976880929345,0.0002806294197646786,0.38281363695370435,0.00026496581810869324
2024-06-23,0.3954387805360872,0.3490914335599773,0.00017858746394707695,0.3506189331776226,0.00017744023118417728
2024-06-26,0.3059359532076395,0.28432400879747743,0.000703306078561821,0.28689851689009205,0.0006803855807958749
2024-06-28,0.3654375966119555,0.2880221119493449,0.0010188507867816615,0.3009415725687979,0.0008370524530183309
2024-07-03,0.3558686925850616,0.32978451806463743,0.00041421925655334585,0.3312691370188643,0.0003859796605349456
2024-07-05,0.38275512290679325,0.3271141021362127,0.0004837196926722285,0.33291939411248245,0.00046353454334158904
2024-07-08,0.24151046672441137,0.31523914165602535,0.000527812437042934,0.3088567263260959,0.0005262049597911406
2024-07-10,0.3780507735573885,0.3331310544245951,0.0007128417321097061,0.33903000530442234,0.0005950091113511403
2024-07-15,0.2951957879007882,0.2833323988220407,0.001084940745601522,0.2864153390776774,0.0009369982477840038
2024-07-17,0.3121605327573923,0.2620339886003721,0.001225829209319342,0.2744583280519779,0.0009237666734053197
2024-07-20,0.3283103954775049,0.24554709032123426,0.001174579158009782,0.2627376013844403,0.0008642596092267417
2024-07-22,0.366322349107842,0.32872289719057485,0.0010256076407007925,0.3345923171514248,0.0008350954632850426
2024-07-27,0.35535025655030283,0.2455067009866038,0.0009120975728295746,0.26319991448500824,0.0007078018649228327
2024-07-29,0.34079807646698196,0.23275023866834832,0.0007179691516983225,0.24549311767951332,0.0006229935098028206
2024-08-01,0.16548739211285735,0.216236183927715,0.0006834761017147014,0.2098332296806873,0.0006355591687009915
2024-08-03,0.3789770139875782,0.2024554140873942,0.0005632805219251753,0.21985206054508033,0.0005143776989151926
2024-08-08,0.2385491389155559,0.19268812029936438,0.0005236447363301242,0.1971601652381253,0.0005046008988960303
2024-08-10,0.2668096943553397,0.18498549843738576,0.00041111976196074693,0.19161554766374397,0.00036264625871667075
2024-08-13,0.3588299949144273,0.1922599459617354,0.0004002090605437064,0.20427771373131112,0.00037264510343295443
2024-08-15,0.3471443966932177,0.33684939004111414,0.0009712835744296156,0.33876337449810445,0.0007666508600437488
2024-08-20,0.344773150494615,0.2600683907579173,0.0008585926643206263,0.27266483304884287,0.0007189867544304827
2024-08-22,0.32698699550274835,0.24394789373414877,0.0008698924886957069,0.2558463952322929,0.0006488836871927741
2024-08-25,0.17107230168031742,0.24518562407935768,0.000822158912659024,0.23330255572304417,0.0006215032293189974
2024-08-27,0.2766676140312715,0.20861870791205328,0.00044078200114663343,0.21459713493476604,0.00042897682608239256
2024-09-01,0.4269553818436965,0.31138835245817076,0.001964304678064618,0.3457542631111575,0.0014820894085419904
2024-09-03,0.4269553818436965,0.3754618340556656,0.000628495549474685,0.38130342362844494,0.0005401428595966796
2024-09-06,0.39499040480919184,0.3880832425489664,0.0004800373483347022,0.38846130122688577,0.0004296605014929675
2024-09-08,0.3553154189077931,0.3747234500218958,0.00029982468294984806,0.37318125140902625,0.00028666621895789753
2024-09-13,0.34953611985446986,0.33385577936471267,0.0003525444263635433,0.3344950802140081,0.0003408994250514972
2024-09-15,0.2923405039947736,0.30541242717498235,0.0005977770977469535,0.3037310225763448,0.0005124472190398342
2024-09-18,0.31509861014244,0.27082961745885314,0.0008101727611733287,0.27820160195016425,0.0007030797330071312
2024-09-20,0.28321446849196014,0.26108734450791976,0.0007770050371798514,0.2626648467965002,0.0006584974497021388
2024-09-25,0.4269553818436965,0.33443635113349734,0.0006673174007326454,0.34460346090765753,0.0006349828700005626
2024-09-27,0.39655406089790685,0.3968633779917436,0.0003126857073603232,0.3968960064186858,0.0003111843752295165
2024-09-30,0.34316820341140675,0.3387955466834383,0.00025139649754876627,0.3387885432972575,0.0002470177842628331
2024-10-02,0.3228747445995442,0.3504162932380517,0.0003220661380466689,0.3488011792086851,0.0003186858669607626
2024-10-07,0.3954596652426284,0.4136664538430304,0.0001781341180024965,0.41325543092393807,0.00017377607763038454
2024-10-09,0.4269553818436965,0.39399096054036575,0.00040860247227721835,0.3965270438731524,0.00038421094511386234
2024-10-12,0.392024250029407,0.3505176339366727,0.00019834503054587117,0.3522783464145309,0.00018669338620093875
2024-10-14,0.33648795865257364,0.3452860054802061,0.0002459761217192819,0.3451127306330445,0.00023002076225717773
2024-10-19,0.3772720403407635,0.385878694483047,0.00017255732704145272,0.386117346858482,0.00016268102347544294
2024-10-21,0.32883112094575123,0.3538057598269372,0.00017990669321865397,0.3530217746272673,0.00017229747058664736
2024-10-24,0.3579744465174738,0.337987252462177,0.00042983940654167424,0.3392283190290335,0.00041023359976703565
2024-10-26,0.4269553818436965,0.4153044869335185,0.0002518719726406258,0.41606004103800714,0.0002587410210549898
2024-10-31,0.34046608534129086,0.3509331106127542,0.0002302702977704167,0.3503860809455457,0.00022691697660383585
2024-11-02,0.2640664057954503,0.34015316622282354,0.0003210985330643851,0.3356799348117566,0.0002857669722556283
2024-11-05,0.33378240159435585,0.32744591975827286,0.00045818765342351455,0.3268898117194701,0.00043322993396665123
2024-11-07,0.28664937816385383,0.32254668407787873,0.0005124972332402494,0.31934897402256285,0.00048466395050894036
2024-11-12,0.4269553818436965,0.34976943423870466,0.0003895942327127074,0.35523081376669263,0.0003706583512652933
2024-11-14,0.1742431688930469,0.35567566630844455,0.00014832128485644567,0.3503972856796345,0.0001476068620293134
2024-11-17,0.3792049213599761,0.3378617115680235,0.0003790794396988675,0.3409209481909948,0.0003389088433832969
2024-11-19,0.31899325842880166,0.3420917821294488,0.0003521709779876472,0.34064258846897394,0.0003322706985239297
2024-11-24,0.3846736136970141,0.35828227449370054,0.00017632869822699265,0.35902052657850947,0.00016096983946146994
2024-11-26,0.356462399596535,0.3717580461354285,0.00020195230515553152,0.3711225260903646,0.00019769524281757462
2024-11-29,0.3937837413929626,0.3484439833572977,0.00030858277691238805,0.35098105961278003,0.0003005703414152187
2024-12-01,0.37876489868587226,0.34624326370165553,0.0003803750649164282,0.34817769512404745,0.0003710997736123183
2024-12-06,0.3730804214636879,0.3812566936048083,0.0003033048278414688,0.3805615345166781,0.00028751753656519613
2024-12-08,0.4269553818436965,0.38944145721445594,0.00021651628173502717,0.3911626079988704,0.000199570121256253
2024-12-11,0.3583522100677202,0.36293789892556494,0.00012412283404275072,0.36241987412468796,0.00011313218261565366
2024-12-13,0.36219072419344,0.358099445301463,0.0002061252003112514,0.3584220841415193,0.0002009337669550425
2024-12-18,0.3632032624708082,0.35476209144895626,0.00017202152665174022,0.3553118757250171,0.00016512938124535958
2024-12-20,0.30892816260251305,0.37384925717984385,0.00015032840088626337,0.3719531485862554,0.00014627407739447375
2024-12-23,0.4269553818436965,0.3778717929761074,0.0001741314777299555,0.37940255944719053,0.0001856340314293512
2024-12-25,0.386200805979828,0.36626709603444757,0.00010072699418848708,0.3664164965672637,9.490664434653048e-05
2024-12-30,0.37439477191631726,0.351037097784595,0.00024343162694942018,0.3522337640209411,0.00022375446574688976
