day,y,hxb,hpbh,hxa,hpah
2016-01-01,0.3841538655424033,0.2568561427496851,0.000712204814726508,0.3696476831528658,5.531059621145058e-05
2016-01-04,0.41583843803048964,0.3937743417107751,0.00019322164436865483,0.40870198605713276,4.360248996762717e-05
2016-01-06,0.39345188362050715,0.4142080735490494,9.119504167831336e-05,0.4026339150789977,5.1079845011966436e-05
2016-01-11,0.4137989639222697,0.43016871463645096,0.00016024110799523205,0.41916423959539123,5.729437570541892e-05
2016-01-13,0.4198058986020232,0.4164178264030152,7.05432582775849e-05,0.4170714669973599,3.4089891553520414e-05
2016-01-18,0.3789048153670799,0.40180732869879415,7.090135629783994e-05,0.3904931851259775,2.8581738077787825e-05
2016-01-23,0.3754638253738161,0.3831285309016507,4.685834543309128e-05,0.380468008526207,2.957772162405691e-05
2016-01-25,0.3828284773025937,0.3754003832852367,3.973478855702056e-05,0.37757559231549237,2.708046014253147e-05
2016-01-28,0.38000326574428195,0.3711177046275887,3.434704376332233e-05,0.3736639770725438,2.4952257345354232e-05
2016-01-30,0.3703527771161968,0.37023707597906996,3.3039151417065125e-05,0.3706777736867897,2.34222817445844e-05
2016-02-04,0.369341377017639,0.3665142274604319,5.015796432583722e-05,0.3671785055185976,3.280466194613612e-05
2016-02-06,0.3691716364137088,0.36433764045297584,4.58865003260582e-05,0.3659597351533181,3.1647959066357476e-05
2016-02-09,0.379996114581048,0.38564897646068164,0.0001934783677187828,0.38234343394636,6.312197123484313e-05
2016-02-11,0.37404374482438063,0.389300134468184,8.035534814246887e-05,0.38177956529447876,5.9119029155245446e-05
2016-02-18,0.38443139166855383,0.3965694663553576,0.00010676984929697934,0.38931824224994005,4.772068191911685e-05
2016-02-23,0.3928416289941521,0.37573985995978615,4.8166876602340425e-05,0.3826191178906596,3.894780708963193e-05
2016-02-28,0.37149860014384234,0.3800397720292636,4.463686332617249e-05,0.3762618275259452,2.5975265774491595e-05
2016-03-01,0.3758760139758815,0.372497521878445,3.39144846143249e-05,0.37331955710950765,2.8664083529364258e-05
2016-03-04,0.3889178987575599,0.3819058315201781,8.303299713046034e-05,0.38612552565440766,3.886343509241084e-05
2016-03-06,0.38704518338935734,0.3886047443571018,4.647537443545932e-05,0.38813295572102996,2.8424541146272308e-05
2016-03-11,0.35791105268804907,0.3846631533296753,5.4413787803611214e-05,0.37392953443818555,3.2473851321252336e-05
2016-03-13,0.3675289891648814,0.3691921588740306,3.7998378366173493e-05,0.3686189556978091,2.3559812812567685e-05
2016-03-16,0.35547158794269423,0.3624439031041811,3.934868237985768e-05,0.36026500342752116,2.9244207938729637e-05
2016-03-18,0.3527849784639066,0.35713416610351933,5.2281221727287975e-05,0.3552538736531852,2.927584231706343e-05
2016-03-23,0.33250503935580034,0.353451122070844,9.270452971713478e-05,0.34244879963849756,4.7971145463729175e-05
2016-03-25,0.32867885958762416,0.3392712560343515,6.847827770991526e-05,0.3345756300166749,4.50169469675777e-05
2016-03-28,0.3186089558833945,0.3317120763640219,8.039290640873961e-05,0.3258040257063356,3.498076362551584e-05
2016-03-30,0.3373316511133043,0.3247761516006822,6.317837384529779e-05,0.3298732807547043,3.547764465448376e-05
2016-04-04,0.3530957130873073,0.3272995067046734,0.00011139557628082112,0.3417360020836385,4.7590118785260325e-05
2016-04-06,0.3585723793548124,0.3412424993844565,6.208152290237304e-05,0.34833294846653556,3.218195855360788e-05
2016-04-09,0.3514857807425411,0.34715862461387886,6.199181241019207e-05,0.34935913223736015,3.532716058483992e-05
2016-04-11,0.33523648411912466,0.3515997562783528,8.550086432867176e-05,0.3440844505169899,4.2235907396483437e-05
2016-04-16,0.34557338460104714,0.3461180318431733,0.00012323291359951793,0.34605498893633374,4.699449072057162e-05
2016-04-18,0.34671443051718204,0.347859162088561,7.473753795248329e-05,0.34735013095857137,3.361535462719316e-05
2016-04-21,0.36487464084725313,0.34412915578245384,6.592136773269244e-05,0.35323595659681645,3.787028339040536e-05
2016-04-23,0.35641091431401317,0.35350686283330046,7.41566753187484e-05,0.3546457019086263,3.555277385613972e-05
2016-04-28,0.33383202292503034,0.34695449189354,8.001485300011065e-05,0.34031058327074,4.347817548278146e-05
2016-04-30,0.31931153112411687,0.33865083971434656,7.339238065175386e-05,0.3292588279772175,4.4684597620979045e-05
2016-05-03,0.3022102191517853,0.3238745712384642,5.932839517399589e-05,0.31513561460619105,3.5120575892843954e-05
2016-05-05,0.2884235397094986,0.30873988159409427,4.8569711096649014e-05,0.3011485551197168,3.1832895873351675e-05
2016-05-10,0.2803038548309069,0.2877593733053751,7.641938651404821e-05,0.2844676122617466,3.623361275535101e-05
2016-05-12,0.2833149482804278,0.2839344301813511,6.965448342470544e-05,0.28425055618898853,3.893451775559628e-05
2016-05-15,0.26396888669745977,0.2841543958937336,7.462327994180557e-05,0.2731874405599038,3.887167658113902e-05
2016-05-17,0.27014263496294844,0.27100735079637195,6.31451222577609e-05,0.2705687487447063,2.771488971571021e-05
2016-05-22,0.28262611545486055,0.2634347523477829,6.90267526559569e-05,0.2720505545987415,3.2563720437559076e-05
2016-05-24,0.2881234661394368,0.2698234819473104,5.5422157815011336e-05,0.2767974313073679,3.7081641148269004e-05
2016-05-27,0.3111513146592846,0.2734952565446317,6.500964491186934e-05,0.2902736801624601,3.9458723930576374e-05
2016-05-29,0.30278526134339445,0.2985480884920967,0.00011506748567375164,0.3004652053009824,5.2623638338454944e-05
2016-06-03,0.2993494177726966,0.30417557645581483,0.00014279429062101606,0.30164969202498215,5.0536306149097866e-05
2016-06-05,0.2675031566914386,0.29674887613325657,6.428965213828078e-05,0.2838802500823686,3.836798074508034e-05
2016-06-08,0.27715612009502916,0.27601752881263797,5.426832149590552e-05,0.2768000959879262,2.8713887723390515e-05
2016-06-10,0.29558715676406166,0.271778898711634,4.106549302516871e-05,0.27977460145101163,2.827329393229756e-05
2016-06-27,0.23082922709654505,0.25426829009517893,0.00015873063334609496,0.23943497460141416,5.177283706468024e-05
2016-06-29,0.2274949876251988,0.23651619175152674,5.551414161273852e-05,0.23243569210101683,3.2534809397389685e-05
2016-07-02,0.21453667207332158,0.229344350843255,4.3880175750635826e-05,0.22386938307185397,3.323607135817094e-05
2016-07-04,0.21527988992011277,0.2222902601217996,4.048554037965118e-05,0.22018710007979864,2.6736287904987322e-05
2016-07-09,0.2071907141464806,0.21834284377879967,6.465744734960823e-05,0.2127567489781818,3.093193868578815e-05
2016-07-11,0.18473881529046232,0.21187020347213564,4.5400238044460946e-05,0.2029417395184172,2.9523045313450707e-05
2016-07-14,0.17695808600584637,0.20278585498177415,7.389054070482156e-05,0.19029229394238303,4.188005040254284e-05
2016-07-16,0.20160479279631113,0.18954649295522066,4.944915385776729e-05,0.19414884946490832,2.838924256159489e-05
2016-07-21,0.2207384218873495,0.19233307171938255,7.172874131168627e-05,0.20631533111544864,4.0858498475619825e-05
2016-07-23,0.23675001259927086,0.20721413432416314,6.906436119337458e-05,0.2203936968858757,4.043510844491098e-05
2016-07-26,0.24600753765494665,0.21962434300473507,6.388309637797933e-05,0.23044406474699686,3.3622314001602806e-05
2016-07-28,0.24517270762218696,0.22953353381895272,4.0487690945770156e-05,0.23434115113161164,3.0047542738954364e-05
2016-08-02,0.2314517984225688,0.22922388120219744,6.586297959511904e-05,0.23050778736979707,3.019730491700146e-05
2016-08-04,0.23943168104932241,0.2280952658543951,4.5189732052353913e-05,0.2319431665097599,2.936987727094803e-05
2016-08-07,0.2456273150964563,0.22865435416105903,4.403208225236085e-05,0.23449700849193922,3.137221827158013e-05
2016-08-09,0.23927725073158185,0.232210706429842,4.456127885993138e-05,0.23445042743496672,2.9404671731021943e-05
2016-08-14,0.23265174327503024,0.227025102566156,5.730598452298395e-05,0.2292408097137324,2.9350086266061608e-05
2016-08-16,0.22430956836503663,0.2263010128350425,3.927417597674583e-05,0.22560384906974598,3.0176927046537386e-05
2016-08-19,0.23418873897755635,0.2235256049929453,4.089559802142237e-05,0.2268586758136547,2.5911415513497148e-05
2016-08-21,0.22805857491360554,0.22690724979251378,4.2631221548417e-05,0.22696379930693536,2.9515966323814953e-05
2016-08-26,0.22251534314294416,0.22391142863911892,5.099121706820768e-05,0.22276135529593188,2.3118182516440957e-05
2016-08-28,0.21447730301886514,0.22069331592333088,3.5142829382533846e-05,0.21830774204701414,2.6113735666206686e-05
2016-08-31,0.20696882201684072,0.21700296013433407,4.9391626885445486e-05,0.21338813253003988,2.8247904775413634e-05
2016-09-02,0.2052027015395071,0.21207990939970106,4.4994919513574796e-05,0.2095901173389212,2.4011399014175353e-05
2016-09-07,0.19755857250996026,0.20664730983268065,6.0937887262531095e-05,0.20305444426224248,3.2124395899670414e-05
2016-09-09,0.2049663067184174,0.20216300039550764,5.533267429818802e-05,0.20298940490495215,3.415343914947285e-05
2016-09-12,0.19898453921570564,0.20161803792936933,4.982546159208058e-05,0.20074193999630982,3.788919741374577e-05
2016-09-14,0.21976388330597033,0.21119732543947944,0.00017720647352964918,0.218517715855287,4.457357099354583e-05
2016-09-19,0.20762830472764582,0.2251718356679323,0.00010384572544900071,0.21535576271419782,4.3063403475289675e-05
2016-09-21,0.19792376175957005,0.21595227338625606,4.486998099260192e-05,0.21015124673650043,2.754442669311914e-05
2016-09-24,0.19502326480763307,0.2109883846889116,5.282864563877807e-05,0.20522505351314735,3.370081078571621e-05
2016-09-25,0.1853568962977643,0.20532810647555214,4.361528877109299e-05,0.19841635364547375,2.6041691362382386e-05
2016-09-26,0.17755446565170663,0.19835150978413565,3.693052680491267e-05,0.19167947739212537,1.9347018561173157e-05
2016-09-27,0.17550052790757856,0.19150805652677344,3.15824312968487e-05,0.18665386544290197,2.5139396961364558e-05
2016-09-30,0.1856327137336285,0.18543785918605132,4.9805846214509436e-05,0.1851304134584292,2.5716240727454086e-05
2016-10-01,0.1869291036445241,0.18491760434516624,3.454138513315424e-05,0.18537464614546167,2.4716756610769265e-05
2016-10-02,0.18438001284878378,0.18590662391763493,3.679168464648823e-05,0.18526537590125156,2.7320070359028448e-05
2016-10-03,0.18020900851503707,0.18511162068647036,3.4518465939735495e-05,0.18351190874404705,2.9926670167298542e-05
2016-10-06,0.17585712055265804,0.18337199982090852,4.913240757843878e-05,0.18019445371727283,2.8785084164115838e-05
2016-10-07,0.1751957078596225,0.17990389676279972,4.029088313636737e-05,0.17817672318723854,3.0592365334542276e-05
2016-10-08,0.17882204464240697,0.17852317516433022,3.397788857275048e-05,0.17919320863299937,2.4844768458948135e-05
2016-10-09,0.17270249483504274,0.1791027980018625,2.9429474078118768e-05,0.17740854568941405,2.2441762453647115e-05
2016-10-13,0.18654272232485825,0.1799217809612218,7.5393334528118e-05,0.18309084217057067,4.571394870294402e-05
2016-10-14,0.19787691812548444,0.18676246628751403,6.797460436582001e-05,0.19288036940389439,3.7495725284443485e-05
2016-10-15,0.2070138490323948,0.19489448178392582,5.1208590982879436e-05,0.19995420506786016,3.194632742678618e-05
2016-10-18,0.19575137251917374,0.2037677078648737,5.799117189136815e-05,0.20060373886927632,3.169093272743507e-05
2016-10-19,0.1944837051167668,0.20169198538688643,4.0063756263927234e-05,0.19951522544091155,3.0536747105233026e-05
2016-10-20,0.18597986157812957,0.20004713099906668,3.407282409561283e-05,0.1955854332595743,2.685746560528801e-05
2016-10-21,0.17971290987404837,0.19641328253931487,3.887652865569878e-05,0.19125092929094223,2.4728341043587703e-05
2016-10-24,0.17854833775262496,0.19382771010663216,5.3199735955616365e-05,0.18777173813651135,3.101829344351673e-05
2016-10-25,0.18960078262346422,0.1892448198840011,3.789287128489407e-05,0.189176389648335,2.7655130468723074e-05
2016-10-26,0.19688335076756092,0.18990128666268347,4.413963018552045e-05,0.19263994893063108,2.746391831155568e-05
2016-10-27,0.2053811287617528,0.19320694185128506,4.1003033905821795e-05,0.19741272461070414,2.9574745648249432e-05
2016-10-30,0.20585058470683082,0.1988068197675552,5.954374109740931e-05,0.20191886577819282,3.5718920405836805e-05
2016-10-31,0.2051182879453038,0.20256441071812892,3.7491132830907464e-05,0.20342080499792775,2.5502165482140805e-05
2016-11-01,0.20984956478239225,0.2043007283352157,3.7352058557454435e-05,0.20618198879200889,2.2696709508090298e-05
2016-11-02,0.21201685739894072,0.20632957519995979,3.352179423291748e-05,0.2080540514272517,2.244551242203424e-05
2016-11-05,0.22133509503440563,0.2085767077821148,5.8888656744578014e-05,0.2141621248794647,3.31800832435388e-05
2016-11-06,0.2219760767343416,0.21632683656510468,4.5842969919650074e-05,0.21799292141226498,2.5851658340556566e-05
2016-11-07,0.22490056199022482,0.22025989091626264,3.6581056629117154e-05,0.22130227146647236,2.5239666549290118e-05
2016-11-08,0.24155138383118469,0.2231840851034146,4.0413359852750334e-05,0.22971299840296142,2.9339749474957164e-05
2016-11-11,0.24431735761195722,0.24323760379645507,0.00010133846077101948,0.24346045732396795,4.78904442210528e-05
2016-11-12,0.24555635426374883,0.2454432885642016,6.173201199636718e-05,0.24539537440904158,3.202189978771225e-05
2016-11-13,0.25510599940547585,0.24923400339660412,6.351162014981294e-05,0.251791365835046,3.8300020439362004e-05
2016-11-14,0.2710751832287256,0.25391251983805097,4.975465066787049e-05,0.25981663122035537,3.125357307998159e-05
2016-11-17,0.2631165295261947,0.26238311300887995,5.706895352830837e-05,0.2623946411354376,3.931075420947111e-05
2016-11-18,0.26724953043279154,0.2635732466501256,4.864150363183899e-05,0.2646769559115743,3.054943760927082e-05
2016-11-19,0.274923986321217,0.26604937074095064,4.531169388710269e-05,0.2693694293448415,3.018796866414662e-05
2016-11-20,0.2843766827927694,0.27069757106024434,4.4884133921101794e-05,0.2757466499335894,2.7274165094902796e-05
2016-11-23,0.29388455147949066,0.2951566536089788,0.00014498860356212967,0.2937594089972947,4.900847216148693e-05
2016-11-24,0.29611854000702986,0.296705138823073,6.0812614758082303e-05,0.29672253896936956,3.501670629017505e-05
2016-11-25,0.2892756267332766,0.2984611625545967,4.925860097250083e-05,0.29511922651687117,2.7010223886637603e-05
2016-11-26,0.2976829095554282,0.295683608899969,3.799220601218351e-05,0.2963970541459657,2.7110385244626503e-05
2016-11-29,0.2942575146414944,0.29693593652100325,4.250683140948176e-05,0.29608860341260396,2.5718934189824212e-05
2016-11-30,0.2899940106703114,0.29620265826209474,3.362887714886608e-05,0.29488753483108937,2.4077336253360422e-05
2016-12-01,0.29389976120834005,0.294838740445905,2.9888213307869753e-05,0.2951550259391325,2.041343929941933e-05
2016-12-05,0.2835971170500475,0.29444324163850566,5.050160917413983e-05,0.2902023289882523,3.343516959020779e-05
2016-12-06,0.28537099940523397,0.2896266190714291,4.993981758489757e-05,0.28742990136562546,3.153238183274031e-05
2016-12-07,0.2784464632157402,0.2868998339783522,3.769685614974142e-05,0.2841569620419916,2.3789373627303672e-05
2016-12-08,0.2808174332987529,0.2831027792678133,3.373140864146842e-05,0.2821549146621198,2.48813222786564e-05
2016-12-11,0.2627240158777171,0.2812523631746733,4.937711035355243e-05,0.274237752691435,3.23471603642212e-05
2016-12-12,0.26692524133520723,0.273798510622428,4.240362335250486e-05,0.27147739200886023,2.8995516393229937e-05
2016-12-13,0.2527923426914168,0.2712170101352696,3.0687469180644476e-05,0.2662106216738385,2.2114559303969396e-05
2016-12-14,0.255376330663068,0.26585958637018314,3.173883079703459e-05,0.2628597625266732,2.5437132636697006e-05
2016-12-17,0.24973337138643398,0.2608764849115504,5.577286474256904e-05,0.25673744852544805,2.7361164504524536e-05
2016-12-18,0.25121673259723,0.25614739828265665,3.38353967150398e-05,0.25466766606160074,2.1160679388906977e-05
2016-12-19,0.2471209132364829,0.2545961413085377,3.0629794500416196e-05,0.25255802965222474,2.5190165409716886e-05
2016-12-20,0.24680769753589726,0.2524861858448706,2.978850705563816e-05,0.25092394407127944,1.9667099184300038e-05
2016-12-23,0.26292072596031146,0.25148614910574946,3.466642867286252e-05,0.25509886946259397,2.444414673570862e-05
2016-12-24,0.27363745472585255,0.2557643662811964,3.591189866204194e-05,0.26121038350749715,2.103807142554928e-05
2016-12-25,0.27429119431741633,0.26120389987523485,2.7500442993020773e-05,0.2644205508089704,1.9300055776715984e-05
2016-12-26,0.26644208622415433,0.2648757194731012,2.892727728135408e-05,0.26555044004472,1.95892836904536e-05
2016-12-29,0.2714460533965182,0.2653187709059323,4.1989290451798145e-05,0.2668743863760262,2.6376375568357317e-05
2016-12-30,0.26701903887628115,0.2665816883923155,4.045947571728996e-05,0.266476433975404,2.787793062587817e-05
2016-12-31,0.27265759581132554,0.2660353549588636,3.883895487482404e-05,0.2679531148676821,2.3159215923554972e-05
2017-01-10,0.2844458232723506,0.26749466028819635,8.298653791706152e-05,0.2759493022714995,3.77355764172527e-05
2017-01-11,0.2966554908031138,0.27650686147850645,4.823779885620596e-05,0.2840994758059941,2.662985500514703e-05
2017-01-12,0.3010361459394698,0.2850833624511681,3.6737352693952884e-05,0.29025990415944564,2.8843368800436586e-05
2017-01-13,0.30016982278498966,0.29175422473140755,3.681979042510276e-05,0.2941759224567916,2.8906185816213366e-05
2017-01-28,0.2984226732274089,0.3020094142326916,0.0001346686789268767,0.300682401549177,4.995301621733435e-05
2017-01-29,0.28966888302117233,0.30000905090854746,6.0519301927025124e-05,0.29543922462413635,3.9988784729357e-05
2017-01-30,0.27929471758680513,0.2951606903634436,5.4855201073406564e-05,0.2892077668395794,3.670632978565477e-05
2017-01-31,0.27191848399901913,0.2894613370129344,5.494425518005194e-05,0.282415665256918,3.175166732459152e-05
2017-02-03,0.2846558067850041,0.28431494974528015,8.348888076877626e-05,0.2851538752565102,3.6931925781858166e-05
2017-02-04,0.3021430106221115,0.2908012618064524,7.123041262875905e-05,0.29643729277935527,4.031755453321924e-05
2017-02-05,0.3146960695435697,0.3069257697875023,9.70644060905209e-05,0.31113983662690986,3.697797421712844e-05
2017-02-06,0.31996920449478694,0.31511444910956377,5.5827143136331895e-05,0.3170090237848525,3.306175862135754e-05
2017-02-09,0.32639614196212463,0.32298770035602026,6.81579455182504e-05,0.3238569835878622,3.48198727285413e-05
2017-02-10,0.32593709668383264,0.32351554167887747,4.035773434518376e-05,0.323569706834159,2.464811462129809e-05
2017-02-11,0.3254680231942571,0.32330714128663535,3.6713841909496436e-05,0.32414008399721395,2.4736907854646723e-05
2017-02-12,0.3307614298234827,0.32446420733378534,3.4821645988079093e-05,0.32638076000833877,2.087147986328647e-05
2017-02-15,0.32391751223213455,0.32789956762914635,4.8535521306961156e-05,0.32706525385126833,2.906792482336304e-05
2017-02-16,0.31742239532549765,0.32671149733640203,3.7129498981183354e-05,0.32400405392972664,2.236343186969329e-05
2017-02-17,0.31224311323678267,0.32311359229431963,3.437402315442641e-05,0.31955675733370564,2.486941729284654e-05
2017-02-18,0.31257111067050053,0.31873216448011893,3.5343630390657064e-05,0.3170467845145886,2.526937379503312e-05
2017-02-21,0.30768738529883466,0.3135618417745221,5.103862059615046e-05,0.31138168993125404,2.7588052546234244e-05
2017-02-22,0.3056445565825939,0.31030487188952466,4.1559124598684506e-05,0.30912155954930465,2.4719250516440435e-05
2017-02-23,0.3000549494677324,0.30738700634155053,3.73640035739309e-05,0.3056034440329472,2.3351306535573763e-05
2017-02-24,0.2976126462992028,0.30465022884127024,3.2166428082817095e-05,0.3022157123490047,2.0736915145630797e-05
2017-02-27,0.2976747646848579,0.29848753016403895,4.7112368046990913e-05,0.29817985700455685,3.0282264836086264e-05
2017-02-28,0.2990725181089581,0.30148660764438245,6.953283382910633e-05,0.30005117196089576,3.6504458085477755e-05
2017-03-01,0.306520181703378,0.3010682135280493,5.055579488217402e-05,0.30377329234861156,2.842615668468957e-05
2017-03-02,0.3108174351788674,0.30407924532728947,3.087540316843852e-05,0.30577823410545063,2.3014671209214366e-05
2017-03-05,0.31793648253193996,0.32858808345775664,0.00013675548093564804,0.32148531279408255,5.099967767811812e-05
2017-03-06,0.3195899050810024,0.3245226182747401,5.405725304818895e-05,0.3222564988061258,3.102883276390171e-05
2017-03-07,0.3306249468213498,0.32923035715912635,5.911811247131369e-05,0.32973288900464076,3.2301494751833673e-05
2017-03-08,0.33676177191313744,0.3322618170975591,4.493242361884237e-05,0.33366663326964363,3.063055201064262e-05
2017-03-11,0.3370430110228611,0.33185619565971086,6.115183260927879e-05,0.33395964233565145,3.337327105423144e-05
2017-03-12,0.336842039033444,0.3373761601990609,5.40618362027538e-05,0.3374725148062317,3.107291198912871e-05
2017-03-13,0.33315804892004197,0.3387925138689685,3.951651568243863e-05,0.33660579090046416,2.3354385685510852e-05
2017-03-14,0.3330498903429785,0.335500182666495,3.3372149587172285e-05,0.33464440692122005,2.4688484458823574e-05
2017-03-17,0.32652195404185924,0.32929713590460613,4.6458819648474216e-05,0.32838231293425385,3.154187741617542e-05
2017-03-18,0.324059515106373,0.32704024112505314,4.681723336585253e-05,0.3258530907546359,2.6882229622659308e-05
2017-03-19,0.31675097383772494,0.3240574374475746,3.420348254937491e-05,0.3218781476446715,2.6682597011758595e-05
2017-03-20,0.3149262954879668,0.3205368641893848,3.672334203346909e-05,0.3188791948733454,2.0939184208630365e-05
2017-03-23,0.3150443975970275,0.32467029165463446,9.732183893743386e-05,0.31954017562430626,3.4971063909048004e-05
2017-03-24,0.31559652890523265,0.32175555318768295,5.5191297293168145e-05,0.319735797743916,2.687704354358728e-05
2017-03-25,0.3174243822910153,0.32384743176842257,4.676797007837711e-05,0.32102837630456327,2.674503087321291e-05
2017-03-26,0.320600316904929,0.3205453539609144,3.698462680214555e-05,0.32019072099427087,2.628865258970641e-05
2017-03-29,0.3132634631080888,0.3159559837154533,7.718016774974773e-05,0.31480903085881473,4.321528400057607e-05
2017-03-30,0.306091012156371,0.3127968818938095,5.066185177039187e-05,0.30987606511240373,3.340296480945927e-05
2017-03-31,0.3144328488139545,0.31305957847993576,6.424975913991797e-05,0.3136513629428919,3.604388083675881e-05
2017-04-01,0.3150719692429801,0.3163625800785264,5.6639483341339064e-05,0.3162277873620577,3.4235170196465455e-05
2017-04-04,0.3144874992108026,0.31527355947525565,7.009901980610829e-05,0.31525843976881956,3.871387361764899e-05
2017-04-05,0.30664258964591057,0.3149076993199944,4.51555860297458e-05,0.31157390301142285,2.9732441616118785e-05
2017-04-06,0.3057111237241577,0.3103461119239665,3.356989390639817e-05,0.3092676958681444,2.4695119976768358e-05
2017-04-07,0.29873685308208353,0.3075177613834093,3.503664898558281e-05,0.3044302200176576,2.6980246317625343e-05
2017-04-10,0.2908395559047488,0.297238930142535,6.39804378606316e-05,0.2945458329001822,3.564626375403401e-05
2017-04-11,0.28358093797116724,0.29326144916547275,5.0289646907466024e-05,0.2891416068391502,2.7438400390955875e-05
2017-04-12,0.280019676726269,0.2867513296448905,4.12145768168149e-05,0.28468939294007806,2.2505762924874936e-05
2017-04-13,0.27724269492592235,0.2824462707408328,3.070863298853923e-05,0.28096068514878114,2.462311717721527e-05
2017-04-16,0.2657193336124041,0.2755384920678777,4.1973244364509896e-05,0.27203333338197433,2.727589186408694e-05
2017-04-17,0.2591176790212382,0.27003130907040307,3.376237642472392e-05,0.26686205488148124,2.5878241400161296e-05
2017-04-18,0.25455812497675867,0.2646451224317012,3.4055340794312134e-05,0.2615182623245362,2.529196947963131e-05
2017-04-19,0.2539906019766495,0.2594660689947113,3.692566645834692e-05,0.25818700619595697,2.4529110053026295e-05
2017-04-22,0.24806371969280974,0.25287318818595783,4.200854385890648e-05,0.25137941354137777,2.7353829184073553e-05
2017-04-23,0.24193849246463928,0.2494935457184455,3.955534534083414e-05,0.24696420044570544,2.3170123959171138e-05
2017-04-24,0.23618376053927653,0.24480605416222365,2.3628807241481598e-05,0.2428868052617598,1.7530000630336132e-05
2017-04-25,0.2365438742834147,0.2431408701292947,2.633796918478179e-05,0.24179428798572963,2.0853602268470452e-05
2017-04-28,0.2362451380165293,0.24147306681350605,3.957962692773487e-05,0.23998776000549363,2.6766263824757204e-05
2017-04-29,0.23480106617462854,0.23905810182832085,3.2348966142374677e-05,0.23799453121092015,2.166366288551169e-05
2017-04-30,0.24610837489836146,0.23751743642930076,3.097957923837341e-05,0.23979207302975883,2.4766599068815916e-05
2017-05-01,0.24224232696310066,0.23958396021616896,3.701558381571292e-05,0.23998166058967527,2.4688416292289826e-05
2017-05-04,0.23786048240257318,0.24251968916896233,6.66579278922441e-05,0.2402743530831246,3.381659611517807e-05
2017-05-05,0.25380572112085475,0.24088305228911253,3.877274373306971e-05,0.24506954047807508,2.8980384809457415e-05
2017-05-06,0.26268090719433346,0.24762483032248003,4.612565580240042e-05,0.2528463649422997,3.172940081349129e-05
2017-05-07,0.2537977240590123,0.252869620302088,4.299870393400744e-05,0.2533234315119881,2.5373436972058712e-05
2017-05-10,0.2605390337545262,0.2515165485900477,4.560485139943306e-05,0.25439360861955934,2.7986584570963033e-05
2017-05-11,0.2649938948503987,0.2540501502491366,3.8118163944627246e-05,0.2578107254582758,2.7964500776211394e-05
2017-05-12,0.2570729529066683,0.2568098782896179,3.709741832204307e-05,0.25691528691952586,2.2553289447048055e-05
2017-05-13,0.26472492841227285,0.25656793003514644,3.198450095601938e-05,0.25908442201793996,2.429696715880864e-05
2017-05-16,0.25536852934682264,0.25334507536144707,4.718708887690009e-05,0.2536422649789697,2.9511750069005478e-05
2017-05-17,0.2731528348672109,0.2522349638993298,3.561916063146827e-05,0.2589916242786202,2.5457203357819747e-05
2017-05-18,0.28439256358987786,0.26816523359261646,0.00014874961024822028,0.27820527490161334,4.135505899209744e-05
2017-05-19,0.2881928012346861,0.2809382269791141,6.17187855191307e-05,0.2832863911912,4.1821041433286e-05
2017-05-22,0.2817755842722677,0.27938265191630424,6.601868175363746e-05,0.28041506241966835,3.758061645064597e-05
2017-05-23,0.2883731077101497,0.27835870295309645,5.15097967544509e-05,0.2821073880019792,2.8963112165797135e-05
2017-05-24,0.28920110546260624,0.2784856029551958,3.531793922167746e-05,0.28127492541400256,2.1576337853282926e-05
2017-05-25,0.2831343082602309,0.27750116473935077,3.058917423426301e-05,0.27882206832006695,2.1653497313043198e-05
2017-05-28,0.2724694167051064,0.2682838045253631,5.090560468563853e-05,0.2698023658892583,3.1142218097067e-05
2017-05-29,0.28677877334945223,0.2670845315820111,3.693227025431921e-05,0.27328492119931913,3.2230234438843164e-05
2017-05-30,0.29672625078622705,0.2729844471747021,3.958507570104217e-05,0.28112473311152303,2.3035111684301342e-05
2017-05-31,0.2912163338069708,0.281048713335991,4.79161573556551e-05,0.2842974426161853,2.977340076565588e-05
2017-06-03,0.2883632150164309,0.28599093427731215,0.00018928485702327685,0.2875722930835724,6.515293276961864e-05
2017-06-04,0.2876771891238651,0.28895205683401753,8.203168158168566e-05,0.28895302543130635,3.7114417946971036e-05
2017-06-05,0.2836412329649102,0.2884274502273804,5.05065698318308e-05,0.2869776398714581,3.1591882118725595e-05
2017-06-06,0.27822182569525156,0.2860273712351448,4.191228591837466e-05,0.28333423745358927,2.6641445592112556e-05
2017-06-09,0.2669057695283013,0.2777701126558282,5.5262690210414065e-05,0.27349223174590565,3.1691137393322575e-05
2017-06-10,0.2610383371285438,0.27070795386420093,3.612365130942459e-05,0.2673982683888764,2.7428226354130845e-05
2017-06-11,0.25961726891127823,0.26429165909530833,3.72185453324546e-05,0.2631465221475173,2.008371644573687e-05
2017-06-12,0.26206769384913403,0.2609009810519706,2.1446649181646212e-05,0.26100400273686314,1.9103883811120233e-05
2017-06-15,0.23546864507118753,0.2526238992962831,3.8403492318065904e-05,0.24731606565550518,2.792839496820029e-05
2017-06-16,0.22548997673859072,0.2455266979836047,3.591649441965443e-05,0.23929915290550766,2.8340706284338092e-05
2017-06-17,0.2386880312791574,0.23746255235993335,4.243350681283935e-05,0.23836084663957993,2.656223804636892e-05
2017-06-18,0.21990044947529253,0.23636756135719153,2.970873221086897e-05,0.232022265074823,2.2320954021459186e-05
2017-06-21,0.20985346450865067,0.22755923221884658,3.378757492697962e-05,0.2223276255774813,2.4706179355439954e-05
2017-06-22,0.21252435281089394,0.22113563640208864,3.425080491373446e-05,0.21825672596643692,2.381998295267787e-05
2017-06-23,0.20196176687857303,0.21718501559325087,3.2879492577908314e-05,0.2124053557437665,2.0880356256296165e-05
2017-06-24,0.19959273974947928,0.21142834559927196,2.942328117115876e-05,0.20817261045249993,2.325999718571641e-05
2017-06-27,0.21736655738225996,0.20942558998310154,4.975730438861024e-05,0.2124002858307518,3.2237088473690535e-05
2017-06-28,0.22001263714847835,0.21483916322655325,4.909621208388731e-05,0.21717855985872742,2.6592003410085723e-05
2017-06-29,0.2284527909667227,0.21966320447467041,4.327744057617224e-05,0.2226111252146245,3.425908760228648e-05
2017-06-30,0.2500331541930541,0.2282217642911353,6.045997020716607e-05,0.2376916900417385,3.4263213423277376e-05
2017-07-03,0.2429124864397358,0.24346062515745426,5.9761067133334874e-05,0.2432415331707957,3.6524669016520295e-05
2017-07-04,0.231083606231091,0.24198487330168528,4.596936988070077e-05,0.23854552271859272,3.62378548713123e-05
2017-07-05,0.22161467484233702,0.23769419981103646,4.759054616005636e-05,0.23147669179532912,2.894010736416166e-05
2017-07-06,0.2160754066705003,0.2308922627094007,3.3209361607859094e-05,0.22667546298075397,2.2047096470970888e-05
2017-07-09,0.22951609897952924,0.2250776632292272,3.2678736048417977e-05,0.22595104382500938,2.3359079588679998e-05
2017-07-10,0.23716594835714372,0.22756918116434371,4.33324600207399e-05,0.2307871357472126,2.963295695148338e-05
2017-07-11,0.23916602459837527,0.23142717923919784,4.1440551781875294e-05,0.23404111818844048,2.7736648786933472e-05
2017-07-12,0.2449051543767069,0.23415365239299102,3.489820053195785e-05,0.23770904199612578,2.2472082985442886e-05
2017-07-15,0.23583043179845006,0.23518836595954298,3.763012708168249e-05,0.23556684129279126,2.4908428962188927e-05
2017-07-16,0.2281353931540141,0.23420653459399354,3.181673594174196e-05,0.23253810470118805,2.291330025997931e-05
2017-07-17,0.21863952736198075,0.2314670160314074,2.7088658371076578e-05,0.22821506554987725,2.098626186785957e-05
2017-07-18,0.22187957291657598,0.22702006833348407,2.9135297674444272e-05,0.22546073111121698,2.386214983060321e-05
2017-07-21,0.22573821683301157,0.22896689126470623,6.457872192477458e-05,0.2282544407770543,3.256061821987917e-05
2017-07-22,0.22151186166315204,0.22757790755257293,4.476195395554108e-05,0.22504699686801655,3.013292889168413e-05
2017-07-23,0.22284859119279984,0.22461366126151566,3.645941636717147e-05,0.22439944043877902,2.3775412660015437e-05
2017-07-24,0.2231810804198145,0.22439078716644084,3.131082218810711e-05,0.22434694535051694,2.3187107339191463e-05
2017-07-27,0.21896532518696682,0.22366439698258972,4.945862644715458e-05,0.2224176905896588,3.286581951832122e-05
2017-07-28,0.21840358316074682,0.22195029214144518,4.130908188126736e-05,0.2210004616072996,3.20023585598049e-05
2017-07-29,0.21987956172335096,0.22002942993224242,3.637319252278046e-05,0.22003511595156347,2.684457851836503e-05
2017-07-30,0.21523705808338903,0.2193182146570597,3.3107618472423415e-05,0.2181210751391187,2.018181831348414e-05
2017-08-02,0.20837277451403396,0.21680665384019057,4.817999270739948e-05,0.21329544662626887,2.5774033862675834e-05
2017-08-03,0.21113662602346964,0.21270946596145474,3.2074451233846015e-05,0.21242517452952342,2.135729663985634e-05
2017-08-04,0.20463663404513122,0.21132172348586045,2.8170735378298528e-05,0.20947114454389237,2.4008340857316647e-05
2017-08-05,0.19915928242267442,0.2082917290736925,3.397681529687704e-05,0.20579332932986877,2.6933234399646453e-05
2017-08-08,0.20332533447344478,0.2118349602554005,0.00014382122819189808,0.20654525063087498,5.281398756655399e-05
2017-08-09,0.20182391227827196,0.20884845406163088,6.59584915230995e-05,0.20549446318790665,3.519785502455679e-05
2017-08-10,0.20200963152728396,0.20793004855293165,5.608270979112785e-05,0.20591143901820771,3.2677177982794375e-05
2017-08-11,0.19849704636678134,0.2071760458518125,3.985830024684225e-05,0.2041630021491094,2.4767837636637493e-05
2017-08-14,0.20191478688724546,0.2056266764461688,5.670254077185076e-05,0.2037398172002111,3.329686676817174e-05
2017-08-15,0.20591717800386658,0.20322941316898444,4.3268964206934374e-05,0.20366650461120644,2.6264561166968818e-05
2017-08-16,0.20324220393202166,0.20348465941560306,3.546588691754673e-05,0.20347046102295763,2.5417018209254272e-05
2017-08-17,0.2005355271635967,0.2035507109916654,3.364957425802479e-05,0.2025334398630025,2.389724621633645e-05
2017-08-20,0.2015084615261524,0.20204371586434136,4.657024131047932e-05,0.20188335241710192,2.252370395731043e-05
2017-08-21,0.19978626595763085,0.20130850869169875,2.8190238600366847e-05,0.20107986323693663,2.0108397393433476e-05
2017-08-22,0.19706584622946002,0.20088311235578898,3.411350347489159e-05,0.1993521194102857,2.5130483510890575e-05
2017-08-23,0.19452000011382567,0.19899445295084228,3.690558836276657e-05,0.1976777107672066,2.7427565945878666e-05
2017-08-26,0.20054574586478663,0.1963778080344882,6.501469794128052e-05,0.19874378368038223,3.77658117904229e-05
2017-08-27,0.2038414951770557,0.19807947431207862,4.75133423508639e-05,0.20020268341241354,2.776271031415701e-05
2017-08-28,0.20125208154178545,0.19990262480142337,3.592751097827239e-05,0.20035420444540414,2.1477291353835858e-05
2017-08-29,0.19813535757136655,0.19963224136070598,3.0250657761630346e-05,0.1994949080319626,1.9261605703529485e-05
2017-09-01,0.202472122631974,0.20055257697147805,4.4062602826172036e-05,0.20120011175670885,2.943929104525124e-05
2017-09-02,0.20193486120980575,0.20142809549967491,3.6943877828691764e-05,0.20182799851300892,2.3997777072624374e-05
2017-09-03,0.20092350871589584,0.20152539826664598,3.4049313356966215e-05,0.20132550228862667,2.063398059426261e-05
2017-09-04,0.20307142878037057,0.20216732527538436,2.9881520561746135e-05,0.20255759557218858,2.4218798299990932e-05
2017-09-07,0.20301760352970752,0.20406253307416475,5.973998462590427e-05,0.2042967661291786,3.2959487831954303e-05
2017-09-08,0.20952692484813776,0.204076945303923,3.837981683727883e-05,0.20619133991396596,2.6507604213646874e-05
2017-09-09,0.20755889538220024,0.2111568875565715,0.00012322802557693512,0.20745487173756957,3.887223212715801e-05
2017-09-10,0.20770614599309237,0.20922448959613077,5.038661286938649e-05,0.2080366959176265,3.34105326224207e-05
2017-09-13,0.20815753112829152,0.21085624516991608,4.8233081126945924e-05,0.20987876775079847,2.646700444320636e-05
2017-09-14,0.2142555786461919,0.21029352264304305,3.930942633973118e-05,0.2115134804056601,3.0322205748249742e-05
2017-09-15,0.2173468941317616,0.21221164571138826,3.924100297461124e-05,0.21393853911575714,2.5852635690089858e-05
2017-09-16,0.21899597642200075,0.2146342042828386,3.475687893057133e-05,0.2156272382898351,2.2576479420715782e-05
2017-09-19,0.2218951957924408,0.22042461006523492,6.872196112750938e-05,0.22116442631280236,3.901164145286899e-05
2017-09-20,0.22311005407277576,0.22214258972101486,4.918446033816096e-05,0.2217371156791976,3.0147299342242984e-05
2017-09-21,0.22405373841384674,0.22269364890675586,3.7654984394906554e-05,0.2234937513388173,2.5746287071617512e-05
2017-09-22,0.22092830114186782,0.223899704617616,3.54739632628547e-05,0.2228317490672279,2.403179161218817e-05
2017-09-25,0.22556154899122016,0.22296180312511063,5.411733454340984e-05,0.22409340828752483,3.238528052272003e-05
2017-09-26,0.23221625314511354,0.22425013447311962,4.114273402038721e-05,0.22654302458482578,3.0294888007626533e-05
2017-09-27,0.24106951211555502,0.22618697790482536,3.8546408233956717e-05,0.23064430384023538,2.1669914593803746e-05
2017-09-28,0.2347387697458151,0.23043719287299186,3.273977810015502e-05,0.23130276849517017,2.167997770088466e-05
2017-10-01,0.24325912043016518,0.23278332094618479,5.539890948533807e-05,0.23725101732072423,3.101549884258609e-05
2017-10-02,0.2574835301231069,0.23796949688518396,3.768626101142414e-05,0.2439200143273363,2.670957259998101e-05
2017-10-03,0.2624569722057791,0.2446886701987059,3.7647880991070555e-05,0.24993769341511687,2.6884637552930143e-05
2017-10-04,0.26429110149913626,0.2500106651796813,3.8348304922911525e-05,0.25436073717910285,2.751667117738512e-05
2017-10-07,0.2574399329178434,0.2533501665825642,4.843680606581869e-05,0.2549770087091632,2.926899530595704e-05
2017-10-08,0.2564376817193838,0.25473972154877694,3.994244528949541e-05,0.2553486418564592,3.259217676375329e-05
2017-10-09,0.24916441545055026,0.254757115165524,3.892641477660519e-05,0.2533431844780178,2.540059902733508e-05
2017-10-10,0.2423161956518794,0.2527684952676741,3.531566659428858e-05,0.24976167321368714,2.7815947773157313e-05
2017-10-13,0.2413151281904297,0.24696608497208372,5.765071652787773e-05,0.24403189091303645,3.0907031256433565e-05
2017-10-14,0.24895256491641857,0.24314912217148396,4.187192242621057e-05,0.2447941705732754,2.6691137802569576e-05
2017-10-15,0.24662807601503592,0.24444961227078812,3.144493406968628e-05,0.24540027269001163,2.0435414847242817e-05
2017-10-16,0.24199245185667523,0.24442095376219833,2.7620360400309883e-05,0.24367447134379452,2.0114243984807483e-05
2017-10-19,0.2499140802143996,0.24379536865840465,6.854984427688229e-05,0.24683950299846544,3.413505266339007e-05
2017-10-20,0.2581866230380948,0.2471785244552518,4.463476549802112e-05,0.2508281210536142,3.2836241301272334e-05
2017-10-22,0.26261089175951596,0.25014593160053605,4.26434102799636e-05,0.25430120977216936,2.8483603207865156e-05
2017-10-25,0.26121145644881116,0.25367536384857925,4.986531431668183e-05,0.25692471118756544,3.8000052418514274e-05
2017-10-26,0.259222388337088,0.25593195770673977,4.590249858257016e-05,0.25667911975218166,3.0032279113472728e-05
2017-10-27,0.2448526754182936,0.25622539751613954,3.614434812223291e-05,0.252950658650825,2.5615033781227237e-05
2017-10-28,0.24730775366008317,0.2522919832267388,3.2150267276594976e-05,0.25078282647631644,2.4326748817790676e-05
2017-10-31,0.23739321901241994,0.25020142729021233,4.4356917015226686e-05,0.24566784253398513,2.7846135458815637e-05
2017-11-01,0.24406787344241,0.24560684217864442,3.757522655846522e-05,0.24477948490602344,2.7623130134433573e-05
2017-11-02,0.2374504924815665,0.24487342693523328,4.014463112270552e-05,0.2424144169175254,2.731529429574109e-05
2017-11-03,0.2382251638816484,0.2424301153860235,3.2353761621996326e-05,0.24124734396267689,2.174256532547652e-05
2017-11-06,0.22557464398462426,0.2454154312064161,6.570624276157289e-05,0.23687208355038375,3.148645436131455e-05
2017-11-07,0.22516780034214653,0.23723005117796575,4.516307656916128e-05,0.23274115853728478,3.0138012766490212e-05
2017-11-08,0.23062216170114166,0.23352762861774973,3.860007182397508e-05,0.23256592017764166,2.6640771401559328e-05
2017-11-09,0.23218084530835162,0.2339799084818257,3.506841689559228e-05,0.2332719062854503,2.5541522437115194e-05
2017-11-12,0.24215979802567658,0.23621629140619102,5.74036908119907e-05,0.2385836659548965,3.339512742371016e-05
2017-11-13,0.23381056663779384,0.2385283752578191,4.3038931116796537e-05,0.23674084002547552,2.3976733572601662e-05
2017-11-14,0.23200017445295437,0.23764545353322045,2.9344612761108844e-05,0.23591899992075266,2.3710764774001985e-05
2017-11-19,0.24487137079101537,0.23882160482537704,5.764656080455115e-05,0.24115471926091625,3.9097630317656415e-05
2017-11-20,0.2443527705713145,0.24111649104857397,4.7651733354029374e-05,0.24199365303367604,2.461055985261712e-05
2017-11-21,0.23719195511583432,0.2416400446453586,3.666816504435971e-05,0.23990712197964276,2.2104329177059048e-05
2017-11-24,0.24925700136836385,0.24031027044853284,4.7515491419385966e-05,0.24396494674824915,3.438600291888301e-05
2017-11-25,0.2440488643562872,0.24618223800352823,5.1607588767175044e-05,0.24527699159497243,3.299225869875676e-05
2017-11-26,0.25076797266973166,0.24668824007037565,4.018284191052559e-05,0.2481631354908879,2.332415537827323e-05
2017-11-30,0.2599149819087717,0.25027840179910854,6.669232175341265e-05,0.25411142292303057,3.795110141096357e-05
2017-12-07,0.2784403185583388,0.25743501597855195,9.842864859422583e-05,0.2684713382189638,4.3795978372759385e-05
2017-12-08,0.30541227559276396,0.2699198598282691,5.17977751698397e-05,0.28370142168995455,3.119788998101804e-05
2017-12-09,0.3060694475183549,0.2864264671196107,4.371384980717686e-05,0.2930324209368237,3.027865816873783e-05
2017-12-12,0.3160085871618644,0.32018415220581403,0.0001978044553265771,0.31696116185323,7.117806074376003e-05
2017-12-13,0.3344600008981704,0.3190313095775608,8.735030595708877e-05,0.3264163342701519,4.595386519764267e-05
2017-12-14,0.3474581140195721,0.32913354881383733,5.580008231069337e-05,0.33672563553931006,3.564901174666386e-05
2017-12-15,0.36259350369415044,0.34451137635758655,7.671483996456849e-05,0.353776399802789,3.261988635171953e-05
2017-12-21,0.372852555116963,0.3616909080908468,8.238111530178e-05,0.36745708848232733,3.63660021478811e-05
2017-12-24,0.36727072516203507,0.365022190712446,3.690520742783313e-05,0.36641712265988025,2.548064248846388e-05
2017-12-25,0.35203299738838323,0.3655805180679183,2.7299867185497216e-05,0.36252027196693676,2.020355411436395e-05
2017-12-26,0.346273792414492,0.3641026397157215,3.480327445558088e-05,0.35857988231928856,2.623779169169124e-05
2017-12-27,0.36199303857515064,0.3658491571239045,5.68267725094063e-05,0.36464450564028644,3.333548300253599e-05
2017-12-30,0.3631436475074312,0.37174616981281494,4.332432608385761e-05,0.36765468812396634,3.099968137105985e-05
2017-12-31,0.36054770635763633,0.36816616777550865,4.1693893580801464e-05,0.365626460801423,2.8438288509452366e-05
2018-01-01,0.36206684211215207,0.36868902269100956,4.090312415904909e-05,0.36649251318192105,2.7367818538148324e-05
2018-01-02,0.37400616584593965,0.37072913046318234,4.330064755648579e-05,0.37164681504728636,2.899001247512397e-05
2018-01-05,0.3846344538078873,0.3756724208061966,4.369656769612061e-05,0.37853158542820703,3.1839530490476245e-05
2018-01-06,0.38484832898051896,0.387244086291233,9.377395740538808e-05,0.3859796823255632,5.3196157756179915e-05
2018-01-07,0.37236125102419704,0.39354422301448816,7.8855074416759e-05,0.3829381214162732,3.408678421979027e-05
2018-01-08,0.36443014654356753,0.3847417079166101,3.05497502620732e-05,0.379169364322159,2.5187885864900473e-05
2018-01-11,0.3665545986361187,0.37864836413403347,5.130549516739965e-05,0.3744083267879461,3.094376975335457e-05
2018-01-12,0.36073896503298164,0.3734520157969754,3.489260654309478e-05,0.3694630402797574,2.726559847761547e-05
2018-01-13,0.35599873778667945,0.36808133760075784,2.8780505850840306e-05,0.3651793406409851,2.1221073265662426e-05
2018-01-14,0.3587592061313889,0.3664992071041722,2.465580736496348e-05,0.3647660469972702,1.8607964836293095e-05
2018-01-17,0.368165934081576,0.36688326514804115,3.578909668604443e-05,0.367226443650577,2.342906804284452e-05
2018-01-18,0.37168916591401396,0.3667964992998805,3.392736138628729e-05,0.3679580825910433,1.9619876973934105e-05
2018-01-19,0.36835679148842493,0.3693899284761715,2.7290443362661012e-05,0.3688432394219809,1.9816856162910365e-05
2018-01-20,0.37628437617141125,0.3731888299880437,3.483199580062292e-05,0.3742181650118927,2.2974708060290356e-05
2018-01-23,0.37944606234207157,0.37504100065594587,3.3374787833888895e-05,0.37642954512505256,2.4973452408112796e-05
2018-01-24,0.3778152179055916,0.3748141951634685,2.7236618134515576e-05,0.37533166396054524,2.1544717567753246e-05
2018-01-25,0.37691846375093796,0.37564443665126857,2.448525081736468e-05,0.37583415854911534,1.806538307643903e-05
2018-01-26,0.37439803557167467,0.3758369791273742,2.5077358025815257e-05,0.3753592910762309,1.917901726546851e-05
2018-01-29,0.36949625956347243,0.37108352310109466,3.334619845249458e-05,0.3706881585670437,2.3591709186896926e-05
2018-01-30,0.36984301251433443,0.3697771774382256,2.887280888528128e-05,0.36990983326193927,1.9747317499207547e-05
2018-01-31,0.3677889485585371,0.36867426254416913,2.6864945497519215e-05,0.368620959479005,1.9382057445761644e-05
2018-02-01,0.3706351649015538,0.3715773850035798,3.822047114236639e-05,0.37196214292823304,2.9541010504393586e-05
2018-02-04,0.3739206888423048,0.3730405846639097,4.083569223668963e-05,0.37319594459901934,2.477822392631294e-05
2018-02-10,0.3738303675399444,0.3694106158072485,3.93575047328978e-05,0.37091156223682664,2.8293267791209453e-05
2018-02-16,0.37472945863066776,0.37748967063392785,8.04407684104365e-05,0.3759262755350987,3.7408084051828484e-05
2018-02-17,0.36604020943808735,0.37583409415387903,3.511915590000931e-05,0.3724474292527327,2.0949555129545592e-05
2018-02-18,0.3700990494508632,0.3735000730579196,2.9457289664091554e-05,0.3727167628364478,2.291251508856147e-05
2018-02-19,0.36636752539695683,0.3725073077886696,3.0168897415393177e-05,0.3703588397620083,1.943374482445964e-05
2018-02-28,0.374484191488879,0.3673421321646746,6.23057972744014e-05,0.37046702260362957,3.722809309976341e-05
2018-03-01,0.37123952714168384,0.3708406056714898,3.2854143140078994e-05,0.37117169748808654,2.0294316402512896e-05
2018-03-02,0.3728379667077923,0.37444887679494243,3.06026439368882e-05,0.3746179303763447,2.2413716775543786e-05
2018-03-03,0.38101767134150283,0.3748722213886743,3.417682855106391e-05,0.3759019700996713,2.3510403861375284e-05
2018-03-06,0.37525026016264423,0.3737811901207415,5.4165797418055904e-05,0.37427122400726387,2.9681191569310544e-05
2018-03-07,0.3752209026036736,0.37298302442630143,3.1579612972799015e-05,0.3734320648289417,2.2602865847086298e-05
2018-03-08,0.37444720456706115,0.3709287620800641,3.0642692899176304e-05,0.3720143470775096,2.232107396117949e-05
2018-03-09,0.3826596496058069,0.3703257637943743,2.567231242506501e-05,0.37344663574295417,1.8317648335290555e-05
2018-03-12,0.3745691857321453,0.3738466731635955,4.280064390392278e-05,0.374587500982409,3.6996401222142346e-05
2018-03-13,0.3727738797560731,0.3727765762751741,4.3126494620381626e-05,0.3728042677985329,3.124091985299585e-05
2018-03-14,0.37468612846172233,0.37109502667144384,3.789357532973651e-05,0.3719332427407499,2.393153456801686e-05
2018-03-15,0.3801378128510657,0.3706685853370379,2.604234798995559e-05,0.3725351749725656,2.422750366582536e-05
2018-03-18,0.3758445414384176,0.37123201061731304,3.734273236247869e-05,0.37183749839737923,2.334396928943541e-05
2018-03-19,0.3707391860750431,0.37439492873866187,4.1490732236797486e-05,0.3730129928211678,2.8080701051081098e-05
2018-03-20,0.36747127280126624,0.37213154886216965,4.305531744818825e-05,0.3706701925871283,2.383795954870123e-05
2018-03-21,0.37026580156029254,0.3689758231064833,3.616068452533905e-05,0.3699354266303696,2.406753696510471e-05
2018-03-24,0.36640227211046666,0.3686780657859518,5.181335550063984e-05,0.3677447634449451,2.208540513303871e-05
2018-03-25,0.36526238510488107,0.36727727217431366,3.791089455734043e-05,0.3667204510427055,2.2684721946566997e-05
2018-03-26,0.3600205367792456,0.3674884991732791,3.058147895689784e-05,0.36589082398665823,2.675751841874892e-05
2018-03-27,0.36823363627043293,0.3682985724520231,4.40484690449729e-05,0.3685125418493609,3.135647070287328e-05
2018-03-30,0.3644815036741367,0.36867125569973774,6.05906102578471e-05,0.3664036309958103,3.2849965791528535e-05
2018-03-31,0.3651439368954798,0.3686911548539348,4.795005035210586e-05,0.3674462790667766,2.946236994753125e-05
2018-04-01,0.36645192494733814,0.3660200635951819,3.654373114923362e-05,0.3659380673702306,2.213311933561369e-05
2018-04-02,0.37303206013142726,0.36403580289809395,2.4285673332852113e-05,0.3662118599093699,1.865268936364057e-05
2018-04-05,0.3638757543191509,0.3655103390980857,5.128131081288149e-05,0.3643818750963206,2.8492648376826852e-05
2018-04-06,0.35535047195521774,0.36211302112791244,3.925166200271643e-05,0.36023144229794624,2.7204567978318782e-05
2018-04-07,0.3487850262195273,0.35929257803398973,4.047770951888089e-05,0.35565667973389475,2.6230835051957247e-05
2018-04-08,0.35321057910986914,0.36263854518364724,5.0937936158313023e-05,0.35913242907939025,3.015337682806812e-05
2018-04-11,0.3471799390102695,0.36928726560872077,4.9875608481197685e-05,0.3611219094690067,2.958500980244975e-05
2018-04-12,0.3388151411201126,0.36105862425585916,3.6357201480217206e-05,0.35393239107117813,2.8315859220884348e-05
2018-04-13,0.33974960800213355,0.3549277352614885,3.870059656808091e-05,0.35033705854043445,2.576972311201173e-05
2018-04-14,0.3382998269828229,0.34955603998101575,3.181409008641367e-05,0.3465518811289605,2.4702639316534823e-05
2018-04-17,0.3315553089355525,0.34134185363527547,5.575614916279901e-05,0.337134071760902,4.125318010681985e-05
2018-04-18,0.325694116265681,0.3336073328920451,5.6217486667862755e-05,0.33043143020776855,3.262110821237375e-05
2018-04-19,0.3191104316048322,0.32821814671732236,3.8816852736962716e-05,0.32470136250946374,2.6437346567575664e-05
2018-04-23,0.31120331462286066,0.3113091602581522,6.463841734838763e-05,0.3105171938920943,4.0703207233429554e-05
2018-04-24,0.29836307683209484,0.30780313159046363,4.576199706626768e-05,0.3042730171691115,2.8945348772924378e-05
2018-04-25,0.288870237844928,0.3024653226900684,3.62965014424629e-05,0.2984464012357183,2.8720625922090792e-05
2018-04-26,0.27933015201855643,0.2951816966213708,3.856574677005793e-05,0.2900136468548801,2.192598446577044e-05
2018-04-29,0.2803223977571011,0.30626886657142716,0.00032820075528257374,0.286013913784934,8.503720345361529e-05
2018-04-30,0.2709424055994234,0.2892726408576818,9.641266583089747e-05,0.27974819316410227,4.846455473654938e-05
2018-05-01,0.26434789052426855,0.2794519854898482,5.5514711712863744e-05,0.27335833092067097,3.0300464011445472e-05
2018-05-05,0.26609200127062876,0.2725893627083574,6.208897230243878e-05,0.26907064752453214,3.074170098991115e-05
2018-05-06,0.274533365748043,0.26724185634808095,3.951407863537708e-05,0.26947391901516315,2.5781217995214253e-05
2018-05-07,0.2713157589558468,0.2673602780506523,3.25906311046184e-05,0.2681629031928343,2.0949681361070486e-05
2018-05-08,0.2804538360444385,0.26700593477584256,3.203061262173997e-05,0.2711476019583353,2.222011670077306e-05
2018-05-11,0.2949841906751739,0.2657349118344598,5.336117187764627e-05,0.2769993436102936,2.8875467991802006e-05
2018-05-12,0.3023671823835014,0.27715958418056774,4.655812029277325e-05,0.2867672338646827,2.9436875917903758e-05
2018-05-13,0.3172606304340612,0.2909705945560458,6.500113535837818e-05,0.30206577759074515,3.548942017241848e-05
2018-05-17,0.31431581037939144,0.30916830949155455,0.00013063276286387316,0.31122494561017633,5.248322459235132e-05
2018-05-18,0.3183010531926129,0.3085444384843411,6.151927543997623e-05,0.3124445608659116,3.249475361681044e-05
2018-05-19,0.30108183237348746,0.3102790042920509,3.6433958404515176e-05,0.3072637627551241,2.6002670321224688e-05
2018-05-20,0.2974765718249738,0.3039972215987289,3.675833893977084e-05,0.3020823406229659,2.5704324783370957e-05
2018-05-23,0.28351393121717744,0.295016930249995,6.176436452699458e-05,0.2907185416743867,3.378774617932324e-05
2018-05-24,0.2723644140208853,0.28767127117417557,4.436639313375804e-05,0.2828837816910161,2.548433501070278e-05
2018-05-25,0.27568663833433965,0.28029949935710075,3.0733901920212986e-05,0.2786608417507886,1.9903074404150015e-05
2018-05-29,0.2850462881233096,0.3041788634694633,0.00039937179514471644,0.28786621005273066,6.991896467437261e-05
2018-05-30,0.29890847879114196,0.29780583672313854,0.00010259638454235684,0.2979704336091322,3.915125613338063e-05
2018-05-31,0.31318674579662487,0.2992898058536926,4.932345722403423e-05,0.30458440194288916,2.7997381049719078e-05
2018-06-01,0.31904276920219193,0.30236080166563345,3.7980911785827184e-05,0.30805353618501646,2.496702755669954e-05
2018-06-04,0.328005068345443,0.30334978060920376,6.173556941858672e-05,0.31441400905650485,3.0193647413004897e-05
2018-06-05,0.33987700359201356,0.34978624487293464,0.0004976647051329766,0.34318132220229186,6.380340032598212e-05
2018-06-06,0.33378817741996486,0.35023099261308405,9.702846230875887e-05,0.341490743557883,3.548925749393747e-05
2018-06-10,0.33701872595901605,0.34866219085575845,0.00019066240400185443,0.3396573953083273,6.051807021780954e-05
2018-06-11,0.34459801735054296,0.3476110839765406,0.00011371894661252361,0.345732484630781,6.141439154476531e-05
2018-06-12,0.35155456988981953,0.3639144466326818,0.0002677711584602174,0.3540848696055,7.345786359164259e-05
2018-06-13,0.34503645717627296,0.3555591779861067,7.817123959418479e-05,0.3496637599098165,4.686528435291581e-05
2018-06-16,0.34420168601515966,0.34498636417648554,6.972649137564304e-05,0.3449881365659219,2.889838972075616e-05
2018-06-17,0.33018000915617596,0.34321840285046035,3.556908067730408e-05,0.33961443178867134,2.436242768296003e-05
2018-06-18,0.3132486428032628,0.3367466304743314,3.1408031269195e-05,0.33052710011427083,2.4070839284113194e-05
2018-06-22,0.28823684039930114,0.31453409550169853,7.05112532768889e-05,0.30224752533601956,3.989653737703936e-05
2018-06-23,0.2753956107137895,0.29815422624730786,5.340064373055403e-05,0.2893183834906512,2.8865966742189596e-05
2018-06-24,0.2626326115239702,0.28559245746395684,3.517317092735555e-05,0.2788881435929921,2.5675266109983703e-05
2018-06-25,0.26231027610633384,0.27459328461506355,3.7752508148244545e-05,0.2703710900652605,2.3726180446795584e-05
2018-06-28,0.25720422128719433,0.2603552549082305,4.647306278359211e-05,0.2592962112140112,3.210661023594272e-05
2018-06-29,0.2569880196086038,0.2569149076256175,3.695561681139805e-05,0.2571327348201073,2.250260432447546e-05
2018-06-30,0.2577928665449724,0.25463568620686156,3.2406589767017694e-05,0.2558469454413125,2.2262763894021055e-05
2018-07-04,0.27652511269910623,0.24927719567267947,5.15483129804613e-05,0.26004868982608953,2.8913485025366983e-05
2018-07-05,0.2939161273942762,0.2589971951277396,4.0535380612329296e-05,0.2709637382669266,2.5701758177027633e-05
2018-07-06,0.3085741012723603,0.26955590810927166,3.607323142450955e-05,0.28218560234440326,2.777534795637374e-05
2018-07-10,0.28279491224303366,0.2678068450621069,5.9356767746338155e-05,0.27389971349500586,3.543898817309569e-05
2018-07-11,0.28486250123505896,0.2704090492331031,4.3993478452743845e-05,0.27565382962922536,2.7185015766459307e-05
2018-07-12,0.27920685735104733,0.27242070517952577,3.6787567711564606e-05,0.2746237603292719,2.24355961726743e-05
2018-07-16,0.26995574781869086,0.26676759576043396,6.849773472224162e-05,0.26798414026685224,3.47245464003951e-05
2018-07-17,0.26344478206790345,0.26715657193823356,4.586400244305548e-05,0.26594065223475316,3.063556136454549e-05
2018-07-18,0.26664561760798045,0.26403260592286726,4.1281000241071696e-05,0.2648072352849158,2.697156951078219e-05
2018-07-19,0.26695721397756766,0.26271023513481917,3.506889336190086e-05,0.26393517016596524,2.5503696833399166e-05
2018-07-22,0.2542284969455149,0.2597621274733461,4.8589257466727224e-05,0.25735676993084766,3.6020157879030776e-05
2018-07-23,0.24953510214889926,0.25487463795935095,3.7914008043388075e-05,0.2534857342606333,2.307007755599616e-05
2018-07-24,0.24569286078837813,0.25119129899111675,3.7461797248161896e-05,0.24965502292128355,2.0945973372784447e-05
2018-07-28,0.24777405348898576,0.24503724440550412,6.561749232436361e-05,0.24631506179816318,3.907294810953651e-05
2018-07-29,0.24269841343956325,0.245711438234607,5.4656928139097926e-05,0.24383489633318642,2.9786464772070943e-05
2018-07-30,0.23674452205706006,0.24305977112062682,4.021205167908957e-05,0.24160113943765155,2.34359868490472e-05
2018-07-31,0.23947473001256886,0.24011137167097452,3.38237210580803e-05,0.24038930675880768,2.684809769986436e-05
2018-08-03,0.23829790507626766,0.23585597745567646,5.487214396877206e-05,0.23703865622737522,2.8866680824918602e-05
2018-08-04,0.2343966366700319,0.23526335874914409,3.900258245628461e-05,0.2346919947406176,2.3809336919312238e-05
2018-08-05,0.2287989173415138,0.23291475511902235,3.22740117069109e-05,0.23175789265392005,2.6112429431182908e-05
2018-08-09,0.2306718839294419,0.2273414058340572,4.4204791781717176e-05,0.22858275127785346,2.841484899347653e-05
2018-08-10,0.230471635483642,0.22763249413619058,3.887411044055514e-05,0.22853947743671796,2.9535795793993413e-05
2018-08-11,0.22563901389617455,0.22765931746246537,3.280110145613481e-05,0.22691557270800738,2.8236741567448204e-05
2018-08-12,0.2222331022525461,0.2266345324644425,3.17907269860489e-05,0.22526720318522625,1.971004340497724e-05
2018-08-15,0.22147856413407113,0.22652831842384993,3.883175093869618e-05,0.22495233226042188,2.6942015207449775e-05
2018-08-16,0.22209170830827057,0.22403641199407048,3.601846474246853e-05,0.22392828595740574,2.7082170661628983e-05
2018-08-17,0.22078496484729968,0.2238115200220785,3.862997171901233e-05,0.22273340375469533,2.1814512778307457e-05
2018-08-21,0.21688822241580774,0.21999157178492923,4.6382920928330804e-05,0.2185087796259401,2.577637133896162e-05
2018-08-22,0.2144664135065356,0.21796178832492724,3.778449617165775e-05,0.21642010850661703,2.496115586591815e-05
2018-08-23,0.21304331255016648,0.21599484319467474,3.17796897680848e-05,0.21471601629263812,2.078015796493766e-05
2018-08-24,0.2160799477403053,0.21448776148958182,3.7096129116479754e-05,0.21526720049753195,2.565483150849495e-05
2018-08-27,0.2118072974355558,0.21331346420752534,5.1560335320527686e-05,0.21291491875168753,3.115655683437133e-05
2018-08-29,0.21258017379635763,0.21079150010673636,5.0961104103500304e-05,0.21234776359259047,3.1931834406910126e-05
2018-09-02,0.21138503901411884,0.21079897675084514,7.070145800670235e-05,0.21137875373137308,3.3860939416818415e-05
2018-09-03,0.20837178121252625,0.21090070964051097,4.127765896914978e-05,0.2094158658001139,2.807732460716174e-05
2018-09-04,0.20680720291152133,0.20916926295375404,3.286909195438662e-05,0.2084296959906164,2.308254471739081e-05
2018-09-05,0.20843126398403936,0.2076993845092054,3.289705500647955e-05,0.207756408677823,2.50010567597483e-05
2018-09-08,0.21308318498562986,0.21011892791165906,5.347019518285754e-05,0.2116563434951942,3.469627343426791e-05
2018-09-09,0.21351830870084226,0.21192345496875073,4.8653387921727005e-05,0.2127919366419791,2.8911456274225777e-05
2018-09-10,0.21780716594730906,0.21306601864022642,3.554133638048417e-05,0.21442141790021593,2.246634759803658e-05
2018-09-14,0.21470747626741865,0.2142995243249439,7.355610098762137e-05,0.21463971327610876,4.04535466107687e-05
2018-09-15,0.2082479342876332,0.2136100895227452,4.352555777831019e-05,0.21186116373609218,2.945864342477745e-05
2018-09-16,0.20752259593587288,0.21152142921002587,3.662524561778434e-05,0.21033271659743097,2.8231356412453226e-05
2018-09-17,0.2024406559066797,0.21059143841114258,3.612158924005778e-05,0.2079453228611936,2.3992902519916064e-05
2018-09-20,0.1979960691616464,0.20685411205747858,4.405445119998804e-05,0.20415007734816495,3.02778066788323e-05
2018-09-21,0.2034068102410396,0.20385415479902322,3.7014809041618186e-05,0.2038178119227647,2.3964853731602654e-05
2018-09-22,0.20336963369674413,0.2030553711399607,3.299563493705511e-05,0.20319277754792595,2.2429519045368746e-05
2018-09-26,0.19702763781238897,0.2031931818093316,6.583165821008819e-05,0.2005589572046863,3.183869292438055e-05
2018-09-27,0.20306952946983844,0.2000750146302415,3.4550060080388594e-05,0.20106396331880486,2.38215427619904e-05
2018-09-28,0.19622173935288217,0.20046774186349187,3.450369438012796e-05,0.1995362713332275,2.6155513789004285e-05
2018-09-29,0.190307521713609,0.19920580997714224,4.179472498163921e-05,0.19650394760274867,2.9313345724881817e-05
2018-10-02,0.18122393961856506,0.19571066452922492,5.679583731842233e-05,0.1895556425751899,3.3990785658755174e-05
2018-10-03,0.18339044879151198,0.18913163577396305,4.005947007097442e-05,0.18735984256973812,2.951402520637212e-05
2018-10-04,0.17808652024436422,0.18668726313337372,3.762384249546312e-05,0.18380648667695124,2.4930948859097163e-05
2018-10-08,0.18427779888687265,0.18869809265511406,6.202142154821172e-05,0.18680920596404868,2.533040149417206e-05
2018-10-09,0.19501344374373125,0.18705165521709044,2.972468232315954e-05,0.18926757773992275,2.237318742055509e-05
2018-10-10,0.19430477766154486,0.1909665464073386,3.521962844450117e-05,0.1917209850614645,2.7469422764381754e-05
2018-10-11,0.19702846879216693,0.19338612240726782,3.5804923654121434e-05,0.19482805696694516,2.2133289950317482e-05
2018-10-14,0.22002313656650788,0.2058213415832175,0.00018028753917246682,0.21567155564995452,5.828896709374327e-05
2018-10-15,0.2162512711960826,0.22755506954166202,0.00014165095809670492,0.22097953630233863,5.321553942432417e-05
2018-10-16,0.23125239671303044,0.22482388663040853,6.54510513646507e-05,0.2267829562083131,3.66956294880921e-05
2018-10-20,0.23057132566623822,0.23092906809564126,6.224978246286667e-05,0.23076430950893603,3.918774615615075e-05
2018-10-21,0.24679022322878477,0.2311905600448,4.1933634680091685e-05,0.23680909824959998,2.744834557289254e-05
2018-10-22,0.24292571928174636,0.23753202134092155,3.656580883903363e-05,0.23950378812552536,1.9493438722331865e-05
2018-10-23,0.23708074807516247,0.24001057159305922,3.466341778914657e-05,0.2393707339835439,2.137571476912123e-05
2018-10-26,0.2405203658932939,0.23931352870215072,5.9597433267868806e-05,0.23954309254457584,4.177240103916264e-05
2018-10-27,0.23549145064549862,0.23932171526402057,4.802572276437803e-05,0.2373464915600665,2.9621802774486578e-05
2018-10-28,0.23951063068375256,0.23838041616392164,4.640919752315182e-05,0.2386189475235374,3.02545651391761e-05
2018-10-29,0.24752585767918078,0.23962075109321315,4.413646048103447e-05,0.2427479347328351,3.1536242217753244e-05
2018-11-01,0.2641096990367781,0.24573917640794324,7.690242625650347e-05,0.2551913352264974,3.4855618534420295e-05
2018-11-02,0.26735525172825536,0.2575128598582432,4.5214166944289926e-05,0.2611624683008536,2.7396397315316257e-05
2018-11-03,0.2760811903037419,0.2616468189356289,3.9110582751590286e-05,0.2662969912120894,2.7716887970852745e-05
2018-11-04,0.27898016546680476,0.26636759976491253,3.745034997852888e-05,0.27059263483343055,2.5757803938229963e-05
2018-11-07,0.29522100277412006,0.2834446986153382,0.00011743806518393576,0.28919233220178786,4.372701123253156e-05
2018-11-08,0.29350522957068764,0.28999697160585536,4.651594189959035e-05,0.2911299888549395,2.7723651082496584e-05
2018-11-09,0.30051054826512913,0.2915652088334608,3.976053070886598e-05,0.29400939129895654,2.7194909671538807e-05
2018-11-13,0.3084736776619962,0.29765284349500265,7.345685493498378e-05,0.3032708746613835,4.197862855372872e-05
2018-11-14,0.3119199104327972,0.30390569176468674,4.8328917387308015e-05,0.30720211670016323,3.796532173204267e-05
2018-11-15,0.30775551252276523,0.30702443939267604,4.808991374203958e-05,0.3079149753130699,3.1446985422773515e-05
2018-11-16,0.28938529525637025,0.3078718370366545,4.151776758615204e-05,0.30206312600930635,2.658350889467336e-05
2018-11-19,0.2733154228286022,0.3005851280593678,4.9325561284112646e-05,0.2905053405476187,3.338078133311983e-05
2018-11-25,0.2830277936578167,0.28873092508708986,8.571371671321084e-05,0.2858387288735527,3.4743178394891405e-05
2018-11-26,0.2844268663329854,0.28623813768579,4.5251680134621926e-05,0.28517129400632646,3.272321668510126e-05
2018-11-27,0.27925133993288903,0.2855917975685669,3.697922312737019e-05,0.28353199854773875,2.621101485453505e-05
2018-11-28,0.25866262345428614,0.283095863337115,3.9427752355124036e-05,0.2753074296645143,2.51663017407887e-05
2018-12-01,0.27070356309559424,0.2876475094234558,0.00011505755316238308,0.2774629377288085,5.077353303166739e-05
2018-12-02,0.2683013054649946,0.2834880648148889,6.896312144715407e-05,0.27612045183629663,3.5541185026580826e-05
2018-12-03,0.2779642405452278,0.28349380772860433,6.824544534964675e-05,0.2812886776209668,4.147242881087451e-05
2018-12-07,0.29612117560049434,0.28461168814520726,9.255713981275849e-05,0.2895171665485358,5.186599702693017e-05
2018-12-08,0.29652916450183303,0.28991293160786247,5.4123585754348587e-05,0.2920045340706986,3.503544266707091e-05
2018-12-09,0.2880896506141201,0.29206404389141866,4.7195139040728514e-05,0.2903751703530593,2.7752220585331483e-05
2018-12-13,0.30397774307292125,0.29543642140050197,7.606698815827115e-05,0.2995707599625402,4.2386755245866874e-05
2018-12-14,0.29150893261632643,0.3018372949951598,6.106493829271724e-05,0.2971440059558148,3.273893382567583e-05
2018-12-15,0.2982979580213199,0.3012108965895127,4.648206605936668e-05,0.3001007428873734,3.2590425087505314e-05
2018-12-19,0.306071859073312,0.32749011227788477,0.0002913667959285122,0.3109901848954091,6.217230623989697e-05
2018-12-20,0.3026782811651304,0.31131301164683867,6.754567665665725e-05,0.30809736955683137,3.400307361063992e-05
2018-12-21,0.3037327608570694,0.3095446702814335,4.3311032025582137e-05,0.30727502837652176,2.472739495102623e-05
2018-12-25,0.3212663298945859,0.3122461016041863,8.245973685963116e-05,0.316662913359339,4.160789583673516e-05
2018-12-26,0.29814347684882936,0.31645926214909287,5.116917342545282e-05,0.31016452714153453,3.125239306299679e-05
2018-12-27,0.30464902400802213,0.3094797561757345,4.0634775750621635e-05,0.30739381202484223,3.0789955708470716e-05
2019-01-01,0.2988993517293188,0.30720853340815074,9.088964579222891e-05,0.30320036914722165,4.632561658932302e-05
2019-01-02,0.30078687244055463,0.30315562696276704,5.3163174944848293e-05,0.30177267922874895,2.5536540894791953e-05
2019-01-07,0.29357616409209697,0.30020381480462377,6.777333960959997e-05,0.29628931552576565,3.9433296015734616e-05
2019-01-08,0.28626171061165306,0.2961126788453717,5.2894118908074886e-05,0.29287620698144795,3.2358932069472396e-05
2019-01-12,0.29868662499386966,0.2915257088118092,6.51656960343789e-05,0.29452758973691123,2.889497850275507e-05
2019-01-13,0.30843435015217757,0.29369761097757024,3.7952900570424506e-05,0.2983526377373962,2.382438091139471e-05
2019-01-14,0.3122015962693241,0.29786924843678514,3.056392860807403e-05,0.3017240123704242,2.218389231464121e-05
2019-01-19,0.31034608103250194,0.3024678042253165,7.068096398097311e-05,0.30611351658058256,4.770285067905308e-05
2019-01-20,0.3099068904590773,0.3066664710691118,6.19073453904576e-05,0.3090314168159937,3.189856970963206e-05
2019-01-24,0.3141366119267091,0.3200960067163864,0.00011076269318358437,0.3163587136801377,4.481877234190614e-05
2019-01-25,0.3176393775140677,0.3180990280703838,6.0526971964533506e-05,0.3178806355512834,3.561422241517052e-05
2019-01-26,0.3180568886459216,0.318169103699302,3.509320721830856e-05,0.3182244018130543,2.5837532633545786e-05
2019-01-27,0.32227341700964285,0.3210412099773688,4.7501817957109114e-05,0.3216855676238736,2.5093149114956726e-05
2019-01-30,0.3345883567260085,0.3445091915212927,0.0001256556108838345,0.33851058821318397,4.656293036823944e-05
2019-02-01,0.3316735115460487,0.37853574753092717,0.0002555672806535527,0.343218171593047,6.460334968812017e-05
2019-02-05,0.34940364556852105,0.35971135518134817,0.00011070251443200251,0.3541282717775711,5.422475037066169e-05
2019-02-07,0.35506118515495216,0.35883077209116626,7.517964426921702e-05,0.3576968337125418,4.2223497133807026e-05
2019-02-08,0.3604134017136809,0.35719877816702345,4.4401450307852764e-05,0.35801204294985994,3.378666420393961e-05
2019-02-11,0.3559261925847443,0.3557429121293793,5.4607552608462476e-05,0.35546710156742894,2.724013768256365e-05
2019-02-17,0.3496232266897809,0.34803978536975094,5.394157175916302e-05,0.3480266144470262,3.362787428999437e-05
2019-02-18,0.3371377307653549,0.34651045197244856,3.776794992080185e-05,0.34341489795175334,2.2324199920816808e-05
2019-02-19,0.3311065842818626,0.34264084399400796,3.300210747948565e-05,0.3392621163981275,1.8819551945953478e-05
2019-02-23,0.3192272429135198,0.3334402678257619,5.913426009451514e-05,0.32772682587997887,3.490948620184204e-05
2019-02-24,0.3118421112859464,0.3260712186216136,4.8454230451840805e-05,0.32071993465222404,2.8725862926193975e-05
2019-03-01,0.30459117110993933,0.3127506053993931,6.637390425766889e-05,0.3081635916993343,4.008047443807754e-05
2019-03-02,0.30094918928377556,0.30687792612539666,5.4575735829533927e-05,0.3040633915228814,3.022050988214825e-05
2019-03-04,0.2992726707721002,0.3015641586413445,4.69507221373348e-05,0.3005806042381256,2.496331395796066e-05
2019-03-07,0.3015604386193096,0.29696535347529357,5.223581736468917e-05,0.29828911208453773,2.761346293902846e-05
2019-03-08,0.29888466127849056,0.29726730686274916,3.527078569484305e-05,0.29802143629522104,2.7011238307367234e-05
2019-03-09,0.3018966274223387,0.2963792223647838,3.488519692811579e-05,0.29831097432896364,2.621299254044821e-05
2019-03-13,0.3142885228732298,0.2951336396210413,6.858068966720678e-05,0.30389805603323206,3.2681075614351404e-05
2019-03-14,0.32159954659190687,0.303421285951171,3.655227129893779e-05,0.30856920106202346,2.4402760335059664e-05
2019-03-15,0.33274631462212606,0.3074969561902135,3.6825134383459324e-05,0.3156077199670163,2.480850662609847e-05
2019-03-16,0.3342435718264085,0.3143538917083808,3.590041396385142e-05,0.3203343682314515,2.5577948329204216e-05
2019-03-19,0.32502569606503,0.3189239634336438,4.577634436059079e-05,0.32116274165451686,3.179796454776892e-05
2019-03-20,0.31572552618489175,0.32020789725261767,4.643402792097776e-05,0.3184007437893668,3.637281385022076e-05
2019-03-25,0.3137025415742948,0.30852837554163487,8.434945291370951e-05,0.3111861076727805,4.032845944936508e-05
2019-03-26,0.30523870964565714,0.309446254386004,4.815793121089159e-05,0.30851496584015037,2.7414973765296054e-05
2019-03-27,0.3066843823459366,0.30668959972116716,3.734822198013341e-05,0.30652034887486934,2.480841136718481e-05
2019-03-31,0.2970678144905325,0.29594744002143974,7.338724871913172e-05,0.2967949748682457,3.47481808432955e-05
2019-04-01,0.3129702706001145,0.2945561021662041,4.0550849632611346e-05,0.30096971337811296,2.748597893710785e-05
2019-04-02,0.3191070268581927,0.29879077466477466,3.295583612954854e-05,0.3045910488362357,2.1491043345265136e-05
2019-04-06,0.3331747304724675,0.30512839258229696,6.661387596077022e-05,0.3171918131787892,4.579794185652959e-05
2019-04-07,0.3312883675716784,0.319751171988367,6.911554554587818e-05,0.32532542631619177,4.342226813048097e-05
2019-04-08,0.34459085795119543,0.3265202930097459,4.42151065954446e-05,0.3328147171800416,2.7458427927750937e-05
2019-04-09,0.3332444474492014,0.3320457505243092,4.174340361232518e-05,0.33295934676898065,2.2117248287945703e-05
2019-04-12,0.32723260533588705,0.32995089185813364,4.4658727241257684e-05,0.329220148020814,2.990794292292254e-05
2019-04-13,0.31631829721636523,0.3268159865000163,4.3376584966549036e-05,0.3234485264262734,2.7919754951413333e-05
2019-04-14,0.3136985392325325,0.32163965489126006,3.9121303963379756e-05,0.3189273736045984,2.5528392750200845e-05
2019-04-18,0.2995146584076153,0.31693568453993665,0.00010948104984435494,0.30734619028612664,4.52057821448807e-05
2019-04-19,0.2885491483566602,0.3054456494319284,5.755390230593487e-05,0.2982506519536929,3.692662192602342e-05
2019-04-20,0.2988915107244243,0.29609013538584905,5.138076698004989e-05,0.2967407793985075,3.8488264973317784e-05
2019-04-21,0.29353167117828993,0.2951883935323431,4.289232024642879e-05,0.29493447119046984,2.3382859693870902e-05
2019-04-24,0.30151225310431756,0.30155556089620583,0.0001698536374905474,0.3018728125786463,6.516871270270212e-05
2019-04-25,0.31764810780431996,0.3088872853337285,0.00010153788772551968,0.31367589470771073,5.337457629466609e-05
2019-04-26,0.32781976388359363,0.31725374730685746,6.483216539574653e-05,0.32105392972562696,3.620901536629658e-05
2019-04-30,0.31646283435902967,0.3161426130626895,7.875735065634422e-05,0.3172322423487447,3.464998770086053e-05
2019-05-01,0.31490261911810086,0.31430188931342096,5.0373931004082327e-05,0.3141969298375894,2.9066353808649495e-05
2019-05-02,0.3154946776770912,0.31156642695030945,3.230498617460928e-05,0.31304022504991963,2.2142934738294717e-05
2019-05-03,0.31444554436820693,0.3112911607505096,3.612148342461034e-05,0.31259247767761084,2.4004979422838482e-05
2019-05-07,0.327743524052536,0.30327315904692115,6.22155998572022e-05,0.3138904868436687,4.3492381496999196e-05
2019-05-08,0.3376570198060365,0.3115330948140611,5.427958490846994e-05,0.3219749767086336,2.514801602885914e-05
2019-05-12,0.32149435232244006,0.3138398419083715,6.494209212030077e-05,0.31688449885063136,3.917563795614828e-05
2019-05-13,0.3085414647025566,0.31404578848166126,5.313571240264067e-05,0.3119001735052935,3.418293092196106e-05
2019-05-14,0.30635593161244096,0.3089254206526164,4.814599992485818e-05,0.308264569038501,2.912782269612283e-05
2019-05-15,0.3025815769925796,0.30436951147268976,4.073596634170307e-05,0.3040730880359996,2.3948844949366942e-05
2019-05-18,0.3020242146348435,0.30781111366817965,0.00013089238913778408,0.3040471355985983,5.045061745971468e-05
2019-05-19,0.31005266691583316,0.3070377841124272,7.40339073775728e-05,0.30803973115511474,3.759691913757841e-05
2019-05-25,0.31673551697319213,0.31030203234040776,0.00019796764778054224,0.31438584937798336,6.466451074906333e-05
2019-05-26,0.3179245975625544,0.3131972582079552,7.999147937694645e-05,0.3160346296102164,4.08909021328018e-05
2019-05-30,0.3095364505030137,0.3089802588542736,0.00010409965379736426,0.3093734217658272,4.716133797986232e-05
2019-05-31,0.2996992268443194,0.30556439899145027,5.5482907191645876e-05,0.3025456177631708,3.6241096557982795e-05
2019-06-01,0.30447496060698076,0.2977652632095981,5.5253044449891306e-05,0.3012247490923454,2.9445482077252077e-05
2019-06-05,0.3187583300798382,0.2960849261100092,0.0001970271413095286,0.3126083922206635,6.0576036800056916e-05
2019-06-07,0.3182780205563443,0.3126438605703776,9.740796738417926e-05,0.31638950020594686,4.7866420700132065e-05
2019-06-08,0.3048685627902032,0.3138977037113068,5.752677088818834e-05,0.31051965010936916,3.804971354315342e-05
2019-06-11,0.308852252874015,0.3044577052703755,7.00087752948384e-05,0.3064265141458246,3.712367770623191e-05
2019-06-12,0.30737292023592755,0.30407141408395233,4.783520426122487e-05,0.30505728916256414,3.123153513026487e-05
2019-06-13,0.2995133093021727,0.3010518611227981,4.658674043936319e-05,0.30077585423951914,2.8687943203636534e-05
2019-06-17,0.29157151227463346,0.2894288350853168,7.499005534581395e-05,0.29028312976727494,3.489779973796645e-05
2019-06-18,0.30083201185875047,0.28621902503156305,4.1777083140829904e-05,0.2918839677010315,2.9495058872242118e-05
2019-06-19,0.30714325358658084,0.2886718807102755,4.2171316387101515e-05,0.29502712314120605,2.6444584598627275e-05
2019-06-20,0.296805418744968,0.29274378698314196,3.606993690405894e-05,0.2941878890229833,2.2124947381252512e-05
2019-06-23,0.2877536891086024,0.28667161880876074,6.0337432671615694e-05,0.287562634724458,4.3519569573591695e-05
2019-06-24,0.29692226543583167,0.28342893641123906,5.2859830823192236e-05,0.2882834739061613,3.24517742760958e-05
2019-06-25,0.3058600122353425,0.28431654237339177,4.019208394907719e-05,0.29193782186065853,2.4005622846429978e-05
2019-06-29,0.3150166817885772,0.2738875302733612,5.496766903119207e-05,0.29033792854727186,2.951448305816235e-05
2019-06-30,0.33132786786697843,0.2855162330459505,3.618790104024372e-05,0.299617399591368,2.363122357052495e-05
2019-07-01,0.33203054833087314,0.29562653476376755,3.068518901715619e-05,0.3053709549663775,2.0906209184802532e-05
2019-07-02,0.31640969651858564,0.30151935208952385,3.0442800049721236e-05,0.3059306325050761,2.1652149023616447e-05
2019-07-05,0.30533948577391035,0.2899423199309965,4.3316427217817516e-05,0.2953896377325225,2.8050587440642002e-05
2019-07-06,0.30687447365637366,0.29119280921086543,3.9416590744665496e-05,0.29651138096773005,2.500600311577217e-05
2019-07-07,0.3191160753796074,0.29125896771566245,3.4899802047508065e-05,0.29987668906289494,1.993009094323252e-05
2019-07-11,0.31672707002162953,0.28581155180134915,6.92803786074419e-05,0.3004089469867707,3.9896178286601295e-05
2019-07-12,0.32017648298649865,0.2960140735192982,5.408399303629457e-05,0.3058181813356999,3.556236520776765e-05
2019-07-13,0.3082544712452273,0.3015895727908759,4.7743076239855785e-05,0.3036189166136506,3.4824087625252503e-05
2019-07-14,0.2926769879254088,0.29949648194990314,4.869543715689228e-05,0.29749621824986355,2.8947505388458695e-05
2019-07-17,0.2880859068131446,0.28384815050030426,5.3952004184146134e-05,0.28538785864828925,3.517640054842632e-05
2019-07-18,0.2874938413667387,0.28189020606609866,4.600011840081975e-05,0.28368355290324393,3.2009835442945724e-05
2019-07-23,0.2698160265790713,0.2638591879196329,5.324553331319652e-05,0.26654936594794154,2.4905054163777206e-05
2019-07-24,0.2648998800800771,0.26265100121594925,3.584950303772771e-05,0.26323644002056046,2.492150654747069e-05
2019-07-25,0.2588126244764166,0.25971483569300124,3.6109281573403444e-05,0.2592257125283529,2.6792771614357275e-05
2019-07-29,0.2516573047506458,0.2572472197009874,0.00010848517902643586,0.2532617195699963,4.152369677268233e-05
2019-07-30,0.2584415742521088,0.25253412709161827,3.9979679328834143e-05,0.2543471425488175,2.3296369574477817e-05
2019-07-31,0.2478436434135372,0.2535253747759622,3.095311213372677e-05,0.25197587464845744,2.4578141815118413e-05
2019-08-04,0.24736773345392005,0.24584287777671318,4.4959206157961885e-05,0.2462538703857253,3.790303293938112e-05
2019-08-05,0.25033365033029253,0.24441962987414825,5.123480436359944e-05,0.2468211461956794,3.1439562605802943e-05
2019-08-06,0.25365630088864777,0.2446016193125159,4.6541033633205874e-05,0.2481407612414052,3.128357867155779e-05
2019-08-07,0.255148805454756,0.2522119714564367,0.00011066842284646402,0.25325421749074883,4.456223763162855e-05
2019-08-10,0.2541794970807811,0.254176428281567,8.649312178175223e-05,0.25435902209554806,3.3018222565350604e-05
2019-08-11,0.259412510091165,0.25867772595207905,6.624787386111593e-05,0.25902559239585005,2.891217667919452e-05
2019-08-12,0.2605515740112007,0.26090050537477705,4.6160438348361426e-05,0.26036513859718796,2.8201913622824787e-05
2019-08-16,0.25198626143297637,0.2573461795176603,5.64385185807886e-05,0.25562804394418603,3.325280155229643e-05
2019-08-17,0.24813896785784503,0.25432232745199806,4.462209224544326e-05,0.25228124646251027,2.8029656373807918e-05
2019-08-18,0.24895212761193203,0.2517311671359743,4.161089151884372e-05,0.25074161531117356,2.6724455257873277e-05
2019-08-19,0.24394999013836444,0.25033779587483757,3.8961432013478934e-05,0.2479041563409365,2.426493110277525e-05
2019-08-23,0.24708550784715202,0.24419116139282265,6.0904942344983125e-05,0.2457089287100205,3.5175376970223816e-05
2019-08-24,0.24740415129028176,0.2444568477126593,4.569080772634692e-05,0.24540661360750257,3.1611837802557736e-05
2019-08-28,0.24572151749475377,0.24025870734880483,6.181981334105157e-05,0.24252455138232187,3.551261390952482e-05
2019-08-29,0.24658895810110748,0.24148590302280662,3.940517856560931e-05,0.24316134440005455,2.1599719214218025e-05
2019-08-30,0.2435579599743147,0.24160161791871512,2.7836482610909328e-05,0.24221744948591575,2.1502544305536334e-05
2019-08-31,0.2393099133626024,0.24060972215546067,2.658770504906894e-05,0.2402155744918703,2.1026413478338138e-05
2019-09-03,0.23494433703613818,0.23713487130136365,4.097952435067162e-05,0.2364283277753211,2.809250266461241e-05
2019-09-04,0.24274121904501328,0.23520848176135728,3.807400086599957e-05,0.23778495194574256,2.7408154982109153e-05
2019-09-05,0.23619931454457452,0.23629848078936078,3.536956057194596e-05,0.23642402336717164,3.162457506270913e-05
2019-09-09,0.23963264161696957,0.23275843224263287,6.497503585662239e-05,0.235601162037024,3.249821769881381e-05
2019-09-10,0.24086504281356239,0.23546224111541394,3.6636494094259484e-05,0.23710384800482448,2.7560636005971596e-05
2019-09-11,0.23761687738665987,0.23627880069374818,3.299618304990098e-05,0.23647903727793124,2.1866254658254293e-05
2019-09-12,0.23942608236472473,0.23586383957120713,2.8009844888783016e-05,0.23736513978159424,2.1743071184576837e-05
2019-09-15,0.2423834473148246,0.23388831548138447,3.778388635490695e-05,0.23681321631937846,2.3976596961101278e-05
2019-09-16,0.23999842082871664,0.23518914198969754,2.807855201117547e-05,0.23637364479096223,2.365168856036454e-05
2019-09-21,0.24037093054142886,0.2307054581610951,5.1402023018789715e-05,0.2348792129760849,2.5188298415401368e-05
2019-09-22,0.24638270314462707,0.23609470570807128,3.402502910949614e-05,0.23892102348172048,2.2074260722154152e-05
2019-09-23,0.25689146293277526,0.23905552727063445,3.322119385948567e-05,0.2444415242715878,2.4344763034815693e-05
2019-09-27,0.2587328463551607,0.24500586862519513,4.866102025343017e-05,0.25028349644441733,3.025873307077854e-05
2019-09-28,0.2675952387121265,0.250094414229604,3.501217962133597e-05,0.2553029881323269,2.2058710604462613e-05
2019-09-29,0.2620408628228822,0.2551344465158571,3.0512073520097242e-05,0.25724235004128015,2.3874361772305955e-05
2019-10-03,0.26114631298518737,0.255068632055646,4.810251046212658e-05,0.25719478215808705,2.9687787205769993e-05
2019-10-04,0.27080296382182245,0.25738979954904734,4.4255059658128456e-05,0.262549394818827,3.007787957716794e-05
2019-10-05,0.2598968517129552,0.26153791104840046,3.618110010597268e-05,0.2607771700658937,2.139353043057396e-05
2019-10-06,0.25603291345740503,0.26061368220935593,3.3096408201987657e-05,0.2590698106167346,2.002869924239365e-05
2019-10-09,0.2610721753624381,0.2563295053487505,4.463269361957372e-05,0.2579075716028684,2.952268035532444e-05
2019-10-10,0.2579835919213589,0.25749699191294556,3.604933153903261e-05,0.25742670010811225,2.1722747681068896e-05
2019-10-11,0.25685629458492765,0.25655725776817956,3.121319962121374e-05,0.2566227699067043,2.374902077738903e-05
2019-10-15,0.25804576898853976,0.28130060985155464,0.00039381583050579196,0.2620652950264209,7.679141472635064e-05
2019-10-16,0.2576666309571398,0.26333377065988156,9.23308531930897e-05,0.259333183898871,4.069253026772724e-05
2019-10-17,0.26603520656432433,0.26007767494125594,4.426826485239432e-05,0.2626722524002351,3.307734732805963e-05
2019-10-18,0.2679893075254868,0.2649588632357987,4.519531848442977e-05,0.26599182467297383,2.645941350554023e-05
2019-10-21,0.277562646894999,0.27044589560988075,6.371601653187526e-05,0.2737979711563112,3.1648719337278456e-05
2019-10-22,0.2817932291947473,0.28009750466840194,6.1835160927498e-05,0.2803804319939938,3.330416496709215e-05
2019-10-23,0.28803698610276096,0.29717089421006126,0.00018154920102753357,0.29033886665290826,5.8058410292200014e-05
2019-10-27,0.29780260672466097,0.305463769394523,0.00012469475027304495,0.30117007215170954,5.8644427794447113e-05
2019-10-28,0.3043721757577836,0.30068278296864215,6.331251018104255e-05,0.30265671161178287,2.9033812956891117e-05
2019-10-29,0.3027038236952984,0.3017201113197831,3.464085216970666e-05,0.30180403340831763,2.6028624184734466e-05
2019-10-30,0.297314354830185,0.30138217519429517,3.812976639119222e-05,0.3004377593734638,2.570268255859764e-05
2019-11-02,0.29897354303744944,0.3214870577080467,0.00015814242763276135,0.30616791531421106,4.849099244174722e-05
2019-11-03,0.3084851337304149,0.319479410036534,0.0001270451247786875,0.3134615208858518,4.599897805032892e-05
2019-11-04,0.31779382170502973,0.3314907126045849,0.0001861363324360245,0.3226264633990778,4.9770759928920544e-05
2019-11-08,0.33498237614225373,0.3490806497872503,0.00011897835869181475,0.34028777814157474,5.626215623175779e-05
2019-11-09,0.3369975955162088,0.34278444847861933,7.003403152456399e-05,0.3404875228648766,4.4525028679999535e-05
2019-11-10,0.328893768053956,0.3418549838433448,5.564935602455038e-05,0.3364633777573606,3.1462205205491865e-05
2019-11-11,0.3338400662701631,0.33894084071295366,4.492560873644627e-05,0.3371032784292827,2.464093481984269e-05
2019-11-14,0.3336777078488692,0.34399209795913976,6.821910298923374e-05,0.33967987564165036,3.653637029306806e-05
2019-11-15,0.3411397591607452,0.348270215637638,6.8777850455519e-05,0.34507977306600873,2.8573410076757642e-05
2019-11-16,0.34613642335835776,0.3530266456382883,5.5860348815137104e-05,0.35022911472546575,3.465207383311849e-05
2019-11-20,0.34281554746028853,0.3611569100006935,6.191523496161189e-05,0.3530895814612294,3.339512038607022e-05
2019-11-21,0.3428915492820756,0.3523380016097242,4.12447285888572e-05,0.34949745912052926,2.583986219741614e-05
2019-11-22,0.3369606693702763,0.34995280015617203,3.5569741887408275e-05,0.3460723555335869,2.6468576589444404e-05
2019-11-23,0.3482596791392878,0.3491440681826283,3.4626449382797864e-05,0.34880527166610376,3.0871365934479194e-05
2019-11-26,0.36239847798699787,0.3528922382308491,6.066047662103978e-05,0.35706258440954713,3.426743570635113e-05
2019-11-27,0.37153780483862453,0.35874174149042626,4.35649592008595e-05,0.3631387727340041,3.355992763125274e-05
2019-11-28,0.3777603932874043,0.3653122560231638,3.766073590928686e-05,0.3692358654313113,2.7565402634103973e-05
2019-12-03,0.3818255070690487,0.3714380787271553,7.150005400579985e-05,0.37597541151025493,3.8464028982503514e-05
2019-12-04,0.3861271827803329,0.37403990379895397,4.691627304130363e-05,0.3789369446333313,2.705503685971204e-05
2019-12-05,0.373835928847149,0.3767095033643591,3.660531862510119e-05,0.3752911136854209,2.6033772596283295e-05
2019-12-08,0.3699092057139995,0.3720715335899044,3.887747092114658e-05,0.37135199370156563,2.474810519992016e-05
2019-12-09,0.3705112220518305,0.37343529664365144,3.140991338295775e-05,0.3723588623160061,2.5734163830527047e-05
2019-12-10,0.36967440720340694,0.3720952022807842,3.157640658009698e-05,0.37139256784243085,2.8032229877352415e-05
2019-12-14,0.3702651076628221,0.3993217150420286,0.00018058074645672798,0.3799940706256592,6.182392673805341e-05
2019-12-15,0.375511395295557,0.37873372005360667,6.156243641383934e-05,0.37725548510301726,3.22753763038892e-05
2019-12-16,0.386338274556832,0.37578844873875505,3.477943625649626e-05,0.3796658436745578,2.6681724515088417e-05
2019-12-17,0.38656344582289726,0.37803112856562043,3.143404808459674e-05,0.38078844152852986,2.4446440124310477e-05
2019-12-20,0.38038437953915116,0.38120786349197566,4.261955950092468e-05,0.38123476733562073,3.0936587158116246e-05
2019-12-21,0.3837686625377626,0.3923503814269719,0.00011074796574205423,0.3873476086867611,5.176170754461899e-05
2019-12-22,0.39283880873426846,0.4050794950262083,0.00021111645059157964,0.3961425749447271,5.412781842464787e-05
2019-12-23,0.40100883052444436,0.39617854544922965,4.122904781944105e-05,0.3973820442445547,2.6429944239157038e-05
2019-12-26,0.3962915279914644,0.38936754449463323,3.1806578745402825e-05,0.39122540816605617,2.541901000212288e-05
2019-12-27,0.39777663827062437,0.38757388823501543,3.142187468863346e-05,0.39024840968063784,2.652368732287502e-05
2019-12-28,0.3918736743179954,0.3866907498375638,4.064515214441493e-05,0.38856558891575366,2.7378033089277803e-05
2019-12-29,0.3836243984069378,0.3856678487405141,2.9276240477811376e-05,0.385017800580308,2.1015860819067887e-05
2020-01-01,0.3739322205905168,0.37760878190284763,4.751496672080377e-05,0.37635661754780514,4.01600887245166e-05
2020-01-02,0.3704486179841074,0.37437829052079247,4.479175497390067e-05,0.3729284649500821,2.606617610794469e-05
2020-01-03,0.3745463627799998,0.37043417427291736,2.977596388213768e-05,0.3716777392585397,2.4088678341818562e-05
2020-01-04,0.37264662247212643,0.3702337339207811,2.9692404868992034e-05,0.3711521584422644,1.9753874935904325e-05
2020-01-07,0.3609712296400784,0.366864945503707,3.592386211159358e-05,0.3647759903556409,3.0137390948594356e-05
2020-01-08,0.36209736153782834,0.3641854996594683,3.225396295186215e-05,0.363393155455505,2.7876633491930204e-05
2020-01-09,0.36728072507601833,0.3633142629388471,3.191875473091636e-05,0.3641548294496252,2.0568125127469472e-05
2020-01-10,0.36829916182681516,0.3636222858065764,2.299894917210992e-05,0.36437498874271135,1.6252801718410524e-05
2020-01-13,0.3623120123044767,0.36305239578926946,3.242435281000991e-05,0.3631525438526023,2.23358423493951e-05
2020-01-14,0.36130184595559484,0.361697172144779,2.9771561594840832e-05,0.36172373132442476,2.3611153726925525e-05
2020-01-15,0.3592782874105684,0.3604318566105084,2.971358471920883e-05,0.36036315119833584,2.2385932936267996e-05
2020-01-16,0.35918099835110234,0.3593317664941699,3.184703828596489e-05,0.3594362071731758,2.4133609413526347e-05
2020-01-19,0.34491230807263096,0.36406124683148683,4.499603101723025e-05,0.35710578093433726,2.6628670971792887e-05
2020-01-20,0.34573608775022346,0.3572202554542605,3.649100079358199e-05,0.3536991798883647,2.510400332873688e-05
2020-01-21,0.339836180855534,0.35370174222260664,3.273412036557193e-05,0.3498271460825355,2.362456975440151e-05
2020-01-22,0.3463407907408544,0.35458765989932645,4.164052774167458e-05,0.352366198414804,2.486521796352245e-05
2020-01-25,0.34598682264660563,0.3562933796217753,6.012774495177855e-05,0.35148843882766817,3.722913244087768e-05
2020-01-26,0.3463038539612448,0.3526171307259833,4.935338463539822e-05,0.35025493586613815,3.140808947554426e-05
2020-01-27,0.3538786603177048,0.35180121222021293,4.4532209818486905e-05,0.3522606478581908,2.5340027294643052e-05
2020-01-28,0.3582945672318737,0.3538780570033454,3.3973897467526884e-05,0.35508474770683174,2.2887955528404166e-05
2020-01-31,0.36500389212931944,0.36611241587854054,9.011071381046027e-05,0.36500997492723075,4.600231828084987e-05
2020-02-01,0.3639980326408037,0.3675522935123323,4.0774244226759604e-05,0.36647308612246043,2.333008839300075e-05
2020-02-03,0.36648644211314335,0.364119458105099,3.463574117524489e-05,0.3650502591435006,2.0812846758253853e-05
2020-02-06,0.36138887712473955,0.3613642874053628,3.287434077723269e-05,0.36107119597527126,2.24332152582863e-05
2020-02-07,0.3617609317372223,0.35965342048772536,2.61295935486058e-05,0.3599887700832782,1.9590538327997726e-05
2020-02-08,0.3596454283083,0.35909771394221457,2.9349309081451307e-05,0.3588993073060778,1.9149538293131524e-05
2020-02-09,0.36204661111813513,0.3577077351737985,2.5470178258973532e-05,0.3585798087079759,1.9568367842662373e-05
2020-02-12,0.3626844596537686,0.3569291625675169,4.299607680445921e-05,0.35887518314744965,2.7788147168801114e-05
2020-02-13,0.3609648119436227,0.35826589488399585,3.380709641591474e-05,0.3586707657200135,2.2209385628399246e-05
2020-02-14,0.3543039967108864,0.3574496807850071,2.9665342383912568e-05,0.35679690094343003,2.0454403121854834e-05
2020-02-15,0.35629428338349134,0.35590746338896473,2.4679654920255247e-05,0.35598263420002724,1.8260868402875208e-05
2020-02-18,0.35517861705670817,0.35340375899055165,4.411138405581705e-05,0.35409430363821115,2.7475517812437934e-05
2020-02-19,0.35077097604516244,0.3535695608600131,3.539341112334058e-05,0.3521533581135068,1.7918597266596542e-05
2020-02-20,0.34487327494165976,0.3507696036512575,2.5047591312965958e-05,0.3493316446611616,1.943640497487691e-05
2020-02-21,0.34933045939676477,0.34839752978083033,2.7712001348286607e-05,0.3486801168328953,2.1641131891302237e-05
2020-02-24,0.3416807072072671,0.3445691128238238,5.709700398522522e-05,0.3433314966929501,3.2111125034961014e-05
2020-02-25,0.3505740757473229,0.3432287295921268,4.981153685528319e-05,0.34564434584675935,3.7272152054296175e-05
2020-02-26,0.35602244613382533,0.345892912290253,5.500010257034625e-05,0.34950323907673836,3.212119299693782e-05
2020-02-27,0.3625228181939834,0.3560565897490619,7.192061071832281e-05,0.3595527904384069,3.944544107383064e-05
2020-03-01,0.3710215264348627,0.36485436450864916,6.271279564581501e-05,0.3679409624454063,4.0948990746936004e-05
2020-03-02,0.37792346354311146,0.37629425784508214,0.00011554135922906605,0.3768231697929606,4.6732684984021584e-05
2020-03-03,0.3833818553533658,0.38866461358778104,0.00016775346897415414,0.3840838064149264,6.878357603839573e-05
2020-03-04,0.3879390123382751,0.38771860561116733,8.441353238446132e-05,0.3880927099909228,4.633770988512855e-05
2020-03-07,0.38991587656539034,0.39483542881349004,8.278635184829151e-05,0.3925972699220627,4.180114169254248e-05
2020-03-08,0.3947799117113678,0.3894874865771795,4.942014558021233e-05,0.3906721814720681,3.0386527150235573e-05
2020-03-09,0.39575839365498355,0.38849500686522087,3.7200315351655965e-05,0.3907876460054368,2.6508905627944396e-05
2020-03-10,0.39334046623290986,0.38825542134738916,2.971352012071514e-05,0.3899712499655067,1.6768826982402164e-05
2020-03-13,0.39340152914529125,0.37974520977273835,3.586809954595205e-05,0.3838937042747782,3.2181141731421876e-05
2020-03-14,0.3887764553409048,0.380719248627885,3.244595512342487e-05,0.38294890554176453,2.1076531527192905e-05
2020-03-15,0.38817805509484543,0.3798689410698557,2.9054332500041907e-05,0.38199896075269174,2.1805244458840288e-05
2020-03-16,0.39286898012274857,0.3834529736835194,4.5186312462819884e-05,0.38764114260645444,2.369532906720654e-05
2020-03-19,0.3884921487066468,0.37784317844498183,4.033100679184695e-05,0.38197937781622193,2.928896992552809e-05
2020-03-20,0.3823991433744588,0.3783983125645131,4.082354312062403e-05,0.37982916116249915,3.0406283345830085e-05
2020-03-21,0.3778226577164769,0.37611667001113397,4.177336557786457e-05,0.37695227740741627,2.574977845528937e-05
2020-03-22,0.3767708355282003,0.3730163247892267,3.36683876471353e-05,0.3743068989147135,2.197645346940397e-05
2020-03-26,0.37006973977715807,0.3649856260899227,3.7159776012603055e-05,0.3668335268866919,2.3653759102173934e-05
2020-03-27,0.3694608609505437,0.3647292323557349,3.651536022201528e-05,0.3664689819658807,2.4663280974206135e-05
2020-03-28,0.3680862355139466,0.3644089797448708,2.8511780660493147e-05,0.3652265326401957,2.0744930762502617e-05
2020-03-31,0.36179363091242084,0.35938258139289436,4.436747105363753e-05,0.3602200565747061,2.8222149643866558e-05
2020-04-01,0.36015122395515536,0.3581775964033021,4.2764295854826056e-05,0.3590500745131608,3.433109980418597e-05
2020-04-02,0.3526210089865285,0.35757622282139306,3.978149545513327e-05,0.3558300841591043,2.8689664684533463e-05
2020-04-03,0.34692568826377845,0.3532743156378993,3.973360609242715e-05,0.35121987453458475,2.1617823698178163e-05
2020-04-06,0.3410585524706864,0.3435159200810187,5.363351874008909e-05,0.3429577856834564,3.011485183493531e-05
2020-04-07,0.33732363153978157,0.34039788190856696,3.723528739429132e-05,0.3392697448532291,2.893499745430479e-05
2020-04-08,0.32682628456002977,0.3367290262743082,3.722608666739635e-05,0.33323282265224985,2.259526600034075e-05
2020-04-09,0.32341733081718055,0.330358312226419,3.415755912649377e-05,0.32806614886867164,2.3187539304800277e-05
2020-04-12,0.331585341478879,0.3184060307990859,5.292002389636893e-05,0.3244373437014096,3.397569761471332e-05
2020-04-13,0.33482315937859036,0.3228426199741145,4.440531746452716e-05,0.32749035921628933,3.537251234581823e-05
2020-04-14,0.3229364117055138,0.3249267471822865,4.2999451359082386e-05,0.3235606818600947,3.0170727788465928e-05
2020-04-15,0.3130858103869974,0.3210553997695769,3.934787813418926e-05,0.31853757970144064,2.5113142195782084e-05
2020-04-18,0.3217605248031067,0.3102869553601092,5.840452264704262e-05,0.31497790085048455,3.33849553096898e-05
2020-04-19,0.3325876235471533,0.3133861317446113,4.2287708175847875e-05,0.3204934365000796,2.6022026633920122e-05
2020-04-20,0.33503906802914724,0.32014532119876327,3.4076724439997516e-05,0.32414012191455244,2.5848381859899916e-05
2020-04-21,0.34528900180608957,0.33257794409828345,9.528116878318626e-05,0.33872871156652906,4.235147257248275e-05
2020-04-24,0.34485115034486497,0.3390751457275581,7.423419978050679e-05,0.34125522823150467,3.9290959449369927e-05
2020-04-25,0.34687351240305025,0.3395765756254107,4.778706014013905e-05,0.342422041379716,3.139355873845771e-05
2020-04-26,0.3470348470939187,0.3409512135202765,3.733275012587417e-05,0.34318980871332194,2.3870333010368508e-05
2020-04-27,0.35487043602733387,0.3439192025597354,3.967438692162061e-05,0.34721685782552625,2.7086884792401595e-05
2020-04-30,0.3607342112486592,0.34980898870666705,7.26310565195445e-05,0.3547417053732107,3.9739436515275566e-05
2020-05-01,0.36567838960865034,0.36022480378820143,6.484079285945307e-05,0.3629048873729759,3.1551431692476156e-05
2020-05-02,0.374329150171844,0.3656502806501812,4.505882725703697e-05,0.3682217400617677,2.534308809100515e-05
2020-05-03,0.37429362989940523,0.36655707469031185,2.9713754291060674e-05,0.368631628847796,2.1634702004925127e-05
2020-05-06,0.36273549989380927,0.35841233978527126,4.19546830951171e-05,0.35964401064755747,2.2419520507268377e-05
2020-05-07,0.3603229538133499,0.35594353943883583,3.01955826261415e-05,0.35701498046143987,2.0092748439284903e-05
2020-05-08,0.34178489473583284,0.353962558137173,3.100178893426718e-05,0.35063994578586344,2.4049148690798497e-05
2020-05-09,0.3339546282125149,0.3481978259317608,3.7928373678704536e-05,0.3438285834189431,2.6920569618878683e-05
2020-05-12,0.34368123827355385,0.3829591574223373,0.00027271386787825467,0.3525732702411745,6.938246296668031e-05
2020-05-13,0.35275638746741267,0.35852233908937287,7.561025320303909e-05,0.3560892017833055,3.593895711047053e-05
2020-05-14,0.3619395906465003,0.35972308221863836,5.3331727262634624e-05,0.36128221838898966,3.688612332847587e-05
2020-05-15,0.3652865042221405,0.36152815242146963,4.9928835803157384e-05,0.3632748842839457,3.3973274372549984e-05
2020-05-18,0.3550610514050603,0.3537941206652896,4.641389335781681e-05,0.35442878234037606,2.512047340517179e-05
2020-05-19,0.3421659611808804,0.3510345434272883,3.414509720428607e-05,0.3484976528164186,2.4121475835417545e-05
2020-05-20,0.3389678487978613,0.34460924881877764,3.507801929243444e-05,0.3427254273062075,2.8176227448721555e-05
2020-05-21,0.3387495218154007,0.33864208919004796,3.6818604280622955e-05,0.3385018309178413,2.810193514890778e-05
2020-05-24,0.3296895482345913,0.3284643141690475,5.954422639549024e-05,0.3290466865936276,3.366326811878685e-05
2020-05-25,0.33215740994248166,0.3253054959714379,3.845817399084899e-05,0.3271794625222432,2.6061054705144294e-05
2020-05-26,0.3194542014053656,0.3234024629377772,4.694979764196859e-05,0.32192235301513755,3.267335129385863e-05
2020-05-27,0.3165266579947026,0.31754108207433396,3.844629918932919e-05,0.3169999775046689,2.7676715493781434e-05
2020-05-30,0.31376636973161215,0.3031605395483528,7.716874470789286e-05,0.30817159924093807,4.350681090016591e-05
2020-05-31,0.3159291243631438,0.3036273463780499,5.4238661036029623e-05,0.30831824616455134,3.0256305746734577e-05
2020-06-01,0.29825053259085677,0.30522516966497654,3.570170909837991e-05,0.30306248500538296,2.1857059517522297e-05
2020-06-02,0.3030243199097374,0.29912084814585793,3.473259715114506e-05,0.29991881837467654,2.4843478355817376e-05
2020-06-05,0.30453177062880615,0.29356183947431025,6.464100662679806e-05,0.29860011110584134,3.447181912958358e-05
2020-06-06,0.3110848860532167,0.29745103988290583,4.9076933427905664e-05,0.30262530424593714,2.9148942147064865e-05
2020-06-07,0.3164407822555079,0.30163136920540956,4.1838056540821566e-05,0.3067777430233709,2.3522987538765012e-05
2020-06-08,0.3250194446052022,0.3078412351002608,3.563381886565455e-05,0.3129964402804741,2.4709910269633768e-05
2020-06-11,0.332823901191699,0.32648890348621934,0.00012757297751555958,0.32974937747495064,3.7632705791494024e-05
2020-06-12,0.3343123051071885,0.329989149699668,5.2767035304921684e-05,0.33090351940244633,3.094266780778716e-05
2020-06-13,0.33562723576670866,0.3295533277097062,4.285604323874204e-05,0.33114490301741434,2.8230528371153554e-05
2020-06-14,0.3334363946866554,0.3294629172532067,4.184423006795995e-05,0.3309355434919378,2.8433946029245843e-05
2020-06-17,0.32846871910996217,0.3256195861856601,6.373372725824478e-05,0.32718254751609904,4.2147749538684444e-05
2020-06-18,0.33563055517692153,0.32562541433636233,4.677429568318698e-05,0.32981838119223894,3.206829947989393e-05
2020-06-19,0.33417433025680443,0.32681484254542525,4.051127237916687e-05,0.32933163645795444,2.6239469125181207e-05
2020-06-20,0.3300970408215863,0.3268497328454162,4.2253665776061475e-05,0.32803374954903153,2.763456258578735e-05
2020-06-23,0.32631266402250564,0.31662304785510903,5.133198553947093e-05,0.32033649501696226,2.8539453678940074e-05
2020-06-24,0.3196500212290924,0.3152645216734018,3.795842265004156e-05,0.3163768759114978,3.137515957130374e-05
2020-06-25,0.31903939455562713,0.3126158176506838,3.8469765826738756e-05,0.3146669825482847,2.8861689960422736e-05
2020-06-26,0.3249178760297814,0.3105470982079862,4.222078003823068e-05,0.3155991685930414,3.16137759460084e-05
2020-06-29,0.30972886405117067,0.30935014777424646,6.707851910634448e-05,0.3101057968968029,3.719887734915735e-05
2020-06-30,0.3189387101226189,0.30651161285292094,5.438933712340354e-05,0.31158456622302283,2.777103798318868e-05
2020-07-01,0.3298863603654749,0.3084116026851697,3.870576634526238e-05,0.3154939354126013,3.2618811838503336e-05
2020-07-02,0.3259797992614682,0.31357001718002897,3.580321252211849e-05,0.3173365392058933,2.735249324955956e-05
2020-07-05,0.3244089797294093,0.3064184044993545,6.428730349612121e-05,0.3142975221945104,3.7040757497425555e-05
2020-07-06,0.3230125814563017,0.3113764574358231,4.725223552648005e-05,0.3151156731203043,3.2394530167948336e-05
2020-07-07,0.3111612717439141,0.3108079661328293,4.684384943679073e-05,0.31039679496828826,3.096247686567926e-05
2020-07-08,0.30174970968456893,0.3051601238496099,4.595279010151702e-05,0.30380518137300766,3.083621312069992e-05
2020-07-11,0.29357590409267154,0.29007805612484716,5.79563525777153e-05,0.2913956528882493,3.484243482356256e-05
2020-07-12,0.28949641705943824,0.2868301425342564,4.386593463427784e-05,0.2874606852061842,2.921268597787517e-05
2020-07-13,0.2846877187788898,0.28256015591770384,4.057676217243357e-05,0.2834509491775138,2.474814455311096e-05
2020-07-14,0.2741856440978173,0.2802740137938927,3.220646017539026e-05,0.27788387510959717,1.9552194576173663e-05
2020-07-17,0.26814616248226747,0.27062736846210017,3.913910485689508e-05,0.2696999117236776,2.431386979428641e-05
2020-07-18,0.2697764782213778,0.2658074913892678,2.6950767609390162e-05,0.2666899723610937,2.0106897274812854e-05
2020-07-20,0.26297382715054535,0.25939235900958146,3.9031355067495675e-05,0.26098560587513847,3.005550988250703e-05
2020-07-23,0.2611285055075078,0.25224934276817,4.7462657636714956e-05,0.2548862336816603,3.3169296332192366e-05
2020-07-24,0.2663049959981505,0.25240576875268317,3.833084393880491e-05,0.25657230007016435,2.7519322045851977e-05
2020-07-25,0.2593814094276627,0.25428845725162685,3.860186784908733e-05,0.2562896782217279,2.5034504934987314e-05
2020-07-26,0.25754857790707913,0.25395214944638267,3.4229994452130554e-05,0.25514491073798473,2.14073075539818e-05
2020-07-29,0.25009559873446285,0.2482799059147461,3.909298425682096e-05,0.24873813523194202,2.4661141951511218e-05
2020-07-30,0.24485574867477616,0.24607381019318783,2.905818245371191e-05,0.24614529985529504,2.2511837013947368e-05
2020-07-31,0.24001734005118194,0.24391857209528225,3.167237745971126e-05,0.2425938953058011,2.2055940561301927e-05
2020-08-01,0.23750178694742527,0.24049190447870195,2.9190984666212875e-05,0.23990190254832394,2.2366217423203647e-05
2020-08-04,0.2295455469538402,0.23552764494438666,4.3181519577539805e-05,0.2335914991598477,2.8366637867769972e-05
2020-08-05,0.2284131603757404,0.23184432007941339,3.0112804878211344e-05,0.23117459616944105,2.2168043721406316e-05
2020-08-06,0.22588706077549897,0.23003529632934971,3.149547410348782e-05,0.22906582079410395,2.7250798069721574e-05
2020-08-07,0.22652172613556426,0.22722332706451312,3.271618390031093e-05,0.22729959565288527,2.3199617028574738e-05
2020-08-10,0.2191603501564814,0.22378793610075745,4.8564450662340695e-05,0.22192039481510903,3.4257877692562096e-05
2020-08-11,0.2200776932694991,0.2214475640637916,4.722381035440766e-05,0.22106643697066286,2.731551485465805e-05
2020-08-12,0.22730188637039225,0.22063518464791806,3.6493473620316995e-05,0.22215247273330632,2.570002771666345e-05
2020-08-13,0.2300841614403011,0.22154667554063362,3.4440489569996246e-05,0.22386836612451816,2.7677034256123762e-05
2020-08-16,0.22783083738787893,0.2238471546640482,6.151336469593028e-05,0.22509315775403477,3.277678687342704e-05
2020-08-17,0.22931574875287933,0.22518708182786665,3.5364853117244975e-05,0.22659076738887507,2.226342084099837e-05
2020-08-18,0.2256849388157669,0.22627354556139373,3.0027916221253085e-05,0.22597034609344377,2.053574591625585e-05
2020-08-19,0.22494499259506373,0.22545213253182714,2.1683303902950713e-05,0.22498611324201906,1.618948955481841e-05
2020-08-22,0.2247685090096215,0.22719743964849048,6.499293985975016e-05,0.22647524579246756,3.154124318611626e-05
2020-08-23,0.22690771426252926,0.22713092245998975,3.713107430015163e-05,0.22730462301680132,2.393630503224588e-05
2020-08-24,0.22199446930277864,0.22735132280345957,2.8224083767024156e-05,0.22570979618174963,2.1150183243558527e-05
2020-08-25,0.21936578574939386,0.22544057124157926,3.0430108832933786e-05,0.22364162625999867,2.3251202382742687e-05
2020-08-28,0.22681364526521722,0.2235950266771039,3.803398712611578e-05,0.22439396730998992,2.7199270076424022e-05
2020-08-29,0.2277302867028707,0.2261592810254795,3.704823676206211e-05,0.2269007347419506,2.1646246928837684e-05
2020-08-30,0.2285354503272481,0.22808901827303668,3.9181175478047054e-05,0.22791308989483913,2.1515666992759818e-05
2020-08-31,0.23048829550444316,0.22869654100397077,2.8290791329386043e-05,0.22923333624383763,2.0368893510744294e-05
2020-09-03,0.2315116694525127,0.22888201325809363,4.2639334015621723e-05,0.23001963890964522,2.4394125184434617e-05
2020-09-04,0.2261664477244285,0.22924267501407172,4.163756691182669e-05,0.22831689192737697,2.34782131119747e-05
2020-09-05,0.22185718614351932,0.22741211204305653,2.792298844023443e-05,0.22603871561352346,1.7111299654203936e-05
2020-09-06,0.2232525689797786,0.22556996086423647,2.8011436846639137e-05,0.22518636815998197,2.2920742870024888e-05
2020-09-09,0.22630211801395608,0.2229112598926758,4.451623732448429e-05,0.22469130347644137,2.421546708242952e-05
2020-09-10,0.22566806813515228,0.2235621565939015,3.2118014552482354e-05,0.22397607302175943,2.5031752841500926e-05
2020-09-11,0.22073737837669186,0.22366001729510562,3.285423417440909e-05,0.22286610897376466,1.806951188807833e-05
2020-09-12,0.21998392406625847,0.2222521991137071,2.652812714448745e-05,0.2218375198817559,1.874414741873482e-05
2020-09-15,0.21496285857139713,0.22021280531781287,3.3531527070248945e-05,0.2186741492570083,2.072992211779785e-05
2020-09-16,0.20980975368621238,0.21776781609908294,2.470170093934303e-05,0.21596682783694754,1.7485770219032148e-05
2020-09-17,0.20869293457028965,0.21482858488020987,2.586979900317777e-05,0.21368445628041743,2.0118998980130513e-05
2020-09-18,0.20401290203030492,0.21317048073977685,3.13174361336771e-05,0.2110104369587739,2.1474599544513348e-05
2020-09-21,0.21649053402022694,0.21215436617854494,5.1794247416341794e-05,0.21358112111050837,2.6283486450136685e-05
2020-09-22,0.228442427468476,0.21850226694255878,7.308671936720754e-05,0.22379353464546592,4.424154240002572e-05
2020-09-23,0.227672709493825,0.22534192941087253,5.2550555165201425e-05,0.22674555286856418,2.8887818579119263e-05
2020-09-24,0.23981684378297274,0.23215055263025325,5.6295710481631266e-05,0.23547102314222204,3.4996991355177624e-05
2020-09-27,0.2452026655354435,0.2569897104349923,0.00011278472873059752,0.24999079984875044,4.353230983601614e-05
2020-09-28,0.24423634476362371,0.251208217318252,5.3745244007083556e-05,0.2487368785705606,4.4724103997443795e-05
2020-09-29,0.24919906079272736,0.2488872042088841,4.9211780654106374e-05,0.24875147420325378,3.277896751399963e-05
2020-09-30,0.25698193460758634,0.2485785549369719,3.322574091406287e-05,0.25105465905541324,2.231783094940172e-05
2020-10-03,0.26579000626064536,0.27131766060376444,0.00014506169435126722,0.268273976055822,4.941306813440047e-05
2020-10-04,0.2777136233894368,0.2759063483974039,8.40225073228389e-05,0.27664496109823666,4.136686597947962e-05
2020-10-05,0.28179404339848335,0.2793542651659074,5.427799948639142e-05,0.2796862437946309,2.9732878086908743e-05
2020-10-06,0.2918968993954108,0.2926533976704206,9.610415114386943e-05,0.29218024063224485,4.439566679481384e-05
2020-10-09,0.3064958627857689,0.2960172083042593,7.384785736245527e-05,0.3014797589543923,2.5615271252155165e-05
2020-10-10,0.3103460671372502,0.3008743475072421,2.9967918656998555e-05,0.30334886622946433,2.2476639052334206e-05
2020-10-11,0.3081234007589539,0.3023542516676001,3.0373872753697205e-05,0.30402190245847316,2.0757800744401244e-05
2020-10-12,0.3099420717858504,0.30316543164097937,3.9490235224431346e-05,0.30540290136326675,2.6420770863065923e-05
2020-10-15,0.32225282404733835,0.31528998025687777,0.00010034434744751375,0.3184507042635115,4.693712424472816e-05
2020-10-16,0.3226056835043916,0.31843353809664365,5.4981515810696945e-05,0.3204289333856651,3.208258431748962e-05
2020-10-17,0.3314380336658256,0.3202972914336806,3.9682504490720816e-05,0.32339878237719366,3.0845120037599916e-05
2020-10-18,0.3282590930851738,0.32275707488501376,4.16301250502293e-05,0.32429305021567684,2.7360183382391597e-05
2020-10-21,0.3250290792237357,0.32145533703834467,6.123670681511578e-05,0.3221240893803561,2.9706051279578945e-05
2020-10-22,0.3240347004367182,0.32129092886446087,4.170950568598525e-05,0.3225568638799804,2.3428768572742172e-05
2020-10-23,0.32201881232841945,0.3234649080182798,3.3744353335874354e-05,0.32336287819772536,2.059179165653916e-05
2020-10-24,0.3114608022201583,0.32292406215660113,3.288700686182106e-05,0.3197739595059267,2.7711159169068994e-05
2020-10-27,0.31974037933657157,0.3345537982886518,0.00012043591762522741,0.32564461246536175,4.781928613251182e-05
2020-10-28,0.3210387420015384,0.3264618874183378,5.9832740416952006e-05,0.32383628246872065,3.9379180142861535e-05
2020-10-29,0.32012165586870617,0.32334651700710154,5.136107018402783e-05,0.3217047129630089,2.6934613603305837e-05
2020-10-30,0.31526921279173303,0.3208875212437515,3.092941897967116e-05,0.31952360776208766,2.3574816704555877e-05
2020-11-02,0.3236765515665853,0.3173123092715513,5.276756591022157e-05,0.3194738492285613,4.094032156742148e-05
2020-11-03,0.3242968565727036,0.31967674899899257,4.879966538769017e-05,0.32133500026313094,3.052455524260945e-05
2020-11-04,0.312977918176644,0.32102465792650053,4.110972916368847e-05,0.3176266650967642,2.445829744837452e-05
2020-11-05,0.31484779091549486,0.31679971029016696,3.047136504065969e-05,0.31605728276502854,2.561485115925547e-05
2020-11-08,0.3284177727905334,0.31420476263602015,5.032430484882138e-05,0.31983933912808377,3.233907979054341e-05
2020-11-09,0.32915060335634616,0.32016295740830875,3.672909785077731e-05,0.3230764633872495,2.282663948556516e-05
2020-11-10,0.32871252866420636,0.32424120459575173,3.6163074666149456e-05,0.3260387418464114,2.554802764548197e-05
2020-11-11,0.3237548665507805,0.3266902644435229,4.111185757346283e-05,0.3254493533391306,2.552706477005487e-05
2020-11-14,0.3284103173803661,0.323754505580806,6.0471804110872646e-05,0.3254722012232702,3.581789965626973e-05
2020-11-15,0.33893004333518145,0.32988868440941177,6.661988237261434e-05,0.33432318745987016,3.4034037282589335e-05
2020-11-16,0.32891313924075394,0.33578513429427465,5.1023338066022695e-05,0.3330531059454798,2.7840093021526125e-05
2020-11-17,0.3304933945108287,0.33314078402102965,3.465545587199818e-05,0.3325991208858257,2.3174202261174018e-05
2020-11-20,0.3316310708592235,0.33163016100562964,5.180482537838427e-05,0.33109228870557234,3.3673923098472146e-05
2020-11-21,0.3214359588430799,0.3307116914701699,3.878260613615109e-05,0.3275749579857741,3.030478852272799e-05
2020-11-22,0.31279495654940054,0.3273444330101991,3.7586162646542877e-05,0.3227709768577476,2.5844609328352015e-05
2020-11-23,0.30479488484603834,0.32221503724450995,3.599813487607375e-05,0.3168396345151456,2.7483067504943032e-05
2020-11-26,0.2999500581608842,0.31482999260018457,4.8310360030663766e-05,0.3090764147578268,2.6400053482414994e-05
2020-11-27,0.31071607411952706,0.30852510203360206,3.280295853800229e-05,0.3086010530886498,2.6469947507988905e-05
2020-11-28,0.3169701947806486,0.3083365502597234,3.875109222184434e-05,0.31088824111917396,3.1275711312264184e-05
2020-11-29,0.31738008399013323,0.3110361004165147,3.7353740215053063e-05,0.31283640095179915,2.6526223338713436e-05
2020-12-02,0.31859511931004736,0.311511697229478,4.344084591373991e-05,0.3136946343561847,2.8938940580239786e-05
2020-12-03,0.32900656410461576,0.31427474274312567,3.8426400544447634e-05,0.3189318066471774,2.735451595790852e-05
2020-12-04,0.33762790676781873,0.3215832420101456,4.476543951982915e-05,0.3275559434194744,2.3599039834279408e-05
2020-12-08,0.34804447568520736,0.3479927031957228,0.00011763955776142871,0.34850975845575993,4.044599437786858e-05
2020-12-09,0.3610015968678977,0.35064301326383857,5.775264227906357e-05,0.35534237392133966,4.040029595627783e-05
2020-12-10,0.36920027431968555,0.3669523880058896,8.573907521612818e-05,0.3680820513847884,3.6358581415440776e-05
2020-12-11,0.3788598754528446,0.3827549638237997,0.00012951712403821996,0.3799725041803456,4.9689230048196765e-05
2020-12-14,0.38710270428312804,0.3818828986786976,4.918654920309746e-05,0.3837113708199022,3.4044344900360585e-05
2020-12-15,0.38876398852035415,0.3839547113876148,3.4447708460586336e-05,0.38540309607123857,2.499432375147593e-05
2020-12-16,0.39045955935850757,0.38348980576349406,3.129288193157191e-05,0.38592079405442403,2.280657909263928e-05
2020-12-17,0.3885604177283357,0.3833752310895529,2.7581252179223313e-05,0.3846321181032787,1.932027413245714e-05
2020-12-20,0.38804279445091194,0.37890030985038486,2.7715464248759313e-05,0.38166572289358996,2.3325379467888916e-05
2020-12-21,0.3857117611254174,0.3810944369607759,2.558916618567232e-05,0.38205625413582145,1.865535356526654e-05
2020-12-22,0.37664167936618786,0.3793987144740665,2.595232269765886e-05,0.3789625341116232,1.8398230112259108e-05
2020-12-23,0.3854199949508048,0.37725470869220734,2.703962216067997e-05,0.3796533823656002,2.0408573403173703e-05
2020-12-26,0.3761084973669023,0.3766230996942133,2.902160904548969e-05,0.37663996165372965,2.1632070239229898e-05
2020-12-27,0.38552870561799796,0.3809281300601149,3.487913257053383e-05,0.3822012558731509,2.578986766391828e-05
2020-12-28,0.39413725401113175,0.39634180890382714,0.00011824646100497946,0.39554527702865144,4.27198140143858e-05
2020-12-29,0.39917907543351966,0.395584845356031,4.7723737339010476e-05,0.3968288100174871,2.8163846774031147e-05
2021-01-13,0.38189978278610615,0.3696283784170599,4.639325518175607e-05,0.3741424402945789,3.146700573004276e-05
2021-01-14,0.36036043501195436,0.3735913676545091,3.8535180149687454e-05,0.3695457891861747,2.7870926099409354e-05
2021-01-15,0.3519505531564697,0.36899444349762556,3.419905505606981e-05,0.3643066680168572,2.0477654744521584e-05
2021-01-19,0.35595660479757796,0.36372430719475873,4.9410886363074445e-05,0.3604529591707567,3.209996861515414e-05
2021-01-20,0.34680715929178124,0.35969888686606216,4.1258639720314574e-05,0.3553114575005531,2.7266596846967465e-05
2021-01-21,0.33938642388395285,0.35699435078079395,3.327751429847153e-05,0.3519993898818751,2.2736650147153017e-05
2021-01-22,0.3456759138610742,0.35652385368305317,5.338752018833366e-05,0.3518906336516382,3.553656691661564e-05
2021-01-26,0.3536218005172381,0.38149280862983714,0.00015715298326359322,0.3635303568677857,3.7064038093890844e-05
2021-01-27,0.36664070073844757,0.3657877602181383,4.626995172721719e-05,0.3657439555551418,3.5694740748664875e-05
2021-01-28,0.37365319335527736,0.3670388308838348,3.899665578640117e-05,0.3690343941175717,2.699731371579964e-05
2021-02-01,0.38002350085867587,0.4057221410249068,0.0001693422139800747,0.3889942275042488,6.030639519397863e-05
2021-02-02,0.38592555145824237,0.3893142323428117,6.42110028030702e-05,0.38768968218864275,3.353788926922336e-05
2021-02-03,0.39258181309160634,0.3857501666279184,3.961687608633412e-05,0.38792913385482847,2.388041562910479e-05
2021-02-06,0.39555381970788006,0.3841260309706045,3.881997177887065e-05,0.38741358284094174,2.784825210352022e-05
2021-02-07,0.39102369966642,0.3872294055890533,4.3646435228025733e-05,0.38837925059932304,3.2139325433948024e-05
2021-02-08,0.39418835769191135,0.39262804381907407,4.1859632306788614e-05,0.39324255795606916,2.879995907984432e-05
2021-02-09,0.3989317376739885,0.39470548029673935,3.4562344976050234e-05,0.396352429378361,2.1833267487249607e-05
2021-02-13,0.3901606123901107,0.3929083960744497,4.7313609565663224e-05,0.3920024541614201,3.174088167764518e-05
2021-02-14,0.3901391204271223,0.3884115712736383,3.3560635899252e-05,0.38915307718540293,2.4581310431174626e-05
2021-02-15,0.39177635021885115,0.3856613596988464,4.02510180150439e-05,0.3879457146806687,2.6992917284382842e-05
2021-02-18,0.3890724613217397,0.37816623905509367,3.3861800532083026e-05,0.3815231647258178,2.4307513641504773e-05
2021-02-19,0.38262730397646005,0.3779009923806169,3.054179287411737e-05,0.3792986971471919,2.228768505738679e-05
2021-02-20,0.3828376081156009,0.37628204691759604,2.8207775460599406e-05,0.37847076538494123,1.971223663744371e-05
2021-02-21,0.38274736955998934,0.3755285567528449,2.8882808942988505e-05,0.3772333718919198,2.09670235918191e-05
2021-02-24,0.38197010959330946,0.3698495556244914,3.788951737235671e-05,0.3735651163268498,2.5545520834139374e-05
2021-02-25,0.3873760595324183,0.3707403191440771,2.8176860395774256e-05,0.3748800430712926,1.8503475267673655e-05
2021-02-26,0.37481962811989405,0.3721311477645578,2.3167378605846825e-05,0.37275660888722856,2.005776503223865e-05
2021-02-27,0.37261969947384915,0.3700803644572454,2.574942743889647e-05,0.37057337472056273,2.1926580435856534e-05
2021-03-02,0.3655133463271397,0.36316183762733706,4.177194298303977e-05,0.3638069183572226,2.770962675239228e-05
2021-03-03,0.3669408353541487,0.36208196600590353,3.1121308076260644e-05,0.363124009126121,2.0242822097399735e-05
2021-03-04,0.3653255231147078,0.36112199773863024,2.8526545153161248e-05,0.36221139510212824,2.1770843137156307e-05
2021-03-05,0.3634671175726495,0.36023757490186187,2.4427905310831673e-05,0.36101957660722944,1.7654770389389286e-05
2021-03-08,0.35566179794878855,0.3563623165396684,4.0774905666997614e-05,0.35631524183332575,2.9490772494183656e-05
2021-03-09,0.3484542111669325,0.35563396901291466,3.724816373346282e-05,0.35347499784507636,2.120143478963253e-05
2021-03-10,0.3456791308243826,0.35225627989488173,3.510482981883697e-05,0.3502925739543363,2.785450762925684e-05
2021-03-11,0.34586524673159674,0.3495953499990086,3.251030206518481e-05,0.3483760933232846,2.0853978939455003e-05
2021-03-14,0.3445205233447893,0.34800978962442014,5.7131182227414364e-05,0.3467381148556655,3.4866597301948836e-05
2021-03-15,0.34553325462509576,0.3463721658392639,4.703829275448495e-05,0.3465449291884483,3.071982709657073e-05
2021-03-16,0.34935190562842194,0.3454409219576087,3.223131192505291e-05,0.34656567667003635,2.1215065728948427e-05
2021-03-17,0.3454946202219418,0.34608538470397954,2.673669430227425e-05,0.3458398468921596,1.880048411373361e-05
2021-03-20,0.3407407803999091,0.34732782611389035,6.414386637510135e-05,0.34440690131063256,4.550925259993004e-05
2021-03-21,0.33815309957772866,0.3427979295731188,5.8193399738924216e-05,0.3396117906871447,3.370426953285028e-05
2021-03-22,0.3375585723008904,0.33867023682480957,4.087791024536987e-05,0.3383409458903169,2.5432702387786154e-05
2021-03-23,0.3322996087797444,0.3365454910454726,3.4387701382548545e-05,0.33537014289385797,2.5868056158951435e-05
2021-03-26,0.3271226015108009,0.3299011070607497,4.693092982999692e-05,0.32924720083941234,2.827722344817457e-05
2021-03-27,0.32566208193718005,0.32765719308279534,3.4208176311171156e-05,0.32722691033142304,2.561422513516277e-05
2021-03-28,0.32694013413422374,0.32560244771552965,3.294727561516351e-05,0.32633444101180126,2.1835556275674077e-05
2021-03-29,0.32197556408993144,0.3240352560402286,3.21310617266658e-05,0.32356662332851927,2.688463082131273e-05
2021-04-01,0.31330653749731385,0.3162081759341248,6.219976329565969e-05,0.3149126494658525,2.6110438223955325e-05
2021-04-02,0.3133218540368013,0.31221514000315254,3.793379851451786e-05,0.3126206170648473,2.9857157567499872e-05
2021-04-03,0.31243157295279733,0.3099405319097412,4.02317433631589e-05,0.31034756751829184,2.1474284336921424e-05
2021-04-04,0.30535478108565267,0.30767810263381873,2.798966740293085e-05,0.3074017756837144,2.4199006017501134e-05
2021-04-07,0.2974177863856258,0.3006032701966067,4.835048569974798e-05,0.2993414723430153,3.1726507190031335e-05
2021-04-08,0.2933065620945361,0.2965620712340662,4.280912393049836e-05,0.29550012761062117,3.646545385288122e-05
2021-04-09,0.30091761086441493,0.29378924911327775,5.032853760328182e-05,0.2964161867140871,3.423096426790184e-05
2021-04-10,0.29916553922226863,0.29367179711904656,4.796862349690707e-05,0.2951999728381106,3.23367697462761e-05
2021-04-13,0.28955950896662885,0.2906168028442164,6.131701151432794e-05,0.2899089441164458,3.7235099272821915e-05
2021-04-14,0.28212199281606193,0.2876513069445548,4.497986268568528e-05,0.2860175439207662,2.8520234680347056e-05
2021-04-15,0.2744946938156114,0.2840139409766621,3.835264070868161e-05,0.28101255885780185,3.00775501820552e-05
2021-04-16,0.26684253420172344,0.28001989934002053,3.8114159720307036e-05,0.275722743020525,2.800762580315826e-05
2021-04-19,0.2606830803797027,0.26926794385636105,5.551448131773204e-05,0.2654387383902546,3.0397023670172397e-05
2021-04-20,0.2609226104376729,0.2627707698716554,3.688636555993168e-05,0.26227385117942503,2.3000745252494038e-05
2021-04-21,0.26000921242896413,0.2605448165405802,3.088852340630409e-05,0.26007017234277613,2.7486412806155504e-05
2021-04-22,0.2579606519240372,0.25785338903038946,3.375193177104328e-05,0.25800964644244095,2.2986943828476477e-05
2021-04-25,0.26173597399701304,0.2519687480319324,4.290330037414859e-05,0.25552257063752054,3.075028170361511e-05
2021-04-26,0.2775961827331908,0.25536150188232454,4.3686221855016246e-05,0.26311417294474954,2.12012664698901e-05
2021-04-27,0.2793378794579234,0.26260568505199733,2.6892719106263833e-05,0.2666405799462568,2.1402525405329892e-05
2021-04-28,0.2863698155705108,0.26605737341194957,3.167956541370896e-05,0.2715938609444001,2.152742033676377e-05
2021-05-01,0.28771687903397036,0.2729541096682876,6.229467077662572e-05,0.27885220791259996,3.5487294525514885e-05
2021-05-02,0.27916697147550457,0.2783176992282943,4.837602769732844e-05,0.27902332656880424,2.9994484590545647e-05
2021-05-03,0.2716026830224425,0.27706285734543246,3.439436862817571e-05,0.27545728349934767,2.061509944272207e-05
2021-05-04,0.270093681999346,0.27463034860294583,3.141179815846148e-05,0.27344222982132665,2.178089010473186e-05
2021-05-07,0.2744117945059293,0.27080712075403207,4.310277610618344e-05,0.27177484130321267,2.46140959347612e-05
2021-05-08,0.2776307013722406,0.26912637754042895,3.447381458992701e-05,0.2719704014653028,2.3195867386520157e-05
2021-05-09,0.28887917992624773,0.2724410981774612,4.143741582554112e-05,0.2780168526903242,2.5728043378723656e-05
2021-05-10,0.2980352741695197,0.27781994347805694,3.205296893219825e-05,0.2834478212087148,2.0543710603687058e-05
2021-05-13,0.3109703833650435,0.2893465211164882,7.61127619411838e-05,0.30027938276345945,4.34513080909267e-05
2021-05-14,0.3242054800711615,0.3005938008788559,5.870938872404705e-05,0.31092846617329484,3.025774807844495e-05
2021-05-15,0.3357791593335611,0.3176146191991157,8.128516087877206e-05,0.3261959824766055,4.7719371684863776e-05
2021-05-16,0.33961937467163683,0.33116647460936555,6.173146523197967e-05,0.3347493018032603,2.8280923862002844e-05
2021-05-19,0.33840806083161223,0.3340525486678092,6.208861690100925e-05,0.33598074311907594,3.398093430701886e-05
2021-05-20,0.32945733497541296,0.33258294295029694,4.158240354314491e-05,0.33123457342417795,2.740172744121933e-05
2021-05-21,0.33607401181604324,0.32974073875108323,4.388386680624801e-05,0.331837235031788,3.202441558836091e-05
2021-05-22,0.33616791206592206,0.3308061126466007,4.664050457650669e-05,0.3321120336749892,2.8876447444095927e-05
2021-05-25,0.32407845169618527,0.32469300511438803,6.506703581505824e-05,0.3245009136380867,3.360970058109057e-05
2021-05-26,0.31192875616211535,0.3222618552292273,4.8923919035273406e-05,0.3189933176176026,2.6272179425331057e-05
2021-05-27,0.303976702346399,0.3150963162451703,4.009016356803676e-05,0.31194407850293093,2.9153378446240556e-05
2021-05-28,0.2978793931807644,0.3074754337216411,4.071450029764628e-05,0.30467511867827435,2.4446223288408348e-05
2021-05-31,0.29733699571326316,0.2931232873285954,6.15442901206012e-05,0.29506003745393206,3.542339455512677e-05
2021-06-01,0.3046522098021919,0.29213788535247764,3.9503242764265516e-05,0.2962127864179606,2.978883780986861e-05
2021-06-02,0.29599440043749964,0.29281841792841495,4.542664971517805e-05,0.2936117502640256,2.3810097632401676e-05
2021-06-03,0.2920561174701548,0.29014925148229204,3.1093809042595046e-05,0.29052325972051896,2.2840717287169464e-05
2021-06-06,0.2834736160256598,0.29216822058223374,0.00020019777873074213,0.2856383227697409,6.516427141575478e-05
2021-06-07,0.2851320094304037,0.28303268666096454,7.560048205364958e-05,0.28435396596803136,4.386566621285172e-05
2021-06-08,0.26867410277559206,0.28085209979458065,5.690873693445577e-05,0.27575385363834587,3.2615080152015937e-05
2021-06-09,0.2709394056724486,0.27258728143403205,4.1080009986460484e-05,0.2720962068867531,2.7187018864595794e-05
2021-06-12,0.26217043790812844,0.26348242653178,4.740335447950514e-05,0.26340001110405764,2.908944514229473e-05
2021-06-13,0.2797702046105599,0.2600378129694036,3.485055699726238e-05,0.26595466977417076,2.121695970899438e-05
2021-06-14,0.2892467864750098,0.262215358940075,3.069272096077349e-05,0.26980671355001984,2.1194474981469264e-05
2021-06-15,0.28543019507908707,0.26611493725753027,2.773180667674926e-05,0.27070492322780254,2.003542419318019e-05
2021-06-18,0.2723502254635273,0.26530156826583556,6.583163883866886e-05,0.2687959557510045,3.775053096530693e-05
2021-06-19,0.2903369966613553,0.27092103872566886,6.656423589577627e-05,0.27964766182982276,3.306353620066204e-05
2021-06-20,0.29010897075009484,0.28002284348814566,5.0470225047099957e-05,0.28440280319872924,2.9604651660223186e-05
2021-06-21,0.3050177865707202,0.28438705629840827,3.8911734092811516e-05,0.29082508681666597,2.622279131760451e-05
2021-06-24,0.3024570196229802,0.2889889266915593,5.673093033306898e-05,0.29406908546748023,3.2651593577286955e-05
2021-06-25,0.2848015342919501,0.2917156725606738,4.438541365215007e-05,0.288436268783984,3.1085752219967675e-05
2021-06-26,0.27790760818936167,0.2940145863349639,0.00012003748086013715,0.2844540023438293,4.294058716388113e-05
2021-06-27,0.28149371167245985,0.2930085776929339,0.00011030738334942958,0.287031155289375,4.988287987012221e-05
2021-06-30,0.2736894603885753,0.29125799623958304,8.742325876328464e-05,0.2808075494480596,3.4552971959525374e-05
2021-07-01,0.2710155252098689,0.2780294343012948,3.6432276869237646e-05,0.27597605558463234,2.518839467090204e-05
2021-07-02,0.27404872413430825,0.2734506330097286,3.6445594140090175e-05,0.2733784169325529,2.2427974131638832e-05
2021-07-06,0.28619546603836604,0.27048198051574074,6.226219124278792e-05,0.27724516418777617,2.501913772008989e-05
2021-07-07,0.2932277186630326,0.2786664445358344,3.929501327171076e-05,0.28328385925385713,2.5625464191195223e-05
2021-07-08,0.286149506471064,0.2834081951688531,3.838434102914512e-05,0.2839229065625282,2.337849912845599e-05
2021-07-09,0.27600057524040866,0.28244020539088127,3.479095050151903e-05,0.28134369871052084,2.5136260273153705e-05
2021-07-12,0.2886196651918528,0.27498517800776745,5.640817892677669e-05,0.28038142546077194,3.445913448361371e-05
2021-07-13,0.29391605519739367,0.2810249640672138,4.066876894470702e-05,0.2853296520731419,2.769992052557011e-05
2021-07-14,0.3036562662484864,0.28540058782024375,3.5987666968628086e-05,0.2913732552319277,2.5666452087086254e-05
2021-07-15,0.3053966699560255,0.2900954452508968,3.6561402848844145e-05,0.29443839728015314,2.120674639123975e-05
2021-07-18,0.28663017439498034,0.2857787782020911,5.7709004473614485e-05,0.28601966168886916,3.9577062591987234e-05
2021-07-19,0.28173968354081,0.2820227201308546,5.48037710024334e-05,0.2815826823400264,3.272657902783873e-05
2021-07-20,0.27431814015018335,0.2779798709699072,4.718414882569242e-05,0.2772517633362625,3.313362458376625e-05
2021-07-21,0.2610014397250418,0.27403090136048575,4.3563583806251446e-05,0.2692116460293265,2.7580178624675486e-05
2021-07-24,0.2542510982029963,0.2639367936383748,7.710063953817787e-05,0.2590690088160501,3.9371592515626854e-05
2021-07-25,0.25703031652528624,0.25801593328264216,5.069571005298151e-05,0.25801736017907584,2.7540347172610932e-05
2021-07-26,0.25431088737801577,0.2559495863628265,3.931359121571494e-05,0.25527422014125156,2.679116075205126e-05
2021-07-27,0.2509532383919062,0.2539160185684176,3.05720906796995e-05,0.25297047021212715,1.9415799698275437e-05
2021-07-30,0.24111923336293173,0.25001318277280005,3.888851272468142e-05,0.24666137423063336,2.6497218227761376e-05
2021-07-31,0.25076296877016313,0.24671543130210438,3.938496075728388e-05,0.24773331393592585,3.055248974341441e-05
2021-08-01,0.2572293780859105,0.2479396247975368,4.212913748824794e-05,0.2511030736142335,3.0406612315761496e-05
2021-08-02,0.2556533001504677,0.2501501347240822,4.5489708207569775e-05,0.25214562939427076,2.8784397881373005e-05
2021-08-05,0.24864393094160764,0.25475432164028344,7.046677868373621e-05,0.2519168128586107,3.399829207943375e-05
2021-08-06,0.2516308369078454,0.25181845465365216,4.2748447114276455e-05,0.2509294977961394,2.752735442868843e-05
2021-08-07,0.25323682539083153,0.25093755724020783,4.6964981992065706e-05,0.2509344905670213,2.6058146230257355e-05
2021-08-08,0.24976055914009834,0.2503480972545569,3.326614156175985e-05,0.25015861934376554,2.6270359412655112e-05
2021-08-11,0.24569858047402177,0.24677799834903827,4.314699496087227e-05,0.2467289616205665,3.055077542782405e-05
2021-08-12,0.24394631219967192,0.24656751995400988,4.127478758087854e-05,0.24559476552495313,2.3289725447999412e-05
2021-08-13,0.23970029565994488,0.24493800502648416,3.1045150542522836e-05,0.2432978822288991,2.14275392979764e-05
2021-08-14,0.23705977925527655,0.24176144920561118,3.2343588112306005e-05,0.24013462439438593,2.1989586084580738e-05
2021-08-17,0.23044427966877037,0.2374481828165954,5.178205306146493e-05,0.23478984969029146,3.0111375792735685e-05
2021-08-18,0.22648812565265625,0.2338606185010862,3.453880651127994e-05,0.23176188383163723,2.8898529581634317e-05
2021-08-19,0.224999289628701,0.23100393671658515,4.062298570943407e-05,0.2286733093762333,2.8613873420804156e-05
2021-08-20,0.22596351693004477,0.22760825344798946,3.3934553614575566e-05,0.22753129502753566,2.63233887253912e-05
2021-08-23,0.22756004136277372,0.2241218185200492,4.21153274813401e-05,0.2255198586087353,2.3990676634237832e-05
2021-08-24,0.22633685284731198,0.2242396172019629,3.291054242872369e-05,0.22531466148432966,2.7483335107236855e-05
2021-08-25,0.22852776717352524,0.22420551777532385,3.108773687237864e-05,0.22537260680564386,2.2394287041789452e-05
2021-08-26,0.22453749707506765,0.22464124666362534,2.5628606550471686e-05,0.22458221296905856,1.945811752043832e-05
2021-08-29,0.22029993402208192,0.22141142416741372,3.847774849500988e-05,0.22123814379281115,2.894667162813922e-05
2021-08-30,0.21864868430715093,0.2207001641254878,3.6874968166875805e-05,0.21989075319418488,2.1038564304210094e-05
2021-08-31,0.21708949469709313,0.21939047782573154,2.6922894997186884e-05,0.21849705829755198,1.80803305014301e-05
2021-09-01,0.2157556201506363,0.21791398425214703,2.7050371044112766e-05,0.21712690866189935,2.278215732435423e-05
2021-09-04,0.22424637618258428,0.21663568493250066,4.6564783011573484e-05,0.21919489624963398,3.4997985003694085e-05
2021-09-05,0.22596643080119394,0.21875473706646087,3.584609264995658e-05,0.22100449965539629,2.5493445960860367e-05
2021-09-06,0.22945941284442795,0.22041115294606248,3.000807311196967e-05,0.22338158721361373,2.02323146210975e-05
2021-09-07,0.2275085612396771,0.2230895140983616,3.4033120371415734e-05,0.2245671845780505,2.671956758663586e-05
2021-09-10,0.2303086108312403,0.25522146086204095,0.0004557755371481338,0.2336537776055344,5.959413384007495e-05
2021-09-11,0.23538788184437587,0.23494200211183464,6.494137053410321e-05,0.23539619014156293,4.296471223149619e-05
2021-09-12,0.23734812072963501,0.23595011170045685,5.413426841966194e-05,0.23633006332157067,2.7596278277821838e-05
2021-09-13,0.2331554434492283,0.23633706992129191,3.470042338903539e-05,0.2353454067457486,2.5556034592502152e-05
2021-09-16,0.241707165115591,0.2368987773985824,5.841497400825881e-05,0.23848599676387394,3.6429682737385974e-05
2021-09-17,0.24670081098853364,0.2388747549219921,4.2524240533512035e-05,0.24187481534983435,2.4674058098244746e-05
2021-09-18,0.2551460223939111,0.24766799541015547,6.029959536849428e-05,0.25108822597013375,3.783835716824384e-05
2021-09-19,0.25712171210259976,0.25339620582526906,5.535083206142702e-05,0.2547102338508986,3.2956717771989544e-05
2021-09-22,0.25684797043044544,0.2613404873753338,6.698329381434821e-05,0.2595650266702903,3.468924363435486e-05
2021-09-23,0.2624372633336043,0.25941010502064493,3.895092472851413e-05,0.2606399650595257,2.490598422542409e-05
2021-09-24,0.2598628613268798,0.2596159071108006,3.090504562153633e-05,0.25981909980733453,2.1458128877202598e-05
2021-09-25,0.2605443090867697,0.25955345985558276,2.8378135935467897e-05,0.25987671676452506,1.8595178697786668e-05
2021-09-28,0.2713636048859165,0.25729000200092483,5.5669890965357175e-05,0.26280106662668246,3.519036761383651e-05
2021-09-29,0.27533582926933314,0.26221742568872364,3.731181780507093e-05,0.26658487441090567,2.465431334444025e-05
2021-09-30,0.27931203383424946,0.2658512686682346,3.604801442306772e-05,0.2705994364375181,2.222081325001923e-05
2021-10-01,0.2736510157299325,0.2697468334507845,3.056818708682289e-05,0.27090676151333803,2.014040149906759e-05
2021-10-04,0.2853983091810928,0.27200327057443846,7.124541537601814e-05,0.2774878559957349,3.782608196385101e-05
2021-10-05,0.2954723473604173,0.27991219797507855,5.718186739718498e-05,0.2862539490758725,3.149024381265639e-05
2021-10-06,0.3020813191279784,0.28704844274828845,5.532284104803184e-05,0.2928924052727467,3.567215283109896e-05
2021-10-07,0.300040364354218,0.29276613573927623,4.75790359831258e-05,0.2954906000700076,3.4030189048052635e-05
2021-10-10,0.29675728150880243,0.2937143634568061,7.769688716527651e-05,0.2949632787146193,4.088787346186784e-05
2021-10-11,0.2966980147669227,0.29359712636935575,5.186629066313547e-05,0.29492767408210674,3.595249811148765e-05
2021-10-12,0.2923069798712736,0.2935803866974343,4.454581749788797e-05,0.2931839635023558,2.9259929190179148e-05
2021-10-13,0.29150572238072087,0.2916819096236377,3.727148498563928e-05,0.29148688861818545,2.0069225874446317e-05
2021-10-16,0.2925463595340106,0.2863972597655139,4.1142862207821205e-05,0.2888566818394348,2.5024025826014114e-05
2021-10-17,0.2844775873217768,0.2871725800923355,3.533791334697822e-05,0.2865733218729507,2.2541545110806418e-05
2021-10-18,0.28044292474583093,0.2850329838620319,3.1885970179652765e-05,0.2841290915159182,1.984132138075163e-05
2021-10-19,0.28772753474892077,0.2830153067388636,3.208876302650782e-05,0.28451643932891185,2.6013348378781718e-05
2021-10-22,0.29103208504681094,0.28093986632509993,4.3838852543765655e-05,0.2843846022449694,3.042646163498312e-05
2021-10-23,0.2821519476369038,0.2834392848464099,3.669541805549297e-05,0.28334208311077824,2.3668736344862334e-05
2021-10-24,0.2850086590348247,0.2815355457510547,2.887192680989857e-05,0.2824321726413868,2.075120627028712e-05
2021-10-25,0.28390271224439856,0.28096502120846434,3.148181975832272e-05,0.28185775458621726,2.4394315996351753e-05
2021-10-28,0.2808774669748973,0.2784854502451442,4.956609636076032e-05,0.2795982071328485,2.8155952076861072e-05
2021-10-29,0.29061467811189917,0.2790196955859983,4.266612633350375e-05,0.28317040956448736,2.6212739487930894e-05
2021-10-30,0.30370804270307356,0.28218493299685743,3.117537444258977e-05,0.28812143997626843,2.4829609165495897e-05
2021-10-31,0.31510465833723056,0.2893616637636024,3.698875792743305e-05,0.2975660250312264,2.6126719452874575e-05
2021-11-03,0.32621273727955397,0.32029457311975007,0.00015860883683619682,0.3251924784693,5.4516916753071674e-05
2021-11-04,0.3315579309223049,0.32680989437215024,6.115115659032428e-05,0.32934483229053846,3.137935599450314e-05
2021-11-05,0.3416481020039602,0.33029930630553267,4.019629701858215e-05,0.33399667340677186,1.9900349156922175e-05
2021-11-06,0.33030706834334456,0.33485299454898054,3.226617641887581e-05,0.33316253003780427,2.4944420276312633e-05
2021-11-09,0.3289969845784591,0.33301886228026917,6.379898616917692e-05,0.3319611596693202,4.095876501997862e-05
2021-11-10,0.3339418475608293,0.33166556119585566,4.7895954798810593e-05,0.33282009078402,3.5743991476601544e-05
2021-11-11,0.3275138034100859,0.33347582029865064,4.212953192977974e-05,0.33144686819557784,2.9556624270980063e-05
2021-11-12,0.32412646287625246,0.33111137470288854,3.7995574176390825e-05,0.3288418779419351,2.4042823978028347e-05
2021-11-15,0.3258480536908492,0.3305310702535133,5.7291820269377925e-05,0.32860340511062747,3.413225479057558e-05
2021-11-16,0.32895322751146827,0.32832907511229487,4.36759452419964e-05,0.3278358750005784,2.792555621345718e-05
2021-11-17,0.33540664194091657,0.32813918855198226,3.470950391847823e-05,0.3305671551438439,2.228150774752114e-05
2021-11-18,0.3294375995217271,0.3308148736661216,2.930325299513513e-05,0.3305800542436503,2.186935251969283e-05
2021-11-21,0.3170463527549862,0.32893615161439166,4.803930171691501e-05,0.324421238279049,2.8720935586134484e-05
2021-11-22,0.3085119851477918,0.3239883907697623,4.043231571489303e-05,0.31898518379280777,3.07872571008802e-05
2021-11-23,0.31003492094354224,0.31879720929675587,4.2694435613156605e-05,0.31630755723925313,3.1073405459074415e-05
2021-11-24,0.31842355634473973,0.31975039514814585,4.5259631742120443e-05,0.3189982185713418,2.8756332829261246e-05
2021-11-27,0.3261666046244967,0.3412236522674367,0.00013606108862210202,0.3309350399198099,4.66682066965244e-05
2021-12-03,0.332728240969467,0.3429059398334742,0.00011973463183759467,0.33692659205605174,4.488457871909453e-05
2021-12-04,0.3102286944735531,0.3428963062210509,6.049659266151259e-05,0.3284825411063978,3.54944745923122e-05
2021-12-05,0.31221319115602,0.3344760159501523,6.255336617571689e-05,0.32534534007637694,4.1529188175801284e-05
2021-12-06,0.31860304163980596,0.3271195176810612,5.5795938121717465e-05,0.3244209649534425,3.419877985148584e-05
2021-12-09,0.33802060054793875,0.366941981769358,0.0002340576558748308,0.3453693643131938,7.092880173889508e-05
2021-12-10,0.32938327154590796,0.3567970519475716,0.00010277433141424082,0.3413997163577123,4.120508768087752e-05
2021-12-11,0.33570080446994266,0.3451087366151736,4.728170628867092e-05,0.3418075727031768,3.613441955160348e-05
2021-12-12,0.3372532239245232,0.3432475924046458,4.169992529702296e-05,0.3414151077456486,3.5651266783114265e-05
2021-12-15,0.35000243018669897,0.3423525904930436,5.396078286953434e-05,0.34498093208927805,3.770727250591037e-05
2021-12-18,0.3512227658599648,0.344015250105236,5.1951867559182274e-05,0.3463254200515178,3.314048371746084e-05
2021-12-21,0.36632779966699097,0.3448146700814573,6.781203781006692e-05,0.3550458017172264,3.496055686803795e-05
2021-12-22,0.35997245900152286,0.3545758970195248,4.1306173599921995e-05,0.35675509106266745,2.6221585845119654e-05
2021-12-24,0.3644327611393563,0.3559789613205531,3.301737714115728e-05,0.3581929447509542,2.5035516573123676e-05
2021-12-27,0.37311255197536286,0.36006926264057354,5.0778330229686336e-05,0.3654962730547128,3.213100312536002e-05
2021-12-29,0.3825715835482733,0.3690964408498243,4.873328077189901e-05,0.3740996351095358,3.921623461214386e-05
2022-01-03,0.3713213787021985,0.36760167997668847,4.51318195890475e-05,0.36881232038513645,3.349830313617316e-05
2022-01-05,0.3695937031750315,0.36745685578435283,4.609346104848786e-05,0.3685494898070419,2.850026335103449e-05
2022-01-08,0.369327734997543,0.3675267440976566,3.790782010345906e-05,0.36758772280862595,2.3773871355128613e-05
2022-01-10,0.3825271880258879,0.3958281189094644,0.00021266646173315247,0.38607975279499757,6.928231736590448e-05
2022-01-29,0.3602801575325466,0.3617410501224378,5.848512506320667e-05,0.3608858765596218,4.002069815877939e-05
2022-02-01,0.35677314124438647,0.359307654877207,5.6431705676307e-05,0.35811023012205445,4.0572407198949036e-05
2022-02-03,0.3534066936110879,0.35645879365633687,4.381814592958204e-05,0.35514258097116774,3.1053829512087534e-05
2022-02-08,0.3272073095998447,0.35125422842860465,6.503799806095766e-05,0.34107057197619634,4.206352175931726e-05
2022-02-10,0.33460537588510314,0.33835461628763086,6.107244180036876e-05,0.33657930323669677,3.8615765416337464e-05
2022-02-13,0.33229600642359214,0.33490809276413097,6.566976064279193e-05,0.33371564286471106,3.9129969209420976e-05
2022-02-15,0.35410176048052094,0.3417337293412979,7.966954919059038e-05,0.3474753618370282,3.992662483654806e-05
2022-02-20,0.3516745182289679,0.3495708682038703,8.475983608330431e-05,0.35143080309785546,4.328347505883597e-05
2022-02-22,0.3651774466028505,0.3503657632858047,6.974305917055489e-05,0.3571871138651562,4.048598081145699e-05
2022-02-25,0.34808264199844435,0.3540822259936393,5.897213218727142e-05,0.35173417101150584,3.27518615099129e-05
2022-02-27,0.34159690878169013,0.34886833547015966,4.996552698646462e-05,0.3458693890975728,3.360908298703393e-05
2022-03-04,0.3452376976885765,0.3446894049849649,8.717320976279448e-05,0.3448128921637707,3.9712894829137846e-05
2022-03-06,0.350445267567744,0.3459982355760146,6.826680631094908e-05,0.347810077759654,3.5215556312429724e-05
2022-03-09,0.34418054563726774,0.34485449633714055,6.911259803480627e-05,0.34513285449445086,4.170349278084747e-05
2022-03-11,0.3511597612804785,0.35341000662441163,0.00012813372355290924,0.3524027413348484,5.598624652046367e-05
2022-03-16,0.3515998117406655,0.362251924983371,9.261565932243868e-05,0.35604044164904336,4.18801168630991e-05
2022-03-18,0.3545183559740137,0.3589659826644156,5.284181627082759e-05,0.3576726088933949,3.114516049084285e-05
2022-03-21,0.34395540462343144,0.3552050915041062,5.6516964377614595e-05,0.350716742612332,3.0109929527376012e-05
2022-03-23,0.33981358864034505,0.3481356487874409,5.2474213172205466e-05,0.3449833154744399,3.3514782171942413e-05
2022-03-28,0.32959882808960134,0.33436391561930534,9.568553570340055e-05,0.3324547269074629,5.217717632018681e-05
2022-03-30,0.33506857009143315,0.32991270392490746,7.284299036400847e-05,0.3318369606818037,4.4420091611871245e-05
2022-04-09,0.3046781171151729,0.329399884276921,0.0002132769083376454,0.3120177639464525,6.63544436953645e-05
2022-04-11,0.29161990766331713,0.30840256401623994,9.292299562458678e-05,0.29957463468127465,5.343101017227212e-05
2022-04-14,0.2817488280792779,0.30694396184844713,0.00013969648759633047,0.2904223336246346,4.9882604121109286e-05
2022-04-16,0.2886926476598126,0.2875457683370517,6.528542286319416e-05,0.288328631915263,2.9165417875712196e-05
2022-04-21,0.30265312432602237,0.2922386437586224,0.00012834689559910022,0.29880868454203546,4.907831780302685e-05
2022-04-23,0.3085702742230875,0.30694048262561585,0.00012137546250324556,0.30853714896523726,4.977789049336079e-05
2022-04-26,0.29687185237765196,0.308533012999192,9.582137946552236e-05,0.301901978554889,3.865889340111217e-05
2022-04-28,0.2845646420439156,0.30230092832824246,6.365608542487222e-05,0.2943771315438134,3.892779764622118e-05
2022-05-03,0.26578595491274776,0.28846330293523553,9.276792955906546e-05,0.2765343093960641,4.544759921294917e-05
2022-05-05,0.2674896207298599,0.27384276462641977,6.744700646845085e-05,0.2716771719303267,3.9880813228605493e-05
2022-05-08,0.2620556354851048,0.2658607127168418,7.011053922497745e-05,0.2652472851536396,4.106818590887483e-05
2022-05-10,0.2577511298784234,0.2602785511464099,5.488715346259631e-05,0.25922043054517196,3.591930357280267e-05
2022-05-15,0.28719647324558106,0.24902845143380137,7.01518667788236e-05,0.2666349914464475,3.7713239607310775e-05
2022-05-17,0.29492367825993865,0.262898299896799,5.610797814347182e-05,0.2759501585352206,3.519668247900447e-05
2022-05-20,0.27979365021993813,0.2671337407000861,6.745339373466543e-05,0.2723498051087162,3.231278369713129e-05
2022-05-22,0.26785351472413543,0.26581282503158954,5.282479563122504e-05,0.2668171682013958,2.9952625726362418e-05
2022-05-27,0.25482190308716357,0.25699080617058234,6.504966491545715e-05,0.2556335248002774,4.050616925115262e-05
2022-05-29,0.24841468036664408,0.25121006122399964,6.169355081977756e-05,0.2500769085431783,3.3518719117102495e-05
2022-06-01,0.2606801880401699,0.24441637216603682,5.591409704505767e-05,0.25089835644780356,4.119429953882105e-05
2022-06-03,0.2304848867109321,0.24777002054320316,4.644129398877077e-05,0.24124236543991942,2.4027770841949552e-05
2022-06-08,0.25312653460960294,0.2444795504680606,0.00010052282680739705,0.24943200527189047,3.889891856155452e-05
2022-06-10,0.25047127739577907,0.2480372563074131,5.0211103579653105e-05,0.2493897509604131,3.349046081112379e-05
2022-06-13,0.2502202591806781,0.24521270074750715,4.462142100960797e-05,0.24693644576278523,3.4062299373451044e-05
2022-06-15,0.2296411550172751,0.24250387791056688,4.17156586174422e-05,0.23761409944469533,2.7624608373233398e-05
2022-06-20,0.2141449843967056,0.22923402341430982,5.131407224432376e-05,0.22280375270351982,3.073065404442032e-05
2022-06-22,0.17913135366098148,0.22342360530954714,4.833064023282391e-05,0.20720260156092138,3.140644282893852e-05
2022-06-25,0.23138634295554006,0.21047976940703397,7.840581027035315e-05,0.2209744948412146,2.827600778929632e-05
2022-06-27,0.2514388161350858,0.22542692889733526,5.55776960415719e-05,0.2350652377271535,3.0744677739198905e-05
2022-07-02,0.21928610103606988,0.24023243258712065,9.23236077205948e-05,0.22926373861972493,5.9671432888763964e-05
2022-07-04,0.20106034392820826,0.22899838209670548,7.735015758933878e-05,0.2153060619896186,3.334557602652819e-05
2022-07-07,0.19410878696062744,0.2168275626369297,7.363948924209314e-05,0.20635241518664166,3.166276309281294e-05
2022-07-09,0.20329009131870646,0.20559481619107284,4.946677273075913e-05,0.20447729156104874,2.677829608609508e-05
2022-07-14,0.19044703239545663,0.2009194609339078,7.164184694021683e-05,0.1952028228033521,4.418658818423482e-05
2022-07-16,0.1967485695619166,0.19343265611571192,6.902451698810015e-05,0.19505602548883516,3.9133971764979655e-05
2022-07-19,0.19301611083474102,0.19256492569133754,5.818750226110111e-05,0.1926590421430944,3.269308711804734e-05
2022-07-21,0.19928740801131775,0.19141579208356055,5.838097355017124e-05,0.19528023465178757,3.289692189951901e-05
2022-07-26,0.20767307246431577,0.1921096141663243,7.486826331624771e-05,0.20014892712331978,3.4505194926884966e-05
2022-07-28,0.1984744432700714,0.19848702819335956,5.774326920750203e-05,0.19852206972824984,3.6285068158367373e-05
2022-07-31,0.1990049728777009,0.1969916308485544,5.310448687180209e-05,0.19833359276758888,2.8619295104032758e-05
2022-08-02,0.19918619339818672,0.1968954564301102,5.01097902256359e-05,0.19776852318289923,3.275489976369719e-05
2022-08-07,0.19424000318881782,0.19602219727667694,7.762347843566204e-05,0.19473161161967248,3.5541875243058304e-05
2022-08-09,0.19479415101561512,0.19408239429603624,5.033570716826023e-05,0.19420569274122026,2.8970647700191738e-05
2022-08-12,0.19749375267900884,0.19291751690025116,5.711318856675467e-05,0.19523659232749646,2.916689927316436e-05
2022-08-14,0.19671037769171718,0.19802824306055286,7.379798941278891e-05,0.1969193056248063,3.222190809625706e-05
2022-08-19,0.20422064833951017,0.20564809248900842,0.0001397333421817346,0.20475015944220903,4.357461436334618e-05
2022-08-21,0.2054496138850915,0.20582217415978923,5.9557995670686855e-05,0.2060797559369656,3.577818167114148e-05
2022-08-24,0.20466622961798006,0.20689517218616568,6.169421760426625e-05,0.20588107204722483,3.3090714495785274e-05
2022-08-26,0.20530528182817748,0.20549523217487342,5.028825167718575e-05,0.20534639963719614,3.0516400406460057e-05
2022-08-31,0.20953707750796016,0.20481335070052947,6.36433076802101e-05,0.20709783197399836,3.70057881693305e-05
2022-09-05,0.20372376671658343,0.2058867414410733,7.801638023872055e-05,0.20501841351105604,3.996181562652533e-05
2022-09-07,0.1967018097452342,0.20361847311721834,6.133766161760167e-05,0.20108853648282202,3.263720874088322e-05
2022-09-12,0.2038486093570473,0.2007678426422619,7.698276357655797e-05,0.20250961093777506,3.826259664150481e-05
2022-09-14,0.20745706532176525,0.20207945783019238,5.321762071114431e-05,0.20394993994301155,2.9979995767840426e-05
2022-09-17,0.20406310672960312,0.20337882725473658,6.2153108152185e-05,0.20433114105033423,2.967646140199988e-05
2022-09-19,0.19461415833151097,0.20315080570466695,4.578403698614546e-05,0.20009976787492675,3.135668873046513e-05
2022-09-24,0.22016906411219014,0.1988383553563973,6.30313664335202e-05,0.20858518318291808,3.911143157728244e-05
2022-09-26,0.2174850320605678,0.20978020836619446,5.218577587224193e-05,0.21264390375601633,3.4158413899166806e-05
2022-09-29,0.24590547028495838,0.22399233777627547,0.00013441749857222808,0.23766295054765418,4.856237435803194e-05
2022-10-01,0.2351001955859348,0.2420578722785224,7.216254290109164e-05,0.23824934704572154,4.306457967567722e-05
2022-10-06,0.21890178601732774,0.23850989141680684,9.6776648577053e-05,0.22811534204881564,5.082332087835282e-05
2022-10-08,0.21245694997085704,0.22812516568095068,6.305200884150418e-05,0.22095884281669873,3.2074480247574894e-05
2022-10-11,0.21927404450375482,0.22125782729453675,4.2846479089156363e-05,0.22092893946250378,2.3780874069245797e-05
2022-10-13,0.20430066190585566,0.22091215236301107,3.8684553361351455e-05,0.21597379033729083,2.181102369886251e-05
2022-10-18,0.20454741998798456,0.21748087430871293,6.633786403614238e-05,0.21141002804333017,3.169733930063876e-05
2022-10-20,0.21384784219963215,0.2118027751603458,5.15960464197012e-05,0.21260871075902105,2.7705010084969982e-05
2022-10-23,0.220805267446819,0.21401767777621877,5.660915852874425e-05,0.2163723232410988,3.4763157032007303e-05
2022-10-25,0.2196160239841156,0.21653711742647658,4.432934551953822e-05,0.21690643662884526,2.7654372958233517e-05
2022-10-30,0.2018437497182795,0.21574110607178798,6.905814642387597e-05,0.2095232195612754,3.4188977394564126e-05
2022-11-01,0.20108036097559573,0.2103455934987251,5.233859950833918e-05,0.2069960862995103,2.89005689140392e-05
2022-11-04,0.21598510532164655,0.20905079085469663,0.00011146179115608835,0.21241424019430843,5.01533154204835e-05
2022-11-06,0.2217980967521812,0.21483069903443566,7.663390295933813e-05,0.21900624320243808,3.8955939859941286e-05
2022-11-11,0.21694851905764787,0.22241668538771073,8.913683414525749e-05,0.21984836811790676,4.843324209695694e-05
2022-11-13,0.20099813389914728,0.2211735883088899,5.8765464454433386e-05,0.21244514315455182,3.0354873926574985e-05
2022-11-16,0.22649436080492347,0.2169623975114242,7.353213809890387e-05,0.22127418826205908,3.2776193582580175e-05
2022-11-18,0.2530653021195593,0.22820031905792892,7.308299200935398e-05,0.24054832425185224,3.3925611070496156e-05
2022-11-23,0.2911001359637896,0.29247389383788147,0.0002935806445228654,0.29205278760347514,5.691442029236322e-05
2022-11-25,0.3216088336560755,0.3058056030405108,0.00010164684019621277,0.3142712368062616,4.299194295505519e-05
2022-11-28,0.3305284191604065,0.32819450345206247,0.00011169323346275284,0.3292586922192519,4.9991720511378956e-05
2022-11-30,0.3072363162166528,0.333637009166971,7.309009659372773e-05,0.3221739361069285,4.340947711541906e-05
2022-12-05,0.30260120060199275,0.3284894789397265,9.25231703373259e-05,0.31423954874400795,4.7564228761070797e-05
2022-12-07,0.3078471802283427,0.3146235395255072,6.0257331654589875e-05,0.31191909217207736,3.23598041520254e-05
2022-12-17,0.31628158049562666,0.33657999267663613,0.00022020701457459548,0.3221295026771534,5.415908763271998e-05
2022-12-19,0.3496422228127346,0.3224314467004469,8.198362551312898e-05,0.3361555779969623,4.7246663544965665e-05
2022-12-22,0.37069252717803014,0.3408550760436605,6.71296123754917e-05,0.3543561096914626,3.409504409600024e-05
2022-12-24,0.3434014993638765,0.3538989801466624,6.338360983696352e-05,0.3490070785615063,2.8679591184235955e-05
2022-12-29,0.3441578426043594,0.35277902233543734,0.0001001604843828824,0.34727879890413793,5.664291274672671e-05
2022-12-31,0.35460295540513226,0.35001852418090545,8.468184910968575e-05,0.35257593103518947,4.3191976294716986e-05
2023-01-03,0.3732972166202527,0.3526713917576342,7.471161676540624e-05,0.36192526715029955,4.545211798006583e-05
2023-01-05,0.3785375345575282,0.3600076865525446,4.8093575206349926e-05,0.3671759727938165,2.9013008978954324e-05
2023-01-10,0.3860350838028794,0.382436764480137,0.00012984883907125742,0.3838609905434137,6.084993516422482e-05
2023-01-12,0.3993691652368664,0.3807064657015443,6.740223460220137e-05,0.3892848608427215,3.6547394183805694e-05
2023-01-15,0.40168660692458596,0.3837700448938544,3.327325917286038e-05,0.3891345394255822,3.200637227421937e-05
2023-01-17,0.41024476697038914,0.4241742095618229,0.000303221416408149,0.41274408215599434,6.281811167411603e-05
2023-01-27,0.40569026922319573,0.3900426615087765,7.409352954750509e-05,0.3972823734333939,3.490271315111776e-05
2023-02-05,0.3770683398190595,0.37186163551459583,5.383363770181239e-05,0.37372945752698183,3.7316229953206867e-05
2023-02-15,0.35383992594688873,0.3580470350025701,5.401722990881484e-05,0.3573275512097622,4.025430420797851e-05
2023-02-17,0.35125956186441154,0.3547505764771448,4.9602687938842865e-05,0.353456924625648,2.6711900711114003e-05
2023-02-20,0.35281048008129784,0.3493739379417917,5.384680455328856e-05,0.35110292810898436,3.286917108470603e-05
2023-02-22,0.3470693671193856,0.34922383881404884,5.926656729022576e-05,0.348439301324023,3.41443832075179e-05
2023-03-04,0.32226902889919895,0.3574666712565733,0.00011025509299691112,0.3379582292859996,4.601683879514115e-05
2023-03-11,0.34290276307043216,0.3524145759444822,0.0001944590539128153,0.3457308427201635,6.235896006202053e-05
2023-03-13,0.3554439791738879,0.3483349368347915,8.715011169371018e-05,0.35212786591087847,5.4404942448525785e-05
2023-03-16,0.3609245505240133,0.3524790510174679,7.035199617850148e-05,0.3557934707701431,3.524873033035012e-05
2023-03-18,0.37861277414288613,0.35487863330042274,5.4391086094728326e-05,0.36452368924121337,3.853583161799034e-05
2023-03-23,0.3704537916004027,0.3563901733547833,6.158597282041486e-05,0.3629577931296528,3.6785185558732924e-05
2023-03-25,0.36378934416662195,0.35838063461542835,4.615011495766996e-05,0.3604936854323452,3.062791350513756e-05
2023-03-28,0.3589953508004138,0.35648976391283116,5.923009151504135e-05,0.3569824647696011,3.213277556791903e-05
2023-03-30,0.33991447116448376,0.3518859903170778,5.322309270159086e-05,0.34743021110823435,3.3050617333407094e-05
2023-04-04,0.33146369085940824,0.34524088785478296,0.00012246906151771366,0.3374087334148338,4.1367245542472265e-05
2023-04-06,0.3383439279495727,0.33393195838686746,5.7902756875067675e-05,0.33534271381746605,3.623225244442355e-05
2023-04-09,0.33869718984680564,0.32906789850869844,5.774448886682986e-05,0.33369595005806973,3.1880723145848954e-05
2023-04-11,0.32668634185330714,0.32921032842214687,5.1121351453051646e-05,0.3281127829873089,3.224588680369834e-05
2023-04-16,0.30578181530159176,0.3290444433496087,0.00014218777776740248,0.31412202792941474,5.1779990486223774e-05
2023-04-18,0.3014028250104534,0.31032560019155375,6.983260114412769e-05,0.3068776101124995,4.376909230792768e-05
2023-04-21,0.31607013017151053,0.2989678316018749,8.554084905228674e-05,0.30774650150769867,4.4439408958312336e-05
2023-04-23,0.3284148315687753,0.3079997778674951,8.543167318473196e-05,0.31870545466590117,4.5412082153627974e-05
2023-04-28,0.34026380346285057,0.320282618044515,0.00010514516356754538,0.3319331730638194,5.243259637201748e-05
2023-04-30,0.33882570852024896,0.34758822316792987,0.00014500302691378445,0.34112588189284415,4.820407809258478e-05
2023-05-03,0.34384152939137946,0.335968513373831,0.00010300745326875487,0.3401630984171462,4.556049590502383e-05
2023-05-05,0.3342219290578744,0.33531963767921824,7.305037957675699e-05,0.33467982896175663,3.234927605705313e-05
2023-05-10,0.33687720267982435,0.3307220537653665,0.0001110798308063679,0.3337606863001372,4.9204930416472964e-05
2023-05-12,0.3503365226410181,0.33945065199132757,0.00010346255096509399,0.3461545825577065,4.532101678470042e-05
2023-05-15,0.35266977605982963,0.35041205524996294,9.379425251907798e-05,0.3505037181137343,4.0907622379519015e-05
2023-05-17,0.34984085513085006,0.3506849923839164,7.280052455953061e-05,0.3499037662234498,3.8856685737931494e-05
2023-05-22,0.36432285999251723,0.3368992699429571,0.00010298032611124468,0.35263963829073725,4.863843607579679e-05
2023-05-24,0.37631986936191303,0.35667508256361247,0.00010360478937882512,0.3670724872854501,5.092841958720375e-05
2023-05-27,0.36554529830000126,0.3565923627147704,8.167170853877608e-05,0.36193415289763115,4.883580350492547e-05
2023-05-29,0.37517764344634175,0.35673989445539595,7.286187296041413e-05,0.3654958832235357,4.043942345210916e-05
2023-06-03,0.3839187165311302,0.3564839214066049,0.00010407572861810797,0.37186087799297984,4.488381469778868e-05
2023-06-05,0.3777433847061836,0.3641578905083893,5.73813604268948e-05,0.3691420664644484,3.6177304479195406e-05
2023-06-08,0.3685416607626757,0.35671396017813756,4.788888096815325e-05,0.36097366366445327,3.005607762634188e-05
2023-06-10,0.35501297913440816,0.36320103103600615,0.00010808180697374176,0.35827296982918855,4.97017920895731e-05
2023-06-15,0.3455098417969169,0.36208308698196406,0.00011597132602357061,0.35183147246788526,4.512684103544044e-05
2023-06-17,0.31609357204204785,0.34434821357732326,6.519793772080525e-05,0.3310552191558949,3.441151009768111e-05
2023-06-20,0.3433934078334855,0.3249987865012009,0.00010395135034668593,0.3352808077853159,4.0326651771095075e-05
2023-06-22,0.36494477848106377,0.3564042116574218,0.0001948114015391588,0.3625835984596164,5.719159701754193e-05
2023-06-27,0.35756241482191137,0.34730460243307637,6.57449294705881e-05,0.35103737897332365,4.15245910130995e-05
2023-06-29,0.33853521213474197,0.34360152449638903,6.204312909779242e-05,0.34071228232872175,3.12217365522308e-05
2023-07-02,0.32520930745511345,0.333288400509716,6.200646658973488e-05,0.33000536895263144,3.916217127398956e-05
2023-07-04,0.3420482231274221,0.3227056525612806,6.984155291530218e-05,0.33159039028471887,3.6690020494053e-05
2023-07-09,0.3261958887807788,0.31072196249033435,8.487472559048443e-05,0.31913095551422577,4.135833146966274e-05
2023-07-11,0.30703587571165625,0.31011078468996184,7.106638664496901e-05,0.3080592825482373,4.956186781018733e-05
2023-07-14,0.30329775776272916,0.29485928998667277,9.695107782506824e-05,0.30033040345219797,4.479034863212357e-05
2023-07-16,0.28720956842814077,0.2930384006430547,6.22063577134453e-05,0.29060393511140353,3.354502399182661e-05
2023-07-21,0.2789219678992726,0.2712143499211315,6.860267748809478e-05,0.2746570542201995,2.8451021699649184e-05
2023-07-23,0.27905360953787484,0.26932138857730137,4.579927294780017e-05,0.27273563162179887,2.5908283249027125e-05
2023-07-26,0.28605260093711943,0.2673648995889111,4.9160946396295875e-05,0.274225129074978,2.892707724516992e-05
2023-07-28,0.26696621837669793,0.26875263160536056,4.6353949760892865e-05,0.2685395959023571,2.9060168372474674e-05
2023-08-02,0.25311832629342806,0.2573563526401904,5.541499727430177e-05,0.25616609357909953,3.629261427330889e-05
2023-08-04,0.2579772678480628,0.2530342171377204,4.615428464886297e-05,0.2551241089203759,3.283720210942022e-05
2023-08-07,0.2533288946688797,0.2494809493118323,5.41163696631943e-05,0.251633138740823,3.788102214624436e-05
2023-08-09,0.24569519972098713,0.24659951320387588,5.080365481233068e-05,0.24604373960603393,2.994449443352844e-05
2023-08-14,0.23865817660406938,0.23733363872083044,5.9029663869542896e-05,0.2373496851320915,3.5152271151511365e-05
2023-08-16,0.24091537348605502,0.23461934548140675,5.520377585446952e-05,0.23690076876449928,3.5567170889720384e-05
2023-08-19,0.2348071670897802,0.23169170216118404,4.205291530154551e-05,0.2324348077285168,2.7467389437050394e-05
2023-08-21,0.22996525770203474,0.23010338679463557,3.465543494952758e-05,0.22976295324465482,2.7341276908885888e-05
2023-08-26,0.23909708802819657,0.22529395737711755,6.049005426490501e-05,0.2312084059423619,3.720937236710561e-05
2023-08-28,0.23600489884387113,0.2304275554321836,5.754082760056087e-05,0.23232389248967028,3.392406299666537e-05
2023-08-31,0.23514035832727898,0.23082473418378113,5.549765631060115e-05,0.23234980449212458,3.4056092559386486e-05
2023-09-02,0.23933988707212328,0.23230353327173783,4.775697827788325e-05,0.23472192033915387,3.066574259772363e-05
2023-09-07,0.24335804278757361,0.23255999621094406,7.069157300927941e-05,0.23767192146223193,4.5126333281843144e-05
2023-09-09,0.2467834557448129,0.23547046340682812,5.841707939573592e-05,0.2402421818514013,2.9723093885151667e-05
2023-09-12,0.26018202594376816,0.23742835793807868,4.864174419727457e-05,0.24588051609571393,2.9405567273312865e-05
2023-09-14,0.2581259830086621,0.24387312739939965,5.017434887055629e-05,0.24912016943117055,3.6452953956470305e-05
2023-09-19,0.2685180076099994,0.24603877928156082,6.486364461613782e-05,0.2558553641682454,3.610911761603561e-05
2023-09-21,0.28314658974016305,0.2544867648449727,4.995830968678678e-05,0.265500285081976,3.056707702823981e-05
2023-09-24,0.2882941980130488,0.2636378432362934,5.3897541851803426e-05,0.27305402651259825,3.4625562559378e-05
2023-09-26,0.2843030477762062,0.2699547269605347,4.951207156600121e-05,0.2754303897459693,2.895855379803075e-05
2023-10-01,0.284190564971264,0.26640718347614956,8.011830437064233e-05,0.2756873611863061,2.9863372097071432e-05
2023-10-03,0.28488955686842854,0.2722931282197112,4.381802415068121e-05,0.276755483425835,2.6946558545168385e-05
2023-10-06,0.2776602287050215,0.27116430052574403,5.58087215988387e-05,0.27354716402060325,3.7004269614806406e-05
2023-10-08,0.2626788057972124,0.26912332573298725,5.431324809863965e-05,0.26641348900592815,3.967537848564636e-05
2023-10-13,0.27941612879649375,0.25859645649699303,6.5346895577517e-05,0.26705981954249497,3.895358636823823e-05
2023-10-15,0.27912472864766547,0.263890273426097,5.388023456443147e-05,0.26971912290986433,3.096613990414809e-05
2023-10-18,0.28197466827407924,0.26675817687762016,6.314543751069466e-05,0.2730450289276274,2.7972344449828427e-05
2023-10-20,0.30598625201781865,0.27961903795795684,9.62467303500305e-05,0.2938607573976495,4.433710108123593e-05
2023-10-25,0.32991199355286427,0.3101290359412145,0.00014819253179128585,0.3236575748917827,4.545925804965321e-05
2023-10-27,0.32683527018450564,0.3595624426441434,0.0003327617757858336,0.3334533561175207,6.708877099280463e-05
2023-10-30,0.3385878392648958,0.34640468837019545,0.00011924882433814471,0.34113366130895784,4.212043896320109e-05
2023-11-01,0.33095514906476114,0.3437316083818299,5.2333414979763574e-05,0.3380103705773893,3.40530834930264e-05
2023-11-06,0.3537499034053069,0.3886492385899291,0.00022153640369810483,0.36357549455541505,5.970390879716539e-05
2023-11-08,0.3583879549979624,0.3642424450757638,6.0561066489203756e-05,0.36213746307320954,2.748182131734477e-05
2023-11-11,0.36454450121053217,0.38762421852134876,0.00012725017180789522,0.3732607004534995,5.787165975682342e-05
2023-11-13,0.36295614219588024,0.3738726295588624,6.214158044532657e-05,0.3691821381469333,3.8783852829041915e-05
2023-11-18,0.3808997505327321,0.365057820635378,4.672354563883716e-05,0.3714994239798334,2.540273450840565e-05
2023-11-20,0.38318627933484983,0.36854109363624055,4.202064611274157e-05,0.37337254186365226,2.8970969291741223e-05
2023-11-23,0.37458825129757534,0.37095035869967796,4.3586503231970654e-05,0.3724609720634461,2.6970851149098143e-05
2023-11-25,0.32923561568830917,0.36954772365468613,3.937704710800418e-05,0.35663442424955577,2.657465772719257e-05
2023-11-30,0.3554858897654377,0.37637663297190443,0.00018876417737738815,0.36257609518799583,5.1692887064080474e-05
2023-12-02,0.3612200362691485,0.37641851859117426,0.00011084561459072316,0.36701506160039954,4.427614201356604e-05
2023-12-05,0.3806111371586372,0.36819235051150195,5.594207128839748e-05,0.37272662494680675,3.682637422944004e-05
2023-12-07,0.39434113291487677,0.37747742721602995,9.204880112315547e-05,0.3865874163347918,4.110633136765872e-05
2023-12-12,0.4123880974130655,0.391189433003585,5.906821401273415e-05,0.39982243170831744,3.302611512118158e-05
2023-12-14,0.4138544350522353,0.4056343791484037,7.088459380995991e-05,0.4098283701707158,3.679364292635126e-05
2023-12-17,0.402542644888492,0.3975769933661544,3.986278333545494e-05,0.3998625633371871,3.1133781590018036e-05
2023-12-19,0.38512327622704684,0.3904517411122466,3.7734921727799095e-05,0.3887961331722729,2.6000230094443897e-05
2023-12-24,0.3933790083269956,0.37948051174048,4.421146969526875e-05,0.3850755643980446,3.0396943754631093e-05
2023-12-29,0.4069844674218279,0.3729128164661893,3.611649559747851e-05,0.38327965451368406,3.122006051861075e-05
2023-12-31,0.39443840817126863,0.37994962424000506,4.164247481668374e-05,0.3848432030970965,3.2860697444603705e-05
2024-01-05,0.4047158803241505,0.37753129078047015,5.253934411339238e-05,0.38791036110213944,3.022021219266195e-05
2024-01-07,0.41167189018732003,0.38469936670241384,4.0099662156834365e-05,0.39377242288552844,2.5328692646414117e-05
2024-01-10,0.4034098361195896,0.3863562915725287,3.986988406751908e-05,0.3920818197054588,2.9492557611163354e-05
2024-01-12,0.3720186119128249,0.38612808506280466,3.636279133193292e-05,0.3811487960654722,2.5348898978680416e-05
2024-01-17,0.36736459525449705,0.3784274731761008,4.176717927176225e-05,0.3745434920483951,2.598073371088588e-05
2024-01-22,0.37472918097503805,0.36883106838092233,3.5819235985717435e-05,0.37065862147330736,2.4182782939913077e-05
2024-01-24,0.3579461502564372,0.3670834870473766,2.6265788734535258e-05,0.365264844547621,1.9754687263304884e-05
2024-01-29,0.35142418410114823,0.3591802133431704,4.219000656922875e-05,0.35641765047086144,2.7190765204205557e-05
2024-01-31,0.3470745967494362,0.35504605091860036,4.0173752978854625e-05,0.3528156078608442,2.621435054817669e-05
2024-02-03,0.3500068959387312,0.3506557180163003,5.16933880453348e-05,0.3502153552623515,2.673606718797717e-05
2024-02-05,0.3416336462501712,0.34848862921447876,4.797558822804847e-05,0.3458341441982661,3.0480286124452293e-05
2024-02-10,0.3508092359163266,0.35422428646682486,0.0001663625126704511,0.35182032261022406,5.567688839805318e-05
2024-02-12,0.3648495797114337,0.3605732867313046,7.850345771514911e-05,0.36302140768038077,3.257564916028611e-05
2024-02-15,0.37665593503046024,0.3642638245813547,4.598119863441837e-05,0.368659592867295,3.362713503630251e-05
2024-02-17,0.37120253090017186,0.3732539014146141,5.9184188805549884e-05,0.37259898230661276,3.1295105609462376e-05
2024-02-22,0.3788395137805874,0.3655218320658284,5.612547372875661e-05,0.3711450978551298,3.198355266574723e-05
2024-02-24,0.38314892555746644,0.3704747805847496,4.725605453752946e-05,0.37562198634894245,3.597605827667541e-05
2024-02-27,0.38647327072972293,0.38874188034533863,0.00011958477558319683,0.38773275694105286,5.0602180272771504e-05
2024-02-29,0.38284184149775513,0.3843290158139429,5.453368327609502e-05,0.38338130695920514,3.4262237668533927e-05
2024-03-05,0.39215903651589107,0.3861980587690316,7.676411424828728e-05,0.38961543435282053,4.09220856821206e-05
2024-03-07,0.3878276364078273,0.38493035273607595,5.391558469742334e-05,0.38591522251714605,3.335101920682516e-05
2024-03-10,0.39539568479812415,0.3880335109366939,7.153108097744083e-05,0.392046625920489,3.2507194565883986e-05
2024-03-12,0.3997115200189465,0.39136239382647503,4.35403121605801e-05,0.39400383528882604,2.74058368511397e-05
2024-03-17,0.4084731180969285,0.3757087461473766,4.286226404281036e-05,0.38669299284323594,3.0755494150300004e-05
2024-03-19,0.4004776459724199,0.3792391053459454,4.0798070555657004e-05,0.3863978961652912,3.106676870025499e-05
2024-03-22,0.3943464752454556,0.3742707159517573,4.5289567288359964e-05,0.38080150059460394,2.6320662490606775e-05
2024-03-24,0.3845257283482702,0.3751667947112932,3.2457018716964906e-05,0.3775734958829194,2.4378412362191183e-05
2024-03-29,0.3912060660101174,0.38704257180481716,0.00012702485310234167,0.38936971890661914,4.0181134764107345e-05
2024-03-31,0.3985278743615763,0.3907703719892392,6.731470180300442e-05,0.3937729217970039,3.75503283483727e-05
2024-04-03,0.3838098219529722,0.3830251757334112,4.656070215281695e-05,0.3834010915525684,2.4423933213435147e-05
2024-04-05,0.388230710756471,0.3735183010751871,3.5969639110037076e-05,0.3777242738480966,2.6670527214264342e-05
2024-04-10,0.38667313042175433,0.37482206236366944,5.4705778364191865e-05,0.38043871978850896,3.2421502954822335e-05
2024-04-12,0.3780366237539156,0.3726458064829966,4.1286253690980126e-05,0.37455650952364616,3.0030707395670438e-05
2024-04-15,0.3908246452375266,0.3631178788592511,3.956460923821868e-05,0.372658716126011,2.9168598683468634e-05
2024-04-17,0.37837852412661804,0.36723535886149217,3.8916391468891786e-05,0.3705435234955003,2.7167448392109134e-05
2024-04-22,0.3433443777037051,0.35641959617477426,4.742301726373656e-05,0.35216161849586103,2.9682513428315086e-05
2024-04-24,0.3422645294093947,0.34748185627086825,4.3100699786497396e-05,0.3459922088972789,2.1990524690722806e-05
2024-04-27,0.33426228304557914,0.347788632438448,0.00012426609468627045,0.3397669767433022,5.241514093916462e-05
2024-04-29,0.3373249607935518,0.3405249216161653,7.935750087270763e-05,0.3393098480531011,3.8769720548523375e-05
2024-05-04,0.34153070430320376,0.3423329265081418,9.342492773589605e-05,0.3418646139589365,5.23355168218556e-05
2024-05-06,0.3424486955084337,0.3557043878068309,0.00011985737923011843,0.34762855302888346,5.639096425357711e-05
2024-05-09,0.3307934608460413,0.34884111691086855,9.719433383647256e-05,0.3387842743927764,4.965420060169988e-05
2024-05-11,0.320612464151728,0.3317033060574103,7.157316508424855e-05,0.32673554127244514,4.319278859655937e-05
2024-05-18,0.3235240537501379,0.3437267195685203,0.00023057874500221733,0.3291724264900664,5.6915703851687796e-05
2024-05-21,0.3303310802014937,0.3332255876768002,0.00012967556231686925,0.3316971516289014,6.392712496741498e-05
2024-05-23,0.30976954267275403,0.33004752437954915,9.350428831344142e-05,0.3197313470609481,4.333555260303177e-05
2024-05-28,0.3119090873851478,0.30643920867718344,0.00010609523510948483,0.30961454570578373,4.028937082810087e-05
2024-05-30,0.31421862240751064,0.30430477549772605,6.368175717893583e-05,0.30783073071918704,3.30649037646332e-05
2024-06-02,0.31752698486263314,0.29960989341204114,5.951919295186511e-05,0.30720898982351186,3.273542804803921e-05
2024-06-04,0.32401194408921546,0.30047384390684995,5.5870752190391826e-05,0.3098279269614306,3.208624771086968e-05
2024-06-09,0.3362263861849481,0.3106852112563046,0.0002817852594455698,0.33068575362573044,6.200965975894525e-05
2024-06-11,0.3488618097041289,0.3321088588138575,0.00011264641836106849,0.34274063104862074,4.707753735491395e-05
2024-06-14,0.3701624721998622,0.33677463201571584,8.95225136362043e-05,0.35422208508290454,4.014780642904906e-05
2024-06-16,0.35756213843022505,0.34983699084380915,6.291882211648517e-05,0.35319466775016095,3.484018497301409e-05
2024-06-21,0.36723864139524287,0.36697281845582586,0.0002504706915074852,0.36730789382769435,7.348504430682904e-05
2024-06-23,0.3828294330402317,0.3649628308030847,8.421024743868023e-05,0.373889372581748,4.066449832658095e-05
2024-06-26,0.3508173077268123,0.35918432709890846,4.2845523673219426e-05,0.356272139768191,2.7985042229736076e-05
2024-06-28,0.34954272718874557,0.34948538003235136,4.722008513180932e-05,0.3494475035527617,2.6890097682443346e-05
2024-07-03,0.3342678125965906,0.35438981786829316,0.00014565750078317124,0.3409485927390849,5.029304310381518e-05
2024-07-05,0.34170028014249254,0.3358766167191507,7.33354087104925e-05,0.3392373862615432,5.036111308511119e-05
2024-07-08,0.30296008527871626,0.33373896450280943,0.00010619690594110627,0.31685477908340715,4.6457103231902206e-05
2024-07-10,0.3111989390421373,0.3146497216324257,8.691938159802207e-05,0.3130196273644167,3.6073008674548084e-05
2024-07-15,0.2859805367320014,0.299593253054102,0.00010689538333674357,0.2922697584027067,5.608194124204569e-05
2024-07-17,0.2752041210150322,0.28596374822295406,8.239306162920064e-05,0.28138759177863315,3.541532457515758e-05
2024-07-20,0.269079830794075,0.2705351618650814,6.893661911941132e-05,0.27030372656831997,3.3724535067682514e-05
2024-07-22,0.2747842095504604,0.269977963140777,9.295742004966611e-05,0.27231837536901926,3.918672340795959e-05
2024-07-27,0.270499397548558,0.2605674394497754,7.085305143058582e-05,0.2654526151102663,3.2371618752869856e-05
2024-07-29,0.265792478677767,0.25920941507053263,5.418293433394238e-05,0.26148740890119254,3.0381263086900358e-05
2024-08-01,0.23959904371581436,0.25310734886854175,5.018845113209751e-05,0.24785224049004126,2.943867799518155e-05
2024-08-03,0.2489860229553776,0.24412096801432653,4.7472763581118286e-05,0.2456688367082927,3.247676075041906e-05
2024-08-08,0.23618881525962163,0.23663618312957946,5.5057004674831314e-05,0.23651809830948026,3.4381977427352246e-05
2024-08-10,0.23123984656569066,0.23280585113325863,4.103654252469811e-05,0.23250633304186935,2.6331085018996518e-05
2024-08-13,0.23479536871490186,0.22834735980469503,4.328243502692525e-05,0.23036748679392485,3.0284299965625527e-05
2024-08-15,0.23595273836420483,0.23869705155714083,0.00014612634345740502,0.23705583067950187,5.5835674202955105e-05
2024-08-20,0.2355978646271515,0.23488476754186013,8.032312103558196e-05,0.23530544798636588,3.9015944279643835e-05
2024-08-22,0.23687096765846033,0.23365898993061116,4.0667621827476164e-05,0.23460183029726925,2.418801879214177e-05
2024-08-25,0.2274638651116145,0.23230213436502467,5.0642000400598405e-05,0.2299685502381757,2.854098503724064e-05
2024-08-27,0.22676389144506878,0.2281619702571769,4.745096652409266e-05,0.22791043608492997,2.7984859015243305e-05
2024-09-01,0.2414407822223066,0.22732534914301955,6.587161899326626e-05,0.23397068184137917,4.4941337351714145e-05
2024-09-03,0.2532250523333478,0.2389372184713763,8.309083516420814e-05,0.24618561564429864,4.6847352472331955e-05
2024-09-06,0.2625658187961388,0.2570473525515488,0.00012854717828738346,0.2602174069230189,4.930069006785091e-05
2024-09-08,0.26543283250260724,0.2704425306678492,9.024704551483012e-05,0.26729046930284717,4.302875866157806e-05
2024-09-13,0.27100744198435966,0.27348058374425405,9.847906985763568e-05,0.2717095034397616,4.946270346821457e-05
2024-09-15,0.26642681548210345,0.26967045965001196,5.576170934223552e-05,0.26821798523143964,3.669623559496933e-05
2024-09-18,0.2657265199037473,0.2642179554872854,7.299490857320816e-05,0.2654420016314605,4.232308103233563e-05
2024-09-20,0.26240523248731806,0.2624093570439129,6.381221782597319e-05,0.26182245044544694,3.0420244290509025e-05
2024-09-25,0.28762975334063184,0.26438102432716065,9.846179165407935e-05,0.2766396550867038,4.204885611663055e-05
2024-09-27,0.3037051402555175,0.29745127416307304,0.00021115758895950943,0.3020396598190053,7.849946704379267e-05
2024-09-30,0.30432256536064956,0.30248429616775796,9.828684307012521e-05,0.3031721666177062,4.298840019399197e-05
2024-10-02,0.301128780036407,0.30222028422695346,5.9697158593532385e-05,0.30180905186088974,4.21814232075314e-05
2024-10-07,0.3236888727150672,0.32645736007301535,0.0002738503085287897,0.32494514905114097,5.024141052108613e-05
2024-10-09,0.3400995702792788,0.33386152050230805,9.899858762385743e-05,0.3373155319022999,4.790071789444621e-05
2024-10-12,0.3526164648818093,0.33970183598957143,9.503272430686971e-05,0.3469567634487803,4.7235952565612974e-05
2024-10-14,0.3439214896856843,0.3452989322102739,5.2474796424562346e-05,0.34501618745558216,2.853486781630303e-05
2024-10-19,0.35199966987774545,0.37054217343454243,0.0001796796800598824,0.359182003446316,5.350587471425026e-05
2024-10-21,0.3406188184982689,0.35713410251956945,6.191385293415735e-05,0.35015102479975857,3.641764820259871e-05
2024-10-24,0.3403124933413649,0.34689238827215824,6.446484466615917e-05,0.3437455259738635,3.304488136619939e-05
2024-10-26,0.3549501259177046,0.3606946038421338,0.0001043256268425127,0.3577652650500713,4.262942390226915e-05
2024-10-31,0.3475887000732938,0.3583640297585832,5.941059125274541e-05,0.3537243373474659,2.9891992432725544e-05
2024-11-02,0.32662969406644604,0.35125840613554415,4.590595717579574e-05,0.3424984324114076,2.435600700687977e-05
2024-11-05,0.32321581950198097,0.33983409543639775,5.531813052843304e-05,0.33245714847739294,3.3841563205533016e-05
2024-11-07,0.3113774492416824,0.3304457672299545,5.002289158770377e-05,0.3232827135658123,3.128813646586769e-05
2024-11-12,0.33889983580624866,0.3210921041495207,8.771987963237644e-05,0.33019079253432326,4.1654570368054597e-05
2024-11-14,0.30307137320158417,0.33046045214980935,6.274226736659931e-05,0.318491549329178,3.3386161906080355e-05
2024-11-17,0.32080289183659655,0.3178893612693404,5.136763181037259e-05,0.319110866223232,2.8784733038079633e-05
2024-11-19,0.3156190889369219,0.3184512090841456,4.981655669420783e-05,0.3174332782955363,3.0402999643896873e-05
2024-11-24,0.33619473957135226,0.33933965098592284,0.00019320154192308518,0.33670026663724867,4.72065820217021e-05
2024-11-26,0.33842813619207246,0.3428346655679879,8.404251675103014e-05,0.3405334958937904,3.765331556598448e-05
2024-11-29,0.35790812687501383,0.3392385785393246,6.61839337092637e-05,0.34748943149255335,3.394649936587846e-05
2024-12-01,0.3675674079572572,0.34629475217552275,5.901506109797359e-05,0.35493432496667227,3.102387836839432e-05
2024-12-06,0.3767853520268034,0.35902592227176067,8.021079508962468e-05,0.36757215324538856,4.15750623097966e-05
2024-12-08,0.39413373042050887,0.37322148514465053,5.879371740678901e-05,0.3821775482408367,3.1340523307903394e-05
2024-12-11,0.3901505337083716,0.3796421971231757,3.7537667479203226e-05,0.38227492109273564,2.5381432215640038e-05
2024-12-13,0.38923217487103406,0.3773126046713648,3.025755838140452e-05,0.38067289505234336,1.9493225701925124e-05
2024-12-18,0.38896101200585326,0.3734585837311555,3.0971147962890196e-05,0.3780020584683264,2.091141749393472e-05
2024-12-20,0.3707795631502896,0.37968207423615924,4.091270583211491e-05,0.37671730907126594,2.2055450397461546e-05
2024-12-23,0.38941932855259237,0.3828046325107584,6.442269283592695e-05,0.3855110172233276,3.7833406716398165e-05
2024-12-25,0.3991930742848997,0.3822569784681669,4.585233502727148e-05,0.38777400618260494,3.0338232442556193e-05
2024-12-30,0.40199501117281883,0.37460238317197736,4.601616773535783e-05,0.38457857997534545,3.5783435892594764e-05
