day,y,hxb,hpbh,hxa,hpah
2016-01-01,0.37748295097002055,0.28956150467809894,0.0029890346273915643,0.3417400296740146,0.0008458683002182211
2016-01-04,0.4034355237698458,0.41354432657837537,0.0005004779288496596,0.41032614623202757,0.000364110683752386
2016-01-06,0.3665336504473228,0.4145414559210618,0.0007141623933142036,0.3983961965059795,0.0004437455077072885
2016-01-11,0.4124213011239852,0.4176250045276359,0.0005317839565626675,0.4160832324232724,0.00040606363139593463
2016-01-13,0.40450506044519924,0.38697864624090217,0.0004771178394555682,0.38892375313350636,0.0004310123020739927
2016-01-18,0.3269880107839332,0.3891186753089175,0.000776394345899252,0.36711242399634236,0.0004090016711700396
2016-01-23,0.3692279419139798,0.3603815533949838,0.0007071875468745785,0.36353137928789037,0.000497556193751381
2016-01-25,0.39116923078177546,0.3465190218374658,0.0009865113947151232,0.36194339880407084,0.0006425965296231467
2016-01-28,0.3708604365084767,0.34683153807124967,0.0008610666145719128,0.3546528994713944,0.0005094378302037317
2016-01-30,0.35078354166093895,0.3444002518218711,0.0008046321859185606,0.34858166649694056,0.0005210256083754255
2016-02-04,0.3676187874134533,0.3574267487220957,0.0007541446637554665,0.35910591247565676,0.0006133961977533234
2016-02-06,0.37141523168955426,0.35319108200672183,0.0008811398882112332,0.3590409051620637,0.0006172417129411649
2016-02-09,0.4003899282071035,0.4187909184545868,0.00047970971836390464,0.4156009458787074,0.0003803501683622401
2016-02-11,0.3585729916106564,0.3966380009188455,0.0005752094202731938,0.3868802080135873,0.00046985985725146864
2016-02-18,0.4007814610053992,0.3869363365226671,0.0008038103665607483,0.39050265088862324,0.0004891630036611822
2016-02-23,0.3955028351117356,0.3722585564245633,0.0008538394795356338,0.3824210810914984,0.0005007657245077175
2016-02-28,0.3233705735055692,0.3954342141576837,0.0007677949111871906,0.36943382088476395,0.00047063719422968213
2016-03-01,0.3828365465510943,0.34825747665917256,0.0007104262638697494,0.3579052780579379,0.0005034014575381428
2016-03-04,0.4153398268601062,0.4065979626664123,0.0006778818790133707,0.4109299786027094,0.0005315648195246522
2016-03-06,0.3708697790007444,0.38878820361532773,0.0005166570398576182,0.3847836157833619,0.0004050740485763025
2016-03-11,0.2759493167801702,0.36058277528136606,0.0007839607971389471,0.3331256346039917,0.0005150012162997974
2016-03-13,0.3940453703251969,0.32847017613800916,0.0008896085305205207,0.35125511756954453,0.0005929440492757869
2016-03-16,0.3152500254035483,0.34539548685834776,0.0009256849587619109,0.33497593499370865,0.0005821352062873206
2016-03-18,0.34639745517383075,0.3323735362531274,0.0010878961364693088,0.3371147380303522,0.0006866380114279169
2016-03-23,0.2781486392202317,0.33359336559648783,0.0008020104516540502,0.31578558664504686,0.0005882362056812606
2016-03-25,0.32272138029484687,0.321798823988593,0.0012954141278451155,0.32278379896916126,0.0007839259985081477
2016-03-28,0.2971412579072595,0.3283412627465694,0.0010685165757811444,0.31815905058930594,0.0006575096083819139
2016-03-30,0.4031244588547624,0.3295137093139828,0.0011490615674917594,0.3581833833026423,0.0006306517410989591
2016-04-04,0.3995703422883908,0.3526686184049722,0.0008810110100001359,0.36782032505443313,0.0005769317250684337
2016-04-06,0.3703585958949736,0.3485457545299543,0.0006557486570914871,0.3536033389465092,0.0005018206828989316
2016-04-09,0.3246271410625474,0.35465744322585735,0.001028870112170902,0.34444174764613583,0.0005942830953989175
2016-04-11,0.2793356285797448,0.37480044197469203,0.0009303127036051005,0.3430208139818912,0.0005786328551506704
2016-04-16,0.37948192781924284,0.3715594415100827,0.0008410685697331021,0.37490649711751295,0.0005840131532211535
2016-04-18,0.3434927194477715,0.3530539160031245,0.0007263524574613036,0.35023476380441826,0.00038278952921117897
2016-04-21,0.4101534498799576,0.3634002007203299,0.0013660860216925922,0.3838973284901511,0.0008359579932475476
2016-04-23,0.3216675349527333,0.37084882818566384,0.0008513226452546147,0.3533004673120677,0.0005707163403345835
2016-04-28,0.27625477550933575,0.3078257887403812,0.0015680393900293795,0.2917484959399887,0.0007665362852116794
2016-04-30,0.2795109527996886,0.33822169875706515,0.0013421632817543464,0.3108178748019313,0.0007721669124266539
2016-05-03,0.26301596208872424,0.2741622914856838,0.0014323534765832708,0.27082833395877215,0.0007378300217672552
2016-05-05,0.2580152047879991,0.24235285514774038,0.0013069374261990164,0.24918928737028093,0.0008025168030333224
2016-05-10,0.2802295126881506,0.28563146995087463,0.001960877858951595,0.28426424567983277,0.0008671161790620166
2016-05-12,0.2998084014661987,0.3220912068119155,0.0012194853673643256,0.31510240647009125,0.0007169030791706217
2016-05-15,0.22545449231018844,0.34099971066594065,0.0009262982973664443,0.29487319768788195,0.000533331558303381
2016-05-17,0.30272666508098917,0.266031500179256,0.0011420226010220055,0.28080409901857745,0.000596356618532656
2016-05-22,0.3378933196862438,0.3086014319416827,0.0029598806550758415,0.32634607794543713,0.0009101154749768325
2016-05-24,0.3026637454968839,0.287357796879258,0.0014525917483852783,0.29234116507501423,0.0007437966147158834
2016-05-27,0.3937051460817578,0.28722652987180586,0.0012028685330404847,0.3325975113652365,0.0007714048885283471
2016-05-29,0.267100767068021,0.38858115279586264,0.0005838300664622812,0.3556431892215208,0.00041489231351374127
2016-06-03,0.2953959267631069,0.3118148731842199,0.0008562366883993532,0.30750821915594584,0.0005438334649403237
2016-06-05,0.1427205961721192,0.2749537109156539,0.001287739390746646,0.21694058902407662,0.0006390468190811456
2016-06-08,0.32199539776989317,0.19603697252722746,0.0011201392719547237,0.2485444561871651,0.0007127868078258051
2016-06-10,0.3590499345989603,0.24517313976473262,0.0016442006307385265,0.3023103904305611,0.0008241957777258486
2016-06-27,0.1690756403194025,0.2085917684884741,0.00204570152467523,0.18914000080677618,0.0008913863855064503
2016-06-29,0.2184556067484146,0.17762598297410637,0.0009769368898639463,0.19105268219487226,0.0006437178586283992
2016-07-02,0.19240495999648238,0.1861408531842562,0.0010770605384217617,0.1870846359042465,0.0007209601526195806
2016-07-04,0.2206326296370975,0.20159323621490938,0.0009110307223688599,0.2094356158486638,0.0006031303478823214
2016-07-09,0.18071756834960642,0.18979975397804563,0.0012431917943899436,0.1830189798163452,0.0006156240766566893
2016-07-11,0.12301832912306691,0.1827894669650804,0.0008119130903900516,0.16626069906160915,0.0005211011571770922
2016-07-14,0.14400870973827787,0.19356823795379305,0.0014589166599854003,0.16927574052471958,0.0007202785823152935
2016-07-16,0.28414756438932093,0.15974058731274185,0.0007909705171030365,0.2003443243419267,0.0005364109069950371
2016-07-21,0.2597995386034676,0.16714962544108322,0.0012760547982762181,0.2105695819522989,0.0007441039088824582
2016-07-23,0.28329404441528994,0.2784107265718145,0.0023650033188917156,0.27927770965684273,0.0010363214801653172
2016-07-26,0.27250073773272654,0.21032324303111166,0.0014735992447331005,0.23604703872528998,0.0006861503940019285
2016-07-28,0.23812523300794933,0.20459255942776988,0.0010130952108485455,0.21544247114721027,0.0006030379351888455
2016-08-02,0.1697563826737607,0.171398532925415,0.0010034202657176953,0.17187983675439422,0.0005460294608629214
2016-08-04,0.26930362016289977,0.18595402986114043,0.0010494948882935908,0.21748502152046256,0.0006625853684225131
2016-08-07,0.28776745365887574,0.18343949152668532,0.0010018257380911254,0.22243212178095834,0.0006726297512272928
2016-08-09,0.21429531355973327,0.20540002107529468,0.0011965788947641738,0.20778630902383444,0.000664186834280524
2016-08-14,0.20835577662077281,0.16645339515084387,0.0009408807189083641,0.18128601665056024,0.0005258633298592212
2016-08-16,0.14501156521976336,0.17089260418534294,0.000827298184365009,0.16210912756610785,0.0006015289887186344
2016-08-19,0.3439547711704802,0.17205666064423272,0.0010546776473794523,0.23802235127580443,0.000596192872122991
2016-08-21,0.16548980062692825,0.26422149649569127,0.0014127016110140752,0.2165713799873403,0.0007037746205627581
2016-08-26,0.16856790493596485,0.16933168705577792,0.0007625932692105342,0.1668201927928736,0.00040025588915554284
2016-08-28,0.1313191944755459,0.1673588017323587,0.0008619174398049514,0.15316902225288262,0.0005270405919869977
2016-08-31,0.12435673407483884,0.15782315781734488,0.0008670412810624815,0.14703648694124247,0.00054215891870155
2016-09-02,0.1855459819671345,0.14586403783762195,0.0006443214787265387,0.1568588739367023,0.0004320449276488763
2016-09-07,0.13136684178927907,0.15281233136474212,0.0008697722615192578,0.14667657231272221,0.0005807230214935139
2016-09-09,0.26559539187991155,0.20882166182015735,0.002046067854777239,0.2384064130748108,0.0007850277512876317
2016-09-12,0.1519259193078286,0.19786525275986844,0.0016545696225237687,0.1755725068036441,0.0008451022925359435
2016-09-14,0.39250650482664934,0.35454881390646775,0.002592606991124262,0.383614636814856,0.0009885430503269663
2016-09-19,0.14038953073212776,0.2925617351638107,0.0012864717063566524,0.22580076500334445,0.0005926114948102736
2016-09-21,0.14659770510916736,0.20254288104962154,0.0011956869872617026,0.18213782600218958,0.0006506306038673711
2016-09-24,0.20087790999275326,0.16861031626561393,0.0012007100494889323,0.1846562599682171,0.0006293013494237592
2016-09-25,0.14556752636993706,0.200812144765272,0.0009589580525832953,0.1806576162893956,0.0005457904229692876
2016-09-26,0.14699559877531404,0.17531853074919837,0.0007769378498214447,0.1653603771250507,0.0004237373873536256
2016-09-27,0.1730592276022646,0.15946568213416074,0.0007339188316279314,0.161779774866373,0.0005063310710081496
2016-09-30,0.28898154375339835,0.15311940073392158,0.0006707196610338932,0.1911508245553082,0.0004357338746812994
2016-10-01,0.22245904764522456,0.22020656731096427,0.0007541173035873204,0.22024728420924486,0.0005939447479212693
2016-10-02,0.185060058858023,0.22208074489215998,0.001064653362179889,0.2065882647959589,0.0006354747397557637
2016-10-03,0.1661394169372878,0.19736807149122218,0.0010116662723104325,0.18465124335799174,0.0006954430091090048
2016-10-06,0.18649672320878546,0.19323103117432083,0.0012159713445100769,0.18856161530167367,0.0007078309387801716
2016-10-07,0.20725007130614662,0.18114942104689646,0.0009319906448556022,0.18973899504717257,0.0006708969009263009
2016-10-08,0.23987000426213428,0.18505217614653044,0.0010257656086338513,0.2095173440250797,0.0006699179587183723
2016-10-09,0.15075334460851705,0.1991442680612421,0.0008305231631401644,0.18295247302688966,0.0006178618911332138
2016-10-13,0.3249514099582822,0.2914028011667941,0.0032426834961793937,0.3136077206680875,0.001163318071231857
2016-10-14,0.3062451579104873,0.3524414171757932,0.0010950055870015511,0.33821354819969185,0.0006695935444914671
2016-10-15,0.30257552579446945,0.31096384183672254,0.0009926293148004137,0.3095220704434208,0.0006282962280400864
2016-10-18,0.16125879990245362,0.2611279039524675,0.0017215086384923211,0.21097120852775833,0.0008407236651243179
2016-10-19,0.2242890605203987,0.20227063176373108,0.0007114857247377509,0.20971744057219927,0.0005791870326337146
2016-10-20,0.16476415606798292,0.20162928866085775,0.0008015146106562731,0.18794411722575508,0.0006703978289218313
2016-10-21,0.17310439873526703,0.18392728552073517,0.0008033320856140301,0.1813865716680851,0.0004698078579922038
2016-10-24,0.22328138831740535,0.2484550561486417,0.0026052287042782735,0.2328074593505184,0.0009739053655665989
2016-10-25,0.30868803960281077,0.236585378251147,0.0014813472661940011,0.26952643352563793,0.0008398267472551524
2016-10-26,0.28948542377464676,0.26081646248059887,0.0012170505764470122,0.2745830490975271,0.0007213885196292232
2016-10-27,0.3081852675831012,0.2583621538560729,0.0011491068735415332,0.27961219500900997,0.0007231819479229513
2016-10-30,0.2568362691754773,0.24275278410786494,0.0018191487509063718,0.2509473715354868,0.0009839771588753996
2016-10-31,0.25002609425054123,0.2399537775491872,0.0012767225972514327,0.24468612652012883,0.0008105355970215172
2016-11-01,0.29325342601501353,0.23233776265619588,0.001103258527471825,0.2575937154509537,0.0005672203244490732
2016-11-02,0.2751056109424492,0.24839410221877573,0.0008920330003151693,0.25816439745224873,0.0005110414576253369
2016-11-05,0.3249828797343186,0.30930033272525587,0.0017763547038139678,0.3187885556565726,0.0008359581754403514
2016-11-06,0.27661282471835463,0.33690085521474644,0.0009943928466734423,0.312480863516803,0.000614975295295343
2016-11-07,0.2900018547185833,0.335477667045963,0.0010246549241069085,0.3158417034008673,0.0005713935629977298
2016-11-08,0.3935732591071794,0.3147930565328252,0.0008797157707407866,0.34436938613137175,0.0006216970119679889
2016-11-11,0.30551643585355687,0.36549408511372256,0.0007028425444425752,0.34663500855158047,0.0005482120440416271
2016-11-12,0.29988705079826955,0.33189630817064947,0.0008108753597241947,0.32099799974460486,0.0005098257109246013
2016-11-13,0.3549322388592031,0.3513042949351467,0.0008609932523729596,0.3525136515549825,0.0005924897734340663
2016-11-14,0.4065912367882848,0.3437474694704595,0.0007427363633089376,0.3611126487592682,0.0004633450875922006
2016-11-17,0.26422735498821315,0.31303735127946325,0.0011073554808040515,0.29213114471605145,0.000709850577286805
2016-11-18,0.3318828260780412,0.3154823120057656,0.0012231826273593747,0.3211009286870358,0.000813366290624541
2016-11-19,0.3558971358055678,0.33641199316401776,0.0010321169344471985,0.34467227847346416,0.0007298514271761132
2016-11-20,0.3755792070774079,0.3455874011957279,0.0008810490844395411,0.35692693608308335,0.00047931847006704893
2016-11-23,0.37717317314109255,0.3893684735188919,0.000807774808194588,0.38400477514204623,0.0005567885857156288
2016-11-24,0.33974212340435356,0.36007667533554044,0.0004949139724001673,0.3560261148369388,0.00041532746233730435
2016-11-25,0.29157013042345675,0.34937975728512194,0.0006049232828045978,0.334201960538322,0.00037469009298301653
2016-11-26,0.37574535833118905,0.32978336342167436,0.0006939394985461657,0.3437471812246622,0.00044656308312562403
2016-11-29,0.3100803708321972,0.3147854568232134,0.0010791210005977965,0.31328098437208096,0.0006485571993355493
2016-11-30,0.3063572980373879,0.30393767275132405,0.0008777220794175575,0.30742883948639077,0.0005424602253177889
2016-12-01,0.3493814331706784,0.30273440382817673,0.000815365601554895,0.3213410817231955,0.0005686441157958089
2016-12-05,0.28020562638506935,0.29398220892729243,0.0018806876964975738,0.2860179296714559,0.0010424007257570126
2016-12-06,0.3331188703362886,0.28143752338024103,0.0014124638169740068,0.30212424719887243,0.0006139319183285967
2016-12-07,0.29343160104304433,0.29761938248153696,0.0007693014041386822,0.29594802924907754,0.00045828979877665557
2016-12-08,0.33647267185122426,0.2934023329685904,0.0006688151845620844,0.30460479034036053,0.00047941335372978617
2016-12-11,0.24459657116062478,0.2946205309325867,0.0013116737199624475,0.27224146686318845,0.0007989988702185666
2016-12-12,0.33675905950027946,0.26987860726209123,0.0010684260263510244,0.2963455720665887,0.0006770366044267709
2016-12-13,0.25362582746314144,0.28938770477898196,0.0006718610989882649,0.2791313333218018,0.000501269525610194
2016-12-14,0.3250445634459391,0.27568167939462274,0.0008120336673735866,0.291634175201593,0.0004959168277918292
2016-12-17,0.2805906715933497,0.2817082406397003,0.001383841570998649,0.2831225296328843,0.0007453704505961199
2016-12-18,0.3248081992229363,0.2790297108576859,0.0009507366499287778,0.29559023347965147,0.000548969705468224
2016-12-19,0.3038074139059928,0.3006750726274643,0.0006671111921759938,0.30157739049359494,0.0005038373516399777
2016-12-20,0.3135471396134188,0.30096559935882533,0.0008944388004035809,0.30512758317737637,0.0005649700888422334
2016-12-23,0.37023905857344697,0.34400797215523965,0.000988644257212219,0.3550229837750222,0.0005884996532634104
2016-12-24,0.36692177557511313,0.3474705104977442,0.0007776962542523849,0.3536646191889764,0.0005301598288512561
2016-12-25,0.3320662987823429,0.34446942422660337,0.0008354714541170763,0.33982236028492546,0.0005611127261969498
2016-12-26,0.29133834535771685,0.3346993072183423,0.0007296164984889002,0.32277855869242045,0.00042336504734754525
2016-12-29,0.3295708526286611,0.3006686410104799,0.0009792934813062362,0.308866560694245,0.0006594338543462494
2016-12-30,0.3015946218744282,0.30656049801030005,0.0008954446269200508,0.3036164056916783,0.0005218136522260533
2016-12-31,0.34818684154547797,0.30012646456993847,0.0007855344641789385,0.3146849612874032,0.0005691197296944381
2017-01-10,0.3116729682263458,0.34547498533318033,0.002024036800799071,0.326409757924547,0.0007877221326067394
2017-01-11,0.3686193686140844,0.32610734018900694,0.0009912476975404455,0.3426070021117054,0.0006162069451165476
2017-01-12,0.35113385716400725,0.3579632867076821,0.0007876194118656934,0.3568267554563797,0.0005835834267634059
2017-01-13,0.33243957147808306,0.35512796918788964,0.0006457307357511742,0.34795186224770963,0.0004450077305662219
2017-01-28,0.2949314660000997,0.3199406938974675,0.002077333428210595,0.30962779482206654,0.0007874009734328863
2017-01-29,0.3061720244159743,0.3022150797837563,0.0013321899713473818,0.3031807150551619,0.0008909966155736269
2017-01-30,0.2958734133861079,0.31220431043433805,0.0012062163189118607,0.30727876888292893,0.0007960040070590262
2017-01-31,0.2964805743093123,0.3051081858524843,0.0009466733367244256,0.3019857985877407,0.0005821221072856955
2017-02-03,0.35036758703388027,0.34928109830135795,0.0010747963671481622,0.3520492445673593,0.0006612112762493056
2017-02-04,0.38435585422082974,0.3854209559739392,0.0011539944042043588,0.38638903339761804,0.0006256476447163081
2017-02-05,0.3834440183624838,0.40677742652155,0.0005673226854937518,0.4007863317599535,0.00043497575606696917
2017-02-06,0.3631502921839242,0.37750139691156354,0.00044595638612598493,0.3742629506693955,0.0003420761438405994
2017-02-09,0.35567147080875566,0.3532905911294808,0.0007333658935713736,0.3519539786143735,0.0005421034389283481
2017-02-10,0.3408003416133567,0.342347379706381,0.0008820164897393102,0.33827235925091065,0.00048734277130966066
2017-02-11,0.34428831861230247,0.3310964696777402,0.0007194321283698504,0.33582753956407585,0.00045640927393834576
2017-02-12,0.37213706976483235,0.33719393919396223,0.0008813858390891793,0.34956524536870176,0.0005683920850377568
2017-02-15,0.30103241404611225,0.35292303411207365,0.0006561767876688882,0.34036026163878896,0.0005702618318149534
2017-02-16,0.2995824987213368,0.3300749957549545,0.0006730899805592557,0.32203421161106044,0.0004197340925318626
2017-02-17,0.30580205249263503,0.3155724003718975,0.0008103054160057741,0.31065676793538727,0.0005196064731689016
2017-02-18,0.3348706412639867,0.3077661691234522,0.0007559898576855327,0.3171153022756453,0.00046908635225778014
2017-02-21,0.3001554424843639,0.30298100491427254,0.0014419015879503566,0.30208756498219247,0.000837588268450457
2017-02-22,0.3215761539534387,0.29743644405557157,0.0011405865749937443,0.30943090572571114,0.0005416911520001071
2017-02-23,0.29902824123184807,0.3006608752568973,0.0011113263316781055,0.30298252388024954,0.0006119306779322533
2017-02-24,0.30781110525177213,0.30167087757248295,0.0009337001792175525,0.3013232552155412,0.0005318672862616051
2017-02-27,0.30665827073090735,0.3082369945583052,0.0015525064878389337,0.3074082649509351,0.0007403754364159497
2017-02-28,0.3300084932782531,0.37232468829600424,0.000895297679584214,0.356294526930124,0.0005712661134012733
2017-03-01,0.3730057564832005,0.3518582317688728,0.0006744145812588937,0.36012649816437753,0.00047043550278077947
2017-03-02,0.3549428524014374,0.34581851763017135,0.000593939303768547,0.3475932046834942,0.00046237142479726095
2017-03-05,0.37557897173004795,0.38690475511820294,0.0005565711920528139,0.38325326326300413,0.000441491341387015
2017-03-06,0.34572954592667215,0.3766656690549454,0.0005001478261358123,0.3686607588718791,0.0003619381659701712
2017-03-07,0.416928487547174,0.3941213734647158,0.0006527604486524918,0.40034717271017933,0.0004357344134543732
2017-03-08,0.3864865259311044,0.3800038393609291,0.00031607911121032153,0.3806579312175878,0.0002465877929295425
2017-03-11,0.34459552712172686,0.33280005719362854,0.0009936691682740464,0.33678094857147095,0.0006360607765666526
2017-03-12,0.3412796589298301,0.38343885524707316,0.0006212124719938596,0.3728399992398529,0.000447460688630331
2017-03-13,0.313582196094053,0.36085924393904795,0.0005742870304098456,0.34738138057767975,0.00040684722031460126
2017-03-14,0.3388767893892708,0.33730428147964386,0.0007099977978749621,0.3371003551939822,0.000526225531837549
2017-03-17,0.2882533421074923,0.30486023420464137,0.0012358166425472676,0.298221064476656,0.0007631711319377455
2017-03-18,0.31634676796140876,0.2958035698761308,0.001140006841471768,0.30369876798622153,0.0006248868295983796
2017-03-19,0.27594784877351775,0.29852949787725963,0.0009240629507339708,0.2902801089534473,0.0006953365901256912
2017-03-20,0.3118209089939768,0.28809662030750355,0.0009506762362259971,0.2972170545049391,0.0005498725005000198
2017-03-23,0.32627259820229965,0.39105931101099634,0.000879136672549575,0.3687939266803313,0.0005286167976742646
2017-03-24,0.329246180050922,0.36623411440087206,0.0006374334435120517,0.3573460608971651,0.00043206981583413195
2017-03-25,0.3388296551903225,0.381811803932999,0.0007699990769418234,0.36621985284194275,0.00048303273001310074
2017-03-26,0.35405318092399946,0.34442097273205086,0.0006060483328510093,0.3455723259067265,0.0004789284862674076
2017-03-29,0.28443022966241543,0.3132458958552715,0.0014594199934707453,0.3004004859479325,0.0009275512371729342
2017-03-30,0.2696579831325419,0.286447729895387,0.001334368206119219,0.277067772996574,0.0008007072078197199
2017-03-31,0.38201178148217374,0.3537027059222032,0.0014648492637396467,0.36697372587738053,0.0006945771361488156
2017-04-01,0.3283522084420187,0.3696741609589833,0.0006592814126277893,0.35908873920364237,0.00046904099720733206
2017-04-04,0.3313032328555893,0.32896950461408536,0.0007123303738251748,0.3306956935154002,0.0004295175014768303
2017-04-05,0.26368891663937233,0.3399585026525059,0.0008511231113022251,0.31227277356054706,0.0005254492458181402
2017-04-06,0.30746454945037777,0.30118037276550824,0.0008372574966692832,0.30470846822943254,0.0005967721944058873
2017-04-07,0.26143514291328696,0.28935761305804286,0.000904525743392943,0.2770527323246849,0.000563659474756725
2017-04-10,0.2736027651214013,0.24173598441548183,0.0016499749719468145,0.25828836955728174,0.0009915716635033494
2017-04-11,0.25483526334577644,0.2561443101375214,0.0014461345491947493,0.2531508724742481,0.0007169957323585941
2017-04-12,0.26798324191645906,0.24395258878537918,0.000912177103826804,0.25345223534035527,0.0005359708701271965
2017-04-13,0.278261774610639,0.2441670241540208,0.0007741011236314902,0.25473594145839373,0.0006265495738932967
2017-04-16,0.24518011412101925,0.24301353156740327,0.0011692693496624688,0.24296126655612327,0.0006795369888405005
2017-04-17,0.2420100796923863,0.2344301293007759,0.0009899825985943843,0.23740002470008179,0.000755387083842434
2017-04-18,0.24202147680160946,0.23177737920383149,0.001026913197502647,0.23477617160690406,0.0005869276501625561
2017-04-19,0.2826187939991193,0.2319774809708846,0.001002838844958171,0.25347269243145304,0.0006856273259457995
2017-04-22,0.26990804426208836,0.22535515063467923,0.0012747205989926786,0.24560442491313553,0.0007589980153971295
2017-04-23,0.2410630724756554,0.23103861660244185,0.0007206176832351459,0.2338178467638905,0.000412190464802225
2017-04-24,0.24049906204951674,0.22477956724209602,0.0008031417941655653,0.23003062859465118,0.0004937409115267074
2017-04-25,0.2792123544682813,0.31522615417506095,0.0019277277761075525,0.2983930074606432,0.0009237737435296664
2017-04-28,0.29612007511019467,0.26998870282893356,0.0012866411609867058,0.28278510981947513,0.0006902900048573739
2017-04-29,0.26352586973209136,0.2646803803647749,0.0010711635775669213,0.2651212811850265,0.0005892440335672344
2017-04-30,0.34414192889477346,0.29688405843033755,0.0012804216873761034,0.3169436787709496,0.0009386947825657221
2017-05-01,0.25156441809532987,0.31930114059506776,0.001046741429836075,0.2905546791285884,0.0006801977136175353
2017-05-04,0.2699916592651682,0.30887622883078836,0.0011949964727511536,0.2918784542411398,0.0006738955592102649
2017-05-05,0.38124725375652324,0.3187703321479175,0.0008479433865794761,0.34014995553383676,0.0006109575251784405
2017-05-06,0.34043548146471525,0.3612804790563592,0.0009191790760462261,0.3528725534002124,0.0006294339866954768
2017-05-07,0.21830468114357368,0.3275341370060322,0.0007584593181616828,0.29362371654209896,0.00048662929662676355
2017-05-10,0.34681124349346026,0.25784182233586517,0.001544227679864961,0.2987622094617725,0.000744888092545635
2017-05-11,0.3138972224978637,0.32780793194246977,0.0014262827442910815,0.32318175332322757,0.0007291143359629789
2017-05-12,0.21960900363588945,0.3021631147069083,0.0009507834401210677,0.27205539068207363,0.0006385419752674751
2017-05-13,0.3323593097810017,0.2759746377343199,0.0010138438270452046,0.29881997586785847,0.0005869604480053165
2017-05-16,0.24366235579261225,0.23476701462735325,0.001635849070325229,0.2364911915195869,0.0009798332088850235
2017-05-17,0.4018125015627472,0.2738899882928787,0.0018034767087781415,0.34392536485931485,0.0009056193791418012
2017-05-18,0.3678285848081018,0.4003204827722421,0.0005404787786874842,0.3915429794441389,0.00034492922948001377
2017-05-19,0.31920848699394316,0.36539344070978474,0.000468653980556768,0.35336873266515406,0.0003912998831818006
2017-05-22,0.2650753483498504,0.3042572918266538,0.001359425706222823,0.2863649241979947,0.0007930769243947564
2017-05-23,0.3384286669470028,0.2707827318038728,0.0010021855610961967,0.2958459353647348,0.0004977241525820316
2017-05-24,0.29163470798119084,0.2745238912276245,0.0008434273986805743,0.278084123926476,0.00043349549816627705
2017-05-25,0.23560651388737816,0.2525255724415148,0.0008867449300583301,0.24537064248745769,0.000636801605796581
2017-05-28,0.2304881784818909,0.2048325578660662,0.0012741751250639707,0.21557968450087148,0.0006052214961947996
2017-05-29,0.39427556141485204,0.20827530899172714,0.0008413783610198528,0.2715443239088765,0.0006538788919507489
2017-05-30,0.368865627669154,0.3432519773219091,0.0018456556777200189,0.35964991747049596,0.0008140698597156939
2017-05-31,0.23815825448597022,0.3530935237331003,0.001076176060578365,0.3052050614543486,0.0006210255510319417
2017-06-03,0.29101424026918726,0.3641541650148907,0.0014578520494829888,0.3295692477548078,0.0008018767287170896
2017-06-04,0.283252440174836,0.32852443993214075,0.0012421281628109087,0.31151596014140004,0.0006235678054761679
2017-06-05,0.2402194459561725,0.2928720719007954,0.0011284995474132467,0.2732614900888502,0.0006665979657894395
2017-06-06,0.2275007342368552,0.272662389135792,0.0010116489662014404,0.2552317143604462,0.000554818222669795
2017-06-09,0.21787924878125836,0.25321513949366475,0.0020862630508558604,0.23411370066955847,0.0009607578718917546
2017-06-10,0.22659986998593762,0.2146786347042556,0.0010766273634954663,0.2173917228236597,0.0007056722608838553
2017-06-11,0.24751525237765692,0.19931088365382096,0.0009612309947108941,0.21876410502530086,0.0005257804690260999
2017-06-12,0.27522657969848435,0.2052503947129038,0.0006653739436106377,0.22453030856745052,0.0005738432267160873
2017-06-15,0.10100265876402748,0.18636394711284907,0.0010418874203032107,0.15491954534104774,0.0005320298404921544
2017-06-16,0.1830158686965872,0.1551099515785397,0.0006166874603184384,0.16227493048007233,0.0004524792266365133
2017-06-17,0.327387809206804,0.1601553371701487,0.0006679264020341227,0.21025235496959838,0.0004768451447370424
2017-06-18,0.08989264309640838,0.19037449938899634,0.0005910172242920728,0.16404417557342355,0.00042099173098886477
2017-06-21,0.2002594206301832,0.15848824869842942,0.000605328688228279,0.1695038930399165,0.0003959750487472132
2017-06-22,0.25089856145253975,0.1609504216084241,0.000687044441837389,0.18593988390501906,0.00047488445296812223
2017-06-23,0.14935204259908888,0.18521446526719348,0.0006997914151782026,0.17259086171736976,0.0005217157929400185
2017-06-24,0.1866002258192065,0.1717487063240367,0.0006678024640917866,0.1754357288251961,0.0004758071236333972
2017-06-27,0.3402528678230078,0.29069279520612973,0.002578004607648517,0.3207227042815895,0.0008810921387735822
2017-06-28,0.24823973779834335,0.35220530195420297,0.001218899478378866,0.309991043928178,0.0006292686162740436
2017-06-29,0.2829123772309147,0.32370751546359,0.001081279251466341,0.30704261944940653,0.0007063938323384593
2017-06-30,0.38456575355841405,0.348381680793407,0.0009563473392690289,0.3624384314192177,0.0006009268384846767
2017-07-03,0.20425025260621832,0.3051950681777785,0.0011179570584206229,0.26441361781242617,0.0007239092550218409
2017-07-04,0.15708021219792712,0.23420407164229778,0.0010802106626107558,0.20603727250408255,0.0008116781380865891
2017-07-05,0.15989971155435503,0.19197399755588726,0.0009050814836864173,0.17932989932413557,0.00057796627579251
2017-07-06,0.17099586734846373,0.1677917269188816,0.00080724678770657,0.1691752858796136,0.0004249831956764941
2017-07-09,0.29668167349982766,0.22045788274827183,0.0018040583268284995,0.2570793281498523,0.0007558140914126766
2017-07-10,0.29043743483973733,0.31755812810285655,0.0018958890803847648,0.3022957057361075,0.000788549359008947
2017-07-11,0.2470260781615737,0.2874470444482879,0.0011131598218556676,0.27119202085399463,0.0007137281680672691
2017-07-12,0.2760150867311296,0.2487135634036983,0.0011045899398194185,0.26171532078739423,0.0006274456205553139
2017-07-15,0.16547655394318145,0.2056577220766408,0.001067728989154565,0.19083227809182238,0.0006190525137698415
2017-07-16,0.16784592758784145,0.1790578888635912,0.0006982760289885826,0.17587432978040496,0.0005547518659546507
2017-07-17,0.14143026558278615,0.16110485474366015,0.0007822376739820375,0.15457436844404498,0.0005705932374895404
2017-07-18,0.23946989209781863,0.14997297303343657,0.0005066916398647286,0.1702041625503736,0.0004622177410227907
2017-07-21,0.23428532452749046,0.2511540964742202,0.0026859480781535653,0.2451867684690387,0.0009300113457328204
2017-07-22,0.17927329283597276,0.22694683016176165,0.001091044387849306,0.2059983760819657,0.0006480283612846527
2017-07-23,0.22563501944738856,0.19723486854032152,0.0008363962540966452,0.20842405708326603,0.0005908025663273648
2017-07-24,0.21403654708705225,0.22381021052520386,0.001030183627929181,0.22186386932036847,0.0006477481328759015
2017-07-27,0.16368802199241306,0.19924025754457272,0.0013317535508651447,0.18623511439095014,0.0008642463060608469
2017-07-28,0.2002340278225841,0.18403216295321623,0.0009882507930372116,0.191393266061843,0.0006645285855177142
2017-07-29,0.2184699111603557,0.17876518240605574,0.0007273424038845998,0.19116648902085842,0.0005103368517515601
2017-07-30,0.1525781593713151,0.18340276042649023,0.0006899433027753683,0.1742028403483383,0.00044895729227437906
2017-08-02,0.11159906490227653,0.16726074706977928,0.0008039274807252267,0.14825035476352205,0.0005218191818649692
2017-08-03,0.21363345901017736,0.14649883745062472,0.0005181043199600654,0.16318013199117895,0.0003335389514715363
2017-08-04,0.11279695873186116,0.1589844807333746,0.0007001072851532397,0.1447600391924653,0.00043995050293734735
2017-08-05,0.11285098203350286,0.15238178274336645,0.0005377383900555871,0.14368717683097684,0.00044279636623756195
2017-08-08,0.19517608547563742,0.33816192529540806,0.0027895223469615866,0.24883469244399212,0.0008784742854137621
2017-08-09,0.14961631040680773,0.26236055540943815,0.0011459894067142422,0.21518456643821238,0.000683193953656936
2017-08-10,0.16513519684677913,0.2379485670311645,0.0012327678014954914,0.20860958099486182,0.000647246825911676
2017-08-11,0.11541713961726416,0.19989885523758957,0.0008680888225845115,0.16993082598720277,0.0005362154806654794
2017-08-14,0.17547574603125138,0.15041818791984382,0.0006363296359278344,0.1562861571037637,0.00043338419124544215
2017-08-15,0.23598242944467976,0.15735675326542317,0.0007354185347274725,0.17966588989003593,0.000477621836092186
2017-08-16,0.13073011331583784,0.1796045148745763,0.000848662439770203,0.1632741485871861,0.0005821641361180811
2017-08-17,0.12026303368882502,0.15735190973174476,0.0006077334082425402,0.14695903971699434,0.0004277266092928108
2017-08-20,0.1466317611207178,0.15055360254563577,0.0007516332536541523,0.1495484346681154,0.00043366363799258756
2017-08-21,0.1235936720794671,0.14525013120305527,0.000699394692951857,0.14036410528877682,0.000423457866029372
2017-08-22,0.12117177267388789,0.14032462748070718,0.0005578214001170805,0.1349099683765019,0.0003401816974226605
2017-08-23,0.12157470644284489,0.14196737132529783,0.0005799160999068924,0.13729356325172581,0.0004227220202929068
2017-08-26,0.278175279914018,0.14127742148758973,0.000537522070232422,0.176278117705556,0.00038687002917790774
2017-08-27,0.2622991839797397,0.17620634929213724,0.0005975813484854945,0.19915659401188454,0.00048376874865694257
2017-08-28,0.14100133507071816,0.19838305129283806,0.0007257772900482099,0.18099904779724799,0.000494835072000093
2017-08-29,0.1260220104091113,0.17122836044456954,0.0007006351750239894,0.1591739018512656,0.00047205336838679937
2017-09-01,0.2691984985880362,0.258791535404936,0.0027645914433341748,0.2651155167433368,0.0012352762788660184
2017-09-02,0.18738294294573155,0.24761964987841661,0.0015669823731529573,0.21994126344044665,0.0007311091030779107
2017-09-03,0.17743789194661164,0.20937578458697673,0.0010425756049767115,0.1968539500895445,0.0005314636220121282
2017-09-04,0.24082441195262952,0.21045553148647392,0.0010242582663109467,0.2230588448871866,0.0006112187662339477
2017-09-07,0.18916433367580465,0.1925243258163105,0.0010188144320256427,0.19398420669070465,0.0008044379205493883
2017-09-08,0.3228227553362073,0.1885144956815833,0.0009208340616496181,0.23858159222144854,0.0005401500927117451
2017-09-09,0.17441850736857495,0.3525629211018036,0.0016574840932895376,0.25740924203443016,0.0006566226628121505
2017-09-10,0.21087303560098986,0.24573205056043837,0.0011363057640104478,0.2285684288127069,0.000657794502931957
2017-09-13,0.2137580544200824,0.20283339466290642,0.0013372652099952762,0.20786176936394318,0.0006750005665849382
2017-09-14,0.31473602463147443,0.21942029985632153,0.0013078210447402272,0.2612178716403133,0.0008082968630041859
2017-09-15,0.2725677521527209,0.2686128143708108,0.0013870642543353463,0.2708078751342647,0.0007174807891214068
2017-09-16,0.2531415481395618,0.2665556690481575,0.0011859356764453688,0.2589946709253475,0.0008947276180334553
2017-09-19,0.2648730825525523,0.30662090078829335,0.001672390906442017,0.2859159136716478,0.0009291679827862913
2017-09-20,0.24968860650192864,0.26387176031002907,0.0012171363796162904,0.25393698428359274,0.0006309392015234172
2017-09-21,0.2494939541094799,0.23362441045719906,0.000820298514345725,0.24065963602708987,0.0005302734985061818
2017-09-22,0.19035434621603492,0.23163602055944046,0.0008044161933160257,0.2172617750658701,0.0004946953746750304
2017-09-25,0.2895474365005732,0.22219602895087967,0.0015604330320320504,0.25550236344498495,0.0007989492080045284
2017-09-26,0.32272160051232923,0.2510247963390944,0.0011757675345264009,0.2788109731932934,0.000757268592703453
2017-09-27,0.3526524393399928,0.25607071193353986,0.001051999049519971,0.29202854343825413,0.0005467890783552708
2017-09-28,0.18029314858890366,0.2732343501359351,0.0008207310091937755,0.24040230542864577,0.0006123670470027206
2017-10-01,0.34130765134704893,0.28361647437772003,0.0024139345686836457,0.31947598054841353,0.0009680754986277919
2017-10-02,0.41448654053978473,0.320453793025078,0.0009307765741380565,0.35335565817295794,0.0006132278378671102
2017-10-03,0.33271685493198055,0.34156664875150533,0.0007911939572709596,0.3370546125486774,0.0005308781695347397
2017-10-04,0.30286640447472635,0.31477065845673335,0.0007305720409675695,0.31020049078081013,0.0005853530466533173
2017-10-07,0.20218034310449035,0.28407220604148165,0.0014358339215745954,0.2465039925213312,0.0007886170550931285
2017-10-08,0.26416823267653006,0.23844588865155047,0.0007393513146166893,0.24663799917829674,0.0006558622586176707
2017-10-09,0.1980583536204433,0.23921831825391915,0.000954513726482576,0.22610226528765015,0.0005776793549249595
2017-10-10,0.19964826678174777,0.21939639920325837,0.0009402005372852439,0.2130110978698911,0.0006814152073351881
2017-10-13,0.25636885874097964,0.19732708895277917,0.0013206859798425528,0.22073141010751343,0.0006591928744557647
2017-10-14,0.3375138869204224,0.20918223913003356,0.0011351629025351886,0.2598328598066438,0.0007327437326522629
2017-10-15,0.25084010458933903,0.2475011910495428,0.0011028733808428727,0.25107904525033536,0.0006670713803664879
2017-10-16,0.2255272322483775,0.24402251898518115,0.0009040992872967348,0.23662630207536992,0.0006642114200257265
2017-10-19,0.3390213985593928,0.3068266169958792,0.0017455062116146286,0.32467909152295926,0.0008698370728935182
2017-10-20,0.3513239543435626,0.310853657841768,0.0010074138271618676,0.32506877692041874,0.0006754208440170731
2017-10-22,0.3216123261691176,0.30471994943138736,0.0011045315669335597,0.3108804579919531,0.0006503285037924462
2017-10-25,0.2785409215787308,0.2778109394226571,0.0014816095270524486,0.2803650436570588,0.000867440776829284
2017-10-26,0.274556060570568,0.26753213992765257,0.0013220222379267139,0.268236308418045,0.0008001753262009578
2017-10-27,0.17434374501396416,0.26099837934702497,0.0009290269024331294,0.23085360398376742,0.0005218935505410913
2017-10-28,0.29835339773952096,0.22612161520459234,0.0010417304569922674,0.2534930055446716,0.0006473733373715463
2017-10-31,0.20878983148908709,0.23739136440327477,0.001394571122525712,0.22411049604553324,0.0006149751248575151
2017-11-01,0.32615709563941303,0.22275268125134132,0.0009698429421913563,0.25928543721361186,0.0006882336405510157
2017-11-02,0.23502823299569064,0.255799514270572,0.0008260000940051666,0.24879488869431818,0.0005206669580032746
2017-11-03,0.2843927616699,0.24385883141392029,0.000990314429187674,0.2591452579874445,0.0005946976338310857
2017-11-06,0.19251971751546543,0.33469130590952256,0.0011384245783571314,0.2777882898128665,0.0006930758526895084
2017-11-07,0.2720405664507973,0.2680399020742305,0.0009439149547501801,0.2685992041945704,0.0005477676462803883
2017-11-08,0.3105778607982701,0.2991567075448316,0.0011484521508101952,0.3036806514751722,0.0007424747933957133
2017-11-09,0.28656406292329306,0.32456604247782395,0.0008174222695803597,0.3111219982670722,0.0005689197098830392
2017-11-12,0.3473455347770892,0.3202000253098271,0.0015104589917603844,0.3327495992729101,0.0006846686776573261
2017-11-13,0.23569684107349168,0.3229727438854837,0.0007872152637488745,0.2940587538481784,0.0004909122875460526
2017-11-14,0.2721390900292655,0.28280572453074165,0.0007515803224620697,0.2782102575383647,0.0006152736944472487
2017-11-19,0.35537128496937354,0.2575397972805366,0.0017532820996584823,0.30705767698899833,0.0009504215362919171
2017-11-20,0.29294255513001644,0.2945920580274855,0.0012149083744200373,0.29226253711554095,0.0006660412027627322
2017-11-21,0.25668323242758284,0.28658045731147974,0.0008136550117528324,0.2749859798215907,0.000492553884878142
2017-11-24,0.3602360996387962,0.285500124372032,0.001500105900227217,0.3232659370602364,0.001034821368019127
2017-11-25,0.2795237059693609,0.36383205191765994,0.001256766261769266,0.32692694826570795,0.0007425888454574541
2017-11-26,0.33759515194930634,0.3192829704821118,0.001066617884150464,0.3271811543633347,0.0006315674440246547
2017-11-30,0.3416530812007391,0.3321453805738502,0.0010301785092364224,0.3338941460328895,0.0005394211050112624
2017-12-07,0.36640875223470726,0.31833113459950513,0.0019134053496861387,0.34223516037830265,0.0007375260115543551
2017-12-08,0.41463061494750153,0.35443028482334404,0.0008002950639979698,0.37417643802590617,0.00048546095467647086
2017-12-09,0.3403037127252789,0.38072245755622275,0.000602305902760797,0.36906716665664324,0.0004821900625972374
2017-12-12,0.3691580328913141,0.38078181206328465,0.0007286847153136584,0.3766924695812536,0.00045771933790077814
2017-12-13,0.40709311653529756,0.37210689325155405,0.0006090548477774392,0.38018275594863765,0.0004715210874690264
2017-12-14,0.3996129716802945,0.3754494178051095,0.0005791524174674125,0.38219163366336967,0.0004893422593532096
2017-12-15,0.4173733696239641,0.40255380179076633,0.000701596410837328,0.4083958604211261,0.00044805261992012126
2017-12-21,0.38974038954496015,0.3492494330320992,0.0008415222512394836,0.3634424770669301,0.0005212013974325642
2017-12-24,0.354766370751055,0.34842435980914127,0.0008820498760286585,0.354137834375626,0.0005949416110303169
2017-12-25,0.3219097652508779,0.34885760706199376,0.0006691471969362826,0.34278782085519466,0.0004879497620552335
2017-12-26,0.34306084600391024,0.367888671715979,0.0008262342645402126,0.35859617636401814,0.0005515227056881115
2017-12-27,0.41460070758703915,0.4020006522556393,0.0006830291453490653,0.4069059491010294,0.00043463446336196494
2017-12-30,0.36743888452503526,0.3735324379331424,0.0004948718178452003,0.3687965976786478,0.00036246750061420466
2017-12-31,0.35752911441579593,0.36653574031756636,0.0005655464511037338,0.36434761429513784,0.0004852355869376336
2018-01-01,0.3697248147365313,0.3944475390017766,0.0008659068185526811,0.38598115667693284,0.0005377357465723584
2018-01-02,0.4148007283829338,0.39663418543655027,0.0005583860042151992,0.40052344117725314,0.00044626442134026154
2018-01-05,0.4083436615152594,0.38066639828807275,0.0007645780705885939,0.3883709421459829,0.0005472190265799327
2018-01-06,0.37869501136209754,0.41967949379822167,0.0005618017560121855,0.40928247340848745,0.0005025652881820059
2018-01-07,0.32654033761684714,0.4205972850014678,0.0005334915755507405,0.3971143541712186,0.0003568055835311554
2018-01-08,0.3383754695116869,0.3936444413296034,0.0005664725296562083,0.37929868616582124,0.0004790682992730146
2018-01-11,0.3732943209658548,0.3758713391152304,0.0004809646014710493,0.37640454872648654,0.00040638684301897647
2018-01-12,0.3432451896333752,0.3662838090970945,0.0005445311976606072,0.35986537525687157,0.00041546675899208465
2018-01-13,0.34469729962981066,0.3570985432644372,0.0004305061468798773,0.35540175528939694,0.0003478950254971858
2018-01-14,0.3770888852783372,0.37392779476554944,0.000590376537096529,0.3750728267286878,0.0004086552026614381
2018-01-17,0.40381504757224407,0.3748383207581137,0.0005786115098697485,0.3821942847159184,0.00043252751659343674
2018-01-18,0.3871815081186654,0.37033461629625586,0.000589588639558924,0.3736739621103681,0.00047950724538911636
2018-01-19,0.35398939242811445,0.38441600412391497,0.0007214463167470465,0.3735688233938576,0.00048341912505388306
2018-01-20,0.41455098612918717,0.40293712235947815,0.0007088499186259876,0.40690494771655494,0.0005129729595449345
2018-01-23,0.3877330337341552,0.3697417898481995,0.0005503376867221499,0.37468200256037476,0.00037702962723396575
2018-01-24,0.36752703375922274,0.3638592600943461,0.000514296939770329,0.3637379999325664,0.0003813160755743424
2018-01-25,0.37043989198523125,0.3804442394072419,0.000516189951591518,0.3775721863571734,0.00041839564444378974
2018-01-26,0.3588042067299954,0.38026426283319353,0.00036361803106367286,0.37589705550676134,0.00029050162440939374
2018-01-29,0.34221314624960664,0.3557403070820483,0.000827375002671189,0.3515493618969757,0.0006082983773666286
2018-01-30,0.3730589948321637,0.3468510783789591,0.0008272360618114173,0.3562821359899562,0.0005677337385006184
2018-01-31,0.35860032814214177,0.35277348656798957,0.0005605852273765636,0.355017797333486,0.0004984558548731403
2018-02-01,0.3866157957440929,0.3932219739430544,0.0007449239159329811,0.3941693455403296,0.00045636221275245344
2018-02-04,0.3862175600442129,0.3708457557423962,0.0005538820250785214,0.3742490249632656,0.0004346718009976916
2018-02-10,0.36852194469201904,0.3536766012938743,0.0007568651436842844,0.3586330794653157,0.0004915705451527264
2018-02-16,0.3735201439571063,0.3817827068496538,0.0005201195204126292,0.3793764673224006,0.00040042824381729137
2018-02-17,0.33550914354623423,0.38237327034310503,0.0007559514791975384,0.36554010530378434,0.0005152863280825331
2018-02-18,0.38774607340425105,0.3755025810873643,0.0005622916510917249,0.3791285719255434,0.00043209638430869395
2018-02-19,0.34953239456183927,0.3700190302978457,0.00043686905821243807,0.3639998875700906,0.00030779713262179257
2018-02-28,0.38801761827521175,0.37951996199001187,0.000818350450649814,0.3824639873527621,0.0004983521578377703
2018-03-01,0.3577607785039765,0.3759221436724923,0.0005182273205581832,0.3723849036026492,0.00039699433980418134
2018-03-02,0.37645446391080034,0.39465472637866145,0.0006133897417367489,0.39243173606532034,0.00044689775364268865
2018-03-03,0.41174280454853424,0.3810689810327043,0.000548930876757377,0.3857632744836969,0.0004004695461766729
2018-03-06,0.3423248041531988,0.36643551186181145,0.0005700668892276883,0.3599555560954022,0.0003859865556991283
2018-03-07,0.36915783548476594,0.36089103191501337,0.0006549710888964086,0.3624438350971206,0.0004270291823213562
2018-03-08,0.3667683053453019,0.3516070180372002,0.0006333458857605827,0.35639711390697015,0.0004868246066619942
2018-03-09,0.42144094337029725,0.3559778168127958,0.0004550067741101036,0.3708589823045718,0.0003829582461582897
2018-03-12,0.32509823708747915,0.37653056525944345,0.0005458968517604355,0.3653208692172924,0.0004855125355623977
2018-03-13,0.3580402119125699,0.3546571363392033,0.0006593061033288898,0.35573118203808063,0.00047387598942030866
2018-03-14,0.3813618741067157,0.35777793620100445,0.0005395918620354397,0.3625541854379453,0.0003947440206391276
2018-03-15,0.40600444192023677,0.36040720176859076,0.0005681514227684577,0.370099724302857,0.0004229287236303423
2018-03-18,0.34578028698518676,0.383806972587345,0.0005549693063736217,0.37118215827398365,0.0003695946478486407
2018-03-19,0.3400729522685999,0.38580066502099153,0.000553227531542993,0.37378977802758173,0.00042822820945104815
2018-03-20,0.3437223544665405,0.36241865243333476,0.0005303902800882612,0.3583265050722549,0.0004042285712572641
2018-03-21,0.381711606760524,0.3485155742728615,0.0007328011180644024,0.361284906009947,0.0005111716895181002
2018-03-24,0.34070724858004015,0.37981798946322065,0.0009458487777222221,0.36533107248523855,0.0005426947629567008
2018-03-25,0.3558780907520684,0.35927299479398944,0.0005969235863628965,0.35867716671297223,0.00041449443013808293
2018-03-26,0.323636676685682,0.37177087934983777,0.000764019495953701,0.35878671953659697,0.000522998137481971
2018-03-27,0.4161398374527581,0.3821123914154137,0.000819923747798459,0.39443674357210573,0.0006117703373809827
2018-03-30,0.33752427009800223,0.3631136677332336,0.000651939161752696,0.354405666984271,0.0004005078848557089
2018-03-31,0.3625129499949234,0.3872186471247636,0.0007055963126894331,0.3800478158494107,0.0004490109572671692
2018-04-01,0.3676297040184673,0.35849087012275827,0.0004888933971678773,0.3598674103004383,0.0003402722292161724
2018-04-02,0.4060983712589622,0.347273454971698,0.0005269227463089692,0.3620874503379188,0.00039584076034245133
2018-04-05,0.3063256914450965,0.3549408032902556,0.0006198672983045282,0.3400526656191098,0.0004363135017433192
2018-04-06,0.2969823678720016,0.33402137512514374,0.0006802918541394958,0.32445259882405586,0.00044702281924106007
2018-04-07,0.30131091389877346,0.3371675431747733,0.0009152292153813558,0.32360016475693626,0.0006404564569314988
2018-04-08,0.3788404011490604,0.389851600472262,0.0010116952649035966,0.3861661483138519,0.0005913277942360325
2018-04-11,0.31340012676869694,0.3940944412380407,0.0005021557049446363,0.3758181792311994,0.00035928750499951136
2018-04-12,0.28096239702624265,0.3546325713822151,0.0004661780464365934,0.33747726699041736,0.00039899100068087
2018-04-13,0.3455739918461568,0.35251145032904785,0.000707772691951217,0.3516303764695824,0.00046781955584318833
2018-04-14,0.3244295367109663,0.3456639466159668,0.0007619532163024907,0.3397032702249126,0.0005494432593654761
2018-04-17,0.30268770696560193,0.31952250375591335,0.0010013570217765758,0.3121543138343758,0.0007529233890079117
2018-04-18,0.28518781346914723,0.2973755712939494,0.0010904959530586501,0.29273341746766124,0.000678616207942511
2018-04-19,0.2799016572921691,0.283285971305948,0.0010948720362390185,0.27868299070984226,0.0006995664590205263
2018-04-23,0.2949267587242514,0.2495420577563948,0.0016305766786256517,0.2683612788450516,0.0008461232087709521
2018-04-24,0.24049906204951674,0.2617710100907591,0.0012667239864176726,0.2517490592528858,0.0007822504107376341
2018-04-25,0.2512629109433203,0.2535620205967273,0.0012120228387245424,0.2535901030762145,0.0007961584799543275
2018-04-26,0.24085655566156022,0.247232988294169,0.000852758090732281,0.2446457271288934,0.0004748786668501653
2018-04-29,0.32469640563818425,0.40458340617493194,0.0005878748336543623,0.3843219654112543,0.00048030107823380635
2018-04-30,0.23613239092030647,0.3737322552722598,0.000553701565748948,0.3399179560075502,0.00048754018468066986
2018-05-01,0.2501997161223974,0.33528748513080947,0.0008593066538544487,0.3061599972707613,0.0005440051454550944
2018-05-05,0.3222118488616592,0.3029630488427215,0.0015274951173065317,0.3086585215491825,0.0007530252447448602
2018-05-06,0.3363521559728321,0.2850911302002774,0.0011520309353000105,0.3053808772861943,0.0006250219257655278
2018-05-07,0.2695965844024046,0.29823082549173535,0.00073280865953037,0.2878322507035531,0.000436400799077992
2018-05-08,0.34943021765038096,0.2801378864231099,0.0006445841342857787,0.30123286361919915,0.00048391410375567886
2018-05-11,0.4057348656984019,0.2733799486156231,0.0013627591371246257,0.3318448980077424,0.0006735329438454944
2018-05-12,0.3468723764291782,0.3738185264373584,0.0009603084258629279,0.36598028368759583,0.0006007639988929995
2018-05-13,0.40442341479517785,0.38487341644282447,0.0008092416074734785,0.3894764156873622,0.0006079088873829215
2018-05-17,0.32085000267175634,0.33781705133889006,0.0007472894102508859,0.3299901274025037,0.0004793660402100059
2018-05-18,0.3361055492478999,0.31242425234823923,0.0006584463784275275,0.3183256356134738,0.000437902379917222
2018-05-19,0.19419740956753115,0.3014902555090238,0.0008541744451067948,0.2639373270052956,0.0005919599253355115
2018-05-20,0.27292927583544685,0.25223027710122553,0.001032363406585605,0.2608122540823485,0.0005332904069951626
2018-05-23,0.22696374225673435,0.2647221235824328,0.002080454035663438,0.24744090307297173,0.0009217523767374189
2018-05-24,0.201501243937717,0.24054403628748147,0.0011093059860792873,0.22789578797186893,0.0006109218176817664
2018-05-25,0.2978486080072564,0.2169186169522868,0.0008545788999625582,0.24245885782908047,0.0005102218536576161
2018-05-29,0.3772036960158177,0.3905744444478336,0.0006441837195215039,0.3861587512732858,0.00048724306863681465
2018-05-30,0.38021975605672975,0.4019232615477475,0.0005744622618087893,0.3953704850674478,0.0003951134904290705
2018-05-31,0.39421812828150155,0.3647156941501921,0.0005370155031163044,0.37216251977359255,0.0003907580388351787
2018-06-01,0.34541236847568874,0.34023428048460613,0.0006421964557995209,0.3432750276192758,0.0005142520806233642
2018-06-04,0.3963087718084599,0.35094695095216827,0.0010559615931329742,0.3705289553460363,0.0007022030153647985
2018-06-05,0.39744044756995695,0.4185109179206766,0.000381961707671786,0.4164180225538756,0.0003119025484531298
2018-06-06,0.2677148459458743,0.40312243266462305,0.0004409732766348737,0.37482959529639515,0.00030025674701792825
2018-06-10,0.3414448550626259,0.40441161580687557,0.000877403324592626,0.38060912687409365,0.0006404520458129192
2018-06-11,0.36639425632029016,0.3917977558654828,0.0004828046989007282,0.3858159524397319,0.0003773328499069502
2018-06-12,0.36597338580734795,0.4110295826663315,0.0004966516703770076,0.4000955257637392,0.0004158817270503384
2018-06-13,0.26452285333568876,0.36993987907130266,0.0004566138634788999,0.3455460636036175,0.00039626983436625576
2018-06-16,0.3091186712094637,0.32108882382804615,0.0011381244742186747,0.31764158392650527,0.0004633373268113654
2018-06-17,0.21399549168952928,0.3092264166299898,0.0009163359312483184,0.2770173541342059,0.0005324520645835802
2018-06-18,0.18058927048706588,0.26726654113388015,0.0007973240008730248,0.24058088877882713,0.0006346717758372349
2018-06-22,0.15676975521654352,0.20883101628126025,0.0015160634061317415,0.18337248070486528,0.0006998910023005787
2018-06-23,0.1943180406236312,0.184728588886526,0.0008354469822860766,0.18856225240075858,0.000504679234101615
2018-06-24,0.17575668963559038,0.18603471247776404,0.0008864122803695823,0.18350157069877648,0.0005012086959660238
2018-06-25,0.24708894024821162,0.17963641518261964,0.0007212091154226088,0.19871412748563658,0.0005370009244267934
2018-06-28,0.24342841586260092,0.18251313111127002,0.001004673027613544,0.20599509938417251,0.0006684813808821197
2018-06-29,0.2460676430552404,0.1965904900177391,0.0008748264766314335,0.21473899752031247,0.0004953723902472283
2018-06-30,0.24991904222599104,0.203116884910143,0.000600824717776339,0.21696481552521188,0.00042618832144612425
2018-07-04,0.3763641554137167,0.2982508610392912,0.0019972620300786293,0.3425554866608616,0.0009864772417864224
2018-07-05,0.3754998978597816,0.3416136588351655,0.0009324376693001377,0.35577494447274965,0.0005482252153152784
2018-07-06,0.37353341331648793,0.32950715316232787,0.0006558367729570237,0.34489767986956343,0.00048925172656145
2018-07-10,0.16160352766379904,0.2410657961125261,0.001971610448929225,0.19651641887677562,0.0008139532254891111
2018-07-11,0.2801058233835833,0.1884333377988865,0.0008747360949534277,0.2210817839702605,0.0005247050360892544
2018-07-12,0.22933511403049586,0.2061261946635219,0.0007529271625120345,0.21384981364007172,0.0005594697719751785
2018-07-16,0.2288964422904435,0.3351382749277005,0.0024692554797814477,0.26998469697076355,0.0010147534722561508
2018-07-17,0.2185767312218897,0.25021585142751707,0.0011360777925059253,0.23789757908556852,0.0007379027032664331
2018-07-18,0.2774842500515562,0.22222883235919103,0.0008778748156568006,0.24097497869321738,0.0005334725489502317
2018-07-19,0.25829255996665734,0.22016693400187934,0.0009101560908210496,0.23347638335865326,0.0006886985400448292
2018-07-22,0.1787587326762637,0.2262454088359143,0.0016307250450725748,0.20056118808193488,0.0008872404557281285
2018-07-23,0.2046302179221082,0.19113280736524493,0.0010021823073641958,0.1978664522427814,0.000599597815116466
2018-07-24,0.20421055280534564,0.18650999601606613,0.0008346444166942219,0.19338851163703663,0.0005091802542882449
2018-07-28,0.26493053295533475,0.2837689357995754,0.0041220712682108526,0.27073051130448733,0.0012048266465959356
2018-07-29,0.20045292901724024,0.2467840629151569,0.0013158536608759977,0.2228698128413221,0.0006720235993895197
2018-07-30,0.17473454012850637,0.20204944696061586,0.0008550821269313155,0.19561286828929983,0.0004992974448218577
2018-07-31,0.2495696044890462,0.1912684493210239,0.000817521524006965,0.2129806851340405,0.000573317080969491
2018-08-03,0.23625533141716226,0.17430568340371105,0.0007093309670809793,0.19364391141893095,0.00045323733024629174
2018-08-04,0.18507521658191103,0.18283794255984262,0.0008343175005028604,0.182229102402141,0.0005029066598159986
2018-08-05,0.15788863380659413,0.17097163630555273,0.0008467269570829902,0.1666040298019087,0.0005554734738729767
2018-08-09,0.2523942336799565,0.18184912858354385,0.0012523516096530694,0.21273380791299576,0.0006686398199460307
2018-08-10,0.2296941306821033,0.19885054225135498,0.0007972671699250322,0.20887938468511028,0.0005163020454384727
2018-08-11,0.15369521184510754,0.19350865715256646,0.0007530388637421131,0.18019759979659658,0.0005827968869497883
2018-08-12,0.1632028335344326,0.23258012948922016,0.0020826024258849317,0.19262051343145725,0.0007677814853941257
2018-08-15,0.20387680332575214,0.2082051540228467,0.001413183532565785,0.2065308052873836,0.0008527610624416451
2018-08-16,0.2248107562584094,0.2005807656003113,0.001011708413548041,0.21252406666239954,0.0007085547725256212
2018-08-17,0.1883161681387891,0.20787909494868143,0.000860287121508734,0.20065107452711742,0.00047788866864412584
2018-08-21,0.14044801863302206,0.16516969872944937,0.0010082730973670732,0.15411068579978898,0.0005107784853885816
2018-08-22,0.1616369485178048,0.1512679247194281,0.0004995104294730999,0.152302141834271,0.0004018065463549405
2018-08-23,0.17703946543133914,0.16953549048838926,0.0008975687016962613,0.16962461901963194,0.0005720946587015565
2018-08-24,0.26386014665694124,0.174310967898505,0.0008455421444707082,0.20608244787236338,0.0005319298776955501
2018-08-27,0.12550531611210033,0.18657639655272568,0.001243233789124332,0.16148565511579968,0.0006631733697417303
2018-08-29,0.22315472889053897,0.16942241674512892,0.0007065853875253102,0.18861381023825424,0.0005300470794444298
2018-09-02,0.18844424052069086,0.15935483152303478,0.0008419236228179137,0.1702084393617238,0.0004627929399366144
2018-09-03,0.16242840061073366,0.16444888019724405,0.0007439933934326148,0.16117127588021304,0.0005622745480533442
2018-09-04,0.18028190882137957,0.15672703656757878,0.000581088904045848,0.162620510955967,0.00039820863481402843
2018-09-05,0.22602920681639935,0.16932757593072828,0.0005891062745683344,0.1836439602162386,0.0004646496005520542
2018-09-08,0.2754726775030143,0.25624283875527437,0.0028327596630718264,0.27102624200168773,0.0010228846159243356
2018-09-09,0.22302814159359355,0.253545560320553,0.0013314387181998098,0.2413673064954063,0.0006924967591400741
2018-09-10,0.286227330465881,0.22683069844809103,0.0007779680100927198,0.24550903646565597,0.0005404210732845627
2018-09-14,0.1743879356927273,0.19535213629124148,0.0014242181605046604,0.18627195515916053,0.0008197068694148747
2018-09-15,0.13688874737962026,0.18067493861112666,0.000910025924464005,0.16570620606878175,0.0006714186100398983
2018-09-16,0.20483310478127448,0.1622959761371512,0.0008080128730407645,0.1765366933302598,0.0006219585524994641
2018-09-17,0.13849796477639836,0.17422507331684173,0.0008120357259781888,0.16173848252989143,0.0004999677284120809
2018-09-20,0.16845897332203497,0.15791022272794952,0.0009061311891645698,0.16346896314803583,0.0006619838881183382
2018-09-21,0.27388872881938153,0.165174858348626,0.0007939722017829255,0.2010385503488752,0.0006585290536738506
2018-09-22,0.21195253181531312,0.19742119292687943,0.0009060503902716979,0.2028413999028731,0.0006683803160769692
2018-09-26,0.1716592241546958,0.1985604228707373,0.0013036123912693758,0.187187672939009,0.0006903148452969775
2018-09-27,0.2793265160544091,0.18241099007506265,0.0007798321250544934,0.2140522569931372,0.0005689497710139836
2018-09-28,0.14579775976074935,0.20479739013176484,0.0008406408747693081,0.1865305312443488,0.0005715915848426171
2018-09-29,0.14648283829272318,0.18414173156775285,0.0009973397459495034,0.17147740622448823,0.0006076734620194151
2018-10-02,0.14764070346030617,0.1703008518516056,0.0013633216643692252,0.1591998402756965,0.0006445336621059919
2018-10-03,0.22231215001681184,0.1585420876588074,0.0008205889802809493,0.18028979581340912,0.0005611776351908819
2018-10-04,0.14802196955520802,0.17832382729494334,0.0007786393000567434,0.16786819036246892,0.0006063234312294019
2018-10-08,0.28438638201319477,0.2807396218075809,0.0024194245070133075,0.2830233635504461,0.0008776223964501399
2018-10-09,0.3080036765424929,0.26770271604861795,0.0012537745212357887,0.2858022952369368,0.0007813879853250446
2018-10-10,0.21501481081538232,0.3375935764951096,0.0010910281707887323,0.28723496161236395,0.000609209439704778
2018-10-11,0.24967931034772492,0.28011411626656624,0.00083625397779361,0.27150875667385554,0.00048008618120763804
2018-10-14,0.42308112040650137,0.36363548298057224,0.0013756347381142769,0.39093393942231536,0.0007332623651351111
2018-10-15,0.2163303466829895,0.4028973827262451,0.0005444024733180285,0.3575632387159138,0.00048311109300963633
2018-10-16,0.375396293942027,0.33719157778187414,0.000728687850501999,0.3461302604193651,0.0005405927600436205
2018-10-20,0.25732247357423965,0.2940197178608239,0.0012435807330811231,0.2781795265214577,0.0006865282223539455
2018-10-21,0.385696367952912,0.268604333806012,0.0008965809221470605,0.31143310321722123,0.0006882160816460791
2018-10-22,0.24609176262336935,0.29818670501028277,0.0011097721731116658,0.2789853143017542,0.0005826678431202455
2018-10-23,0.2264777021640996,0.26975532244908584,0.0011451521699532932,0.2534361192303997,0.0005393170562687436
2018-10-26,0.29599486925896223,0.237003772863152,0.0011697468392170619,0.26027830071270147,0.0007409688198503892
2018-10-27,0.23650371145416646,0.2601305936075284,0.0011596595154848611,0.24756975686393873,0.0005734411385685071
2018-10-28,0.30208700632498353,0.31808782649801814,0.0019595435172713705,0.3082405429019867,0.0008421936641941454
2018-10-29,0.3410874189835136,0.3069574347868082,0.0010376744918033688,0.32191296335912667,0.0005641588334892853
2018-11-01,0.3949217480991081,0.3354589105644115,0.0012787671751489562,0.3636709357200417,0.0006942576403213936
2018-11-02,0.32103006895630415,0.3587630271709167,0.0007361080315324856,0.3476615503111613,0.000572530158061135
2018-11-03,0.36342384879350736,0.33126385864034824,0.001016517521999299,0.3434286254661554,0.0006288640101950252
2018-11-04,0.32661296940101614,0.3288347703246288,0.0007319661820640849,0.32930085820370486,0.000450165283136716
2018-11-07,0.40932502792960573,0.3633771463896099,0.0006564376264894539,0.37388301638787547,0.00035964519775329835
2018-11-08,0.306171211932818,0.3580856211195971,0.0004251733174458527,0.3470724729312311,0.00032087507382351645
2018-11-09,0.3701437924098695,0.3438434398076736,0.00050999045131698,0.3484973396488518,0.0004466199159294431
2018-11-13,0.3629764654611537,0.34222143362604807,0.0009154572023582104,0.3513205880627461,0.0006143146633628276
2018-11-14,0.35021456411354285,0.3372486596021741,0.0007524813065434011,0.34252312353835884,0.0006544468463794212
2018-11-15,0.307763817618016,0.3319478937344865,0.0010627860535603452,0.3254037708307691,0.0005425759659296243
2018-11-16,0.21505875551408515,0.31424675242167976,0.0009046454259625563,0.28104237199024296,0.0005817501386968528
2018-11-19,0.23312816086790458,0.26929996561735026,0.001377970088179897,0.25381547872174925,0.0008183037470839915
2018-11-25,0.3549046155397036,0.2883742207295334,0.002893348784509287,0.3309358724206674,0.001018454080310625
2018-11-26,0.32997779982199604,0.32448842807730366,0.0010748082550041684,0.32456107654204386,0.0007057917385203962
2018-11-27,0.30179982594331317,0.31411053977066944,0.0008934253915370583,0.30934995847439284,0.0006073721066386463
2018-11-28,0.2267882470570058,0.304406165308552,0.0008013212579874011,0.2797245447131996,0.0005349150542052702
2018-12-01,0.3578230318126942,0.3721327600380095,0.0010375176671024026,0.3657757804761641,0.0006828088148936236
2018-12-02,0.30843405294288306,0.38523523677910704,0.0008145537469658528,0.3584521950724591,0.0005376093050277169
2018-12-03,0.3621751368645516,0.38214491865035577,0.0007037430352602779,0.3770821916459573,0.00048105349574152954
2018-12-07,0.39131505342062994,0.3299792020375581,0.0009350213144381431,0.3485072662219414,0.000646736287254579
2018-12-08,0.3344158128821502,0.33936709645873653,0.00080082662803394,0.3357393558646267,0.0005799870815965997
2018-12-09,0.29673207898321236,0.33551753854250094,0.0007570875780442701,0.32239299675724836,0.0005457219584934093
2018-12-13,0.38308473147228217,0.3840899621585728,0.0010300925251448653,0.3837632868688995,0.0005300893425559061
2018-12-14,0.29002336883137564,0.36115117183718637,0.0007223866956308953,0.33856871283145934,0.00048655242405852794
2018-12-15,0.35892082386012353,0.37248966740296346,0.000987796709676918,0.3671490833599218,0.000600300199182418
2018-12-19,0.3536350383895448,0.35522213714644174,0.0007553522330613163,0.3551325890834903,0.0004777331784363036
2018-12-20,0.33295613759695064,0.34627366698298173,0.0008353827006384176,0.3440988350159144,0.0004436968431385062
2018-12-21,0.34461182056358697,0.35188983363089915,0.0006908683594106621,0.3487554367393888,0.0004071244766025728
2018-12-25,0.389449345902028,0.3400420044528875,0.0007527089490541875,0.35522992809293624,0.0005466199024759811
2018-12-26,0.2685614722627176,0.3449111360336435,0.0009058853080312359,0.3209386682286591,0.0006054991481499046
2018-12-27,0.36271900293227166,0.31968121142555433,0.0008952957556607672,0.33255199152913756,0.0005676299492900298
2019-01-01,0.3079821695172224,0.31762709629257463,0.0012329371977693243,0.31483564354672394,0.0005803409274775786
2019-01-02,0.34268715138288747,0.30948564681707497,0.0009708562127343758,0.31990665979313215,0.0004946288491511522
2019-01-07,0.30285248409747034,0.3080161594582737,0.0016188313602292636,0.30098900209398327,0.000771933929153522
2019-01-08,0.30916295821257167,0.30399985057015066,0.0008173592404500974,0.30811654636610425,0.0005322894212786162
2019-01-12,0.3484923494012104,0.30561570862098275,0.001522495650063961,0.32537027742392977,0.0006427877883557793
2019-01-13,0.3683161602099343,0.3236813962980567,0.0008966403331951992,0.3393320325314513,0.0005393342509341854
2019-01-14,0.3511372616880445,0.3376714876096913,0.0009196617092212778,0.34222508165446186,0.0005015045494908414
2019-01-19,0.32071750922749914,0.3508768614275863,0.0009332729724047855,0.33993481627233846,0.0007242145329078493
2019-01-20,0.33821301828306544,0.344646539259004,0.0008014801415512663,0.34584118994936025,0.0005261114453065696
2019-01-24,0.3339671890281082,0.3709358941221271,0.0006865575695218027,0.35934574900792926,0.0004506170220175062
2019-01-25,0.35476634260417544,0.35470623734799184,0.000685990805590841,0.35465312634620866,0.0004941080016433809
2019-01-26,0.3417860309752055,0.3495954037136803,0.0007684523250405953,0.3475327746591212,0.0005254440601890361
2019-01-27,0.35645120229706007,0.36889326582737086,0.0008154437785542107,0.36554506364539074,0.00048768288037513854
2019-01-30,0.3876385313166984,0.4067179815511258,0.0006932702945607389,0.40109037332780306,0.0005101113599798061
2019-02-01,0.33777584933583293,0.4226369611158296,0.00040686280979341957,0.40603835874708005,0.0003162098255781853
2019-02-05,0.40952484288901125,0.4087713083997388,0.0006051855637277621,0.40970136667576385,0.00048108983783029096
2019-02-07,0.3795540410837041,0.3746353225113374,0.0006270459022135838,0.37772939971919184,0.0004386877750572175
2019-02-08,0.38490015157957685,0.3641243266597442,0.0006682634143585994,0.36895227034867717,0.0005500272192817637
2019-02-11,0.3432286631636398,0.34769239489941667,0.001118601205172711,0.34430286764395845,0.0006688284375917124
2019-02-17,0.33096640324018156,0.3167520874696737,0.001719847560314945,0.32030889931033424,0.0008049294359031318
2019-02-18,0.3047160261626813,0.3168994259493988,0.001009464817013301,0.3115486444903073,0.0006721031297022314
2019-02-19,0.31844858580139906,0.3117520180796016,0.000928267520497275,0.3138248514348845,0.0005344946966445999
2019-02-23,0.29902824123184807,0.2991396644778927,0.0014614496771982572,0.3003608292115999,0.0006694222906534313
2019-02-24,0.30317752439108986,0.2980356999100849,0.0010414696293125647,0.29977122455529015,0.0005309568736060754
2019-03-01,0.29254139026411735,0.2852740576290364,0.0016337381628266454,0.28425461058466905,0.0008121475573051267
2019-03-02,0.30522827756485016,0.284119571992163,0.0013176440551356243,0.29130981094616426,0.0007221979186204529
2019-03-04,0.30903219986743946,0.2871492835798447,0.0013302445656538263,0.2961204658917012,0.0006029098702788517
2019-03-07,0.33824933440975924,0.3170029653713038,0.0011453528891843152,0.32351165541070936,0.0007637546834036206
2019-03-08,0.30246858437415197,0.32292302964433267,0.0009588871708618844,0.3168532359133083,0.000661393600481829
2019-03-09,0.32809196987345446,0.3085300410700281,0.0009641764565448418,0.317315108956061,0.000642038673441642
2019-03-13,0.38756102803770515,0.3362567701250926,0.0009245568956275426,0.35479881357798704,0.0005462643209419288
2019-03-14,0.36556682277172214,0.3581299801409733,0.0005363895133020187,0.35828104294635144,0.00040190933046050227
2019-03-15,0.3937102001276742,0.3481703994202922,0.0004593850874724292,0.3589522661142112,0.00038205861870217213
2019-03-16,0.34555223043769256,0.34643171129284006,0.00044193858416198653,0.34596536672587186,0.0003813724703501673
2019-03-19,0.29029044460111253,0.34784169168543416,0.0010908975424053417,0.325139237277836,0.0006987831812736716
2019-03-20,0.27334339169102523,0.3140728589521848,0.0009160309023364315,0.2986974313515331,0.0007108814479355717
2019-03-25,0.31748809782289555,0.26169656093461474,0.002006771476911215,0.2924948909321758,0.0008329824724026137
2019-03-26,0.2760010045548103,0.28281653365019793,0.001173185087773074,0.28314709859102705,0.0005662855478517627
2019-03-27,0.3246297751547483,0.2788402532609504,0.0009509167035582006,0.2947310674159397,0.0005362618096151435
2019-03-31,0.2776554675561143,0.2630673598582063,0.001464161942040177,0.27135334148635265,0.0006475132253286544
2019-04-01,0.3988959398045267,0.2792762887479172,0.0008421967647856813,0.3211759676892928,0.0005822898946003032
2019-04-02,0.3572673001547933,0.3266851438274373,0.0007354579135415863,0.335947926607037,0.000411385172704346
2019-04-06,0.40670214289441514,0.38371017337075003,0.000740325116723271,0.38919723363173037,0.00045293711014234104
2019-04-07,0.3234209585470907,0.3728997847944287,0.0006370718390592434,0.35987797751018663,0.00045750207381174706
2019-04-08,0.4122429733410754,0.3569634128477662,0.0006430964267352694,0.37231717974404704,0.0004627669091572708
2019-04-09,0.2704140551797782,0.3519432435511585,0.0005394075370584528,0.33348244576396896,0.00040775211968280386
2019-04-12,0.30686601258258756,0.31466388956701413,0.0011026452413520902,0.31270605131194684,0.0005653028002367307
2019-04-13,0.2605251769083834,0.2991531215504422,0.000942089721917179,0.2863737466210613,0.0005831077224563135
2019-04-14,0.30331303206776,0.27840338390500147,0.0008382766849636622,0.28614776254080654,0.0004745515553205728
2019-04-18,0.2557422604824592,0.307421931809518,0.0016753971862277987,0.28287456825265855,0.0008038848778624641
2019-04-19,0.2456359890625862,0.2724783134876171,0.001108221461022493,0.2607458777295332,0.000792691477032849
2019-04-20,0.36645179523415816,0.2518319367740668,0.0011373947875034666,0.2966290982466094,0.0007546684524342103
2019-04-21,0.27742753924751623,0.29039268879049746,0.001162044164051795,0.2867334637230599,0.0006029519082293952
2019-04-24,0.37067568114250965,0.38425694102002333,0.0006333600703952182,0.3811225958703364,0.0005377163185014041
2019-04-25,0.40899544467781546,0.3968724468262512,0.0009271727745174513,0.4010504549207871,0.000582188198888372
2019-04-26,0.38338798947680375,0.38004219968800435,0.0006962498400239015,0.3784015018316385,0.0004670815390825065
2019-04-30,0.28228737351775923,0.3016167993744383,0.001267154390499743,0.2969172099039859,0.0006925659114786127
2019-05-01,0.3119038102527908,0.2844740887722004,0.0008059809273713264,0.2921993932766721,0.0005695980344589572
2019-05-02,0.32196355603432397,0.2863264404462587,0.001067262367315026,0.30259506057072033,0.0006254630526479505
2019-05-03,0.3134238791074422,0.32163054079801484,0.0008848154570043808,0.32047312275895756,0.00044770396999911443
2019-05-07,0.4076608958341352,0.27976726309548317,0.0009331147241805778,0.3261970645217216,0.0007664063627205855
2019-05-08,0.3801497376751963,0.3411804142832047,0.0008253130165721583,0.3542557983802768,0.0005167111005509965
2019-05-12,0.25815882717456523,0.30902119701413777,0.001051126072610298,0.2878352367917341,0.0007446780563348716
2019-05-13,0.24146898104204975,0.27458756377107896,0.0012720943516975815,0.26026310472040814,0.0006976887984784573
2019-05-14,0.2946126756838036,0.24627734606034538,0.0010445915387604875,0.266416390039906,0.0005317278917725293
2019-05-15,0.28222594650880584,0.2518626664247646,0.0011250993009023038,0.2658261619934208,0.0005600728973535938
2019-05-18,0.3203491054854034,0.36729524382444007,0.0007697739589022591,0.3518660670710144,0.0005548680571012294
2019-05-19,0.35109600311854555,0.37041992891771186,0.0006417025661186641,0.36385706528406575,0.00045622516023733793
2019-05-25,0.36742750116126544,0.3525764043079054,0.0007713592689379042,0.35636535626143867,0.0005473223311654204
2019-05-26,0.3120860431685167,0.33939699911464305,0.000854570753837456,0.33160964578948066,0.0005976479991587453
2019-05-30,0.2884159777138887,0.29032611238535083,0.0018383413531116847,0.2896630485735888,0.0008979037984932316
2019-05-31,0.23666862846746842,0.26598167931853434,0.0013155137718739221,0.24976911648139993,0.0007239251202527625
2019-06-01,0.3185917114082469,0.2269607549016791,0.0012702665010302459,0.27052720631022764,0.0007304758250110628
2019-06-05,0.39744044756995695,0.3786998925950297,0.001871314290910228,0.3903520292163051,0.0008639880165111983
2019-06-07,0.299750642302691,0.3399802980856347,0.0007296141386259163,0.3293515497098259,0.0005573733947017534
2019-06-08,0.21991502763058884,0.30684436230778117,0.0007320311067027546,0.2812581493167332,0.0005168153044041894
2019-06-11,0.3279324396895992,0.281018611571925,0.001639066565680344,0.3041431135927798,0.0007707075627827808
2019-06-12,0.2797204532827959,0.2936382033624573,0.0011665304348220436,0.2866898839440036,0.0006948017398861387
2019-06-13,0.23631624568949747,0.2612405123796957,0.001176095903473085,0.25230795140060847,0.0006232773224294125
2019-06-17,0.25921870866740604,0.24463635096120598,0.002091891200651524,0.25190051561013516,0.0007069965995244698
2019-06-18,0.3221188816389982,0.23105121144317842,0.0012087655476236512,0.27367066720833894,0.000854850065415631
2019-06-19,0.314087498799007,0.2615421165272482,0.0012951938471955282,0.28507906035549946,0.0007073481364396697
2019-06-20,0.22201800627184837,0.3048104007771018,0.0011402931810890033,0.2721254244261557,0.0006427939965815145
2019-06-23,0.23982382870442565,0.25500062025682246,0.0017076567012737774,0.24959321087292122,0.0010354109981274813
2019-06-24,0.31915306605332916,0.2281676285666031,0.0011678895594634854,0.2638242698656833,0.0007076750090360671
2019-06-25,0.3274612863600346,0.24243524572254455,0.0010781484440972574,0.2788876490249414,0.0005253340969238364
2019-06-29,0.35618584287672084,0.2005347651029568,0.001209534692093373,0.26605366704311023,0.0005258826233726421
2019-06-30,0.38456575355841405,0.24746780571548666,0.0008352685034169271,0.29382958840632034,0.0005515197519207215
2019-07-01,0.30553486833875326,0.27466856549941704,0.0009422068016370471,0.28475195722663654,0.0004676998649445832
2019-07-02,0.20751282711205693,0.2717150911381134,0.000773337015818234,0.25314583181499967,0.0005530618006959973
2019-07-05,0.2512322932850021,0.19671464051894383,0.0009632055157799284,0.21738569494181562,0.0006711215892472894
2019-07-06,0.2947113085199591,0.21037075241106876,0.0008550821205214699,0.24022877169853685,0.0006149133176581456
2019-07-07,0.37203741179545935,0.2248398102822505,0.0009443483184696627,0.2800493241003324,0.0004811536626822836
2019-07-11,0.31652521186726995,0.25539357972348503,0.0014396897021022404,0.28580653989769916,0.0008018921021562546
2019-07-12,0.32049321631241035,0.2543307900039997,0.00125582789291108,0.2838541006718869,0.0007584649024847844
2019-07-13,0.2176679399685208,0.26311545819217913,0.0010825867171708622,0.2430129270413936,0.0007594997152935009
2019-07-14,0.17994528808298807,0.22162912273200167,0.0009332403205478025,0.2089191617014233,0.0006631605542963812
2019-07-17,0.27538548040706057,0.17655334802143702,0.0009135201559208782,0.21124646188585372,0.0006494937468423332
2019-07-18,0.2723601620080469,0.20261370161415815,0.0009993921529501857,0.22790807792948609,0.0007358328468076272
2019-07-23,0.1867915224083898,0.1686686426864924,0.0006550104726547674,0.17493013895048962,0.0004307065771991593
2019-07-24,0.22019180278267006,0.16711529138885428,0.0005768409726202994,0.1805081071269782,0.00037820854456777244
2019-07-25,0.20540444563151677,0.1839741513861014,0.0007026416624685717,0.1894546330528031,0.0005863998648872828
2019-07-29,0.22683590183967112,0.2728355627715297,0.002095492027313083,0.2435564440500501,0.0008595324752564276
2019-07-30,0.2936609676562736,0.23697398986833737,0.0009131188852926146,0.25658134241932534,0.0005947766201076019
2019-07-31,0.15515992288056038,0.23828612181211986,0.001047798243645423,0.2060204162723596,0.0005613681539484493
2019-08-04,0.2617420877781595,0.1827380448836219,0.0009456916408006421,0.21096925689657722,0.0006877394180136298
2019-08-05,0.26663817427540804,0.19763233604101912,0.0008196933263676223,0.22105049979955207,0.0006164395813982969
2019-08-06,0.277718265747561,0.2059090517908862,0.0008409375061686572,0.23125509560951285,0.0005165354717744857
2019-08-07,0.28319768361538994,0.35811700575662436,0.001907639098655694,0.31518546799856,0.0009173620637317164
2019-08-10,0.3167790561759446,0.29625991863358103,0.0020916509231873317,0.30862796800696723,0.0007855427422678505
2019-08-11,0.3360241553589434,0.35751701977287154,0.0013451230239659303,0.34793568751803583,0.0006695049453434886
2019-08-12,0.2905211131428273,0.3425111509169856,0.0006087961080806306,0.32709720366407935,0.0004292525944638136
2019-08-16,0.2485928491194064,0.2414154146045317,0.0014526408888020676,0.24720812633513264,0.0006713071792317826
2019-08-17,0.20514752174030126,0.22589157494851222,0.0012069299339918012,0.21788185477945402,0.0006441542236710297
2019-08-18,0.2849420240250077,0.26879365884589074,0.0022621563629768365,0.2777414892856879,0.0010438141792810142
2019-08-19,0.2048327314546982,0.26615044507034274,0.0013105523020939096,0.23667796132553465,0.000772537243316551
2019-08-23,0.3162013380950226,0.20797733683625486,0.0014746010853104144,0.2605225472807759,0.0007505509830572565
2019-08-24,0.28244752819374563,0.23878620324479802,0.001070428330227801,0.2554651272820221,0.0006678241746604086
2019-08-28,0.2254128015325096,0.22296332893537094,0.0015331406324275586,0.22370856139700382,0.0007830084540307549
2019-08-29,0.2676725778666412,0.20978673520823377,0.0010407417185395213,0.23229444222053972,0.0005988614474236831
2019-08-30,0.2202520026525277,0.21583448457853666,0.0007013620032420287,0.21778150151201234,0.000514364677255016
2019-08-31,0.19305431700154294,0.20889919437337567,0.0006778194630029963,0.20387641641511728,0.0005218037705417539
2019-09-03,0.153067483524925,0.19181749204363613,0.001089110369116416,0.17664189784294745,0.000553630072828057
2019-09-04,0.3766541071858383,0.1751428757484145,0.0007755209986164596,0.24051349643496386,0.0005841361423647334
2019-09-05,0.1496747478838268,0.2318581612226626,0.0009555407574547591,0.2025170033995099,0.0007715049524197584
2019-09-09,0.27409553706682227,0.18853404150464814,0.001438340415386589,0.22748476909612844,0.0007036210340766103
2019-09-10,0.2740816753513883,0.24836766055803242,0.001094733462982815,0.2584620167025902,0.0007903527382797882
2019-09-11,0.21054924829867822,0.2397573763316376,0.0010111542814617586,0.22754484155382249,0.0006070684347989998
2019-09-12,0.2832455476136945,0.2122552367837701,0.0009708412270920889,0.24245783063860776,0.0006175977619677995
2019-09-15,0.26122547249806094,0.2030175146936268,0.0010981081459615317,0.22767163220572184,0.0006455964192014765
2019-09-16,0.2255293327374087,0.2187207065580562,0.0008163354265085137,0.22071469078642256,0.0005395431223467216
2019-09-21,0.2319371659244548,0.20434544461579032,0.0013782767751687299,0.21926179417957506,0.0006904696577384048
2019-09-22,0.32229217233714225,0.3047560055507258,0.002238327522555965,0.31312144656416346,0.0009451457544044003
2019-09-23,0.38740405516858534,0.2924003666442623,0.001114169094751755,0.3322032706660047,0.0006922470885290814
2019-09-27,0.2431617912804554,0.30492273822871285,0.001013365575438575,0.28209402785460097,0.0005624577307204373
2019-09-28,0.36294106690778516,0.26905539772909337,0.0010489674655660393,0.3053685974667,0.0006468204898497462
2019-09-29,0.23943515532197035,0.2885059496590168,0.0010001142632931814,0.271394446291059,0.0006782825182057865
2019-10-03,0.24692575718664303,0.2571027263204301,0.0018467228366355224,0.25091636178473053,0.0009347506032138232
2019-10-04,0.36421384665450585,0.24684820162447918,0.0011366246972305044,0.29713129827640655,0.0008089066801182093
2019-10-05,0.19618502847240854,0.2902273784481269,0.0011722554380520288,0.24954127390549324,0.0005705311245131366
2019-10-06,0.24460269501127094,0.24959030050430298,0.0010040111963356589,0.24638192212531482,0.0005578951174250496
2019-10-09,0.30397634582702066,0.24498577616015552,0.0011681595049412251,0.26896335541881383,0.0006751578510052165
2019-10-10,0.25791663400527826,0.260925631681712,0.0008606838024492688,0.2587886216896535,0.00045760425163386036
2019-10-11,0.27385101504664633,0.24622427418544868,0.0007649556798618297,0.2549027318504055,0.0005957083436807716
2019-10-15,0.27886744309197614,0.38191435452924133,0.0006951802588736674,0.3513485977477987,0.0005140053972560535
2019-10-16,0.2791406722745326,0.3341652808410218,0.0007491526051564246,0.314320956187891,0.0004794230958997104
2019-10-17,0.35080969265815864,0.3093961078834655,0.0008963158954795534,0.32625670390510453,0.000628822675839912
2019-10-18,0.3086904085123604,0.34391361228170836,0.0008863049749891505,0.3313802855812258,0.0005140335639808344
2019-10-21,0.35859144540770443,0.3312717942540207,0.0008888011643455238,0.3416941424261965,0.0005950792678977352
2019-10-22,0.33619481722108835,0.38184191687569546,0.0007721430394243803,0.3657754245243566,0.0005139690264345686
2019-10-23,0.3568426206235913,0.40386687100517243,0.0006380523965334512,0.3897587486413957,0.000503874509065617
2019-10-27,0.3703448740966679,0.3254814020750408,0.0009153862018521009,0.3424043209658102,0.0005670738011174873
2019-10-28,0.36645709290914663,0.33072966757107103,0.0008701934717433798,0.34437940291480457,0.0006230585915381793
2019-10-29,0.3153046261558307,0.32897560975632634,0.0008336879117660513,0.32331976726203027,0.0005690217028473459
2019-10-30,0.28225558329494277,0.3197350228594314,0.0008631972169229484,0.30853690615095725,0.0005721647947200658
2019-11-02,0.3233025656660919,0.41171527447440937,0.0006361866497138109,0.3861618076886597,0.0005127313430295057
2019-11-03,0.3864204151719853,0.4081781023383474,0.0004852630952200488,0.4043527260291245,0.0003230979926092174
2019-11-04,0.3921925845308535,0.4108066615430214,0.00046910140126805826,0.4076139865053781,0.00030841863702135784
2019-11-08,0.42111410102973695,0.4010535995687698,0.0006204052422398254,0.40564355472680597,0.00047624635027853826
2019-11-09,0.3621449723541421,0.3865809010677972,0.0006660892133359854,0.3805868328556133,0.0004528910939730695
2019-11-10,0.29632742808201656,0.36994411857714377,0.0005351582407559813,0.35149542114433685,0.00041350458002257964
2019-11-11,0.3729149337281975,0.36792281094323753,0.0005521187303590639,0.36908722887176987,0.0003999700276605352
2019-11-14,0.33501813464865526,0.3928440682482325,0.0008356660653870207,0.37463301774207125,0.0004455083721096084
2019-11-15,0.39240005390844507,0.40114139755651196,0.0006706468147885791,0.3988040167310276,0.00038264439112012524
2019-11-16,0.38396263459221835,0.40753773442038294,0.000629453143266155,0.4010149949105568,0.0004955695563260346
2019-11-20,0.33053103075422324,0.35408485278739205,0.0007837202274318201,0.34594420226971306,0.0003963903495018279
2019-11-21,0.3582968787187949,0.34593794315710985,0.0008213085137114918,0.3515127245184953,0.0005438398199687274
2019-11-22,0.32226571074057614,0.3562190651980653,0.0006692214230089546,0.34665745638379947,0.0005095631837629683
2019-11-23,0.41833481983518045,0.37258559813089553,0.0007603111698543117,0.3866825721037209,0.0005646734570943264
2019-11-26,0.41659464424515424,0.36085019412114183,0.0006385475586172337,0.37678807023667527,0.00050268351717597
2019-11-27,0.41230471471017643,0.3783903398723543,0.0004974318826105676,0.3861055112949191,0.00041863664657845273
2019-11-28,0.40579312486127234,0.39061962493375746,0.0006210486694612752,0.39476454787688764,0.0004671914600741012
2019-12-03,0.378800081158464,0.3557187962770001,0.0008002034225313872,0.36229559612170253,0.0006305349139364045
2019-12-04,0.39281849545104175,0.35703611025497756,0.0006793644105852779,0.3692487936226078,0.00043901433322633666
2019-12-05,0.32138145887429603,0.36404876013224585,0.0007165120372711958,0.34877695059144764,0.0005016866237770847
2019-12-08,0.34500563172342685,0.37376897302685835,0.0009233910320568485,0.3633180506154915,0.0005982396861992807
2019-12-09,0.3709437168702287,0.37830865077760634,0.0005412465513765021,0.3754273188012569,0.0004242501831093568
2019-12-10,0.36409424357976494,0.3634458538503387,0.0004979599022104596,0.3634918273190844,0.0003190883095691199
2019-12-14,0.3604207804013158,0.39332331787900165,0.0005013618530969433,0.3866689031638559,0.000367157017396534
2019-12-15,0.38954849650776124,0.36833043939933097,0.0004959721211129465,0.37301738070952245,0.00032552883595385806
2019-12-16,0.41625005938459914,0.36358239338988446,0.0005421151070357967,0.3793448276100846,0.0004365185858773824
2019-12-17,0.3785841139062969,0.3776205528499201,0.0005091039777378095,0.37932590917990344,0.00043131539748154533
2019-12-20,0.35173700707638395,0.4027468185892381,0.0007701060481574319,0.38777601663346173,0.0005537212326157948
2019-12-21,0.3880702114877078,0.42350005762940485,0.0005041589215440664,0.41507260646648275,0.0004396582119312831
2019-12-22,0.4124145724226778,0.4276474860494669,0.0004398713172719299,0.42428714832612147,0.0003159239039083912
2019-12-23,0.41314726676731456,0.3976161264114449,0.0006216666749058623,0.40034743795645866,0.000532747294988715
2019-12-26,0.3603888605282242,0.36203524688941835,0.0005154453863141961,0.36132959927948927,0.00034849258096837985
2019-12-27,0.3871692554226421,0.3589054513767346,0.0007318657302077157,0.36681565155275025,0.0005975350368418693
2019-12-28,0.35814016035171004,0.3616586160893682,0.0008699049358016122,0.3611583156667175,0.000585273257010585
2019-12-29,0.3414836753433835,0.3567975334645419,0.0007612080821035781,0.35135648936199415,0.0005820493370182924
2020-01-01,0.3329163063627361,0.35265895971361305,0.000856756006185503,0.34631548999980394,0.0006072728333128427
2020-01-02,0.3565624260551157,0.34604195739465604,0.0007569851748086548,0.34912264115642594,0.0005725791452816273
2020-01-03,0.38883690149615197,0.35035446423855454,0.0008714027970169818,0.3645230163848441,0.0005758455781775037
2020-01-04,0.3624175223979858,0.35794742640860094,0.0006271559859291234,0.3604605048433312,0.0004015105663189666
2020-01-07,0.31881477642878586,0.35327210962927147,0.0009294342453772773,0.3393006750196882,0.0006541274068797151
2020-01-08,0.3719832360328799,0.3413075050047422,0.0009826461523558287,0.3515819693978193,0.0007632977002116737
2020-01-09,0.39104147567711933,0.3574620162351122,0.0007169804617666653,0.36632630438270897,0.0004855266442137325
2020-01-10,0.37405170043660113,0.3642606122244927,0.0005635129323774753,0.36532791911802037,0.000385092211984941
2020-01-13,0.33950555487841766,0.34811921660954637,0.0008597662106014122,0.34684636861346385,0.0005284661281594095
2020-01-14,0.3621042517846875,0.34512683716444337,0.0008340238400975743,0.3515838537036025,0.0006507222531104809
2020-01-15,0.3558680762931502,0.34845712835644604,0.0007594996297185181,0.35206684585232395,0.0005247738136253898
2020-01-16,0.3633108031141715,0.3468319250147588,0.00077114628583507,0.35283910579541045,0.0005463632362544766
2020-01-19,0.28672368117176,0.36415520573804494,0.0005890647905877819,0.34322452678856324,0.00045081937803487856
2020-01-20,0.3625046814093761,0.3426808262917971,0.0006040031236518248,0.3480963237010976,0.0004811820713841841
2020-01-21,0.3212887208069656,0.3455332307280941,0.0007622824997271029,0.33830910556172605,0.0004915477025860816
2020-01-22,0.3877139693121767,0.3894901049619755,0.0008239961234272622,0.3913910285629045,0.0005573601326972279
2020-01-25,0.34881014340566685,0.36199678358140525,0.0005408181744371922,0.3575926992188454,0.00037092703167338923
2020-01-26,0.3569075550242706,0.37060844306292134,0.0006582924999452514,0.3667443718687965,0.00040016979877949873
2020-01-27,0.39845590033057215,0.36383358963747897,0.00039127204879394763,0.36981624721758605,0.0002965488072852282
2020-01-28,0.38581781299927703,0.373465207198092,0.0004490684774536481,0.37581795704830184,0.0003773821510061364
2020-01-31,0.3972289414854815,0.384640564576338,0.0004672137699138055,0.38643809794919975,0.00039383650149980225
2020-02-01,0.3624185434671441,0.383664943077123,0.00048578093424134477,0.37914167235079177,0.0003358193349749755
2020-02-03,0.3802069900047536,0.35547020009508246,0.0006830414689989932,0.36372631897048,0.00046080477805685336
2020-02-06,0.343000995715386,0.34389813181203865,0.0008148922141982326,0.3420460621318951,0.00048694837274026255
2020-02-07,0.3662363713677019,0.3389041612434721,0.0006927374247352167,0.34603967183854073,0.00046592974925171576
2020-02-08,0.35376445752810537,0.3437289397641104,0.0007252272965997355,0.34501618793389804,0.0005045731754431071
2020-02-09,0.37780406917727516,0.33874618936077006,0.0008100387538386104,0.35064019102351623,0.00048053772791726424
2020-02-12,0.3675130376114968,0.35397851430361754,0.0007207627830566429,0.3579500405212583,0.0005502000185415357
2020-02-13,0.3552859133789138,0.34963096035536145,0.0007172226386263522,0.34955589534357784,0.0004423041806461014
2020-02-14,0.32188411146753315,0.3423293298722234,0.0007567081193063019,0.33687111541681763,0.0004609735240361266
2020-02-15,0.3742986261152616,0.33108504984373516,0.0006536977714130882,0.34329046645612643,0.0005297933582571911
2020-02-18,0.3502528275420611,0.3420351315856244,0.0008041150734220706,0.34501983061955216,0.0004921046772553346
2020-02-19,0.32828343580533603,0.3415532809414216,0.0007711941591128393,0.3346160310665732,0.0004973399712092728
2020-02-20,0.3179801677212714,0.32857528123371016,0.0007642888967695163,0.32488296610529616,0.0004868955038741078
2020-02-21,0.3816663308679843,0.32257555407961247,0.0006641330488217246,0.33980204009083925,0.00045538524693994857
2020-02-24,0.30953074235944145,0.3267095573872645,0.0009146467936257218,0.3203791380191347,0.0006096291700933529
2020-02-25,0.4058092334789314,0.34498233541529233,0.0007947498177651998,0.36337905593619474,0.0005385911189712053
2020-02-26,0.3903965330034143,0.36885199629588816,0.0005281513170696811,0.3728277192587044,0.0003934706183760584
2020-02-27,0.40613213222525135,0.4060208718342471,0.0005993794299386587,0.4072519824232254,0.0004444065030443288
2020-03-01,0.41836240116626133,0.3826182139348209,0.0005108286113226437,0.3920863987350644,0.00036696240945249304
2020-03-02,0.41892057272067607,0.41060748085108634,0.0005446637458475216,0.4118643647893561,0.00039061675278002597
2020-03-03,0.41504466758209196,0.421281322901469,0.00047145469785184234,0.4183638892491021,0.0003628596382836195
2020-03-04,0.4111146499118639,0.4092765892489901,0.0006006996424706314,0.4103871557517252,0.00042598564906575767
2020-03-07,0.39147486050720326,0.38298985246886835,0.0005718329390320609,0.38572399289505716,0.00041977909291092023
2020-03-08,0.4191532717563505,0.3764355380135639,0.0006159684358960404,0.38544402844590225,0.000367586809913277
2020-03-09,0.3907801934218617,0.3790566334407383,0.00046748106198192367,0.3817156748343107,0.00033886600817400857
2020-03-10,0.36453978978827595,0.37158381435732174,0.0005156237481539075,0.37134865827240593,0.00037110179000172467
2020-03-13,0.3843845077163974,0.3588993895304082,0.0006257443619664921,0.36585167370586424,0.0005720327672685697
2020-03-14,0.3453826749656503,0.35209345788422824,0.0008609255762802132,0.34946266152795047,0.0004968869683369463
2020-03-15,0.3728201698919032,0.35115987900954687,0.0006975731988712476,0.35735739646459225,0.0004444220733481986
2020-03-16,0.4181791897000155,0.39285845606808906,0.0006599186202600016,0.4031204783778519,0.00035618551796605917
2020-03-19,0.3603822290808447,0.3500750834102391,0.0006732296660901283,0.3555020338471284,0.0004990614853035023
2020-03-20,0.32926823942744904,0.34451097869567254,0.0006034366759668719,0.3407758564895772,0.00047107238159882427
2020-03-21,0.3336883937946498,0.33651700440222015,0.0008433630627603437,0.33672083250980367,0.0005173945665036905
2020-03-22,0.3662265160824839,0.3270221590899135,0.000861131526594519,0.34152051291031305,0.0005977627972907151
2020-03-26,0.3273601815086472,0.3473294750122173,0.0011167004025243602,0.34075858817665583,0.0005655765767880913
2020-03-27,0.3566170579086865,0.33264010539840716,0.0007748698897713926,0.3416112724164709,0.0005634088990562505
2020-03-28,0.3536020688825677,0.3292381550699779,0.0006841590355454291,0.33571237626822614,0.000503294984462785
2020-03-31,0.31967533277477134,0.3276983092620495,0.0009181963719417416,0.32477532679665094,0.0005817146428184582
2020-04-01,0.3421623774554865,0.3138750564613302,0.0007388250658128226,0.3234270587683847,0.0005887666801770126
2020-04-02,0.29958784243246045,0.31869420411315486,0.0007349153210158321,0.31227199151900986,0.0005677733756375036
2020-04-03,0.30955232792565657,0.3056074702190432,0.0009938737858489661,0.30720863270380255,0.000585740193428795
2020-04-06,0.30986828252518256,0.28519566645568534,0.0016657250586412714,0.2999740615420807,0.0007137735857357978
2020-04-07,0.31364486163829003,0.3059864753567215,0.001019809841760645,0.3080066854813123,0.0006422029101853482
2020-04-08,0.2601585759367124,0.29952984654237375,0.0009066378658204205,0.2835214412763958,0.000543329998905623
2020-04-09,0.3096267955804165,0.2772388666487072,0.0009385949013736795,0.28764049434548855,0.0006510405281868897
2020-04-12,0.3936169502096724,0.27248860864779023,0.0013625358715201666,0.33175565296684695,0.0007865165472610789
2020-04-13,0.3543545364387255,0.33167690514773357,0.0011125177790634396,0.34303419660706397,0.0007519290518428641
2020-04-14,0.24786749396511593,0.32529788632011447,0.0011630385168344322,0.28957071215632685,0.0006800176728660793
2020-04-15,0.25584375546704724,0.27820338740898476,0.0009220542126512479,0.2705322783960149,0.0005720793426931766
2020-04-18,0.39025966121323075,0.26537130113731433,0.0016737454230806542,0.32784927055038265,0.0008177298863076922
2020-04-19,0.4012351087390539,0.3500823544702758,0.0009558339572940122,0.3715830983202429,0.0006196523476528746
2020-04-20,0.34987698424028313,0.3807935878027539,0.000638937422911982,0.3704926651882168,0.0004134927238854258
2020-04-21,0.4101534498799576,0.4066923417399483,0.0006002897228442501,0.4060767305004693,0.0004156408619175426
2020-04-24,0.3474111803294922,0.33698985654667957,0.000877422832264256,0.33874784092978155,0.0005876797942759969
2020-04-25,0.35036345415357273,0.32989696738020136,0.0008661677881214101,0.33759649384609813,0.0007123945182510519
2020-04-26,0.3437366381138068,0.336461925465634,0.0008992947298546276,0.3407062245177718,0.0005253687811168149
2020-04-27,0.39765901140485543,0.36806138380151987,0.0008322110146936759,0.37670478236887256,0.0006086503684126631
2020-04-30,0.39108793117461127,0.37034534712053174,0.0005977928512919858,0.37534377830404575,0.0004861362808610253
2020-05-01,0.3798423621796471,0.3928231608037077,0.0005791360070359782,0.3901502390611523,0.0004199595677969435
2020-05-02,0.40903056736154514,0.3870737199295543,0.0007152441068026783,0.39176335872122836,0.0004521561363209419
2020-05-03,0.3588693375142735,0.35801786501256133,0.0005538946547763272,0.3582819139566997,0.0003647816447488077
2020-05-06,0.28759303115006757,0.3137301832893198,0.0011746519228552482,0.3015503306847602,0.0005828146942507709
2020-05-07,0.3262208732706213,0.2830691745416168,0.0008905673635117988,0.29757840811787495,0.0005672912863208282
2020-05-08,0.2125296090869213,0.28954082092892675,0.0010889891049650853,0.2590452520931689,0.0007133189414230327
2020-05-09,0.2770758195898248,0.26152716859029806,0.0010461525698430552,0.2683711927223034,0.00067818152721584
2020-05-12,0.40442341479517785,0.38807934932272614,0.0005372262278551831,0.39186555895968594,0.0003463888892152361
2020-05-13,0.39469250431719405,0.40256005184050914,0.0006188006021261657,0.4012720228100573,0.0004922459981235199
2020-05-14,0.40429032981729807,0.3903635428187481,0.0005816525103536019,0.3960299353294158,0.00041128736600692175
2020-05-15,0.3745972332006312,0.371940466845918,0.00040328529593393965,0.3732119279939483,0.0003257043807048875
2020-05-18,0.29041520171643265,0.31794566589291756,0.000864104627273118,0.3092167043658593,0.0005568114599724964
2020-05-19,0.2415189849772984,0.2971077327670855,0.0011380719632357904,0.27485782999675873,0.0007637861108614426
2020-05-20,0.30754071514383957,0.26129191726341316,0.0012540934640663504,0.2800683668596217,0.0007727984103775937
2020-05-21,0.3308573068492612,0.2707614873619987,0.0010379277761529155,0.29303444763097586,0.0006375451775759432
2020-05-24,0.2750569114380071,0.2822206463356803,0.001456420675025648,0.2791869110398829,0.0007760950534311868
2020-05-25,0.3363558483440808,0.2650156662579291,0.0011556180030577027,0.2926026372030081,0.0005694504172718127
2020-05-26,0.21922587441094543,0.277210330304082,0.0011922568537355578,0.2526459512753287,0.0007027959043815242
2020-05-27,0.2937876310483919,0.23919889328643668,0.0008645500105591238,0.2569538121278407,0.0006002754115560435
2020-05-30,0.30375405167133707,0.21707436862721405,0.0012182660382709684,0.2533970774194289,0.0007662381867098621
2020-05-31,0.31815809633617637,0.23776368774259735,0.000974579921299315,0.2667599833126218,0.000575485687488486
2020-06-01,0.15793615719225734,0.33096218132340643,0.0012206334320242727,0.25701265176065696,0.000593534021972117
2020-06-02,0.33974124590168253,0.2463748695803992,0.0011660644199238614,0.28281024911248837,0.000686911773004919
2020-06-05,0.31826309083452753,0.31514620533159754,0.0017269774087313103,0.31774918049489714,0.0007967641105311907
2020-06-06,0.3462601190456284,0.330841597211738,0.0008381261364943986,0.3362819770386251,0.0005267663139956621
2020-06-07,0.34461369127328345,0.33141227189416816,0.000787413877252147,0.336250706326641,0.0004583433459419708
2020-06-08,0.3801907697639197,0.3608084242616956,0.0007285885814881199,0.36648143309206593,0.0005326883755914831
2020-06-11,0.37296466783033144,0.39542820655838773,0.0009264445706422275,0.3857437308253413,0.0005951529306840982
2020-06-12,0.3133059844928043,0.3521508658154556,0.0007517190753417751,0.3371670171595882,0.0005258029415967732
2020-06-13,0.3198596039091795,0.33022571850645,0.0009378214387467075,0.3241052976487689,0.0005826507775268836
2020-06-14,0.29003204172863545,0.3086909772251871,0.0006849336762635987,0.3037023110547942,0.0004395007969767666
2020-06-17,0.27006165295750195,0.3105668182029303,0.0014530582084356944,0.2930839003722815,0.0009500370302055444
2020-06-18,0.34452487190766035,0.2949551609461055,0.0013839833108009235,0.3207026659915551,0.0006962433160290887
2020-06-19,0.2903810874459641,0.30109123642105495,0.0010384391577143383,0.2973548820888846,0.0006278262276741293
2020-06-20,0.274395786003392,0.2819801277367041,0.0009955453731258297,0.2795049791742151,0.0007157767971728301
2020-06-23,0.2766212417422217,0.23324854307277298,0.001630937344479255,0.25469452229468764,0.0007563792666252749
2020-06-24,0.24583079954554776,0.231202244239918,0.0009750423330648202,0.23517864445855138,0.0007120099382609899
2020-06-25,0.29414050166558614,0.23381977196549225,0.001009971826236824,0.2567351253704325,0.0006268546371149227
2020-06-26,0.34177950307759186,0.27908025246501184,0.0011441692815979483,0.30564196968510676,0.0007815775048219782
2020-06-29,0.21222349852245104,0.2958503185188513,0.001496544696241175,0.258794398508294,0.0007157346828736832
2020-06-30,0.3528076359037567,0.23981763137830583,0.0010552938305260062,0.28443487307116816,0.0005953058238257164
2020-07-01,0.3835057138340519,0.26654505981406224,0.0009234417796707933,0.30949145216659324,0.0006622559051211069
2020-07-02,0.2847288214988912,0.3020269262678854,0.0008804770888291407,0.2959263062042178,0.0005858330248161645
2020-07-05,0.3159082005358441,0.24260618689988558,0.0015681201076022794,0.2781647262602076,0.0008692543059420974
2020-07-06,0.29402021453895877,0.2669340430798564,0.0012637052672207763,0.27591246813389625,0.0008042375810218824
2020-07-07,0.21695756542120143,0.25539085466755196,0.0009502279477767228,0.23888825829559918,0.0005098723639761385
2020-07-08,0.22247286855900325,0.22096224981490764,0.0008169216439578628,0.2209360285486097,0.0005343337095285534
2020-07-11,0.23888690746333216,0.1959050067126815,0.0010582723186826819,0.2121613714121987,0.0005860513579470115
2020-07-12,0.2469427548521192,0.196342646021894,0.0006966764954483745,0.2102434102444507,0.0005230796946444623
2020-07-13,0.2416859174217236,0.19557846373634127,0.0006539284150150319,0.2094011733515255,0.0004324282008722647
2020-07-14,0.1879253743821575,0.19784669674169197,0.0007711537694454154,0.19129207027841322,0.0004519784687180344
2020-07-17,0.23069511959083336,0.2009375950971286,0.0011400694206240068,0.21241285925688225,0.0006674550838916151
2020-07-18,0.2717953606525361,0.19713893975661148,0.0009744610029898254,0.2242197097531994,0.0005485957331209491
2020-07-20,0.2124228659436378,0.190024694430022,0.000861150660583599,0.19979665851400996,0.0005747359959124718
2020-07-23,0.24556464770882225,0.18663003624821783,0.0010849682689765545,0.2070123776210121,0.0006069957902499356
2020-07-24,0.2933651535329521,0.19766760478062523,0.0009588391130816088,0.2314955289590004,0.0007394178780650283
2020-07-25,0.1994656003201753,0.21350878531994938,0.0009561100269510539,0.21023650903486593,0.000568552085742649
2020-07-26,0.2402737071867543,0.2028146182763056,0.0007349360646165189,0.21499419527543925,0.000445992062196781
2020-07-29,0.20174634364730074,0.18534402333761754,0.0008567764066770011,0.19034599710677344,0.00063217921267573
2020-07-30,0.1857468999828924,0.1785008266007196,0.0007246927166718235,0.1827612006625806,0.0004202639617446269
2020-07-31,0.19029820927743366,0.1810427464546201,0.0006717906826552815,0.182631030204446,0.0004958839887310254
2020-08-01,0.20727551093926758,0.17913698892008867,0.0007693800140644782,0.18917106068435618,0.000594540702997927
2020-08-04,0.14275260657322955,0.18256663425586622,0.0009574699477118024,0.16855226221253283,0.0006585800846766531
2020-08-05,0.20295347032035194,0.16410894306796692,0.0006774084139593088,0.17667103179379548,0.0005230171774683017
2020-08-06,0.18736612121065646,0.16416863615312977,0.0007199637225784718,0.17213428750794774,0.0006005323699620229
2020-08-07,0.2249311043073643,0.16851004928720822,0.000778885493285586,0.1880313122461257,0.0004946828418843048
2020-08-10,0.11536285190362365,0.17546843174842636,0.0005459248992284957,0.16006831217873366,0.0004093364346738626
2020-08-11,0.2187504397477081,0.16940815694169076,0.00056499787363018,0.1823965187843729,0.00041314459762460085
2020-08-12,0.33487199105888277,0.2153333818907067,0.0012272105941094685,0.2630395288013981,0.0006722855587568325
2020-08-13,0.2804514963436556,0.2657522942662747,0.0009060205443503825,0.2698457818126667,0.0006721854775883682
2020-08-16,0.19184817563811474,0.30213974423433443,0.002400011715427089,0.2338305299250812,0.000829324412393745
2020-08-17,0.2575167375662176,0.2137172191080743,0.0010176228529958438,0.23134231629398005,0.0005411185203365981
2020-08-18,0.16383269202969183,0.2186294217833141,0.0008440846364711617,0.1992307793129735,0.0005470522587123026
2020-08-19,0.21228660033429012,0.18465532919141076,0.0008497573625506583,0.1914433794068694,0.0005906744760116616
2020-08-22,0.21274875475504468,0.28975922992215447,0.002426081516650546,0.24600904736096726,0.0008299036446257
2020-08-23,0.2735760657513006,0.2330658072571891,0.0010914203657313918,0.25061371717504344,0.0005438611303913993
2020-08-24,0.12270036458780126,0.2314900400886225,0.0006940366186656238,0.1978376583678964,0.0005320415141207811
2020-08-25,0.15561751292404832,0.18376784327899998,0.0008878248207112238,0.17302931630197296,0.0006788418028894857
2020-08-28,0.3604987853140946,0.2053143693870517,0.001579889631753029,0.2797793900578895,0.0009173163343508224
2020-08-29,0.25228066486016015,0.3409681699661366,0.001545580516869935,0.29976685395367036,0.0007227347735233486
2020-08-30,0.2555574657669083,0.30324327080477353,0.001122435945908144,0.28210699926997074,0.0005059155566451948
2020-08-31,0.27327964798653254,0.26240780666481117,0.0007024347082496604,0.2660571016547874,0.0004517244053516328
2020-09-03,0.23980778940994385,0.2139817499538882,0.0009683067497272583,0.22469299251252878,0.0004951480813530127
2020-09-04,0.13935967823027773,0.2080679654997013,0.0006898996612457659,0.1882141009373638,0.0005169712962427827
2020-09-05,0.14953939933626004,0.18343412978465254,0.0007559995440001217,0.17299328110569345,0.0004937642485226746
2020-09-06,0.2517812312923565,0.1718733278093202,0.0007715983931007108,0.19854711054536062,0.0005409180348371381
2020-09-09,0.2691606711456228,0.17738928274605562,0.0009335487301290765,0.21329755080500226,0.0006843539340337584
2020-09-10,0.22448612310400812,0.2052774259177801,0.0010214056461430798,0.21153604033679335,0.0006752042266022817
2020-09-11,0.14693313709948647,0.2015906314856229,0.001197228963995887,0.1788634334563003,0.0005541711103490995
2020-09-12,0.21174922933753973,0.17388394748750866,0.0006578169296889606,0.18543559103704202,0.00035185307971786784
2020-09-15,0.14495095766438787,0.17144416583269884,0.000816462378740624,0.1626272690054235,0.0004559338275712032
2020-09-16,0.14197544336700912,0.15975443651189655,0.0007564151955604168,0.15443631129415045,0.00045935994331986005
2020-09-17,0.20013311457864386,0.1544142079253567,0.0005933138820998198,0.16816695059934456,0.0005171715987993913
2020-09-18,0.1473737385321216,0.16953502448053612,0.0007080390472231033,0.16470527205668303,0.00037946771045333015
2020-09-21,0.3829260738063154,0.296282328887417,0.002983653007136964,0.3502218803654851,0.0011528278541857093
2020-09-22,0.39187932968099504,0.3750089246579798,0.0009427761769755027,0.3832256925368542,0.0005873867033182623
2020-09-23,0.23529870488009613,0.3477352493383494,0.0005647073013325618,0.320449448839066,0.00038073930307788224
2020-09-24,0.4028029512993586,0.35597147046082794,0.0009521820049824623,0.3739170760532983,0.0006085537242188104
2020-09-27,0.3007203068508307,0.3701198398992165,0.000454022216093175,0.3548383398401451,0.00038651255081890735
2020-09-28,0.2566538726847973,0.3351998912779245,0.000726417233430427,0.3121666753721812,0.0005847914515781024
2020-09-29,0.32133213358957013,0.29714711293004037,0.00098410873994969,0.3050674741346714,0.0006559201272384415
2020-09-30,0.35740498824315414,0.2891671744231425,0.0010374453938027256,0.315835099335577,0.0006014172710717443
2020-10-03,0.35110424811980245,0.4030177698875788,0.000553153223360191,0.39082627689960037,0.00041126042229158033
2020-10-04,0.41806452954696144,0.3882269552802173,0.0005455984057870558,0.39526484630319864,0.0004395836033353297
2020-10-05,0.33809950912472475,0.3700506069098455,0.0004533446975576803,0.36159139285886416,0.00030719594971327657
2020-10-06,0.40642355285673454,0.4032089916926476,0.0006151608247026374,0.4039383326088782,0.00044153650727082357
2020-10-09,0.4224201235258366,0.33198492142720626,0.0008204275490829924,0.3636076700241879,0.0004502516406527013
2020-10-10,0.36769550818262237,0.34671817099113705,0.000616713095786702,0.35213200428461383,0.0003699293128700829
2020-10-11,0.3018562336882275,0.3501597781740866,0.0005606838893930289,0.3383244049170069,0.0004034431145497413
2020-10-12,0.33520770936022587,0.3400457384956321,0.0006420056449958584,0.33880299193742447,0.0005011629318285901
2020-10-15,0.42150756499307207,0.3653472359185008,0.0007442990946413643,0.38112118585588306,0.0004987853458897577
2020-10-16,0.34256684207311516,0.3563615781463141,0.000533203707130537,0.3538524766868125,0.0003766750410450583
2020-10-17,0.42387753711042647,0.33997937427898456,0.0005875040572707095,0.3601014442575843,0.00041931736807218194
2020-10-18,0.30977638291743403,0.34630254683743894,0.0005985688301148799,0.33542262980547477,0.00043705900743896167
2020-10-21,0.30811440628452524,0.3250296861759044,0.0011827407064717986,0.3141799512608855,0.0006000800165752367
2020-10-22,0.3331740299177723,0.3142300421269426,0.0010632482859701787,0.32343150711068896,0.0004892525709690853
2020-10-23,0.32035411950945025,0.35461801463422193,0.0007541311366426775,0.34539750675954883,0.0004574313555207504
2020-10-24,0.23955291313237748,0.3327348674445819,0.0006084736910418509,0.30816912858637546,0.0004673035379010836
2020-10-27,0.39169830001679806,0.37810369135414584,0.0010261903376883354,0.38308136755736205,0.0005612471222826898
2020-10-28,0.34963843087398333,0.36147173785319425,0.0006547363307237163,0.3570963367593211,0.0005152606254780868
2020-10-29,0.326827249384508,0.34684320705792154,0.00068201787071053,0.3396250210767581,0.0004797973775550744
2020-10-30,0.2922359018461072,0.33042002773262963,0.0006250059919082313,0.3207132161145196,0.00043403436741796034
2020-11-02,0.386991244908688,0.3071810038427771,0.001277412430714867,0.3403823325277627,0.0008771460045076997
2020-11-03,0.3423211166965107,0.34782154083985006,0.0008426446064306577,0.34567811362944434,0.0004916089830230165
2020-11-04,0.2483574760016184,0.3391516958890472,0.0007076908361381337,0.3090059496069289,0.0003946497436871749
2020-11-05,0.3425529146762293,0.3030608871513649,0.0006957826171268526,0.3137539139399124,0.0005233441298807096
2020-11-08,0.4202228692843403,0.3251538702956152,0.0012792269546106148,0.3678558032981289,0.0006351207442917347
2020-11-09,0.3476895594261502,0.36736084144399556,0.0007703291554814127,0.36167346193549127,0.0004916753000515051
2020-11-10,0.336773754732255,0.3669914698932361,0.000735495132479897,0.3595823281474839,0.0005250892494307364
2020-11-11,0.3032983887000052,0.35101776125088696,0.0007675568644315946,0.3347376788897738,0.0005163369846993299
2020-11-14,0.3635413983818836,0.31828212030637537,0.0011823730047895804,0.33604756393452034,0.0006564703463840144
2020-11-15,0.4138846439836351,0.3822107270730343,0.0008117174814264646,0.3939081565437326,0.00046088343861875984
2020-11-16,0.284164190177577,0.3732764547295337,0.0006296015885975972,0.34832460099865337,0.0004396213123742516
2020-11-17,0.3556875813886582,0.34204615499578034,0.000921276133511339,0.34827616200800227,0.0005151100351382753
2020-11-20,0.3501041085730777,0.3363513901464006,0.0010240051847572867,0.3392386592344307,0.0006404681219046176
2020-11-21,0.2865816293835068,0.3355473092840484,0.0010294253057171214,0.31589108385705006,0.0006534363311592237
2020-11-22,0.2926407594769861,0.3131336894852358,0.0010027419355002586,0.30542848799482625,0.0006436978157859036
2020-11-23,0.2872604554007384,0.3035837923171892,0.0010993320038344022,0.29676096637671134,0.0007709988572587192
2020-11-26,0.3029796612521678,0.29140349007107685,0.0013740813212100847,0.2954318895510621,0.0007233380558647818
2020-11-27,0.39305605376167174,0.29634983328650066,0.0008378997041253802,0.32606089301597435,0.0006422293330277217
2020-11-28,0.37332029600022765,0.3225092778568947,0.0009768816515047032,0.34026525195212515,0.0007534904389500203
2020-11-29,0.34366198110347296,0.3319079218387105,0.0008467856172336797,0.3349791634336019,0.00058064775888398
2020-12-02,0.3416732989060025,0.33895038623364937,0.0008950548477599101,0.33865491603588294,0.0005104797049927788
2020-12-03,0.397873029247706,0.35467891312095573,0.0005203723793132326,0.3648726213533412,0.0003870665452854131
2020-12-04,0.3959135216180309,0.3775523070642425,0.0006952257112614097,0.38411433668897843,0.0004660828543231282
2020-12-08,0.3883044047590276,0.39162325929567565,0.0006787718536844798,0.3917344933450624,0.00042209468792705666
2020-12-09,0.417818972166112,0.38103660818808227,0.0006424303878830039,0.3926124174768569,0.0004857525777255293
2020-12-10,0.4026151613185555,0.41699539383873285,0.00046406761322610496,0.41379133477303826,0.0003231430577050446
2020-12-11,0.4122384100000447,0.4197793847791088,0.0005457214223970675,0.4171827797422793,0.0003785531155728696
2020-12-14,0.4000660688427243,0.36783007922568733,0.0006478775344172956,0.37648831834650615,0.00043317848394255605
2020-12-15,0.38555670494947186,0.3877549218417836,0.0007678884428474593,0.3871630997910709,0.0005810098083667762
2020-12-16,0.3863443974545919,0.3750636915011978,0.000524272352711841,0.3797516663698179,0.00044478315046120515
2020-12-17,0.3721600852942541,0.3656182488781847,0.0005783595210793923,0.3670813675325686,0.00040332845851041545
2020-12-20,0.37123616471132453,0.37122833313759007,0.0007599310704608907,0.3737504025215518,0.0005830848237196195
2020-12-21,0.3687597415018696,0.3714417960807537,0.0005917951774333773,0.3700396315035899,0.0003490043751693197
2020-12-22,0.3364631071825219,0.36288346727287757,0.0005695653473163655,0.357183375852807,0.0004011716481792095
2020-12-23,0.4133284175154583,0.35888678283777403,0.0006595603018257085,0.3763677364339697,0.0005427711828737412
2020-12-26,0.3307343504040136,0.36137610828367983,0.0005684472893732744,0.35417617514326083,0.0004610679051166233
2020-12-27,0.4145978298942666,0.39999919444868554,0.0008109777165908733,0.4043083095886506,0.0005180527724978944
2020-12-28,0.4154086777989196,0.4263171301174017,0.00037216858860940463,0.4250148851967888,0.0003241753740254654
2020-12-29,0.40695145469718186,0.39750827805202077,0.0005063116228936791,0.39949777022614524,0.0003645596043648399
2021-01-13,0.34751543341225194,0.3512670492345339,0.0008448666310829606,0.3502905544544002,0.0005422152943089496
2021-01-14,0.3192757471183819,0.36332718775707684,0.0007614121004620611,0.3502521377833454,0.0005045067492655766
2021-01-15,0.3405778963364888,0.35269905426503845,0.0007770920759903609,0.35047177026590476,0.0005001314562524229
2021-01-19,0.3692360364610776,0.35125452019708203,0.0007043348570988675,0.35541400252715116,0.0005542405189699872
2021-01-20,0.3341758581125139,0.3504029035384555,0.0006971246743710854,0.34532547624929066,0.0005056862135904346
2021-01-21,0.3296382437732555,0.36424946504104905,0.0006776789931773317,0.3546067349882178,0.0005324518272960333
2021-01-22,0.37759685621966105,0.38692579836456853,0.0008717807245132523,0.38233112821777143,0.0006640613027577436
2021-01-26,0.38036601781613527,0.3857260024172501,0.0004778395666760525,0.38509279717872674,0.0003055919450829132
2021-01-27,0.4135723006830487,0.38923716401798947,0.0004606071180763862,0.3936029561396412,0.00036425547000438894
2021-01-28,0.3993216914953652,0.3853724316562562,0.0004915574555663325,0.3881300544724416,0.00035570970772533597
2021-02-01,0.39523880600408146,0.42421758319264663,0.00032566264034827153,0.4200957824103144,0.00027368506017190025
2021-02-02,0.4020106502703172,0.3982189591666792,0.00046799889713370284,0.3987569082980098,0.00035301654927822706
2021-02-03,0.4106590487006701,0.3808790187614582,0.0005952215749975593,0.38860121887125826,0.00044421626184163094
2021-02-06,0.3964468283635715,0.39715259949640525,0.0007549549431875332,0.3952102144938262,0.0005394734905815354
2021-02-07,0.3652889625295081,0.3873895490732017,0.0006432910435524251,0.38055860787274887,0.0004565704065560123
2021-02-08,0.400357510710528,0.4090991076514429,0.0005299501206925105,0.4072473656661606,0.00038152848605374533
2021-02-09,0.41254630671617065,0.4031625075906987,0.0004996663690111484,0.4067224978061873,0.0003620614109914221
2021-02-13,0.34700876795924657,0.3764480069719724,0.0005657378652820281,0.36923460620049836,0.000453069026863358
2021-02-14,0.38426032317443964,0.3620841933279199,0.000549068352397903,0.36855228594516093,0.0004433450042877382
2021-02-15,0.39521306405910717,0.36014746329548475,0.000479001226326839,0.3688698818255242,0.0004094107899247211
2021-02-18,0.368736226398162,0.35544310942293356,0.0009332124653762949,0.361150903589191,0.000646588852160307
2021-02-19,0.3445717316561006,0.35271572324373757,0.0008667684770038244,0.350543093151745,0.0005381710490396029
2021-02-20,0.37802216670081434,0.3437120875220237,0.000659463735389385,0.3560624946696593,0.00047239174664069
2021-02-21,0.3742529497779766,0.35020132442086954,0.000655286201260906,0.35616904204320904,0.0004321350772354133
2021-02-24,0.3700071071487277,0.34538652348318755,0.0007955276859151139,0.35283844119801827,0.0004802497830773753
2021-02-25,0.40977970530877095,0.3457408767409633,0.0007432702511610994,0.36498270121714405,0.00045310994389463784
2021-02-26,0.29739034556620003,0.35640853969602904,0.0006255280859491013,0.3403310080354908,0.0005175130581616494
2021-02-27,0.35697251216423015,0.3343263260903878,0.0007006252778564795,0.34044342492777263,0.00045535762364494047
2021-03-02,0.319094626063909,0.32978163834822033,0.0012330902732707078,0.3243498537664234,0.0008334923005805401
2021-03-03,0.3742111400757488,0.3226246625298771,0.0011036333045558121,0.3413865950001416,0.000649138304317426
2021-03-04,0.3538187847458048,0.3375696982326002,0.0007600330006464279,0.3427130489934103,0.0004806439614554162
2021-03-05,0.3488678868859921,0.33917047044106446,0.0007506022587822729,0.34244522287890694,0.0004631914373060694
2021-03-08,0.3097029759530847,0.3515673884046149,0.0009554436105375203,0.33711120932500954,0.0005127353848612984
2021-03-09,0.3007485401382046,0.3314231816541467,0.0006045868994865387,0.3235238333632293,0.00037539527304414143
2021-03-10,0.32737359292164747,0.31943906492679136,0.0006634357164453773,0.3217727155160565,0.0004688010941737242
2021-03-11,0.35070859207364774,0.3296915324144985,0.0008754794200062616,0.3361262809656742,0.0005212987098160309
2021-03-14,0.3433422184771588,0.35115684661525415,0.000751686907953938,0.3492672273932604,0.0004946711603813976
2021-03-15,0.35106567929401317,0.3527845757651092,0.0007176610568059838,0.3540501944728357,0.000503526219624389
2021-03-16,0.3758102880435516,0.34995095891755956,0.0005663435537432591,0.3566472521699776,0.0004119955255759405
2021-03-17,0.319711167722004,0.35388672817732064,0.0004984080953644374,0.34551952557779303,0.0003488629782861717
2021-03-20,0.3213697742975996,0.34795070575191805,0.0006427220746143906,0.3404152465728363,0.0004781993012886852
2021-03-21,0.32148715891847485,0.3310450821378121,0.0008284317644792989,0.3233131714917332,0.0005115904352199467
2021-03-22,0.3337205413510498,0.3163141439807225,0.0009105846191224895,0.3227129114957023,0.0005177469437919671
2021-03-23,0.30154409799878995,0.3143374375531064,0.0009005016545701121,0.31025275377024225,0.0005308055315682484
2021-03-26,0.30579492500249117,0.3013496499141949,0.0009391577626742947,0.3045721849930531,0.000584659808214591
2021-03-27,0.32060174389496426,0.3038530626235732,0.0008629087815470747,0.31044302562303233,0.0005265101929500621
2021-03-28,0.3431128470746261,0.30209429498509055,0.0007486193314935979,0.31661729045138715,0.0004927104514143603
2021-03-29,0.2968893119131311,0.30810814939150644,0.0007293672755723902,0.30521282873058203,0.0005666109655479
2021-04-01,0.27162002388397655,0.2782212236646159,0.0013631937155700992,0.2750350840793531,0.0006709781997822408
2021-04-02,0.3221170347184833,0.26793258177984114,0.0007625726043167932,0.2853350907585641,0.0005787379061900936
2021-04-03,0.3188168573074531,0.2798520779825816,0.0010905292652926952,0.29313338538383715,0.0006218403352223543
2021-04-04,0.27119264545721183,0.2879143361185596,0.0009996926704559784,0.28369818294369326,0.000620855318715721
2021-04-07,0.26143514291328696,0.27788814154200714,0.001732703855170631,0.2689684436977836,0.0008743330816318969
2021-04-08,0.28238264861543505,0.2588175193571056,0.001260450123975003,0.2693618308782557,0.0007369957504458394
2021-04-09,0.366329688448382,0.28931008440992184,0.0014689472656670747,0.3251361534082089,0.0009093172782298541
2021-04-10,0.30726025499927384,0.3151531670691158,0.001031045849758716,0.3097587313771861,0.000607093075514489
2021-04-13,0.2507468774026283,0.3210278958749846,0.0012121985671297395,0.290086622409351,0.0007030329133335347
2021-04-14,0.24889858281916424,0.2825750190388123,0.0009985201835916483,0.27142883927716577,0.0005921359866938405
2021-04-15,0.24786749396511593,0.2655948161271124,0.0009768305345435014,0.259195990385704,0.0007689483977293635
2021-04-16,0.24518011412101925,0.2540871967324132,0.0011987615057645982,0.24970191061566338,0.000765519571950628
2021-04-19,0.26276701614055076,0.22606387950511914,0.0013496274317035969,0.24081935940999505,0.0006386452805083706
2021-04-20,0.28735297223213463,0.23779368701060385,0.0010519883361755939,0.25755800954367614,0.0006391526836904717
2021-04-21,0.28363526569058733,0.2494482292929867,0.0007981247530197969,0.25886237051972705,0.0005915826859740902
2021-04-22,0.2794634159111683,0.24963256725365635,0.0011590104890374852,0.26275242073513694,0.0005989006201808043
2021-04-25,0.3332412619313682,0.22430125213825913,0.001417422147934874,0.2758675126982321,0.0008508045876138964
2021-04-26,0.39449815810114874,0.3338146742380514,0.0015486347758398434,0.3632810075174035,0.0007486923985685292
2021-04-27,0.31329545585006213,0.35191682622507264,0.0005494495510814323,0.34176055709935127,0.00043404646671429866
2021-04-28,0.3548227637765253,0.3335073829614162,0.0007016102016772392,0.33921719704045067,0.00041171537379068883
2021-05-01,0.32087452199706007,0.365961955574465,0.0010199841278315856,0.3467748427438739,0.0006833134381472703
2021-05-02,0.24432532390798045,0.3274177737828775,0.0009081590741704444,0.29954244433754534,0.0005446238838071682
2021-05-03,0.24728881054795415,0.2845135809832253,0.0009070181262370492,0.2713499143079683,0.0005448856852617573
2021-05-04,0.2875714774221628,0.2572498455822974,0.0007759554757148259,0.2673358203487052,0.0004170190961944528
2021-05-07,0.3308476884883311,0.3019873893503772,0.0015640457392772768,0.3142967394406763,0.0008066420885377808
2021-05-08,0.3127543967758782,0.288407508405672,0.001179321816869162,0.30059814782710254,0.000565422793911594
2021-05-09,0.3764819346992648,0.3375794968891779,0.0013851984625776975,0.3556350920465987,0.0006897732269268833
2021-05-10,0.37220596883564405,0.3450104213872686,0.0007035996680117958,0.35283556292157425,0.0004804545170828944
2021-05-13,0.40442341479517785,0.3717615318027627,0.0006062941141054931,0.3818213416120804,0.0004752210917945861
2021-05-14,0.40457384197614443,0.3617287742325963,0.0004927985184970696,0.37274927711938166,0.00045106167571593736
2021-05-15,0.40429032981729807,0.3967313537762018,0.000758705184163728,0.39776389567993703,0.0005417054009059087
2021-05-16,0.3624494393261317,0.38711280335344633,0.000621789092368197,0.38019347985639945,0.00040073096746488665
2021-05-19,0.337100082278149,0.3310633718579156,0.0006494947043869692,0.33291226402773655,0.0004730814650025522
2021-05-20,0.25871439962949316,0.31431667338789443,0.0007215923120420878,0.2961739338976475,0.0005080799307851623
2021-05-21,0.3741013605806113,0.31925711871515594,0.0011694674498185656,0.3414209397211587,0.0007314991907149073
2021-05-22,0.3312825272246119,0.3297366282942908,0.0007895796780371194,0.32766613004995937,0.0005363857556753651
2021-05-25,0.2500522374132317,0.29262157687980855,0.0015865910806847064,0.2721249888042205,0.0007170734943613902
2021-05-26,0.21803045586704906,0.2546292412421726,0.000999083748772758,0.24352363095626017,0.0004454454905689361
2021-05-27,0.24275210823428897,0.2259811383758115,0.0008821478518225951,0.23424762681137903,0.000603716165720125
2021-05-28,0.25541979841994117,0.21809448348058852,0.0008284432506919678,0.23235776746889536,0.0005148840962183617
2021-05-31,0.30826397557043556,0.22521026796454613,0.0015721794977201615,0.2664353524414725,0.000676886660790975
2021-06-01,0.34935566891323977,0.27462318795511625,0.001108579783302481,0.3046864742951982,0.0007216210594444377
2021-06-02,0.22685738894369542,0.2878861438052982,0.0010862592056926142,0.26191538122296504,0.0005593657928740268
2021-06-03,0.2610882572315244,0.24710292675028608,0.0008500658400362992,0.25102607204319605,0.0004905573327869477
2021-06-06,0.23010255226753837,0.3104835705130549,0.001352883268130632,0.27320300975434564,0.0007309967095961644
2021-06-07,0.2918271487252553,0.25856563871049637,0.000889581244917877,0.2712605528096527,0.0006408382936473277
2021-06-08,0.1438099118750631,0.24728373236352347,0.0009193896028977493,0.2098068251216788,0.0005886109892520876
2021-06-09,0.30091527115542954,0.19424760053241596,0.0007945349795695261,0.22924168539810436,0.0005632611854547423
2021-06-12,0.21981277354534123,0.19466354358000296,0.0012856992989148312,0.2078343861811186,0.0006451554369579054
2021-06-13,0.39798467627284184,0.19440948425610927,0.0008212070704452632,0.26226773934010655,0.0004943473846008692
2021-06-14,0.3551063443378818,0.23510520599602314,0.0007696001380853455,0.2744483902411307,0.0004890268843262684
2021-06-15,0.25319100081141205,0.254728322738918,0.0009027700170567983,0.25227844351254025,0.0005537656706046015
2021-06-18,0.19148251492412527,0.3097718324327295,0.0019290083028909145,0.2478369965046671,0.0008823591324651424
2021-06-19,0.3917565058875562,0.31302218080068184,0.0020532174305859506,0.356789156803527,0.000703609308348578
2021-06-20,0.27382445701987934,0.3387675569557419,0.0007891116938559322,0.31973552444592696,0.0005151487043981854
2021-06-21,0.3874512340364584,0.32380863375220725,0.001005453416693541,0.346803566101369,0.0005998491244636928
2021-06-24,0.2713513906625341,0.32111906036014076,0.0009765129219693016,0.30079795851722674,0.0007473272301153102
2021-06-25,0.15278713603833788,0.278888200623453,0.0011087587801955055,0.2237861120062731,0.0007185307048122385
2021-06-26,0.2249807804515373,0.33163689792108136,0.00220748119272536,0.2706288357141354,0.0008542202693128582
2021-06-27,0.2936811267202756,0.35421762924972555,0.0014334554604308498,0.3283517910544773,0.0006896580593507164
2021-06-30,0.2260437656689676,0.3131515218792459,0.001062074011803892,0.2743180888213354,0.0004729713450145805
2021-07-01,0.2419278341538315,0.24895574909661147,0.000876881870274453,0.24706545857228854,0.0006073353698025047
2021-07-02,0.2831531023786331,0.22377788131588752,0.0008214214519229931,0.24230357971468597,0.00047125694926467433
2021-07-06,0.36162052914720016,0.289250745566532,0.0015705187257244397,0.3244304564099816,0.0008335590340423593
2021-07-07,0.31832727482392104,0.34910415214302193,0.0008260567322591995,0.33830765734544666,0.00047535341039259466
2021-07-08,0.22938870941800282,0.32192329381258,0.0007718241861194267,0.29076008457299773,0.0005210721883580022
2021-07-09,0.19652594119080818,0.2677743945956117,0.0010945170060771632,0.24427565848701696,0.0006663617430130984
2021-07-12,0.36582473110298586,0.23697621936250252,0.0019763596168539616,0.3062541503581706,0.0009102833800660982
2021-07-13,0.31614109876823,0.3260388328597448,0.0011563804829945168,0.32207274031458083,0.0007847224262288801
2021-07-14,0.36635475247103855,0.3192516201154573,0.001040654094727601,0.33972497879931146,0.000691962859959472
2021-07-15,0.31570072654244963,0.3198959417117797,0.0010807714663747569,0.3160085758876016,0.0006904352994241126
2021-07-18,0.16535388148085883,0.2434007809116362,0.001533308874285422,0.20517345945440557,0.0008795821022546237
2021-07-19,0.23335848270617449,0.19081936009952027,0.0008361492561264692,0.20392182771588324,0.0005723819388397136
2021-07-20,0.21232398729504506,0.18765787893623276,0.0008084934672681244,0.19825632341555058,0.0005449683944668416
2021-07-21,0.14597975849331268,0.18769103324692815,0.0007388127628333683,0.17361200928341902,0.0005024973501178403
2021-07-24,0.20054684381928972,0.2544624331344242,0.002411139830892734,0.22150615854493183,0.0008245159298617701
2021-07-25,0.2668807738801918,0.20785181757956867,0.0009946067486133687,0.23176083578720136,0.0005667373915448481
2021-07-26,0.22608818068699113,0.22438910686317423,0.0006549192438836095,0.22430991444150833,0.00048639896064186296
2021-07-27,0.21742852818504402,0.22942258628911208,0.0009341379571512917,0.2242502105751751,0.0005640460813822625
2021-07-30,0.1642225184462218,0.211699418157927,0.0011654180864095799,0.18927101509222818,0.0006506518034653677
2021-07-31,0.32652227213246593,0.234910254930608,0.0017733517953736656,0.2802915422910285,0.0008233099870074831
2021-08-01,0.3237762970270539,0.3004595397850697,0.0014064718401355961,0.3112258286444907,0.0006943401614401876
2021-08-02,0.2477016345199904,0.29141277928088843,0.0009314864820325829,0.2757392929326605,0.0004909054236154693
2021-08-05,0.18783468102031117,0.31238551317845487,0.0014774413727958518,0.2534262319297489,0.0008108006042668267
2021-08-06,0.2781695412626697,0.23557819106721553,0.0011667884749513074,0.24877837112840837,0.0007063218537296768
2021-08-07,0.28708293670503177,0.2675092492258025,0.001401573193839201,0.2717492174757279,0.0007195157301891204
2021-08-08,0.22421451186514418,0.2525987157469696,0.001133356388247244,0.24089947926518146,0.0006873890883417073
2021-08-11,0.24221191650552876,0.1930978880234007,0.0013329718246630653,0.21695960899723862,0.0008862555307810316
2021-08-12,0.22164639525807028,0.260942061754103,0.0016807451167012435,0.24045749550719578,0.0007143212301749269
2021-08-13,0.19882536645879362,0.21937778315502088,0.0009320167070008967,0.21077839385363653,0.0005790431492689548
2021-08-14,0.211413313608132,0.19603762417028953,0.0007330458865718725,0.19934355935431225,0.0004437598189223519
2021-08-17,0.12686019060217094,0.18206493569027468,0.0008612766359726255,0.16333022484310203,0.00046564541089796804
2021-08-18,0.15501058289459968,0.1614874299679428,0.0007677304434908117,0.15986635017894194,0.0005055138633263641
2021-08-19,0.20109399084216023,0.16406499148401887,0.00068630017581562,0.17362256626567396,0.00048498836800969254
2021-08-20,0.2507332543394055,0.16461551173988875,0.0007232670489109701,0.1928024890142633,0.0005042542572557384
2021-08-23,0.2520596672421736,0.1779424663263574,0.0010086195672453643,0.2072539633966959,0.0006080148156821651
2021-08-24,0.20452095705070647,0.19670224576673184,0.0007659189066567353,0.20153337114490777,0.0006064000156194819
2021-08-25,0.2908197085703006,0.18644551962658107,0.000779842689698252,0.21987812194069342,0.00047199618321660576
2021-08-26,0.13437562207308368,0.20474512816768786,0.00067859159245757,0.18401190916603521,0.00045732131990831816
2021-08-29,0.12598868692408693,0.16833468918136008,0.0007469099629115895,0.15598845331706962,0.0005250719668138641
2021-08-30,0.18583411602268787,0.15637642633464024,0.0005420543953384955,0.16306167752777007,0.00035029129860066765
2021-08-31,0.1815950905967823,0.16093818798872928,0.0004985966126061813,0.16438036101592463,0.0003032427190860444
2021-09-01,0.18451378535285215,0.1785138477824943,0.0005757125667016131,0.1788981212893463,0.0004501035642171149
2021-09-04,0.3766541071858383,0.19496041997844635,0.0011556098963887292,0.2688783160477269,0.0006209063207414327
2021-09-05,0.26299774469582793,0.24676909905883143,0.0011043200668338835,0.25358759666778563,0.0006210564321119035
2021-09-06,0.30523639828891297,0.2335540766721002,0.0009187219554000614,0.2624697938631179,0.0005193234408657773
2021-09-07,0.19466147959834004,0.24334996443403567,0.0006674452619463711,0.23008693901466393,0.0004777205991881334
2021-09-10,0.2668307459311476,0.3894017964812175,0.0006139029620191001,0.355463743873838,0.0003934701182973276
2021-09-11,0.3328332037637161,0.32764199875177424,0.0005463566679102942,0.32958447768618243,0.0004800804029153198
2021-09-12,0.2854263663715046,0.30629046164922896,0.0009030992558498166,0.2981910329707011,0.0005365131792666358
2021-09-13,0.16610680114707696,0.2880026741339538,0.0009970601580820764,0.24176665998336946,0.000618039342745582
2021-09-16,0.35223883076426854,0.2781678013156863,0.0015459285509093574,0.3118712237827143,0.0009294553882826478
2021-09-17,0.3395900712072852,0.299744062033954,0.0011393330576039147,0.31777002808213806,0.0005178433602372875
2021-09-18,0.39575288274658765,0.3830306979552976,0.0008874691980838329,0.3883961215242401,0.0006246616732975546
2021-09-19,0.29147203689190804,0.3566933670715461,0.0005220575669501805,0.34047658425387695,0.0004014370003283743
2021-09-22,0.23718733938657693,0.32415843884714535,0.0008294889389606763,0.29584045377707574,0.0005518850198804215
2021-09-23,0.35774174044855617,0.2799988319089962,0.0009614494519188056,0.30996485192374246,0.0005775616451805286
2021-09-24,0.2372439407187062,0.2905301137106857,0.0008085142725457098,0.2737049319402029,0.0005406658689403736
2021-09-25,0.2700791005988947,0.2822180342769088,0.0009672360515651783,0.27816192652137706,0.00046104096463110033
2021-09-28,0.36789491628580795,0.25990528197403806,0.0013095392024660446,0.30682008103494274,0.0007239979108851903
2021-09-29,0.34541945776321875,0.2990596989228275,0.0009316777352314672,0.31714066019901826,0.0005954474830994258
2021-09-30,0.33552974913578115,0.3013693246626219,0.0009444646081426156,0.31718345290656075,0.0005266432818553419
2021-10-01,0.21730148884868228,0.30551369983045,0.0007595346612396854,0.27816294890409066,0.000497039733342782
2021-10-04,0.3930686863916773,0.32532687025314805,0.0011809303127733744,0.35059350469581363,0.0006388250181453962
2021-10-05,0.41806452954696144,0.36970889891016634,0.0009733740294951448,0.3874225877659478,0.0006525907009375
2021-10-06,0.3797921004009154,0.3544375336013132,0.0006210412001669685,0.3607008079994458,0.00046979248176802545
2021-10-07,0.2876463487777619,0.3387948808277901,0.000557973739533418,0.3259914674360819,0.0004528351888565633
2021-10-10,0.2539301918566976,0.29019131462380215,0.0013513810271809903,0.27286910988935564,0.000563509439539338
2021-10-11,0.3195736420684227,0.26429926008778026,0.0009152380694659843,0.28457688207824466,0.0005204514189482804
2021-10-12,0.26868558806367854,0.2746131568658979,0.0009004565391126123,0.2727543751972112,0.0005942756239473723
2021-10-13,0.29661523303548903,0.2626532061525015,0.0008868920430397865,0.2738450108193854,0.000498360088345221
2021-10-16,0.30688873588860505,0.249486881011952,0.0011793833281590392,0.27569063425293633,0.0005323638325988318
2021-10-17,0.2391202893112052,0.2653460589049948,0.0008571227457038467,0.25745543468443943,0.0005129709920985532
2021-10-18,0.2695749840862881,0.25164210369357454,0.0007251057988030299,0.2590064401852403,0.00044979274584432144
2021-10-19,0.37068020808726054,0.25319344800998833,0.0006996852382931491,0.28906258811241137,0.0006108967688119569
2021-10-22,0.3321397373339086,0.2862042628609,0.0014628799739991837,0.30734487617107503,0.0007817510530233218
2021-10-23,0.23644083627075763,0.29956914720259925,0.0009144005264078299,0.2785815921202386,0.0006222317761305681
2021-10-24,0.3318499493595146,0.2733196933741515,0.0008081292290072973,0.29253915062912095,0.0005645089924988324
2021-10-25,0.2968606620983424,0.28667200406355037,0.0009200364623030972,0.29076412922767,0.000608252871719082
2021-10-28,0.28046556060208205,0.2791444153031765,0.0014093356771168132,0.280903792495476,0.0006751454331314748
2021-10-29,0.388135729023221,0.2882223060714064,0.00103931855892724,0.3277768600311555,0.0005604009577330803
2021-10-30,0.4211204635613443,0.3364739378223607,0.0007110185916458867,0.36197939387248484,0.0005146967141004686
2021-10-31,0.4167123886275036,0.384883544318049,0.0007960487893034521,0.3961216490815376,0.0005651698797818172
2021-11-03,0.4063886014859583,0.3847696430842516,0.0005560173860948246,0.39193314909034976,0.0004569651534782076
2021-11-04,0.379128914198547,0.37677482119798206,0.0005896928023815752,0.378786455716615,0.00041558388731866345
2021-11-05,0.41609295951464564,0.36949347402559646,0.0006337475253337729,0.38228233057378314,0.00043044369864546236
2021-11-06,0.259879938972237,0.35950661219581037,0.0004060138931945519,0.33852456154160215,0.0003503208136647046
2021-11-09,0.3264321829403568,0.33633689737678835,0.0009284907226044358,0.33536902484308206,0.0006173659486752753
2021-11-10,0.3782487535376131,0.335872976100538,0.0008326687711198175,0.3513892393388056,0.0006153571812922912
2021-11-11,0.296248361754306,0.3600421537852285,0.0006127519325101464,0.342730189094272,0.00041287245731237514
2021-11-12,0.3139740425628195,0.3374635197710699,0.0007616875623374592,0.329795586805883,0.0004926676263862725
2021-11-15,0.34497128008651257,0.3488982790553939,0.0009971432932611632,0.347426040393394,0.0006542809567358164
2021-11-16,0.36374304409693403,0.346489929771381,0.0009741698317361183,0.3495010954916563,0.0006207408131975752
2021-11-17,0.38834200466757124,0.34628264503720935,0.0007964741577642674,0.3612837670041914,0.0004971754357769397
2021-11-18,0.3089094036441482,0.34811455799694135,0.0006573867147251305,0.33754825134281236,0.000482975449418757
2021-11-21,0.2698106181296073,0.3277777470345654,0.0010497277188817884,0.304667490453959,0.0007164794127375949
2021-11-22,0.2884048644379842,0.3005077987575229,0.000893278664513413,0.2968183457753265,0.0006586631303908374
2021-11-23,0.34838025836468356,0.2973231351236672,0.0008949992176103433,0.31769117344156844,0.0006659546072356054
2021-11-24,0.38649259861962626,0.3760880575874767,0.0011319968524270995,0.3788953629789168,0.0006455014937603255
2021-11-27,0.37703428982250203,0.4158071120182784,0.0005162248883681612,0.4050363593216192,0.0003445329013740669
2021-12-03,0.36314712805514054,0.3680637664300878,0.000584354043993499,0.36691311114376945,0.0004421861077072941
2021-12-04,0.25570312726546607,0.3961834774177674,0.0007097610958232534,0.352205591901275,0.0004670071789705567
2021-12-05,0.34896601827981744,0.39168671204744215,0.0008363222264539954,0.37911060269767616,0.0005554525178181997
2021-12-06,0.3689073046388801,0.3694391246204194,0.0006278163800763968,0.3716036825872312,0.0004334733437856686
2021-12-09,0.41805202028823996,0.4256423565181289,0.00033818914169349203,0.42420787976831853,0.0003047199560300419
2021-12-10,0.315822150387447,0.4242967265755995,0.000432344627760898,0.40151542348966873,0.00031617753449195797
2021-12-11,0.3772265090469147,0.3839905354996798,0.000449572136410397,0.3829250549904833,0.0003960561631532261
2021-12-12,0.35784848640876754,0.3693503932125487,0.0004022729049351072,0.3675939407937554,0.0003677173101093552
2021-12-15,0.3977977424525465,0.35850142859503814,0.0007183471012082487,0.36902317038245613,0.0004954964489349723
2021-12-18,0.3621181382325372,0.35506894878819617,0.0008041920356229541,0.35552218474363984,0.0005942649010324484
2021-12-21,0.40630338728093474,0.3479734237505724,0.0010679365866195943,0.3727805808602098,0.0005293929490446863
2021-12-22,0.3470564189597107,0.36311798950199065,0.0005941098725384535,0.3601600496591115,0.0004521793272259618
2021-12-24,0.37960217917088634,0.353792197732267,0.0009263130809365628,0.36186005130077026,0.0005126045804533873
2021-12-27,0.3915343073612696,0.39270211889596973,0.0009005269334861831,0.39406387706220564,0.0006225082814228493
2021-12-29,0.40255932246277937,0.37392103036631164,0.0005870827217959493,0.38135497392135415,0.00042957900264395236
2022-01-03,0.3408853232203275,0.34294454070255115,0.0010727774238367617,0.34157089909019933,0.0006363650642764102
2022-01-05,0.3640454102541656,0.3570287853086144,0.0007925883073305701,0.360612351264664,0.0005172369029906971
2022-01-08,0.36988425593698004,0.37128882815753445,0.0006807798234434933,0.3687655897765837,0.0005315108352151037
2022-01-10,0.412429061173229,0.4236500678598398,0.00033413617848489517,0.42160961400043784,0.00027710120151196665
2022-01-29,0.3384190663586111,0.33787378289029446,0.0016141223666117312,0.3368344242038296,0.0008567378340606866
2022-02-01,0.3594362931683569,0.34297703876908747,0.0011913919957250035,0.3491407317495584,0.0008125775426223779
2022-02-03,0.3570275618690138,0.3373785659890454,0.0009891744717897518,0.34354397161187855,0.0005853313029830194
2022-02-08,0.30370780180120355,0.34000910858101924,0.001412684841905284,0.32545202626782666,0.0008241348094652513
2022-02-10,0.3619112373030708,0.31990770046138617,0.0013118485153713045,0.3377393483061517,0.0007404209010917349
2022-02-13,0.3425536415484491,0.34616090548311773,0.0007460685596083127,0.34494557562390576,0.0006056126565893028
2022-02-15,0.4135046646026889,0.38974347411342125,0.0006793838535738163,0.3957207306641093,0.0004457130681545605
2022-02-20,0.3492511607416018,0.34081735468531,0.0008835295430094254,0.34619274944868095,0.0005834807687659527
2022-02-22,0.39927568623622156,0.34440417207995966,0.0006259999866101736,0.359528789020265,0.00045751066075307547
2022-02-25,0.3079962455665461,0.33946260728946487,0.0008567926189610587,0.3292998508788946,0.0006175154157682642
2022-02-27,0.3275354943225764,0.3209253821264402,0.0011160010053158015,0.3224492095982223,0.0006888142382908975
2022-03-04,0.35966572936286784,0.3694592086178583,0.0009484148324699137,0.36537162598326767,0.0006855090349523656
2022-03-06,0.36997956080650224,0.35316752405048846,0.0008155353874115353,0.3580452018872581,0.00048508114131368753
2022-03-09,0.3274330467640356,0.3410412818560954,0.000786746218110542,0.33849971758342096,0.0005645977456695126
2022-03-11,0.3772474992440018,0.3958019541036104,0.0007941536358060175,0.3906396734767654,0.0005686180617782961
2022-03-16,0.353809893888644,0.3546568417799775,0.0005335467098266224,0.3533063290006656,0.00038470626698399287
2022-03-18,0.36509310586737725,0.3730567358843716,0.000559832156143258,0.37234964466563325,0.0003959667955219556
2022-03-21,0.3126709457268501,0.3382431825151344,0.0010765767275731687,0.3286109566036865,0.0007751305608483446
2022-03-23,0.3278134561216576,0.31922711494136347,0.0011996874538944251,0.3233395771607128,0.0007087091447121194
2022-03-28,0.30718594578650593,0.2851797949735857,0.001923114671791387,0.30000109290575966,0.0010302263288353816
2022-03-30,0.3568556023298416,0.3390372943219815,0.001171899757617042,0.34444630314459057,0.0007267196523884064
2022-04-09,0.2601585759367124,0.3377269581787558,0.0008983334408294835,0.3114119630363532,0.0006541357035191337
2022-04-11,0.2764546440155048,0.2930255481818776,0.0013186035113367095,0.28603466471390926,0.0007541246404139078
2022-04-14,0.27233251853859386,0.35590130426594335,0.0007802877510774877,0.3275902214030653,0.0005670322821163294
2022-04-16,0.3287631004762777,0.29698943871668676,0.0011970741397698157,0.31153330103482,0.0005394968112448594
2022-04-21,0.35526209989180924,0.3650335676436884,0.0008826432363136531,0.3621534797484016,0.0005753388017786246
2022-04-23,0.33534032575727235,0.4002881187350403,0.0008707464157385885,0.37943228464394047,0.0005685338123327933
2022-04-26,0.2811008561653123,0.3216562790273149,0.0009334780202852147,0.3059620689290939,0.0006412651221697051
2022-04-28,0.2694133611575922,0.35313735200570234,0.0010722135931903651,0.3194695347293258,0.000648656085030005
2022-05-03,0.24638380716755776,0.3174397976427631,0.0022073809528052467,0.2773474459599209,0.0010476023963890166
2022-05-05,0.2966065892347891,0.25762256989901966,0.0016005764987998782,0.28030314326089795,0.0008795333281625176
2022-05-08,0.26860637697569734,0.2398067731418292,0.0018486372915347824,0.2609224969516862,0.0009557437068498547
2022-05-10,0.269477243063249,0.22986030771924643,0.0014217908081306835,0.2480021861992589,0.0008442579919923619
2022-05-15,0.3892316284281769,0.2767535484350347,0.0031295190372447744,0.35032097061743833,0.0012383827609909073
2022-05-17,0.3269434323025533,0.3026495986530093,0.0015259789541481642,0.3144191948501246,0.0007649458537188504
2022-05-20,0.24023874419120456,0.2651296002415769,0.002048532646305414,0.24852968849302584,0.0008650162481926372
2022-05-22,0.23859850699336996,0.2162214857267566,0.0011829238516960175,0.22655075439069738,0.0006177875914824883
2022-05-27,0.23286214525732346,0.22015490436145657,0.0011755156687944573,0.22377885534457878,0.0006988873283055001
2022-05-29,0.23888264230081346,0.20152630254945567,0.0009448794378722193,0.21541547641867567,0.000630499525296147
2022-06-01,0.3116179812746521,0.19146448462798596,0.0009948225233191873,0.23621324998880497,0.0005989911004499166
2022-06-03,0.12910508705180812,0.2567715675184422,0.0015601604429887166,0.19304734143368482,0.0006395726342276352
2022-06-08,0.354122584426138,0.31447345387612663,0.002946460136939904,0.34086914617416186,0.000879629490940411
2022-06-10,0.2565795358798944,0.2924638514136894,0.0012708526916782477,0.2790171678906923,0.0006882530915611712
2022-06-13,0.25346283658619395,0.22993383079206572,0.0015715179723809663,0.24114945562037238,0.0008743003407005592
2022-06-15,0.17623459938405733,0.19490831372542872,0.0010516667589865884,0.18481654940880288,0.0007007658610834991
2022-06-20,0.19978623986172242,0.1962577239466844,0.0012881794105318088,0.19468913724123307,0.0008005512882873221
2022-06-22,0.10661263915160935,0.2588136006507924,0.0026905347976847226,0.16650507763363911,0.001025758562256059
2022-06-25,0.3898769979992116,0.26431254357942424,0.002618130029014049,0.3428666867067257,0.0007613475486473319
2022-06-27,0.3145729499622377,0.34051722320262034,0.0005731464070057601,0.33126458566425193,0.00041548071573037663
2022-07-02,0.1334147229880001,0.2841483746859621,0.0012442449974187128,0.21976808401034867,0.0008791805052715876
2022-07-04,0.15190021225158853,0.24613274380398814,0.0017322486378708692,0.19732960498755275,0.0008976839679278138
2022-07-07,0.1683362769253117,0.17312342178031553,0.0009009914755363263,0.17241125818795897,0.0004496706880750945
2022-07-09,0.22755324173271735,0.15987394275807612,0.0007679139611739876,0.18046609269464894,0.0004611539658144357
2022-07-14,0.14244309131216026,0.14732159178798473,0.0006949997936702104,0.14410069551992005,0.0004921504256984046
2022-07-16,0.2127505412693796,0.1454862355104573,0.0006457271396560178,0.16473200017673342,0.00048424012964497947
2022-07-19,0.1696996713475502,0.15231953581665783,0.0008691045829667264,0.15801799647872927,0.000576533170479544
2022-07-21,0.20788447690783177,0.15539664159772354,0.0006331738847754952,0.17172908195498182,0.0004130515765886626
2022-07-26,0.21831566775684602,0.1599143768438954,0.000950269638350827,0.18334862698038504,0.0004731573800864988
2022-07-28,0.14018454385549795,0.16915850300159063,0.0007823209952531679,0.15999678621679225,0.0005098482969088381
2022-07-31,0.1779218339090509,0.15437745721092835,0.0007835433471023464,0.16398918960364828,0.00046823241528707937
2022-08-02,0.16917687896383218,0.15493471585944588,0.0007228401067294633,0.15943967500406264,0.00044196009076691257
2022-08-07,0.12720354289970318,0.1627914715909321,0.0009246758571800285,0.14919445646985782,0.0005600119136659157
2022-08-09,0.1542246910489966,0.14321744153704827,0.0006532277231419975,0.14595829233120874,0.0004968725588431356
2022-08-12,0.17498147056140967,0.14850227389824264,0.00067082359091299,0.15761058478835427,0.0005607689730137324
2022-08-14,0.13382511814276105,0.30160450791699317,0.003460307618654415,0.18480137176956674,0.0010577725309701784
2022-08-19,0.21846066744453488,0.2516039970649744,0.0027506168737651067,0.230879404400628,0.0008545035123988525
2022-08-21,0.1829737510360706,0.19368426680638376,0.0013093565222269898,0.19089419506938402,0.0008133603182850784
2022-08-24,0.1827020113462467,0.16843741235153417,0.0011163578831878795,0.1739697979709968,0.0007590862830997323
2022-08-26,0.18889016198045974,0.17223863758129013,0.0007902414107585321,0.17734837619945332,0.0004978399432283163
2022-08-31,0.24519785276563166,0.19757705107097492,0.0012843354937437685,0.21942346130536663,0.0006573111405891023
2022-09-05,0.15829496120573366,0.17595928838014552,0.0016311136221998888,0.16837324365791975,0.0008645216852149234
2022-09-07,0.13015670221861694,0.16479844867720858,0.0011730485041292241,0.15273408915479345,0.0005687801390407559
2022-09-12,0.25311350364056007,0.17928071176520102,0.0009996731826809897,0.20804715030447202,0.0006221576875346123
2022-09-14,0.2388126048345755,0.2062797365229692,0.0011068210824177866,0.2182165851804818,0.0005958472630997449
2022-09-17,0.18667920365417856,0.18968104878035852,0.0009224491861189297,0.19105317613000827,0.0005049683439432447
2022-09-19,0.13954863239986237,0.17652068253356476,0.0008887514456071357,0.16367280072413237,0.000618823709343399
2022-09-24,0.37567430960205783,0.22461716938007822,0.0019723608619684994,0.30954355031666086,0.0009449443787062907
2022-09-26,0.22039267207132932,0.29540345871841267,0.0011521954185946686,0.26385432007554627,0.0006973321158379969
2022-09-29,0.4108982442278171,0.3864531163230505,0.000952332997256626,0.3955276611648029,0.0005548850590966637
2022-10-01,0.1952476764536904,0.332165731739604,0.00060459349379963,0.29397538980398624,0.0005053308976142624
2022-10-06,0.16702285938073458,0.22613101709934447,0.001614071026888148,0.19783120803498733,0.0007793913729385229
2022-10-08,0.21213156585002993,0.21447804295489376,0.0011183158779247131,0.2121000797154145,0.0005929976991591938
2022-10-11,0.2752994805060079,0.1974872103470771,0.0013391516240991816,0.23446688179677772,0.0006987618312936923
2022-10-13,0.16970916409057618,0.25557201564979976,0.0012819924000954245,0.22041053138999817,0.0007379720923688766
2022-10-18,0.23698267253826,0.2342785612432769,0.0023626692900622745,0.23424197383651343,0.0007257948823921247
2022-10-20,0.2861374803606556,0.23785252385890115,0.001589080655090264,0.2616552355205812,0.000714523217473162
2022-10-23,0.2813222663510925,0.23413694792833098,0.0017656076672527207,0.25615860288455966,0.0007958853399305856
2022-10-25,0.2538332699437758,0.2356674351177893,0.0015159464199777698,0.2400126744642557,0.0008122778519906937
2022-10-30,0.18929095582072034,0.20190172740212717,0.0015014834330364186,0.19657247163371788,0.0007014226338510612
2022-11-01,0.24850732792004143,0.22569004960241706,0.0018686639944768052,0.2394583589375219,0.0007627343907619043
2022-11-04,0.313675742521948,0.3079063057975748,0.00296326889028465,0.30842845674061137,0.001204609834728986
2022-11-06,0.289648114954191,0.2811674860558092,0.0016018850124271062,0.28902743771517014,0.0008780210286710521
2022-11-11,0.2561176230362046,0.28260136698813004,0.0019156957087698302,0.26967114167776846,0.0009957200736188162
2022-11-13,0.21761387061180992,0.2554964375112409,0.0015983127177381985,0.23530226791394732,0.0007909776977566414
2022-11-16,0.35368970765198626,0.32303411185549513,0.0016812041578775263,0.33755527869349505,0.0007674574247458058
2022-11-18,0.38119921905136367,0.3701443156383853,0.0008331670921579615,0.37580760938951285,0.0005639106322365171
2022-11-23,0.41833481983518045,0.4077860867321577,0.0005353462573299654,0.4112955491772939,0.0003976177011920185
2022-11-25,0.41845123322370736,0.4021916767021662,0.0005828523366535006,0.40582094194516927,0.00042740434568695767
2022-11-28,0.37025087708033433,0.4048348215983776,0.0006571087117904218,0.3943372869756407,0.00041016947824011244
2022-11-30,0.27800937322306474,0.35802329499424096,0.000601554798513223,0.33915125339442986,0.00045771628365120327
2022-12-05,0.3221187975713743,0.3452432224285768,0.0008047872845668581,0.336250572208885,0.000523236860985981
2022-12-07,0.3484498384649752,0.32541517787465596,0.0011367038445826991,0.3355662407546277,0.0007586583445802413
2022-12-17,0.3492072422523124,0.3716246433253981,0.0005737709729922312,0.366391778484981,0.0003437727142183586
2022-12-19,0.40525020725060845,0.34355103644416635,0.0006868656707658725,0.36197652433361277,0.0004558765452653604
2022-12-22,0.40117432126719055,0.3682124766114605,0.0006858126512416409,0.3780405508194837,0.00048600622910508666
2022-12-24,0.31259608568739505,0.3511429396676242,0.0006007962440986702,0.3399914878857245,0.0004067891338502255
2022-12-29,0.3555150315481732,0.3860322530153087,0.0007134357011414708,0.3749482443937285,0.0005417817845015311
2022-12-31,0.3813289193867498,0.35986773443195824,0.0007621087021858183,0.367287163638425,0.0005233327961490489
2023-01-03,0.4035646655252648,0.352623224402217,0.0006454928106901242,0.365395679257201,0.000495691063849988
2023-01-05,0.38373833254701795,0.3535371994668728,0.0009960530281655474,0.36631111006233474,0.0005299532708722468
2023-01-10,0.39369331354829445,0.37553909529396895,0.0005333821541873337,0.37857941846816123,0.0004320895785861686
2023-01-12,0.41294618109941833,0.36999191679533083,0.0006498900852818102,0.38255543275557646,0.0004266949307157294
2023-01-15,0.3964153199158153,0.3732875746611455,0.0006213327151561646,0.3803940571148096,0.000563419368341492
2023-01-17,0.4128456866974473,0.42488603487588056,0.000443943204031327,0.42177375535296585,0.0004005825442897312
2023-01-27,0.38621731092444106,0.37345927851190924,0.0006390342651800588,0.37649750948173677,0.0004355539329514849
2023-02-05,0.34349186694408645,0.3425499533020821,0.0012508696976860224,0.34198136407369484,0.000681288769481832
2023-02-15,0.33598613570154745,0.31528187768762966,0.0014592094283941432,0.3300718713879947,0.0006613235724666972
2023-02-17,0.35403249105826357,0.3215211171207556,0.001023937754221997,0.33410450051805446,0.0006577828317447989
2023-02-20,0.3607299738779137,0.31834933989363906,0.001008281628236061,0.3360131953598735,0.0006495137556830641
2023-02-22,0.34214119581404273,0.35259082909539907,0.0009488207394596402,0.3492421041917583,0.0007148305105081394
2023-03-04,0.29194880873516543,0.33652882449795457,0.0011095078827627262,0.32079681724591724,0.0006573573382656771
2023-03-11,0.380422204562693,0.40720604995662574,0.000591625972652031,0.400146012575674,0.0004889225532771073
2023-03-13,0.3797912324395622,0.3680143461078035,0.0005397458434686222,0.37118977054496827,0.00035601641413875965
2023-03-16,0.3702046474354334,0.35003993238650516,0.000749470047553001,0.35455127650727947,0.00046578625239842956
2023-03-18,0.4195081390178913,0.3571645863815149,0.0007429731244577725,0.3771189651329869,0.0005382128434222321
2023-03-23,0.3481995032271625,0.3240978592742811,0.0016149344793680174,0.3387451688054089,0.0007027513445860012
2023-03-25,0.34229650895468966,0.329095605891982,0.0013517315228441659,0.3359519086479123,0.0005856471803307277
2023-03-28,0.3413265869726218,0.3399632086682612,0.0010428581321138507,0.33817171231391574,0.0006077485510900704
2023-03-30,0.28336761901314345,0.31386023055488577,0.0009262346879848405,0.30396754463131864,0.0006116267131989126
2023-04-04,0.31551677799356936,0.335666553591262,0.0012390227154007159,0.3283967303263688,0.0005477745562130214
2023-04-06,0.3586780845906296,0.31030735219368016,0.0013532624152039912,0.3300893879359663,0.000674098417915208
2023-04-09,0.3402527542237671,0.29347234156677626,0.0012142300294403368,0.3162848548723242,0.0007580292236246655
2023-04-11,0.2930270832213526,0.30134631366791576,0.001193701309693611,0.29722972185919977,0.0008285707540980822
2023-04-16,0.26114695254891007,0.345926474247444,0.0008869782840055385,0.3158629484525405,0.0006240447875469037
2023-04-18,0.2961070214832225,0.2913790786569425,0.0011111589293549221,0.2958884253387824,0.0005550003578117001
2023-04-21,0.3705996456771336,0.25219696923951757,0.0011109377634798225,0.3000293292390207,0.0006449189028595945
2023-04-23,0.3716546422921015,0.37160929827579403,0.0009427712062784784,0.3724951403947924,0.000726930483406219
2023-04-28,0.37512963752857575,0.3237634015064655,0.0009209200930736148,0.3433614670878648,0.000654654356024477
2023-04-30,0.33172421893363885,0.38689283564541216,0.0006145484828869461,0.370255050433992,0.0005041778512986422
2023-05-03,0.3526848002623002,0.3190969070125274,0.0009731005481362224,0.3309933870885123,0.0005804282455245035
2023-05-05,0.30286314382588025,0.30469819156509004,0.0013159690339892432,0.30336859555631834,0.0006402616925205451
2023-05-10,0.34223481467987504,0.3497252411284035,0.0009253768990829284,0.3456065479207721,0.0006307546061071231
2023-05-12,0.38095308893144936,0.37194231963955743,0.0007482999365963415,0.3763207893570059,0.0005469165083049388
2023-05-15,0.3443096537716003,0.37679354337981896,0.0006420958104535195,0.365048962832142,0.0004304608012813084
2023-05-17,0.33064787517558264,0.3406843404911835,0.000735356364623909,0.3364564308709364,0.00048344379987428954
2023-05-22,0.39941295451854897,0.3127225984885759,0.0016144826817007813,0.3574497177223449,0.0009454231203255396
2023-05-24,0.3973520321778808,0.37264910962554915,0.0010010977124695526,0.3802178083968779,0.00078948510445281
2023-05-27,0.30829954575084345,0.2988950773807413,0.001267973485242751,0.30637433317668433,0.0008948811736423208
2023-05-29,0.39427556141485204,0.3230433647023208,0.001453174906299359,0.3567405216875166,0.000818093658536275
2023-06-03,0.3897726060717967,0.35172957406785527,0.0009254460154478606,0.3654501848097819,0.0005708676145514338
2023-06-05,0.3258174738502728,0.31956053540156076,0.0010542186540942625,0.3193708894651888,0.0006148064460260483
2023-06-08,0.29948441019125244,0.276661860084922,0.0016542913333707512,0.28743144629522854,0.0008248232290593714
2023-06-10,0.2693930897658451,0.3471918746036944,0.0009361203716017509,0.31822426935427695,0.0006117542912610167
2023-06-15,0.28172474414197013,0.3349300182113451,0.0009079304912100941,0.3145725477537338,0.0006639856861396469
2023-06-17,0.194412469538912,0.2791201244011842,0.0011831966374014808,0.24049750947972498,0.0006950993163101512
2023-06-20,0.390272673310528,0.32435058997579863,0.002379910654555451,0.3632467779285339,0.0009489668788176439
2023-06-22,0.38691624941754454,0.4048382847834398,0.0005574292751725576,0.4005660650312414,0.000400031314010606
2023-06-27,0.30787578641935753,0.2671348877270639,0.0016003073361234611,0.28305063791899376,0.0009346876192672897
2023-06-29,0.25185328364364556,0.25132604939467995,0.0017705474110836334,0.24781130585979091,0.0007274871972452407
2023-07-02,0.2653705628433377,0.27133274931292717,0.0019630786549285975,0.2692342020290146,0.0009854938846944785
2023-07-04,0.3763641554137167,0.24018172902594193,0.001434426875064318,0.3034751504191652,0.0007875328386255209
2023-07-09,0.28186122233425676,0.22196937474724684,0.0018832702650781043,0.25640315806869396,0.0009354282184019065
2023-07-11,0.22740032345345645,0.22336583666883825,0.0012746591531686664,0.22251045345594414,0.0008282428825287713
2023-07-14,0.28343821073005815,0.20039830077298834,0.0014453506606314226,0.24267835377129568,0.0007028097719696143
2023-07-16,0.22302265241426186,0.22502377854656633,0.001176907565276058,0.2245561231260974,0.0006361789711805366
2023-07-21,0.2536674206458336,0.1874179784010255,0.0011682450255726153,0.2146177715376689,0.000693876396821038
2023-07-23,0.27333575038911034,0.2581990171508915,0.0020818562758184124,0.266087895236654,0.0008037662490473832
2023-07-26,0.3095477740237241,0.2601391739360725,0.0017222498154182008,0.2844347176564197,0.0006826624641530813
2023-07-28,0.18896603100053505,0.25275732630898645,0.0014855656911996204,0.2250424816118139,0.0007240225069281033
2023-08-02,0.20942763983869878,0.199496905458199,0.0010844108430238814,0.2057450590860038,0.0006600784941923696
2023-08-04,0.2861317102739863,0.22022380424540877,0.0011205066700697174,0.2484618669473979,0.0007186230788278012
2023-08-07,0.2340761363494426,0.21942635974973068,0.001301837387108731,0.2289776504880555,0.0007874030201261552
2023-08-09,0.21704026093680756,0.19272495218057778,0.0010678342611536603,0.20133037586880423,0.0006423113408040255
2023-08-14,0.22308778822509637,0.18408702029878315,0.0011659144192688149,0.19786645861230523,0.0007435018605238514
2023-08-16,0.28064911509155954,0.1924773391984334,0.0008362903558935806,0.22122340738304624,0.0006336256790581501
2023-08-19,0.1962114678902539,0.18345154532017388,0.0011909345125941549,0.1870600096391568,0.000567909881923589
2023-08-21,0.1943565602009163,0.17248174193647453,0.0008577248599757733,0.17843125459202994,0.0005359892803506934
2023-08-26,0.33628340583756394,0.23604680834606664,0.00227645268194375,0.29449151616162106,0.0010549257902945067
2023-08-28,0.20921604503256444,0.27501077848643574,0.0014644183298529085,0.24194375087983946,0.0007707990575799407
2023-08-31,0.2363983162425159,0.22655749176386922,0.0013965069729712607,0.22995279991130047,0.0007848697680943093
2023-09-02,0.2877467193764002,0.2928181535467764,0.0029550987267180392,0.28817891277116836,0.001279556239746819
2023-09-07,0.2814861121568392,0.2068600530633211,0.001568882857610883,0.24377183468951977,0.0009458702460665324
2023-09-09,0.2865731844037934,0.2104476052924747,0.0010055626444750848,0.23954941159285087,0.0005352027178937909
2023-09-12,0.3880695703545275,0.2628080693126477,0.00145801664088462,0.321440243663491,0.0007974943236585538
2023-09-14,0.24519283905637798,0.3013760738733723,0.0011368486789840252,0.27757931494806676,0.0008815667317862363
2023-09-19,0.331058349029383,0.25489606312378127,0.001328032267541017,0.28832021622191256,0.0007126729374282847
2023-09-21,0.38962061786706004,0.31276156055482246,0.0013816345803036156,0.3485981646611422,0.0005349707906223912
2023-09-24,0.3313289007612831,0.3135799816066024,0.001082928541363786,0.31891045868436196,0.0006151526074191816
2023-09-26,0.25271939783932207,0.27822307591132306,0.0012166079895103215,0.2676985631526597,0.0005347787697470981
2023-10-01,0.27744674461030977,0.20830226747513336,0.0015658556540209703,0.24412271613932618,0.0007249434369838316
2023-10-03,0.3008378603871623,0.22816708334127214,0.001277699129621885,0.2602991191497218,0.0006440804121394632
2023-10-06,0.2587788226511447,0.2292288358749962,0.00145377332063087,0.24177651321318833,0.000663500335639496
2023-10-08,0.2038618337500597,0.21896178650089546,0.0009900942393531445,0.2127117516769011,0.000735154415290716
2023-10-13,0.3585906282629468,0.1923253757283403,0.0014555543678271541,0.26663056521376016,0.0008105588832612204
2023-10-15,0.29673288134134235,0.25403326443494206,0.0015007711340994595,0.2731919368307348,0.0007929024826411585
2023-10-18,0.3150066453490375,0.3033803724551048,0.0023744013561510977,0.3081457535599852,0.0009839159622687444
2023-10-20,0.423533845923343,0.38043756364685094,0.0009579050900954347,0.3962399613901467,0.0006082886536494872
2023-10-25,0.4231930867334651,0.3816066458710114,0.0006915239630446578,0.39551288229637466,0.00041807028941654074
2023-10-27,0.3318019835737741,0.39771049791293156,0.0005497728295213182,0.3814371102138244,0.00038000032571897286
2023-10-30,0.39081506471947836,0.4000665986952181,0.0006064075309550403,0.3962866841178883,0.0003925579264476729
2023-11-01,0.313309173372158,0.3651556728094797,0.0005117584674337771,0.3508568715159538,0.00038310975571380644
2023-11-06,0.41858105672577417,0.3851707616605959,0.0005519062408662502,0.3942104611323285,0.00036424288148804084
2023-11-08,0.3740078918184949,0.3762857665569886,0.0005481914136104242,0.37673570012665564,0.0004334156964206782
2023-11-11,0.38391691469084166,0.4157087067579722,0.0005822270136893567,0.4068038298402272,0.00038173288547398816
2023-11-13,0.3553592250602139,0.3714616555838866,0.000583376082373974,0.36731465483539394,0.0004832925218815299
2023-11-18,0.41885866234099955,0.356850228578499,0.0005911802796653188,0.37545268145135213,0.0004096452994183119
2023-11-20,0.3804797755041376,0.36525182135252715,0.0005471125500265524,0.36858432335785374,0.0003507627917526506
2023-11-23,0.3536929505700848,0.35946683098663745,0.0005778305171011301,0.3587886609082751,0.00047553490128357523
2023-11-25,0.2226959788045435,0.353713748889377,0.0007505581199791548,0.31351568530357904,0.0005750347507658785
2023-11-30,0.4158600942813624,0.41780475330883765,0.0005161041020128821,0.4185352686795143,0.00037831514536703324
2023-12-02,0.37627234993746334,0.38752833102528167,0.0005002923115418828,0.38371359134265826,0.00038157882509619377
2023-12-05,0.4174066312963023,0.37269753465615457,0.0004612783999732459,0.38124757564637307,0.000343972654582908
2023-12-07,0.41002272966209097,0.4111256261068974,0.000674464594568465,0.4112414944166688,0.0004957480923556458
2023-12-12,0.4174772498119452,0.4058971366557117,0.0009260348899808308,0.40906321087105524,0.0005641088438438832
2023-12-14,0.38934486659428585,0.3973815137850661,0.0004980037157589812,0.3963582200672297,0.0003975847503533575
2023-12-17,0.36324145398251884,0.36260803761428023,0.0006114211658578138,0.36521775980784754,0.0004323144516780018
2023-12-19,0.34133202061230916,0.356593898958578,0.0006810839607852206,0.35224094545567736,0.00046350096535076996
2023-12-24,0.3944475012026829,0.36067408769425663,0.0005425514448361168,0.3713166930158877,0.00043285329719655184
2023-12-29,0.4055470481172692,0.3465751348534804,0.0008333243985671507,0.36602723384632285,0.0005884392514154793
2023-12-31,0.35989410558859225,0.372577335027745,0.0008124018799662358,0.36839839044866507,0.000708297169161166
2024-01-05,0.4023794088924162,0.3760192259950793,0.000685664955573293,0.38289998807022846,0.0005144136720396053
2024-01-07,0.4035199643545163,0.36905979881384016,0.000637939049245008,0.3794285974318921,0.00040661649445508744
2024-01-10,0.3784227282611265,0.3677735644043928,0.0006397573169529461,0.3712673787844967,0.0005463951089606366
2024-01-12,0.3048043622218973,0.3637084861728944,0.0007276386667671922,0.3428135968093218,0.0004605004300328998
2024-01-17,0.35883237925144673,0.3676586955451732,0.0006108103745257576,0.3647582419976785,0.000516413604946701
2024-01-22,0.38573592001249535,0.35508552111706193,0.001037560487466181,0.3671097123437654,0.0005955282143497609
2024-01-24,0.3277505626563949,0.35216344144906175,0.0007059451755993233,0.3470709540487562,0.0005500613038415952
2024-01-29,0.3424325569187909,0.33325395569236455,0.0011830511911708138,0.33642111476101894,0.0007027865902276392
2024-01-31,0.3489036670182456,0.32993786885725057,0.001157470857106325,0.3399994348342277,0.0006393090728176722
2024-02-03,0.3651889407860231,0.3359894822235509,0.0007383472851309923,0.34435495158566326,0.00046665289139531587
2024-02-05,0.3356882635918173,0.34056383406393415,0.0007704690085709361,0.33854920980532077,0.0004783209954057501
2024-02-10,0.37365045416427695,0.4064030273882959,0.0005992965917125685,0.3974561711202053,0.00044112780633719496
2024-02-12,0.40468639289376085,0.3994060764349807,0.0004941227990696342,0.4013719514013912,0.00033183453319330947
2024-02-15,0.4059263503454125,0.3668116417416908,0.0006046619089662589,0.37710059898721204,0.0005029455123248619
2024-02-17,0.35382577578681584,0.3768732631175775,0.0006374483798201697,0.3710548937783238,0.0003913485452635282
2024-02-22,0.38988551446883246,0.36137622464294794,0.0008937329262879598,0.3721897957551149,0.0004785681170060458
2024-02-24,0.3889010168555446,0.3690774719482776,0.000708282019584075,0.3768984193062077,0.0005431109183523733
2024-02-27,0.3884382261019365,0.4026400998514669,0.0007103748232815312,0.39912904325410314,0.0006003254733804345
2024-02-29,0.361896135906764,0.38069196562319824,0.0006642800735874324,0.3741501388358641,0.0003691727041055354
2024-03-05,0.4078734471671214,0.3829334548437094,0.0005702387202931535,0.39061558053076034,0.0003823243790553798
2024-03-07,0.36434951212720984,0.3599434668708472,0.0007821774204099656,0.3607564369085271,0.0005259872573602386
2024-03-10,0.4103759600455611,0.3863987701719375,0.0007051920321539217,0.395255045627406,0.00043462961596966516
2024-03-12,0.4024199235747501,0.37849629321430034,0.0005523064475653499,0.3836625216529669,0.00040459392350888836
2024-03-17,0.4224275018554628,0.345686075967051,0.000947472132057692,0.37235429651970686,0.0006160362384779622
2024-03-19,0.36565265587620666,0.35329936258950007,0.0006019618281085868,0.35692098644308745,0.0005634846429037848
2024-03-22,0.36148934415853035,0.327754467811912,0.0011170136089300755,0.3382008745046639,0.0007025721969190759
2024-03-24,0.3414840610472128,0.3390512762961268,0.0007649139532660458,0.3385527667378745,0.0005056936014275386
2024-03-29,0.396812612637863,0.4059614342979082,0.0005771886568422066,0.40319071918196864,0.00033611997020242134
2024-03-31,0.405316588349951,0.4060503821122361,0.0006709510035006921,0.4043957498080637,0.0004959018029754338
2024-04-03,0.32036190957277233,0.34801925575281295,0.0007474782247380596,0.33973263298593825,0.000535235559056274
2024-04-05,0.39235772733725444,0.32317308960020263,0.0010683097994947542,0.3487281524616697,0.0007198360704884566
2024-04-10,0.3652249284395304,0.3729645495439119,0.0005669866431555805,0.37346086677921064,0.0005257506036295349
2024-04-12,0.33522645412665614,0.3349140584070392,0.0007273576064420192,0.3354253292665658,0.0005085488545301123
2024-04-15,0.40996019342114637,0.30201249303849426,0.0010480740754770293,0.34670462144630015,0.0008398486421802845
2024-04-17,0.3187135998880672,0.3441588747174681,0.0009364954382352524,0.333485603195537,0.0007573702277972981
2024-04-22,0.24281123614620465,0.2976293966607904,0.001342712378694584,0.2759815814845713,0.0007273605603204865
2024-04-24,0.3354103627444287,0.28277528667248253,0.0015050014225126468,0.3098536493109382,0.0005384922644487973
2024-04-27,0.31127161922111435,0.3836747308546461,0.0008937504609565221,0.3585541728650126,0.0006340018009568095
2024-04-29,0.34494448970391756,0.36126417744952244,0.0008246738926450233,0.3569150391951429,0.0005857470893519558
2024-05-04,0.35341218554997317,0.36141068704470863,0.0006853654951173451,0.3589590245756348,0.0005685916644137957
2024-05-06,0.33729355109916603,0.3892690265033647,0.000548201937074061,0.3759150613677816,0.00041355904807501687
2024-05-09,0.2907746997132567,0.3342238654535285,0.0008047472106526378,0.31926861004795964,0.0005818468844792197
2024-05-11,0.28529416382829886,0.28242437304293033,0.0012368920139377605,0.28452350981097757,0.000796534003366957
2024-05-18,0.34080846312234125,0.35093300053308396,0.0007437304091108673,0.34846571636579654,0.0004665083064243125
2024-05-21,0.3428849862539727,0.3617754123652612,0.0006315843179990919,0.35703753942010313,0.000431432926806354
2024-05-23,0.24064890248849027,0.350063771322937,0.0007298768112242448,0.31774947054173136,0.0005078272915532143
2024-05-28,0.32434630794751024,0.2587715968750796,0.0019579770479451267,0.29476975606038286,0.0006900728291360531
2024-05-30,0.30931161596288853,0.28659236493226986,0.001306759927765227,0.2929481318563534,0.0006470290853192083
2024-06-02,0.32181688508372874,0.27898844746608636,0.0014987714386174454,0.29965108886216796,0.0007629566085380603
2024-06-04,0.33335706873343474,0.2677975389588415,0.0012771599937867423,0.29546175518372825,0.000763590297472183
2024-06-09,0.35798048598951315,0.4037467463244784,0.0006771427559258606,0.39074521870051315,0.0005126938540298737
2024-06-11,0.36340506618067486,0.3479825545770444,0.0007504219689521337,0.355050389150737,0.0005349722324827278
2024-06-14,0.3955405780975822,0.3378861056392141,0.0011579233090612624,0.36167513195274054,0.0007675595779146545
2024-06-16,0.2729377498467137,0.3136683448624856,0.0011728529424680453,0.2967078333591377,0.0007214304042264746
2024-06-21,0.3415904665522141,0.3795724826069845,0.0007332387170348196,0.36811243826063733,0.0005246441125494805
2024-06-23,0.37907001888018077,0.3379700002687268,0.0005780572883986385,0.3483309930254697,0.00045574247046171904
2024-06-26,0.22518945787770436,0.2746674111392373,0.0015324792651402266,0.250593031687991,0.0009033694267642308
2024-06-28,0.3139969951407956,0.2534099189162585,0.0016631980149503854,0.283501372168883,0.0008029411013771936
2024-07-03,0.2842274528377434,0.31793818494753295,0.0010316694169655734,0.3034597471989715,0.0006208559335214558
2024-07-05,0.3397264325765531,0.300548248754919,0.001018195149601265,0.31772269259263075,0.0007187210409645042
2024-07-08,0.1743233835893978,0.3019836282750957,0.0011358797386600925,0.25150321372021145,0.0007649451174641127
2024-07-10,0.32505497055923555,0.29348174641040914,0.0019298099112445106,0.3112204771871551,0.0007790320449488725
2024-07-15,0.21192428189509246,0.2540007143783542,0.0020230251335646835,0.23250617884345495,0.0010294761055201537
2024-07-17,0.22793512175326944,0.21530070836953438,0.0014545151892245785,0.22469040634407975,0.0007145247120530744
2024-07-20,0.24211842393802205,0.20652273574428853,0.0011803710914876438,0.22316993718673891,0.0005988878391851248
2024-07-22,0.29233918131472414,0.2974191678543077,0.001997832160601434,0.29362925273775614,0.0008707791750679781
2024-07-27,0.2649670063116063,0.2081945977343807,0.0012983068356866557,0.23439526298434377,0.0005827580275250057
2024-07-29,0.24358302518631642,0.2061137489570317,0.000809713206224108,0.2171839549303985,0.000424622549138056
2024-08-01,0.11854302321526347,0.18984741933966665,0.0009573003532747419,0.16329265916281888,0.0006563911444198176
2024-08-03,0.2982717210945405,0.165344393693988,0.0008540410080606871,0.209759618573775,0.0005422943694369631
2024-08-08,0.18064256637936804,0.17481834613743988,0.0010628523515562212,0.17737501624428187,0.0006757315263235056
2024-08-10,0.19780191044485024,0.16739410319208325,0.0006561053793873368,0.17691865404768034,0.00042977513063925904
2024-08-13,0.2730803493407787,0.17867804976816953,0.0008944146365549738,0.21094974367182273,0.0005554909193833865
2024-08-15,0.2606873791066781,0.3334719891799551,0.001549164945827599,0.2985818205927393,0.0007734203838975231
2024-08-20,0.262660997227791,0.22295758636678542,0.0015112260780450822,0.24225522449075018,0.0008037417571943456
2024-08-22,0.2515785711669727,0.21356109599369166,0.0013062989312124201,0.22964108968606628,0.0005573257022213206
2024-08-25,0.14282951313734324,0.22118995139704642,0.0013285991120651841,0.18365826793332918,0.0006155775786812113
2024-08-27,0.2199443596812354,0.1710988988380341,0.0008034098289288849,0.1881725559775576,0.0005454767776610403
2024-09-01,0.37450088537962845,0.29285829539795377,0.0026267617237231353,0.34519077962377787,0.0011117337344317376
2024-09-03,0.3766541071858383,0.3703066581285841,0.0009115587626749591,0.3727130571429776,0.0005856151049342124
2024-09-06,0.37073528399469546,0.38105096134895466,0.0009895951120578728,0.3766160555341769,0.0005723326595588824
2024-09-08,0.30489818748202263,0.36906345159655635,0.0006812553039950215,0.3489681059947521,0.0004923190693704627
2024-09-13,0.3017567881657874,0.3181549944863767,0.0012206440183447614,0.3097045538889782,0.0007316983364196952
2024-09-15,0.24965184811031924,0.27866827746110834,0.001497971562980739,0.2641197599595242,0.0007344005010855903
2024-09-18,0.2716690802171029,0.23573377900415782,0.001512873197453236,0.25528011030896886,0.0008227637305231976
2024-09-20,0.24949625175701381,0.23749383693975257,0.0013476616615530129,0.24020160089969259,0.0006577844912125582
2024-09-25,0.40453610739782486,0.3169052388874596,0.001868596986626488,0.3615552954434076,0.0010269405005048163
2024-09-27,0.40203824767743956,0.3938325844891692,0.0006592599963093801,0.3963212784823467,0.0005471949649538781
2024-09-30,0.3106658065490153,0.3330137257660056,0.0007842156141842019,0.32496346859142305,0.0005387684968093704
2024-10-02,0.293506689389816,0.33854600503406956,0.001095616897974146,0.3207553304475825,0.0007814495486077378
2024-10-07,0.4119625150890095,0.41091300147543613,0.0005905342374418042,0.41214408093154886,0.00043664392155199174
2024-10-09,0.4224201235258366,0.3899944142371627,0.0008746066016032867,0.4013519353620628,0.00058266724372361
2024-10-12,0.4080566952862177,0.3434313880592412,0.0007044911603497773,0.3635830463757728,0.00047054803273904443
2024-10-14,0.31318307216299907,0.3445645187790714,0.00065348648779504,0.3364795479829994,0.0004861677070424232
2024-10-19,0.383628402491506,0.38506678946651723,0.0005878584688587912,0.38706836644346754,0.00042270843826833855
2024-10-21,0.310751561886829,0.3498195750191442,0.0006455109427248683,0.33921036871639665,0.00046764611709314123
2024-10-24,0.34775290234668343,0.3238534248973477,0.001382196615844708,0.3336235791431952,0.0007454482989346233
2024-10-26,0.42185478865767295,0.4130997670095975,0.0006207463136988052,0.4161372500361511,0.0005168481870329467
2024-10-31,0.3249924642140153,0.34511265599941976,0.0009076097359304596,0.33756692960309265,0.0005884555483296445
2024-11-02,0.27171187030934374,0.326842648790737,0.0010385978364560056,0.30598620402207527,0.0005335043624393052
2024-11-05,0.32225647213208425,0.3024392700718407,0.0012908821827327752,0.3078817655774926,0.0007064717787207199
2024-11-07,0.28811444256168517,0.304678178537599,0.001250232632579293,0.29791951491658625,0.000857339793295929
2024-11-12,0.4204517188729191,0.33486673096175923,0.0012470052083292768,0.37131275040791983,0.000726585348423436
2024-11-14,0.22250139346373782,0.35673240000038414,0.0004423916011730148,0.3281314540130943,0.00040235767043906895
2024-11-17,0.3899282388812974,0.3168114939400397,0.0013434289923324391,0.35018038713693433,0.0006741241885270593
2024-11-19,0.3211421964288656,0.34583618994986615,0.0007715894016409354,0.3381604406369153,0.0005426301569901378
2024-11-24,0.3982973912084846,0.353642683790077,0.0007384282129440592,0.36662452054197187,0.0004224839102533517
2024-11-26,0.3585453988240195,0.3719798147599158,0.0006610496005336656,0.3679595953470481,0.00046519189812371434
2024-11-29,0.40770207743372283,0.34069378876382983,0.0011691820552786393,0.3680972706726878,0.0007001702121160717
2024-12-01,0.389802332067266,0.3542194338451132,0.0009040475924320867,0.3657719693856905,0.0006825892741289593
2024-12-06,0.3850115440083479,0.38023528758388936,0.0007995661028045036,0.38105525527117723,0.0005113584963897079
2024-12-08,0.41805202028823996,0.3911604941529274,0.0005506034789552477,0.3984569428948329,0.00035181557178925874
2024-12-11,0.3658499906186051,0.363549997853519,0.0005005913206690343,0.36184274366415364,0.00031191723467589085
2024-12-13,0.3727583273723563,0.3560951609604635,0.0007790194589117749,0.3621940105399791,0.0005407665298444704
2024-12-18,0.3754509941028126,0.353881622838949,0.0006541664112098659,0.3613318159590508,0.0004652756338659951
2024-12-20,0.3376600746673527,0.37621186755437164,0.0004891567529680003,0.36739426406498304,0.00037192766390140925
2024-12-23,0.4133284175154583,0.37819360598288193,0.0005890964457148186,0.38689345694148536,0.0005338875573239061
2024-12-25,0.4005810886299352,0.3697106982150904,0.00041125200129507703,0.374460146452098,0.00029613559532564826
2024-12-30,0.3897176167868272,0.3484346268943794,0.0009427704338551854,0.3639636885127872,0.0005397633243101478
