,S1_seasonal,S1_cdf,E5L1_s1days,E5L1_daily,SWI
2016-01-01,0.37748295097002055,0.3628986198089193,0.2828122082534618,0.28411028564789326,0.3841538655424033
2016-01-02,,,,0.3518483665467374,
2016-01-03,,,,0.3563298610653863,
2016-01-04,0.4034355237698458,0.38905189321915645,0.3922076260404225,0.3923519534410835,0.41583843803048964
2016-01-05,,,,0.3791355604493555,
2016-01-06,0.3665336504473228,0.350375396807092,0.39643545305734607,0.3963438717372716,0.39345188362050715
2016-01-07,,,,0.41050523946106643,
2016-01-08,,,,0.4026157355202894,
2016-01-09,,,,0.401551816925016,
2016-01-10,,,,0.41598798409392346,
2016-01-11,0.4124213011239852,0.4269553818436965,0.4165302559591155,0.4151043507431935,0.4137989639222697
2016-01-12,,,,0.4048825630499717,
2016-01-13,0.40450506044519924,0.3902019585926713,0.39314165294355513,0.39242104433777525,0.4198058986020232
2016-01-14,,,,0.40290641277513783,
2016-01-15,,,,0.3866135170849703,
2016-01-16,,,,0.37367609876734753,
2016-01-17,,,,0.36498091207404315,
2016-01-18,0.3269880107839332,0.24415357178570063,0.3826456298814723,0.3822974422500598,0.3789048153670799
2016-01-19,,,,0.3860562817273518,
2016-01-20,,,,0.37267712775143225,
2016-01-21,,,,0.36399513499839603,
2016-01-22,,,,0.37696403027686554,
2016-01-23,0.3692279419139798,0.34749542614419043,0.378369694870894,0.3780964761520507,0.3754638253738161
2016-01-24,,,,0.3648828668623838,
2016-01-25,0.39116923078177546,0.3725549755690252,0.3566781487816529,0.35687580599840624,0.3828284773025937
2016-01-26,,,,0.352601825536204,
2016-01-27,,,,0.34895645971147166,
2016-01-28,0.3708604365084767,0.3488753919810955,0.3461977428137981,0.3465632619618682,0.38000326574428195
2016-01-29,,,,0.3484216152490891,
2016-01-30,0.35078354166093895,0.30394389380828607,0.34256724817076245,0.34275209880402674,0.3703527771161968
2016-01-31,,,,0.34585808237170923,
2016-02-01,,,,0.35265377416022525,
2016-02-02,,,,0.3470315064954765,
2016-02-03,,,,0.36198337746387005,
2016-02-04,0.3676187874134533,0.3415602456029677,0.35418106450364834,0.35435736372568977,0.369341377017639
2016-02-05,,,,0.3455197298565456,
2016-02-06,0.37141523168955426,0.34820405683655115,0.3394564275658498,0.3401171832652986,0.3691716364137088
2016-02-07,,,,0.38867029821137306,
2016-02-08,,,,0.37017097535447163,
2016-02-09,0.4003899282071035,0.3834884921180487,0.3972846371749399,0.3970485194265365,0.379996114581048
2016-02-10,,,,0.4130155282283216,
2016-02-11,0.3585729916106564,0.3141158397933046,0.4020352785633999,0.4019113916004407,0.37404374482438063
2016-02-12,,,,0.4111282644606276,
2016-02-13,,,,0.41186352697322337,
2016-02-14,,,,0.41380318548280803,
2016-02-15,,,,0.40042814540485827,
2016-02-16,,,,0.3886191622197142,
2016-02-17,,,,0.3808708139735109,
2016-02-18,0.4007814610053992,0.3823675591572465,0.3946587867682397,0.3942369476370494,0.38443139166855383
2016-02-19,,,,0.38633188402266405,
2016-02-20,,,,0.37807602502307036,
2016-02-21,,,,0.3720231481309292,
2016-02-22,,,,0.36996364580284197,
2016-02-23,0.3955028351117356,0.37840446223676777,0.37843208851367005,0.37828315275682717,0.3928416289941521
2016-02-24,,,,0.3769090818401073,
2016-02-25,,,,0.38033169190194366,
2016-02-26,,,,0.37509976174306026,
2016-02-27,,,,0.3844413907058026,
2016-02-28,0.3233705735055692,0.21445206831542896,0.396413342257512,0.3962112394741759,0.37149860014384234
2016-02-29,,,,0.3856558098795047,
2016-03-01,0.3828365465510943,0.36052720708829367,0.3764750665280376,0.3763918038111559,0.3758760139758815
2016-03-02,,,,0.394853859945487,
2016-03-03,,,,0.39459498689716366,
2016-03-04,0.4153398268601062,0.39432034988457687,0.40216958038449613,0.401571998927681,0.3889178987575599
2016-03-05,,,,0.407264162977371,
2016-03-06,0.3708697790007444,0.34841361792634395,0.40012088735370155,0.399893953040791,0.38704518338935734
2016-03-07,,,,0.4023082996350042,
2016-03-08,,,,0.3882388419820562,
2016-03-09,,,,0.39833017758343614,
2016-03-10,,,,0.39317030979570006,
2016-03-11,0.2759493167801702,0.14528516737793892,0.38375692714205467,0.38341949985139623,0.35791105268804907
2016-03-12,,,,0.37551796848690916,
2016-03-13,0.3940453703251969,0.37243839595544453,0.3695485201884117,0.36936367788533964,0.3675289891648814
2016-03-14,,,,0.3642228053937487,
2016-03-15,,,,0.35936293850135265,
2016-03-16,0.3152500254035483,0.2282029230270871,0.3618449340069565,0.36153778247828877,0.35547158794269423
2016-03-17,,,,0.3605215318576392,
2016-03-18,0.34639745517383075,0.31119055348104163,0.3583958753814235,0.358109818402196,0.3527849784639066
2016-03-19,,,,0.3564164507850197,
2016-03-20,,,,0.38713847536725204,
2016-03-21,,,,0.3715491678428626,
2016-03-22,,,,0.3607296174658032,
2016-03-23,0.2781486392202317,0.16696623234168562,0.3526152895400213,0.3523693917548412,0.33250503935580034
2016-03-24,,,,0.3462892548075663,
2016-03-25,0.32272138029484687,0.2594481221768033,0.34874732243050355,0.3483172603434103,0.32867885958762416
2016-03-26,,,,0.35158052168718495,
2016-03-27,,,,0.3557046889051837,
2016-03-28,0.2971412579072595,0.1957915253776777,0.3458617338756975,0.34542865302843767,0.3186089558833945
2016-03-29,,,,0.358140168371182,
2016-03-30,0.4031244588547624,0.38843437692118715,0.3533844291426521,0.35294883605433625,0.3373316511133043
2016-03-31,,,,0.36381778288242744,
2016-04-01,,,,0.3618312167596754,
2016-04-02,,,,0.3488821885171464,
2016-04-03,,,,0.3498278387211017,
2016-04-04,0.3995703422883908,0.3865352655659412,0.3633374440893511,0.3626951702828626,0.3530957130873073
2016-04-05,,,,0.37484200037400583,
2016-04-06,0.3703585958949736,0.36051412565835755,0.3570832335102657,0.356648202676301,0.3585723793548124
2016-04-07,,,,0.35300974728185247,
2016-04-08,,,,0.3520751180503864,
2016-04-09,0.3246271410625474,0.2912746051964026,0.3564450563863339,0.35624494931236345,0.3514857807425411
2016-04-10,,,,0.351656342662363,
2016-04-11,0.2793356285797448,0.18852397662172943,0.378950449118315,0.37877038725172163,0.33523648411912466
2016-04-12,,,,0.36102052666483464,
2016-04-13,,,,0.35965267914748195,
2016-04-14,,,,0.3538623282299916,
2016-04-15,,,,0.3727638876810938,
2016-04-16,0.37948192781924284,0.37106138549659134,0.3815519442845543,0.3822856633444477,0.34557338460104714
2016-04-17,,,,0.3852173723260484,
2016-04-18,0.3434927194477715,0.3400196193642789,0.3708986185717852,0.37149862269943923,0.34671443051718204
2016-04-19,,,,0.35316388116797715,
2016-04-20,,,,0.34648617168536694,
2016-04-21,0.4101534498799576,0.4269553818436965,0.36701243227714325,0.3674917137944571,0.36487464084725313
2016-04-22,,,,0.36590098401280463,
2016-04-23,0.3216675349527333,0.3069386016870278,0.36486567105276885,0.36518596038953827,0.35641091431401317
2016-04-24,,,,0.3632603518801325,
2016-04-25,,,,0.3498204027915937,
2016-04-26,,,,0.3435872832515475,
2016-04-27,,,,0.3373211344532829,
2016-04-28,0.27625477550933575,0.21390729142648618,0.32664189471347604,0.3266972210492295,0.33383202292503034
2016-04-29,,,,0.3173301606872448,
2016-04-30,0.2795109527996886,0.2232594774966808,0.34765001981460886,0.34771836953697177,0.31931153112411687
2016-05-01,,,,0.3427280818840888,
2016-05-02,,,,0.32300268507394425,
2016-05-03,0.26301596208872424,0.20320800627100843,0.31143570324150116,0.3113471977588445,0.3022102191517853
2016-05-04,,,,0.3006967728620334,
2016-05-05,0.2580152047879991,0.19938079781134763,0.2858556241804997,0.28557498773765316,0.2884235397094986
2016-05-06,,,,0.2720677982275844,
2016-05-07,,,,0.2619531728624569,
2016-05-08,,,,0.2530253721230623,
2016-05-09,,,,0.28283343984820314,
2016-05-10,0.2802295126881506,0.2682834701360467,0.30945941157428053,0.30940125290287734,0.2803038548309069
2016-05-11,,,,0.35220710823134227,
2016-05-12,0.2998084014661987,0.3079092594238837,0.3287794299490444,0.32869022328198405,0.2833149482804278
2016-05-13,,,,0.3189536689825235,
2016-05-14,,,,0.33779778686802026,
2016-05-15,0.22545449231018844,0.18989420507309812,0.3502837556672432,0.3501387228611498,0.26396888669745977
2016-05-16,,,,0.3230521990963658,
2016-05-17,0.30272666508098917,0.32201735592823094,0.3115008353453625,0.3112184772321963,0.27014263496294844
2016-05-18,,,,0.2994346834708118,
2016-05-19,,,,0.29617687188638053,
2016-05-20,,,,0.2879109220837201,
2016-05-21,,,,0.2726630900231877,
2016-05-22,0.3378933196862438,0.36218817718527346,0.3354702333272303,0.3351165963372208,0.28262611545486055
2016-05-23,,,,0.32933325531045876,
2016-05-24,0.3026637454968839,0.3386982001468473,0.30569492303938456,0.30513865311418253,0.2881234661394368
2016-05-25,,,,0.29884927710438614,
2016-05-26,,,,0.3074811094629662,
2016-05-27,0.3937051460817578,0.4269553818436965,0.2985955960118722,0.2977796388125932,0.3111513146592846
2016-05-28,,,,0.3271168655544107,
2016-05-29,0.267100767068021,0.30914221737015896,0.37947743794284483,0.37937628890396474,0.30278526134339445
2016-05-30,,,,0.3513527929631725,
2016-05-31,,,,0.37260555389024713,
2016-06-01,,,,0.35451183214405113,
2016-06-02,,,,0.34697459172525025,
2016-06-03,0.2953959267631069,0.34601601610510613,0.3359588469118302,0.335093144938028,0.2993494177726966
2016-06-04,,,,0.32327004201065357,
2016-06-05,0.1427205961721192,0.17048091331594792,0.31179812909645505,0.31123605379484115,0.2675031566914386
2016-06-06,,,,0.30155613635722295,
2016-06-07,,,,0.2983585468987298,
2016-06-08,0.32199539776989317,0.36177245658812995,0.2846595719386899,0.2839622209257262,0.27715612009502916
2016-06-09,,,,0.2679235841154328,
2016-06-10,0.3590499345989603,0.3801060871899833,0.27049548230118764,0.26992688236760537,0.29558715676406166
2016-06-11,,,,0.278608323075355,
2016-06-12,,,,0.2697531721810934,
2016-06-13,,,,0.27359576512470063,
2016-06-14,,,,0.28327364650730924,
2016-06-15,,,,0.33666506309261013,
2016-06-16,,,,0.3314123747142288,
2016-06-17,,,,0.30970927886552724,
2016-06-18,,,,0.3233954487992406,
2016-06-19,,,,0.3184917803597401,
2016-06-20,,,,0.29916111911293464,
2016-06-21,,,,0.2797363152238648,
2016-06-22,,,,0.2583524259569958,
2016-06-23,,,,0.23912990566162554,
2016-06-24,,,,0.23204104765463954,
2016-06-25,,,,0.2324223053362014,
2016-06-26,,,,0.22122600849094884,
2016-06-27,0.1690756403194025,0.23731234818534291,0.21090122059137062,0.21065539372428793,0.23082922709654505
2016-06-28,,,,0.20091313750951917,
2016-06-29,0.2184556067484146,0.30051229506538657,0.19345847920984272,0.19332671010818459,0.2274949876251988
2016-06-30,,,,0.19052438882911438,
2016-07-01,,,,0.18479596628226386,
2016-07-02,0.19240495999648238,0.26584917510616246,0.18364307014191733,0.18350711214401,0.21453667207332158
2016-07-03,,,,0.17994792924537417,
2016-07-04,0.2206326296370975,0.30492619684872546,0.17641956127058134,0.17642549211111508,0.21527988992011277
2016-07-05,,,,0.27960741801039196,
2016-07-06,,,,0.25763938693224825,
2016-07-07,,,,0.2352716635605062,
2016-07-08,,,,0.21663284516854758,
2016-07-09,0.18071756834960642,0.25226355016964075,0.20210706860625588,0.20183157349179506,0.2071907141464806
2016-07-10,,,,0.18858690900156824,
2016-07-11,0.12301832912306691,0.17952087862147897,0.181420571952487,0.18133561588211547,0.18473881529046232
2016-07-12,,,,0.222991302485974,
2016-07-13,,,,0.2287410677869352,
2016-07-14,0.14400870973827787,0.19557709341656201,0.21914323094168217,0.2184888136889302,0.17695808600584637
2016-07-15,,,,0.207364355967443,
2016-07-16,0.28414756438932093,0.35904803055982726,0.19378147251016264,0.19354606864746365,0.20160479279631113
2016-07-17,,,,0.1811973422127091,
2016-07-18,,,,0.17031130362075125,
2016-07-19,,,,0.16177686935258515,
2016-07-20,,,,0.15765011184683608,
2016-07-21,0.2597995386034676,0.3482854671528313,0.156068363120411,0.1567952185439934,0.2207384218873495
2016-07-22,,,,0.27235272922095527,
2016-07-23,0.28329404441528994,0.36251367617735486,0.26352507571907396,0.2621078808929371,0.23675001259927086
2016-07-24,,,,0.24080185571293586,
2016-07-25,,,,0.2216084271456411,
2016-07-26,0.27250073773272654,0.3583143220813944,0.20602147861359127,0.2055242726603114,0.24600753765494665
2016-07-27,,,,0.19225913031764746,
2016-07-28,0.23812523300794933,0.33317931431931075,0.18215895765864898,0.1822028900942093,0.24517270762218696
2016-07-29,,,,0.17439578106248194,
2016-07-30,,,,0.16693103535740203,
2016-07-31,,,,0.16268992315102399,
2016-08-01,,,,0.1601312523557192,
2016-08-02,0.1697563826737607,0.2220522926521714,0.15557001581562002,0.15602457968696154,0.2314517984225688
2016-08-03,,,,0.15275209053341557,
2016-08-04,0.26930362016289977,0.3604976959519694,0.1576535898426767,0.15788169979888253,0.23943168104932241
2016-08-05,,,,0.17001193948565857,
2016-08-06,,,,0.1640423620397357,
2016-08-07,0.28776745365887574,0.36997710382959137,0.15857078605994135,0.15874332290298615,0.2456273150964563
2016-08-08,,,,0.15477124066719325,
2016-08-09,0.21429531355973327,0.2979092850208037,0.15592108568345298,0.15599778776773462,0.23927725073158185
2016-08-10,,,,0.15514738263905356,
2016-08-11,,,,0.15250009693477712,
2016-08-12,,,,0.15017775403007463,
2016-08-13,,,,0.14818528434737674,
2016-08-14,0.20835577662077281,0.2777412546362311,0.14690136924234004,0.1464854945191469,0.23265174327503024
2016-08-15,,,,0.14591307924158028,
2016-08-16,0.14501156521976336,0.17627267297483734,0.14737403180857137,0.14717308799856754,0.22430956836503663
2016-08-17,,,,0.14676166124329715,
2016-08-18,,,,0.15390842429980092,
2016-08-19,0.3439547711704802,0.4000133794465503,0.1536671212980542,0.15356796394106634,0.23418873897755635
2016-08-20,,,,0.21119487336741713,
2016-08-21,0.16548980062692825,0.1965238963397974,0.21782150102469797,0.2186991603791321,0.22805857491360554
2016-08-22,,,,0.20431900361947083,
2016-08-23,,,,0.18855673147360502,
2016-08-24,,,,0.1765392942587494,
2016-08-25,,,,0.1678067180158148,
2016-08-26,0.16856790493596485,0.19495694899598554,0.1610925131349007,0.1614782363471399,0.22251534314294416
2016-08-27,,,,0.1570063147278986,
2016-08-28,0.1313191944755459,0.16441799548438013,0.15484968103533975,0.1552613664074542,0.21447730301886514
2016-08-29,,,,0.15402994126146521,
2016-08-30,,,,0.15297185959358572,
2016-08-31,0.12435673407483884,0.14528516737793892,0.1508451992785392,0.15125629309394728,0.20696882201684072
2016-09-01,,,,0.14958130708029915,
2016-09-02,0.1855459819671345,0.21247031303206965,0.147680154340522,0.1480710233625453,0.2052027015395071
2016-09-03,,,,0.14693093775272092,
2016-09-04,,,,0.14614055793879074,
2016-09-05,,,,0.14563885161622547,
2016-09-06,,,,0.14517547213455562,
2016-09-07,0.13136684178927907,0.14528516737793892,0.14454933395062292,0.14483934102290055,0.19755857250996026
2016-09-08,,,,0.14791181238829623,
2016-09-09,0.26559539187991155,0.31731982426090405,0.16340878619045357,0.16426371804555956,0.2049663067184174
2016-09-10,,,,0.22132292034811163,
2016-09-11,,,,0.2059329814889599,
2016-09-12,0.1519259193078286,0.16906525964449473,0.19183825714530808,0.19271135303617826,0.19898453921570564
2016-09-13,,,,0.2055330301899548,
2016-09-14,0.39250650482664934,0.40043552296610957,0.37093464612246846,0.37329329676947165,0.21976388330597033
2016-09-15,,,,0.3308631379279209,
2016-09-16,,,,0.30228108922993296,
2016-09-17,,,,0.295559504111524,
2016-09-18,,,,0.2790610179016471,
2016-09-19,0.14038953073212776,0.14528516737793892,0.2680429680786599,0.2696691628147992,0.20762830472764582
2016-09-20,,,,0.2614949003395598,
2016-09-21,0.14659770510916736,0.16308595670469347,0.2482189390083512,0.24957745952386307,0.19792376175957005
2016-09-22,,,,0.23743858207046323,
2016-09-23,,,,0.22621566637586088,
2016-09-24,0.20087790999275326,0.2031420099686361,0.2151854465596354,0.21626123635717426,0.19502326480763307
2016-09-25,0.14556752636993706,0.14528516737793892,0.2139539591428948,0.2150681520753956,0.1853568962977643
2016-09-26,0.14699559877531404,0.16228469352374533,0.21842631307837793,0.21970667098505797,0.17755446565170663
2016-09-27,0.1730592276022646,0.17443693712770555,0.20989022651139475,0.21114025827312102,0.17550052790757856
2016-09-28,,,,0.20312019311945254,
2016-09-29,,,,0.19543920320076907,
2016-09-30,0.28898154375339835,0.31977242883440793,0.18759503549425996,0.1888978173425523,0.1856327137336285
2016-10-01,0.22245904764522456,0.22925972565197705,0.21614803146379064,0.21754163455108352,0.1869291036445241
2016-10-02,0.185060058858023,0.18309471530208124,0.23334180046327477,0.23484108834018902,0.18438001284878378
2016-10-03,0.1661394169372878,0.16970270564518763,0.22515863639747305,0.22659662899808763,0.18020900851503707
2016-10-04,,,,0.21620620008847077,
2016-10-05,,,,0.20983857209407597,
2016-10-06,0.18649672320878546,0.18259426903377418,0.22247972565019164,0.22372242194092287,0.17585712055265804
2016-10-07,0.20725007130614662,0.20311709660458693,0.2201959272153029,0.2214484987313148,0.1751957078596225
2016-10-08,0.23987000426213428,0.24846975741025015,0.21426619556036325,0.2154632678786706,0.17882204464240697
2016-10-09,0.15075334460851705,0.14528516737793892,0.20843707196607847,0.20966280261972509,0.17270249483504274
2016-10-10,,,,0.20410630934038682,
2016-10-11,,,,0.19884842643177553,
2016-10-12,,,,0.19681017804228526,
2016-10-13,0.3249514099582822,0.34638754257988563,0.2568956284546926,0.25822825320556914,0.18654272232485825
2016-10-14,0.3062451579104873,0.3278620265609265,0.36472834697997913,0.36573491791133556,0.19787691812548444
2016-10-15,0.30257552579446945,0.3235760469381792,0.31876410844112113,0.3199170765374557,0.2070138490323948
2016-10-16,,,,0.2966725899561891,
2016-10-17,,,,0.2848259603481139,
2016-10-18,0.16125879990245362,0.14528516737793892,0.2759089058757053,0.277110211172456,0.19575137251917374
2016-10-19,0.2242890605203987,0.21052417914593963,0.26706749396744894,0.26823689336345624,0.1944837051167668
2016-10-20,0.16476415606798292,0.14528516737793892,0.2595050103176686,0.260781086155202,0.18597986157812957
2016-10-21,0.17310439873526703,0.1654398079628422,0.2526948797012442,0.25401876410908336,0.17971290987404837
2016-10-22,,,,0.24799640762750377,
2016-10-23,,,,0.24519110046407516,
2016-10-24,0.22328138831740535,0.20389742443235268,0.29694552054623424,0.2981491237723305,0.17854833775262496
2016-10-25,0.30868803960281077,0.32355264623786334,0.319481894084063,0.32060629846463995,0.18960078262346422
2016-10-26,0.28948542377464676,0.30229970223498887,0.30913367329354363,0.3102273312451198,0.19688335076756092
2016-10-27,0.3081852675831012,0.321182111845745,0.294489191138592,0.29578861820906494,0.2053811287617528
2016-10-28,,,,0.2848177349113121,
2016-10-29,,,,0.2758953699876345,
2016-10-30,0.2568362691754773,0.24425948610447898,0.2672728808967231,0.2690057299128782,0.20585058470683082
2016-10-31,0.25002609425054123,0.22901045873684578,0.2608968213103269,0.2627227376309601,0.2051182879453038
2016-11-01,0.29325342601501353,0.30144594982935535,0.255217587191884,0.25685978097814144,0.20984956478239225
2016-11-02,0.2751056109424492,0.2695213021849293,0.25019029714397645,0.25182649246474426,0.21201685739894072
2016-11-03,,,,0.24753131740442447,
2016-11-04,,,,0.24983063115849125,
2016-11-05,0.3249828797343186,0.33780091432881637,0.3056533163647312,0.30671582600466707,0.22133509503440563
2016-11-06,0.27661282471835463,0.26795349397686397,0.32647319344685777,0.32733242111351313,0.2219760767343416
2016-11-07,0.2900018547185833,0.2901465922604224,0.345198368273815,0.3457214821344501,0.22490056199022482
2016-11-08,0.3935732591071794,0.3827771361196754,0.3354460032225539,0.33608011844114427,0.24155138383118469
2016-11-09,,,,0.3620657605749185,
2016-11-10,,,,0.3511134962372929,
2016-11-11,0.30551643585355687,0.3083136720715569,0.3596762344125795,0.3597699860101454,0.24431735761195722
2016-11-12,0.29988705079826955,0.2995090533359251,0.33999408891388777,0.3405241036228014,0.24555635426374883
2016-11-13,0.3549322388592031,0.3581477916133441,0.35952157643187427,0.3596478102912904,0.25510599940547585
2016-11-14,0.4065912367882848,0.3911077938865742,0.3555475289567289,0.35577629920563963,0.2710751832287256
2016-11-15,,,,0.33997884739224254,
2016-11-16,,,,0.33078907652949446,
2016-11-17,0.26422735498821315,0.22313487816348987,0.3241125389856216,0.3250351775278654,0.2631165295261947
2016-11-18,0.3318828260780412,0.3348015190860677,0.33341197440791015,0.33413345437445,0.26724953043279154
2016-11-19,0.3558971358055678,0.3571656607393419,0.3570615969548923,0.35724915397419943,0.274923986321217
2016-11-20,0.3755792070774079,0.3690681614725714,0.34148429255871143,0.3420025230847219,0.2843766827927694
2016-11-21,,,,0.3610198310331618,
2016-11-22,,,,0.37635002565897285,
2016-11-23,0.37717317314109255,0.3691673017125723,0.397224674090945,0.3965299236767648,0.29388455147949066
2016-11-24,0.33974212340435356,0.3403275542885361,0.3889207388460812,0.38844330833870677,0.29611854000702986
2016-11-25,0.29157013042345675,0.2564912533847441,0.3750698062348485,0.3747531595792902,0.2892756267332766
2016-11-26,0.37574535833118905,0.3673579167564401,0.3646771933929239,0.3645995440379007,0.2976829095554282
2016-11-27,,,,0.3577856443686142,
2016-11-28,,,,0.34864431252083544,
2016-11-29,0.3100803708321972,0.2880407864154402,0.34191373652325097,0.34225043947330935,0.2942575146414944
2016-11-30,0.3063572980373879,0.27757422128315534,0.33541987367955867,0.33602542525257123,0.2899940106703114
2016-12-01,0.3493814331706784,0.3474378542001024,0.3299492245954762,0.3306051212915806,0.29389976120834005
2016-12-02,,,,0.32588475876708844,
2016-12-03,,,,0.32187391438794855,
2016-12-04,,,,0.31808299091102304,
2016-12-05,0.28020562638506935,0.2155079494512153,0.31431013538801,0.31494656640256596,0.2835971170500475
2016-12-06,0.3331188703362886,0.32024049753842915,0.3109882904649815,0.3118186210563244,0.28537099940523397
2016-12-07,0.29343160104304433,0.24277086678239587,0.3079792647819012,0.30875738991721374,0.2784464632157402
2016-12-08,0.33647267185122426,0.32484737302368266,0.30487969920066416,0.30556113137334645,0.2808174332987529
2016-12-09,,,,0.30346771684860885,
2016-12-10,,,,0.3016310085106004,
2016-12-11,0.24459657116062478,0.16353960006837168,0.2986609965384453,0.2995432236416873,0.2627240158777171
2016-12-12,0.33675905950027946,0.3195483522901723,0.29631244125912237,0.2973568535001852,0.26692524133520723
2016-12-13,0.25362582746314144,0.16714967599748354,0.2942116938278948,0.29507513970100996,0.2527923426914168
2016-12-14,0.3250445634459391,0.29974709646024555,0.2919803530582449,0.29277687703099053,0.255376330663068
2016-12-15,,,,0.2909174467122997,
2016-12-16,,,,0.2892943527856918,
2016-12-17,0.2805906715933497,0.18059299439006435,0.2864803593533816,0.28765750467396833,0.24973337138643398
2016-12-18,0.3248081992229363,0.27654634959832486,0.28464692488000204,0.2859174523420519,0.25121673259723
2016-12-19,0.3038074139059928,0.21730793185236413,0.28725282566522353,0.2881122930738227,0.2471209132364829
2016-12-20,0.3135471396134188,0.2466313550773199,0.29411818714375115,0.2947363012038201,0.24680769753589726
2016-12-21,,,,0.291974224693681,
2016-12-22,,,,0.30644292239069937,
2016-12-23,0.37023905857344697,0.3583378199812859,0.33693187281166526,0.3374349958228554,0.26292072596031146
2016-12-24,0.36692177557511313,0.3545115259316257,0.32644322727191116,0.32728191691688024,0.27363745472585255
2016-12-25,0.3320662987823429,0.2950780375710518,0.31763085253067186,0.3185434273138005,0.27429119431741633
2016-12-26,0.29133834535771685,0.1906625261011681,0.31115885391536585,0.312079892762675,0.26644208622415433
2016-12-27,,,,0.30674132375839813,
2016-12-28,,,,0.3015932093828384,
2016-12-29,0.3295708526286611,0.28724803029074125,0.2958835838380746,0.29770796037669617,0.2714460533965182
2016-12-30,0.3015946218744282,0.2104564614080728,0.29390071262653295,0.2955612700007838,0.26701903887628115
2016-12-31,0.34818684154547797,0.32396370491297244,0.29181284149648223,0.2931744655039466,0.27265759581132554
2017-01-01,,,,0.29104707438457533,
2017-01-02,,,,0.2890657489609373,
2017-01-03,,,,0.28693714902872636,
2017-01-04,,,,0.28465756232298833,
2017-01-05,,,,0.2827051956907498,
2017-01-06,,,,0.2809444708087874,
2017-01-07,,,,0.27898616701887324,
2017-01-08,,,,0.2773331238282645,
2017-01-09,,,,0.2763307690377182,
2017-01-10,0.3116729682263458,0.20718122950104012,0.3282437660269498,0.32970458256264773,0.2844458232723506
2017-01-11,0.3686193686140844,0.35153684291154896,0.32434866894494013,0.32573332880470796,0.2966554908031138
2017-01-12,0.35113385716400725,0.3173434269119795,0.3274148587519055,0.3284868819016687,0.3010361459394698
2017-01-13,0.33243957147808306,0.2673691562791626,0.34469493607555834,0.34510329616059465,0.30016982278498966
2017-01-14,,,,0.32691256488094567,
2017-01-15,,,,0.33205380394980216,
2017-01-16,,,,0.3689841981970284,
2017-01-17,,,,0.34349125650956885,
2017-01-18,,,,0.33049542771696383,
2017-01-19,,,,0.32417247028915264,
2017-01-20,,,,0.3199174452188541,
2017-01-21,,,,0.3151708759474544,
2017-01-22,,,,0.3115501132343994,
2017-01-23,,,,0.3088868336253919,
2017-01-24,,,,0.3054720626812083,
2017-01-25,,,,0.30255392115142116,
2017-01-26,,,,0.3002939987245282,
2017-01-27,,,,0.2982928773801454,
2017-01-28,0.2949314660000997,0.14528516737793892,0.3174629543497257,0.31833147410888096,0.2984226732274089
2017-01-29,0.3061720244159743,0.17186240617761736,0.31272651495211196,0.3133773831223948,0.28966888302117233
2017-01-30,0.2958734133861079,0.14528516737793892,0.3170243294328082,0.3175509562767741,0.27929471758680513
2017-01-31,0.2964805743093123,0.14528516737793892,0.31007897231907117,0.3110292364435146,0.27191848399901913
2017-02-01,,,,0.30442149611647434,
2017-02-02,,,,0.3122253143312495,
2017-02-03,0.35036758703388027,0.29639256764161653,0.35019545569981525,0.3503269650687585,0.2846558067850041
2017-02-04,0.38435585422082974,0.3645998736444488,0.36696305202996865,0.36701299845419944,0.3021430106221115
2017-02-05,0.3834440183624838,0.3639080205730375,0.3917496705990429,0.3915439248157421,0.3146960695435697
2017-02-06,0.3631502921839242,0.3287361343648786,0.3699112796416586,0.3699756136558226,0.31996920449478694
2017-02-07,,,,0.38068126487054066,
2017-02-08,,,,0.3762403844886391,
2017-02-09,0.35567147080875566,0.3071672180521144,0.3596003909883016,0.35983240496621816,0.32639614196212463
2017-02-10,0.3408003416133567,0.2572692207139508,0.34918399168008324,0.34947685477998214,0.32593709668383264
2017-02-11,0.34428831861230247,0.26956506766617133,0.3419515687617588,0.3423064257326015,0.3254680231942571
2017-02-12,0.37213706976483235,0.3467496156720687,0.33807524846545495,0.3384593220449199,0.3307614298234827
2017-02-13,,,,0.3449271778333024,
2017-02-14,,,,0.36854740537489383,
2017-02-15,0.30103241404611225,0.14528516737793892,0.34768141968551464,0.3478835206599118,0.32391751223213455
2017-02-16,0.2995824987213368,0.14528516737793892,0.33751643542608817,0.33790852190433796,0.31742239532549765
2017-02-17,0.30580205249263503,0.16849420470870774,0.3305312803652744,0.33109472571850834,0.31224311323678267
2017-02-18,0.3348706412639867,0.24307924145413107,0.3242898149584224,0.32498773463004066,0.31257111067050053
2017-02-19,,,,0.3200256969206259,
2017-02-20,,,,0.3163590680432714,
2017-02-21,0.3001554424843639,0.14528516737793892,0.31256047987700547,0.3132553085663111,0.30768738529883466
2017-02-22,0.3215761539534387,0.19901864899117425,0.30935772143588647,0.31012126015426933,0.3056445565825939
2017-02-23,0.29902824123184807,0.14528516737793892,0.3050853711309788,0.30606725869539186,0.3000549494677324
2017-02-24,0.30781110525177213,0.17230602433228032,0.30269377910984036,0.30405368487749546,0.2976126462992028
2017-02-25,,,,0.2989853373644678,
2017-02-26,,,,0.29529657973017587,
2017-02-27,0.30665827073090735,0.17310621145581961,0.292726589197037,0.2940550722092835,0.2976747646848579
2017-02-28,0.3300084932782531,0.2372698718960193,0.3560639476703132,0.35638037447498344,0.2990725181089581
2017-03-01,0.3730057564832005,0.34915830405205545,0.35409948772138433,0.35456607592647227,0.306520181703378
2017-03-02,0.3549428524014374,0.312712317422642,0.3414557766573951,0.3420079605284338,0.3108174351788674
2017-03-03,,,,0.3384157825356759,
2017-03-04,,,,0.39670566493687104,
2017-03-05,0.37557897173004795,0.3522653045728692,0.38220843855493286,0.3819360510072813,0.31793648253193996
2017-03-06,0.34572954592667215,0.29923253421970164,0.3817826600194064,0.38156455938359946,0.3195899050810024
2017-03-07,0.416928487547174,0.3970272893387855,0.3885953978269156,0.3884427385237239,0.3306249468213498
2017-03-08,0.3864865259311044,0.3642017229870619,0.3901948675195889,0.3898594500823658,0.33676177191313744
2017-03-09,,,,0.36990356622476617,
2017-03-10,,,,0.3577395982319113,
2017-03-11,0.34459552712172686,0.3026634471622509,0.34757429429465975,0.3475579752915686,0.3370430110228611
2017-03-12,0.3412796589298301,0.29614253581452765,0.379609872880601,0.3793105881336922,0.336842039033444
2017-03-13,0.313582196094053,0.220363425806685,0.3772369262283976,0.3769262052623431,0.33315804892004197
2017-03-14,0.3388767893892708,0.2922436805490098,0.3613393650788276,0.36122886294391027,0.3330498903429785
2017-03-15,,,,0.34914072163377224,
2017-03-16,,,,0.33969788757836433,
2017-03-17,0.2882533421074923,0.17303975660500723,0.3313095486377326,0.3312582313315567,0.32652195404185924
2017-03-18,0.31634676796140876,0.23323525242776416,0.32462544581435326,0.3246431480001773,0.324059515106373
2017-03-19,0.27594784877351775,0.16399272018898936,0.3191560608792607,0.31932759049653686,0.31675097383772494
2017-03-20,0.3118209089939768,0.2211908016780018,0.31484523865597147,0.31486731386681277,0.3149262954879668
2017-03-21,,,,0.3172103981819807,
2017-03-22,,,,0.3295242127920215,
2017-03-23,0.32627259820229965,0.2641590727571163,0.3869488668922392,0.3862779640767998,0.3150443975970275
2017-03-24,0.329246180050922,0.27468646451305295,0.3642051045575891,0.3638594526611916,0.31559652890523265
2017-03-25,0.3388296551903225,0.3007614102211655,0.38894919821269086,0.38807257144411106,0.3174243822910153
2017-03-26,0.35405318092399946,0.3302176811204323,0.36813820627476596,0.3674170709949941,0.320600316904929
2017-03-27,,,,0.35629680475430275,
2017-03-28,,,,0.3504101324848607,
2017-03-29,0.28443022966241543,0.1738370444302877,0.33884982427442084,0.33849104830606824,0.3132634631080888
2017-03-30,0.2696579831325419,0.16239526528136547,0.3271562196280246,0.32707991441423423,0.306091012156371
2017-03-31,0.38201178148217374,0.3667437292412931,0.3366726228346937,0.33650460308436314,0.3144328488139545
2017-04-01,0.3283522084420187,0.2831232782017561,0.3807941227471922,0.3797977275671859,0.3150719692429801
2017-04-02,,,,0.37774882083897526,
2017-04-03,,,,0.36049297007863834,
2017-04-04,0.3313032328555893,0.2969459036146027,0.3472727783011958,0.3467874632335841,0.3144874992108026
2017-04-05,0.26368891663937233,0.14528516737793892,0.3515974216461558,0.35115422967970433,0.30664258964591057
2017-04-06,0.30746454945037777,0.23758004572133018,0.3390427217797409,0.33887441643949506,0.3057111237241577
2017-04-07,0.26143514291328696,0.14528516737793892,0.3264544359517559,0.32654916443341325,0.29873685308208353
2017-04-08,,,,0.3160889134293648,
2017-04-09,,,,0.30536980533903374,
2017-04-10,0.2736027651214013,0.17505872944030318,0.29468407057446494,0.2951421157535612,0.2908395559047488
2017-04-11,0.25483526334577644,0.14528516737793892,0.28839478022268356,0.2891813214892486,0.28358093797116724
2017-04-12,0.26798324191645906,0.17224740682563233,0.2825917766489142,0.2836367360013208,0.280019676726269
2017-04-13,0.278261774610639,0.19061143579448875,0.27271242078370966,0.27411783863507894,0.27724269492592235
2017-04-14,,,,0.2648759442866346,
2017-04-15,,,,0.26197439329584515,
2017-04-16,0.24518011412101925,0.14528516737793892,0.25864965755279623,0.2596153221511019,0.2657193336124041
2017-04-17,0.2420100796923863,0.14528516737793892,0.25102364704680025,0.25213839580339276,0.2591176790212382
2017-04-18,0.24202147680160946,0.14528516737793892,0.24279628911789525,0.24334913535965244,0.25455812497675867
2017-04-19,0.2826187939991193,0.21359731609118845,0.2329126398205319,0.2332228507205393,0.2539906019766495
2017-04-20,,,,0.2243631009642068,
2017-04-21,,,,0.21611606030086827,
2017-04-22,0.26990804426208836,0.19054691789860662,0.20725328765040268,0.2075484587825998,0.24806371969280974
2017-04-23,0.2410630724756554,0.14528516737793892,0.19894931718046238,0.19930663157192194,0.24193849246463928
2017-04-24,0.24049906204951674,0.14528516737793892,0.19117926486638734,0.19146825073549523,0.23618376053927653
2017-04-25,0.2792123544682813,0.2104170768394046,0.234715933050815,0.23511453183147185,0.2365438742834147
2017-04-26,,,,0.2979344883758611,
2017-04-27,,,,0.2775034819679679,
2017-04-28,0.29612007511019467,0.26009292432827313,0.26229004072717726,0.26222251996415014,0.2362451380165293
2017-04-29,0.26352586973209136,0.19102050819008776,0.24660390494707374,0.2462155951828892,0.23480106617462854
2017-04-30,0.34414192889477346,0.346837347071672,0.25271560375680635,0.2521950755806984,0.24610837489836146
2017-05-01,0.25156441809532987,0.1754661385880563,0.27477604295193997,0.27434669226940966,0.24224232696310066
2017-05-02,,,,0.3435641591296875,
2017-05-03,,,,0.3149828756143153,
2017-05-04,0.2699916592651682,0.21589828524517893,0.2906422113661596,0.29033505193615294,0.23786048240257318
2017-05-05,0.38124725375652324,0.37911743935117365,0.28109742268973253,0.28078344311574643,0.25380572112085475
2017-05-06,0.34043548146471525,0.34853350207067413,0.3388979231689879,0.33883447415892876,0.26268090719433346
2017-05-07,0.21830468114357368,0.14528516737793892,0.30852860083034234,0.3081075011147615,0.2537977240590123
2017-05-08,,,,0.2851536178437388,
2017-05-09,,,,0.2654818551652251,
2017-05-10,0.34681124349346026,0.3572664585519527,0.2589821064073745,0.258221479954288,0.2605390337545262
2017-05-11,0.3138972224978637,0.32340042607524716,0.28249557977246825,0.28234528305266254,0.2649938948503987
2017-05-12,0.21960900363588945,0.1715730163780664,0.28019244551172473,0.2800968691081829,0.2570729529066683
2017-05-13,0.3323593097810017,0.34884299568240673,0.26998493879076596,0.26944112395271397,0.26472492841227285
2017-05-14,,,,0.2554025888642264,
2017-05-15,,,,0.2366396567224146,
2017-05-16,0.24366235579261225,0.2164960852490287,0.21829763143418862,0.2173183102579932,0.25536852934682264
2017-05-17,0.4018125015627472,0.40000458861110666,0.21190671785129894,0.2109809971829701,0.2731528348672109
2017-05-18,0.3678285848081018,0.3761766102763517,0.3287629316423127,0.3285984056782568,0.28439256358987786
2017-05-19,0.31920848699394316,0.34422160272449076,0.3503293287218653,0.350215842856664,0.2881928012346861
2017-05-20,,,,0.3181188527357314,
2017-05-21,,,,0.2935402817706045,
2017-05-22,0.2650753483498504,0.27728307417647213,0.2809816387178424,0.280025406385976,0.2817755842722677
2017-05-23,0.3384286669470028,0.362430332450197,0.27707176147001555,0.2760341838197603,0.2883731077101497
2017-05-24,0.29163470798119084,0.3213482387175737,0.2579971945479319,0.2569123049029076,0.28920110546260624
2017-05-25,0.23560651388737816,0.23989405562489438,0.23821529657760593,0.23691518736153255,0.2831343082602309
2017-05-26,,,,0.22471531715263016,
2017-05-27,,,,0.22037912169424284,
2017-05-28,0.2304881784818909,0.24706892966673105,0.20350175829519457,0.20186495934869847,0.2724694167051064
2017-05-29,0.39427556141485204,0.4269553818436965,0.1905813141724011,0.18880496778880435,0.28677877334945223
2017-05-30,0.368865627669154,0.3848417770384964,0.21408183501630862,0.21250526682827608,0.29672625078622705
2017-05-31,0.23815825448597022,0.2680334112914916,0.3252176188067515,0.3245245417320694,0.2912163338069708
2017-06-01,,,,0.2853170904502541,
2017-06-02,,,,0.2589870777164494,
2017-06-03,0.29101424026918726,0.3419097556060695,0.32766527368336595,0.3267781892490705,0.2883632150164309
2017-06-04,0.283252440174836,0.3355681430072391,0.32519234338759434,0.32431506064235777,0.2876771891238651
2017-06-05,0.2402194459561725,0.28682538075858927,0.3138672825193364,0.3131038501936976,0.2836412329649102
2017-06-06,0.2275007342368552,0.2699616905359249,0.2940976981324772,0.29356012478960347,0.27822182569525156
2017-06-07,,,,0.27406966144383416,
2017-06-08,,,,0.25391559690486,
2017-06-09,0.21787924878125836,0.2661895259910224,0.28670169852726723,0.2859988254788931,0.2669057695283013
2017-06-10,0.22659986998593762,0.2821002038441571,0.26789423290257947,0.2672688098688668,0.2610383371285438
2017-06-11,0.24751525237765692,0.30923887593667826,0.24364859568648778,0.2430843285327845,0.25961726891127823
2017-06-12,0.27522657969848435,0.336261139723347,0.22294744291495505,0.2225682288595084,0.26206769384913403
2017-06-13,,,,0.20595366593685813,
2017-06-14,,,,0.19365113232480863,
2017-06-15,0.10100265876402748,0.16433266377910055,0.18342451179862473,0.1833036953827002,0.23546864507118753
2017-06-16,0.1830158686965872,0.24051661811527944,0.17449701919367122,0.1743569748034151,0.22548997673859072
2017-06-17,0.327387809206804,0.3675685780451773,0.1650953966311051,0.16507349211797007,0.2386880312791574
2017-06-18,0.08989264309640838,0.14528516737793892,0.1571196131961062,0.1570875554861976,0.21990044947529253
2017-06-19,,,,0.15080059673278365,
2017-06-20,,,,0.1477581780267182,
2017-06-21,0.2002594206301832,0.2682450580502779,0.1475738161692164,0.14732185477813983,0.20985346450865067
2017-06-22,0.25089856145253975,0.3261094261119366,0.14521488387104536,0.14500718475854513,0.21252435281089394
2017-06-23,0.14935204259908888,0.20772193166412634,0.14393573980936192,0.1442205827382072,0.20196176687857303
2017-06-24,0.1866002258192065,0.259134814005795,0.14343099298346884,0.14366054991460275,0.19959273974947928
2017-06-25,,,,0.14232153044234702,
2017-06-26,,,,0.1625548385202112,
2017-06-27,0.3402528678230078,0.37727614119695213,0.22889280671944887,0.22859922316346457,0.21736655738225996
2017-06-28,0.24823973779834335,0.32582764692026506,0.326935580775108,0.32588186834464755,0.22001263714847835
2017-06-29,0.2829123772309147,0.3528743733291402,0.3231599809724915,0.32201333733091964,0.2284527909667227
2017-06-30,0.38456575355841405,0.4269553818436965,0.3223928867937941,0.32108183217704345,0.2500331541930541
2017-07-01,,,,0.32426185534113594,
2017-07-02,,,,0.30658120977876374,
2017-07-03,0.20425025260621832,0.28126704366632804,0.2837437751900685,0.282980099272164,0.2429124864397358
2017-07-04,0.15708021219792712,0.21909970394271402,0.26090588574540996,0.2601787828408023,0.231083606231091
2017-07-05,0.15989971155435503,0.22323239419288296,0.23498511267572927,0.23434230564893213,0.22161467484233702
2017-07-06,0.17099586734846373,0.23984957554467676,0.21651306539202844,0.2160093326146179,0.2160754066705003
2017-07-07,,,,0.20198246883189264,
2017-07-08,,,,0.19080722712743173,
2017-07-09,0.29668167349982766,0.3627814781088273,0.2459178979408815,0.24530333651064987,0.22951609897952924
2017-07-10,0.29043743483973733,0.3610663873887488,0.29917421142281114,0.2978654531681698,0.23716594835714372
2017-07-11,0.2470260781615737,0.33107998323056986,0.29671838168638043,0.2950047296141685,0.23916602459837527
2017-07-12,0.2760150867311296,0.35409461039729745,0.273208806337005,0.2717467865817476,0.2449051543767069
2017-07-13,,,,0.255475381310486,
2017-07-14,,,,0.23851612364650282,
2017-07-15,0.16547655394318145,0.22412218737771544,0.220569039132011,0.21988913088689593,0.23583043179845006
2017-07-16,0.16784592758784145,0.22848793720866972,0.20306079842670335,0.20267301420161488,0.2281353931540141
2017-07-17,0.14143026558278615,0.19285961052343173,0.18747682520609196,0.18740496352513886,0.21863952736198075
2017-07-18,0.23946989209781863,0.32330343070085904,0.17439396603219906,0.17479651880981004,0.22187957291657598
2017-07-19,,,,0.1949613228683965,
2017-07-20,,,,0.3029794074991886,
2017-07-21,0.23428532452749046,0.31957795642087106,0.2751045880594514,0.2731961294378222,0.22573821683301157
2017-07-22,0.17927329283597276,0.24494740541490154,0.2546308571868039,0.2530229402587167,0.22151186166315204
2017-07-23,0.22563501944738856,0.3128158040585383,0.2365318979194184,0.23552668964053713,0.22284859119279984
2017-07-24,0.21403654708705225,0.30000262366591646,0.2474296972370771,0.2463404641785886,0.2231810804198145
2017-07-25,,,,0.24205018200888678,
2017-07-26,,,,0.23325579247390799,
2017-07-27,0.16368802199241306,0.21609412701536596,0.22334641438718367,0.22241511328279592,0.21896532518696682
2017-07-28,0.2002340278225841,0.278406434695888,0.21072456962456534,0.2102081415148707,0.21840358316074682
2017-07-29,0.2184699111603557,0.3092080805399639,0.19778148907399162,0.19756243250059152,0.21987956172335096
2017-07-30,0.1525781593713151,0.19635338119297352,0.18701665268093037,0.18707269781961552,0.21523705808338903
2017-07-31,,,,0.18092861314308295,
2017-08-01,,,,0.17724747496456408,
2017-08-02,0.11159906490227653,0.14528516737793892,0.16954415609747986,0.16983723418253432,0.20837277451403396
2017-08-03,0.21363345901017736,0.30287702684399354,0.16202103544097493,0.16240019999996366,0.21113662602346964
2017-08-04,0.11279695873186116,0.14528516737793892,0.15697347569198758,0.1572647560490312,0.20463663404513122
2017-08-05,0.11285098203350286,0.14528516737793892,0.1551763944017201,0.15541154782540312,0.19915928242267442
2017-08-06,,,,0.15623180182292998,
2017-08-07,,,,0.16075617256644895,
2017-08-08,0.19517608547563742,0.26534393042309545,0.3544662144973877,0.3543331871775161,0.20332533447344478
2017-08-09,0.14961631040680773,0.18808291624733456,0.3148425625038804,0.314560006329914,0.20182391227827196
2017-08-10,0.16513519684677913,0.2086364311651019,0.3151039319091954,0.3144939740519002,0.20200963152728396
2017-08-11,0.11541713961726416,0.16179708321186734,0.3077937181926881,0.30733454589552567,0.19849704636678134
2017-08-12,,,,0.28122926956213745,
2017-08-13,,,,0.25852618291214746,
2017-08-14,0.17547574603125138,0.21961848511346355,0.23667573159215136,0.23725535582048438,0.20191478688724546
2017-08-15,0.23598242944467976,0.31906985699292545,0.22006098114438805,0.2203202093546335,0.20591717800386658
2017-08-16,0.13073011331583784,0.16718557476472337,0.21233802816922692,0.21252140574232922,0.20324220393202166
2017-08-17,0.12026303368882502,0.14528516737793892,0.20288702314838875,0.2031293419793075,0.2005355271635967
2017-08-18,,,,0.1941757438993419,
2017-08-19,,,,0.1877437732059256,
2017-08-20,0.1466317611207178,0.1765959571694591,0.17859100565271366,0.1787618023396001,0.2015084615261524
2017-08-21,0.1235936720794671,0.16288870862096555,0.17089685553329326,0.1709744222491243,0.19978626595763085
2017-08-22,0.12117177267388789,0.14528516737793892,0.16396384556817425,0.16407608384942085,0.19706584622946002
2017-08-23,0.12157470644284489,0.14528516737793892,0.16094087284807998,0.16107768704714948,0.19452000011382567
2017-08-24,,,,0.1582729514879413,
2017-08-25,,,,0.15561649088543933,
2017-08-26,0.278175279914018,0.35145333012871566,0.15339227180382142,0.1538705073136522,0.20054574586478663
2017-08-27,0.2622991839797397,0.33568887917216095,0.15348166579341482,0.15378310700079822,0.2038414951770557
2017-08-28,0.14100133507071816,0.16952240139191813,0.159211162758554,0.1595581094535956,0.20125208154178545
2017-08-29,0.1260220104091113,0.1547332193631565,0.17062558736733233,0.17124809116071127,0.19813535757136655
2017-08-30,,,,0.18233510726011842,
2017-08-31,,,,0.25959362635461847,
2017-09-01,0.2691984985880362,0.33573150355465303,0.26168835145547803,0.26322157952555075,0.202472122631974
2017-09-02,0.18738294294573155,0.2158014137185748,0.2777735223107275,0.2795849827258605,0.20193486120980575
2017-09-03,0.17743789194661164,0.20156818541540503,0.25604649813113045,0.25774196309576763,0.20092350871589584
2017-09-04,0.24082441195262952,0.29946533173406703,0.26576997622416326,0.2678085854592632,0.20307142878037057
2017-09-05,,,,0.25468255489137437,
2017-09-06,,,,0.24386053832471954,
2017-09-07,0.18916433367580465,0.21162534167260258,0.2295602071923822,0.23086002324780336,0.20301760352970752
2017-09-08,0.3228227553362073,0.3645400091097631,0.21777918967617785,0.2188710913741077,0.20952692484813776
2017-09-09,0.17441850736857495,0.19022541990767045,0.3146559316055668,0.31680113113095515,0.20755889538220024
2017-09-10,0.21087303560098986,0.24059771616355421,0.33004255120998255,0.33200379047135054,0.20770614599309237
2017-09-11,,,,0.3008596804713172,
2017-09-12,,,,0.2851876550445018,
2017-09-13,0.2137580544200824,0.2405917131457819,0.26739145897589534,0.2688333609516511,0.20815753112829152
2017-09-14,0.31473602463147443,0.35744399864732673,0.2673082910162613,0.2687984643842425,0.2142555786461919
2017-09-15,0.2725677521527209,0.3192731326738927,0.26961711741870525,0.27109515072201285,0.2173468941317616
2017-09-16,0.2531415481395618,0.2974555549384769,0.27593541044107456,0.27745840008665174,0.21899597642200075
2017-09-17,,,,0.28253353481296,
2017-09-18,,,,0.33970415952594696,
2017-09-19,0.2648730825525523,0.30875508363187293,0.3169656032299156,0.3188233152506178,0.2218951957924408
2017-09-20,0.24968860650192864,0.2859543219993253,0.29403799300656935,0.2958602234868096,0.22311005407277576
2017-09-21,0.2494939541094799,0.2832106713218934,0.27387279981890406,0.275612453335026,0.22405373841384674
2017-09-22,0.19035434621603492,0.1938473477450297,0.260947631591493,0.2624037522941065,0.22092830114186782
2017-09-23,,,,0.25228292871106617,
2017-09-24,,,,0.23996874074503086,
2017-09-25,0.2895474365005732,0.3270959363654959,0.25812215540959393,0.25949214237246376,0.22556154899122016
2017-09-26,0.32272160051232923,0.3553407516718629,0.2665809709370308,0.26814526668810557,0.23221625314511354
2017-09-27,0.3526524393399928,0.36969429876558857,0.25640801984556566,0.2579889932814297,0.24106951211555502
2017-09-28,0.18029314858890366,0.18129429322133697,0.24309525128366216,0.2445318445637477,0.2347387697458151
2017-09-29,,,,0.23287497487509795,
2017-09-30,,,,0.29209782287499236,
2017-10-01,0.34130765134704893,0.3611732171533825,0.307535597504819,0.30923431191547923,0.24325912043016518
2017-10-02,0.41448654053978473,0.4269553818436965,0.3063790477721182,0.3079650696166941,0.2574835301231069
2017-10-03,0.33271685493198055,0.3560092194337288,0.3020378781046669,0.303636857510175,0.2624569722057791
2017-10-04,0.30286640447472635,0.33305671908938833,0.2925002256489038,0.2939535418932733,0.26429110149913626
2017-10-05,,,,0.28240029060501887,
2017-10-06,,,,0.2861126810995365,
2017-10-07,0.20218034310449035,0.19757441745298163,0.2760663040262954,0.27729506753226046,0.2574399329178434
2017-10-08,0.26416823267653006,0.28563840146086833,0.2637196268942038,0.2648886233606195,0.2564376817193838
2017-10-09,0.1980583536204433,0.1913084271033816,0.2558152175604923,0.2569734125884199,0.24916441545055026
2017-10-10,0.19964826678174777,0.19349661058304976,0.2511260186164085,0.2522458743185578,0.2423161956518794
2017-10-11,,,,0.24520548984332782,
2017-10-12,,,,0.23740102294625462,
2017-10-13,0.25636885874097964,0.26886124506487113,0.22878802322351874,0.2301688442785299,0.2413151281904297
2017-10-14,0.3375138869204224,0.3543898098514228,0.22116699759020148,0.22258789983828609,0.24895256491641857
2017-10-15,0.25084010458933903,0.25801948305392675,0.21414727618987145,0.21548484192448997,0.24662807601503592
2017-10-16,0.2255272322483775,0.21701870924248653,0.2077899565489931,0.2092167947413972,0.24199245185667523
2017-10-17,,,,0.20350151358559906,
2017-10-18,,,,0.22541872189578105,
2017-10-19,0.3390213985593928,0.3543339480192272,0.3233827528312479,0.3243884490012,0.2499140802143996
2017-10-20,0.3513239543435626,0.36054724367132945,0.298081951732083,0.29908467230811553,0.2581866230380948
2017-10-21,,,,0.2869009380087506,
2017-10-22,0.3216123261691176,0.341758672584404,0.28025827665192676,0.2813710673665792,0.26261089175951596
2017-10-23,,,,0.2730592100372624,
2017-10-24,,,,0.2640183517292111,
2017-10-25,0.2785409215787308,0.2897828088631347,0.25355883423988645,0.2549808488422473,0.26121145644881116
2017-10-26,0.274556060570568,0.2801877737224534,0.24463427634576804,0.2462382117960759,0.259222388337088
2017-10-27,0.17434374501396416,0.14528516737793892,0.23942175129102355,0.24116846598166503,0.2448526754182936
2017-10-28,0.29835339773952096,0.3110537647159904,0.2351803845406787,0.23715092778721708,0.24730775366008317
2017-10-29,,,,0.23411988775122974,
2017-10-30,,,,0.2346572789405324,
2017-10-31,0.20878983148908709,0.17736171681683358,0.2286442141779538,0.23078484855934916,0.23739321901241994
2017-11-01,0.32615709563941303,0.34138899155594227,0.2239404141016469,0.22618239564445602,0.24406787344241
2017-11-02,0.23502823299569064,0.20399263745464083,0.21992155950730874,0.2219567082634396,0.2374504924815665
2017-11-03,0.2843927616699,0.285637761946416,0.2160788517164567,0.2181553441952767,0.2382251638816484
2017-11-04,,,,0.23222550403445266,
2017-11-05,,,,0.3266384459575947,
2017-11-06,0.19251971751546543,0.1630215874229826,0.31258368906326506,0.3135460167480424,0.22557464398462426
2017-11-07,0.2720405664507973,0.2605550980013921,0.29236960376162313,0.29383983715422984,0.22516780034214653
2017-11-08,0.3105778607982701,0.31688374081439363,0.2918534377889238,0.2931991000118007,0.23062216170114166
2017-11-09,0.28656406292329306,0.28455778638701257,0.33150414279241924,0.33219811624276524,0.23218084530835162
2017-11-10,,,,0.31596808829584583,
2017-11-11,,,,0.303623623937348,
2017-11-12,0.3473455347770892,0.35345057640882294,0.30580102613334387,0.3069954861017402,0.24215979802567658
2017-11-13,0.23569684107349168,0.19036130552702366,0.3046830888694259,0.3060013354470516,0.23381056663779384
2017-11-14,0.2721390900292655,0.2494258496131666,0.29244698671969455,0.29419539229661174,0.23200017445295437
2017-11-15,,,,0.286157108668906,
2017-11-16,,,,0.2798408431975019,
2017-11-17,,,,0.27454089617811905,
2017-11-18,,,,0.27021506985018184,
2017-11-19,0.35537128496937354,0.3568248661253415,0.2638384368686263,0.26667212258431733,0.24487137079101537
2017-11-20,0.29294255513001644,0.27386696269868027,0.260665777354506,0.2635331813247419,0.2443527705713145
2017-11-21,0.25668323242758284,0.20391938134677723,0.25773766250533303,0.2602140390836795,0.23719195511583432
2017-11-22,,,,0.25691872354262313,
2017-11-23,,,,0.25378671957366084,
2017-11-24,0.3602360996387962,0.3585720860598639,0.2586249090021012,0.26071023683250716,0.24925700136836385
2017-11-25,0.2795237059693609,0.23360678807579158,0.3321292545006249,0.33275161261175107,0.2440488643562872
2017-11-26,0.33759515194930634,0.33586476729285974,0.31533820195643936,0.3163039687169565,0.25076797266973166
2017-11-27,,,,0.3020595538742127,
2017-11-28,,,,0.296790396016182,
2017-11-29,,,,0.304063367720442,
2017-11-30,0.3416530812007391,0.34030788617269875,0.2999539661780269,0.30088095710295537,0.2599149819087717
2017-12-01,,,,0.3202133420052323,
2017-12-02,,,,0.31380115671799774,
2017-12-03,,,,0.3023352545227581,
2017-12-04,,,,0.2946281780062404,
2017-12-05,,,,0.28922699235180666,
2017-12-06,,,,0.2852393667833992,
2017-12-07,0.36640875223470726,0.3597463794633554,0.286635455378275,0.28775107053282495,0.2784403185583388
2017-12-08,0.41463061494750153,0.3978508301413649,0.3243048421179322,0.32492607507745574,0.30541227559276396
2017-12-09,0.3403037127252789,0.3311982985012017,0.31808688770787774,0.3186671785356058,0.3060694475183549
2017-12-10,,,,0.39778904635424295,
2017-12-11,,,,0.3890615870823793,
2017-12-12,0.3691580328913141,0.36082143867054556,0.37348962576094535,0.37354632323676434,0.3160085871618644
2017-12-13,0.40709311653529756,0.3911479400867432,0.36383317840354584,0.3641002877260515,0.3344600008981704
2017-12-14,0.3996129716802945,0.3842417182873284,0.3670264626023798,0.36722406144618636,0.3474581140195721
2017-12-15,0.4173733696239641,0.4269553818436965,0.3944609988987629,0.3945123574279666,0.36259350369415044
2017-12-16,,,,0.3762064687760618,
2017-12-17,,,,0.3661206979109867,
2017-12-18,,,,0.3806179575055145,
2017-12-19,,,,0.37248177912586705,
2017-12-20,,,,0.35845086197397985,
2017-12-21,0.38974038954496015,0.37730720516008187,0.34989451707681585,0.350210798364909,0.372852555116963
2017-12-22,,,,0.34866793068536667,
2017-12-23,,,,0.34341618039549027,
2017-12-24,0.354766370751055,0.34073465908251827,0.3371413992335953,0.33764158214221485,0.36727072516203507
2017-12-25,0.3219097652508779,0.2669718114078052,0.3314097646936096,0.33218006404497036,0.35203299738838323
2017-12-26,0.34306084600391024,0.31610649927784623,0.34143091666947945,0.34202572032240336,0.346273792414492
2017-12-27,0.41460070758703915,0.4006356321641993,0.3877954342994057,0.38762774264012706,0.36199303857515064
2017-12-28,,,,0.3742362694803092,
2017-12-29,,,,0.38699132202287245,
2017-12-30,0.36743888452503526,0.3546695844230075,0.37183575465954977,0.37206701691391175,0.3631436475074312
2017-12-31,0.35752911441579593,0.3425388061276555,0.36128073395762483,0.3618038527755332,0.36054770635763633
2018-01-01,0.3697248147365313,0.35644338888461496,0.38161026679484694,0.3818431548242341,0.36206684211215207
2018-01-02,0.4148007283829338,0.4269553818436965,0.3928986437995754,0.39307949241557494,0.37400616584593965
2018-01-03,,,,0.384908208657717,
2018-01-04,,,,0.3733773270328193,
2018-01-05,0.4083436615152594,0.3945042468850999,0.3654755166359946,0.366045931529386,0.3846344538078873
2018-01-06,0.37869501136209754,0.362711653609064,0.41152410417530627,0.41114469669910364,0.38484832898051896
2018-01-07,0.32654033761684714,0.26080212486973997,0.4070818975529903,0.4064836058219009,0.37236125102419704
2018-01-08,0.3383754695116869,0.293773289379113,0.40486877226358686,0.40404970541133406,0.36443014654356753
2018-01-09,,,,0.3829418135249305,
2018-01-10,,,,0.37888502788774114,
2018-01-11,0.3732943209658548,0.35708876392148137,0.3834165256888008,0.38300023960440066,0.3665545986361187
2018-01-12,0.3432451896333752,0.3011947420155675,0.3690970221549296,0.369047901557274,0.36073896503298164
2018-01-13,0.34469729962981066,0.30385742165117635,0.3604854167089023,0.3605258063843738,0.35599873778667945
2018-01-14,0.3770888852783372,0.3594771108719107,0.37454133082322777,0.3740978950621324,0.3587592061313889
2018-01-15,,,,0.3674942040176313,
2018-01-16,,,,0.3669177316442861,
2018-01-17,0.40381504757224407,0.3894840751903474,0.37436349144610637,0.3741474053693328,0.368165934081576
2018-01-18,0.3871815081186654,0.3687183311269275,0.3606893884056007,0.3607602072784287,0.37168916591401396
2018-01-19,0.35398939242811445,0.3183248189639463,0.36875948227655647,0.3686368594581666,0.36835679148842493
2018-01-20,0.41455098612918717,0.4269553818436965,0.38787993061821974,0.3874565002748838,0.37628437617141125
2018-01-21,,,,0.3870697762751503,
2018-01-22,,,,0.37591205207881423,
2018-01-23,0.3877330337341552,0.36830886979859884,0.36910195873080615,0.3690009991094341,0.37944606234207157
2018-01-24,0.36752703375922274,0.3446283092125158,0.3610460466958363,0.36110276079864595,0.3778152179055916
2018-01-25,0.37043989198523125,0.349078660579606,0.3639929490651476,0.36401632436328557,0.37691846375093796
2018-01-26,0.3588042067299954,0.32329165564692935,0.3841375730404235,0.3836895678126715,0.37439803557167467
2018-01-27,,,,0.36731096967842547,
2018-01-28,,,,0.3593416458759645,
2018-01-29,0.34221314624960664,0.27537116823735647,0.3538725142046115,0.35402312658781016,0.36949625956347243
2018-01-30,0.3730589948321637,0.35161609340588484,0.35096213394781384,0.3510346570792924,0.36984301251433443
2018-01-31,0.35860032814214177,0.32060381427962925,0.34729708956397,0.3476021839186374,0.3677889485585371
2018-02-01,0.3866157957440929,0.3664023831287926,0.3844551781755519,0.3841483685351221,0.3706351649015538
2018-02-02,,,,0.381316482561015,
2018-02-03,,,,0.37458761810988417,
2018-02-04,0.3862175600442129,0.366946197530659,0.380057758015959,0.37997826035065124,0.3739206888423048
2018-02-05,,,,0.3844664524288516,
2018-02-06,,,,0.3742710664122002,
2018-02-07,,,,0.3663240138482888,
2018-02-08,,,,0.3610701566636081,
2018-02-09,,,,0.3611985570323288,
2018-02-10,0.36852194469201904,0.3403332637823392,0.36139446679044523,0.36158841617681386,0.3738303675399444
2018-02-11,,,,0.3702595913351672,
2018-02-12,,,,0.3724031491262194,
2018-02-13,,,,0.37097922200735284,
2018-02-14,,,,0.3930262318242125,
2018-02-15,,,,0.3914954351984061,
2018-02-16,0.3735201439571063,0.34961090737398226,0.3937237381027681,0.39370920305856044,0.37472945863066776
2018-02-17,0.33550914354623423,0.24442326106948373,0.39365982692003254,0.3935844503664696,0.36604020943808735
2018-02-18,0.38774607340425105,0.36535199149203756,0.3888684393149922,0.3885387401194204,0.3700990494508632
2018-02-19,0.34953239456183927,0.29210696759740945,0.38483565496481026,0.3846804449103163,0.36636752539695683
2018-02-20,,,,0.3962447677161164,
2018-02-21,,,,0.3969896258314274,
2018-02-22,,,,0.37982826132859737,
2018-02-23,,,,0.37108613172856686,
2018-02-24,,,,0.36518460894638227,
2018-02-25,,,,0.3605768985543829,
2018-02-26,,,,0.3546078762174046,
2018-02-27,,,,0.3493611262094285,
2018-02-28,0.38801761827521175,0.3655020046551389,0.3543595361430637,0.35469786631991734,0.374484191488879
2018-03-01,0.3577607785039765,0.3175704054421464,0.3829563917057323,0.3828976563135618,0.37123952714168384
2018-03-02,0.37645446391080034,0.35341931400576804,0.39167529734002976,0.3913162170711429,0.3728379667077923
2018-03-03,0.41174280454853424,0.39201899057144,0.3871886212589415,0.38689012190129485,0.38101767134150283
2018-03-04,,,,0.38328597983156054,
2018-03-05,,,,0.3767584743017797,
2018-03-06,0.3423248041531988,0.28982538618346937,0.37480909930566986,0.37467602999802363,0.37525026016264423
2018-03-07,0.36915783548476594,0.34614208226637816,0.3696704876070969,0.36963978823343685,0.3752209026036736
2018-03-08,0.3667683053453019,0.34369909928431575,0.3621690759673491,0.3620083816500038,0.37444720456706115
2018-03-09,0.42144094337029725,0.4269553818436965,0.3561219133351137,0.3561738143364697,0.3826596496058069
2018-03-10,,,,0.3807158713384024,
2018-03-11,,,,0.38665675533142296,
2018-03-12,0.32509823708747915,0.2522906401428915,0.381257631065938,0.3809431910582801,0.3745691857321453
2018-03-13,0.3580402119125699,0.3290962415713161,0.3730561868214711,0.37277976276180147,0.3727738797560731
2018-03-14,0.3813618741067157,0.3610675768916662,0.364346428987603,0.3642086955927513,0.37468612846172233
2018-03-15,0.40600444192023677,0.38341480472637773,0.37642885264548204,0.37603483346705885,0.3801378128510657
2018-03-16,,,,0.36843251817143097,
2018-03-17,,,,0.37009503436763863,
2018-03-18,0.34578028698518676,0.3086637019597982,0.3795335949086201,0.37894358192770494,0.3758445414384176
2018-03-19,0.3400729522685999,0.29869234307787024,0.38803337208094185,0.38740170385416695,0.3707391860750431
2018-03-20,0.3437223544665405,0.306876728656295,0.38165639044400657,0.38100696792897437,0.36747127280126624
2018-03-21,0.381711606760524,0.362438421996802,0.3694344987620799,0.3687514253133051,0.37026580156029254
2018-03-22,,,,0.3592788180665504,
2018-03-23,,,,0.353803202397206,
2018-03-24,0.34070724858004015,0.3050025976471933,0.38801913302091995,0.3874685126034315,0.36640227211046666
2018-03-25,0.3558780907520684,0.33348669473381487,0.3731679581743422,0.37250817676107206,0.36526238510488107
2018-03-26,0.323636676685682,0.26183137325903433,0.3812555688752964,0.3803375311416537,0.3600205367792456
2018-03-27,0.4161398374527581,0.4269553818436965,0.3899232680665176,0.3891780869076225,0.36823363627043293
2018-03-28,,,,0.39092674557695267,
2018-03-29,,,,0.3886330936053538,
2018-03-30,0.33752427009800223,0.3041726136862493,0.37778322478939935,0.3770345359441448,0.3644815036741367
2018-03-31,0.3625129499949234,0.3489647880758418,0.38843772475528293,0.3874408920773249,0.3651439368954798
2018-04-01,0.3676297040184673,0.3548646350907078,0.37823975327527537,0.3772870817124362,0.36645192494733814
2018-04-02,0.4060983712589622,0.3921778678052791,0.36484241862983113,0.36429574263804043,0.37303206013142726
2018-04-03,,,,0.36694763863102214,
2018-04-04,,,,0.38051322597783277,
2018-04-05,0.3063256914450965,0.23139774432859084,0.3707566272064334,0.3699885423434782,0.3638757543191509
2018-04-06,0.2969823678720016,0.20933354586759712,0.356398408738945,0.3559226287969511,0.35535047195521774
2018-04-07,0.30131091389877346,0.22217575051647304,0.3512323627876273,0.3508985293076853,0.3487850262195273
2018-04-08,0.3788404011490604,0.3670435360507772,0.3909105245985193,0.39006241658235713,0.35321057910986914
2018-04-09,,,,0.38857581638125593,
2018-04-10,,,,0.3988589057343391,
2018-04-11,0.31340012676869694,0.2658515688317286,0.40064059932858653,0.400103273063782,0.3471799390102695
2018-04-12,0.28096239702624265,0.1910621227547984,0.38716527310101045,0.3868807750333855,0.3388151411201126
2018-04-13,0.3455739918461568,0.3344526165249452,0.38185859935894706,0.3817647095589321,0.33974960800213355
2018-04-14,0.3244295367109663,0.29989501678349567,0.3803684752685013,0.3806604641648159,0.3382998269828229
2018-04-15,,,,0.3664983594042152,
2018-04-16,,,,0.36487530565027754,
2018-04-17,0.30268770696560193,0.26000292031633915,0.3553782998012682,0.3561884232579861,0.3315553089355525
2018-04-18,0.28518781346914723,0.2170914892100865,0.3419634763211409,0.3426037701638676,0.325694116265681
2018-04-19,0.2799016572921691,0.2082803824384893,0.3285139318489216,0.32902492117029336,0.3191104316048322
2018-04-20,,,,0.31627588617449465,
2018-04-21,,,,0.3062567042842072,
2018-04-22,,,,0.2974579959945338,
2018-04-23,0.2949267587242514,0.24611574687167798,0.2944849892411278,0.29483268615470554,0.31120331462286066
2018-04-24,0.24049906204951674,0.14528516737793892,0.2910898993022756,0.29139689204585784,0.29836307683209484
2018-04-25,0.2512629109433203,0.16971152687408544,0.286217881130565,0.28654139430218123,0.288870237844928
2018-04-26,0.24085655566156022,0.16291143474929126,0.28157517702847645,0.2817079787967292,0.27933015201855643
2018-04-27,,,,0.27364679550048504,
2018-04-28,,,,0.2954125336701968,
2018-04-29,0.32469640563818425,0.31698090796134754,0.40377554161660195,0.40425840580514216,0.2803223977571011
2018-04-30,0.23613239092030647,0.1633956258112837,0.3924681555909365,0.39284980010976406,0.2709424055994234
2018-05-01,0.2501997161223974,0.17352932203488167,0.3814735153628273,0.38177286616615186,0.26434789052426855
2018-05-02,,,,0.3669694290891405,
2018-05-03,,,,0.38200119943961286,
2018-05-04,,,,0.36975082428565686,
2018-05-05,0.3222118488616592,0.3224383141141964,0.35632365425295687,0.3565415399149937,0.26609200127062876
2018-05-06,0.3363521559728321,0.3445138407209313,0.3444677270691586,0.3444270842238637,0.274533365748043
2018-05-07,0.2695965844024046,0.22509421222777196,0.3368937423842075,0.3366295061464562,0.2713157589558468
2018-05-08,0.34943021765038096,0.3569456547771053,0.33935875302464474,0.3390998854702409,0.2804538360444385
2018-05-09,,,,0.34032981121080946,
2018-05-10,,,,0.3358720904827275,
2018-05-11,0.4057348656984019,0.4269553818436965,0.32338917753486657,0.3233786182350863,0.2949841906751739
2018-05-12,0.3468723764291782,0.3590115458387633,0.35000669943789614,0.3500757711144016,0.3023671823835014
2018-05-13,0.40442341479517785,0.4269553818436965,0.3795408760232255,0.3798441647703113,0.3172606304340612
2018-05-14,,,,0.37820706537957854,
2018-05-15,,,,0.39394305279658026,
2018-05-16,,,,0.38156754488428063,
2018-05-17,0.32085000267175634,0.3443630253676984,0.3660182297646682,0.3660294079842441,0.31431581037939144
2018-05-18,0.3361055492478999,0.3565874769090027,0.3522830446383523,0.3522790684368494,0.3183010531926129
2018-05-19,0.19419740956753115,0.16777760034182918,0.3385430235178417,0.3383589759815327,0.30108183237348746
2018-05-20,0.27292927583544685,0.281380800568673,0.3273061321906912,0.3269447754604204,0.2974765718249738
2018-05-21,,,,0.3164648577911147,
2018-05-22,,,,0.3334903807987651,
2018-05-23,0.22696374225673435,0.21618055920694126,0.3296085030039766,0.32918621566097034,0.28351393121717744
2018-05-24,0.201501243937717,0.18423983519165082,0.31063895288049165,0.31012820590289664,0.2723644140208853
2018-05-25,0.2978486080072564,0.33172401471096696,0.29905963849889106,0.29843022671434394,0.27568663833433965
2018-05-26,,,,0.32259730169736045,
2018-05-27,,,,0.37193716101350277,
2018-05-28,,,,0.3982942633507366,
2018-05-29,0.3772036960158177,0.3898681483745005,0.40580555976530563,0.4059491186669308,0.2850462881233096
2018-05-30,0.38021975605672975,0.3919375639785185,0.4016804893187849,0.40177740362977654,0.29890847879114196
2018-05-31,0.39421812828150155,0.40030102664299727,0.3996613904104325,0.39943334013750936,0.31318674579662487
2018-06-01,0.34541236847568874,0.37058045389936073,0.3771110276498708,0.376619938579642,0.31904276920219193
2018-06-02,,,,0.3597646861658569,
2018-06-03,,,,0.3525129027308521,
2018-06-04,0.3963087718084599,0.4269553818436965,0.37179520618030465,0.37096805086046436,0.328005068345443
2018-06-05,0.39744044756995695,0.4269553818436965,0.4165911990705622,0.41574119610710175,0.33987700359201356
2018-06-06,0.2677148459458743,0.31874370186237433,0.41186927980205856,0.41116868023452924,0.33378817741996486
2018-06-07,,,,0.3904090902567353,
2018-06-08,,,,0.37126210477042076,
2018-06-09,,,,0.3674045975247364,
2018-06-10,0.3414448550626259,0.3710996601240738,0.40776088606309896,0.4070747083298027,0.33701872595901605
2018-06-11,0.36639425632029016,0.38373159880607594,0.41082476230386344,0.41023351483242876,0.34459801735054296
2018-06-12,0.36597338580734795,0.38380988588417575,0.4101467819665704,0.4097048672623048,0.35155456988981953
2018-06-13,0.26452285333568876,0.3252259471493302,0.3979271106276897,0.397229217043529,0.34503645717627296
2018-06-14,,,,0.3845780106174455,
2018-06-15,,,,0.38340277888064966,
2018-06-16,0.3091186712094637,0.36042825393399025,0.3746059085962336,0.3741724390763037,0.34420168601515966
2018-06-17,0.21399549168952928,0.2807606041666624,0.3663610692164748,0.36584873185012934,0.33018000915617596
2018-06-18,0.18058927048706588,0.23765564153590873,0.36142825771709836,0.36080905625305326,0.3132486428032628
2018-06-19,,,,0.3502075817070887,
2018-06-20,,,,0.33505131641640973,
2018-06-21,,,,0.32399664818848967,
2018-06-22,0.15676975521654352,0.21526816808170562,0.3134225681203227,0.31329276189005795,0.28823684039930114
2018-06-23,0.1943180406236312,0.26569707288653477,0.2990190780065958,0.29868188119079075,0.2753956107137895
2018-06-24,0.17575668963559038,0.24547987278372208,0.2867610120397841,0.2864562829855163,0.2626326115239702
2018-06-25,0.24708894024821162,0.32364493585004767,0.274838328019944,0.274633868127653,0.26231027610633384
2018-06-26,,,,0.2624485293517693,
2018-06-27,,,,0.25169470829396107,
2018-06-28,0.24342841586260092,0.32142300060229073,0.2423737101831131,0.2419087571025152,0.25720422128719433
2018-06-29,0.2460676430552404,0.32472024192327276,0.23379135361089767,0.23333647515057887,0.2569880196086038
2018-06-30,0.24991904222599104,0.3283982371690064,0.22472838036406256,0.2243106042749714,0.2577928665449724
2018-07-01,,,,0.215443969225061,
2018-07-02,,,,0.28921807624045137,
2018-07-03,,,,0.2777501206505278,
2018-07-04,0.3763641554137167,0.4269553818436965,0.2801946981000368,0.2793279487094499,0.27652511269910623
2018-07-05,0.3754998978597816,0.4269553818436965,0.3224397115654326,0.32082815911388063,0.2939161273942762
2018-07-06,0.37353341331648793,0.4269553818436965,0.30246954833157796,0.30098827792283017,0.3085741012723603
2018-07-07,,,,0.27898526721996736,
2018-07-08,,,,0.2569758128414552,
2018-07-09,,,,0.2384867003542635,
2018-07-10,0.16160352766379904,0.22365932368170185,0.223853283463542,0.22334630360977092,0.28279491224303366
2018-07-11,0.2801058233835833,0.3561143804945607,0.2106457888263507,0.2102018524454299,0.28486250123505896
2018-07-12,0.22933511403049586,0.3136953938056729,0.1998136256892513,0.1994527256863606,0.27920685735104733
2018-07-13,,,,0.19013406541154154,
2018-07-14,,,,0.19130750411909922,
2018-07-15,,,,0.20483388665532118,
2018-07-16,0.2288964422904435,0.3135674027507936,0.31716064440002933,0.31406594746188915,0.26995574781869086
2018-07-17,0.2185767312218897,0.3024966649282044,0.3181422385350383,0.31468092368661843,0.26344478206790345
2018-07-18,0.2774842500515562,0.3556118183610797,0.2866919066935933,0.28428255778478795,0.26664561760798045
2018-07-19,0.25829255996665734,0.34344738368048444,0.2656683363651691,0.26400230255535984,0.26695721397756766
2018-07-20,,,,0.2586175063281673,
2018-07-21,,,,0.2594324876645848,
2018-07-22,0.1787587326762637,0.24413033906430517,0.24673657772384622,0.2453156624093145,0.2542284969455149
2018-07-23,0.2046302179221082,0.2845493559364399,0.23125451956758006,0.23036489602937044,0.24953510214889926
2018-07-24,0.20421055280534564,0.28433995170349097,0.21548364517077542,0.21504534950507775,0.24569286078837813
2018-07-25,,,,0.20134374332410354,
2018-07-26,,,,0.18987932003500926,
2018-07-27,,,,0.1825583759389032,
2018-07-28,0.26493053295533475,0.35532845460363355,0.30967070822806864,0.3073651476647572,0.24777405348898576
2018-07-29,0.20045292901724024,0.2802223257587092,0.2851827562164124,0.28349239054357306,0.24269841343956325
2018-07-30,0.17473454012850637,0.2337270343533415,0.25707791809675135,0.25607787553944644,0.23674452205706006
2018-07-31,0.2495696044890462,0.3460311437788195,0.23786446547196693,0.2375296884259049,0.23947473001256886
2018-08-01,,,,0.22543103412880683,
2018-08-02,,,,0.2086767650330709,
2018-08-03,0.23625533141716226,0.3314906319719211,0.19359707887034375,0.19360718363728985,0.23829790507626766
2018-08-04,0.18507521658191103,0.25171355071588525,0.18085698507398784,0.18101930972934213,0.2343966366700319
2018-08-05,0.15788863380659413,0.20201518641842836,0.17119182021530893,0.17138143660586708,0.2287989173415138
2018-08-06,,,,0.16375946806148642,
2018-08-07,,,,0.1583160407144614,
2018-08-08,,,,0.15578079514890847,
2018-08-09,0.2523942336799565,0.34685700837078154,0.16337256072301437,0.1635440391944913,0.2306718839294419
2018-08-10,0.2296941306821033,0.31718629824888295,0.16471001811033056,0.1647488077689341,0.230471635483642
2018-08-11,0.15369521184510754,0.1919335048125281,0.15956924506384346,0.1597503723457808,0.22563901389617455
2018-08-12,0.1632028335344326,0.2034663567606062,0.16878656900659308,0.16906609481912516,0.2222331022525461
2018-08-13,,,,0.30565601696868766,
2018-08-14,,,,0.2848634402316802,
2018-08-15,0.20387680332575214,0.26995070743499394,0.2578828415299357,0.2584910826481306,0.22147856413407113
2018-08-16,0.2248107562584094,0.3045460748566938,0.23770663602230258,0.23806033986237923,0.22209170830827057
2018-08-17,0.1883161681387891,0.24007853326026476,0.23062645889471434,0.23109027282524586,0.22078496484729968
2018-08-18,,,,0.21656392166476854,
2018-08-19,,,,0.20184084644201258,
2018-08-20,,,,0.18863355124141,
2018-08-21,0.14044801863302206,0.17162057530348393,0.17823020538222742,0.1783949066226809,0.21688822241580774
2018-08-22,0.1616369485178048,0.19218522726214432,0.17098410084949975,0.1711961104870361,0.2144664135065356
2018-08-23,0.17703946543133914,0.21208061223699645,0.17606094059640753,0.17643875531635622,0.21304331255016648
2018-08-24,0.26386014665694124,0.34173814190909674,0.19004406954931596,0.19079725747422768,0.2160799477403053
2018-08-25,,,,0.19292474896973913,
2018-08-26,,,,0.19435402673734373,
2018-08-27,0.12550531611210033,0.1621048227335567,0.18445968384691958,0.18510417351538264,0.2118072974355558
2018-08-28,,,,0.1765817600230261,
2018-08-29,0.22315472889053897,0.281105397559285,0.17845017008506062,0.1791772362497475,0.21258017379635763
2018-08-30,,,,0.1755287602873441,
2018-08-31,,,,0.17028896111523387,
2018-09-01,,,,0.1661323195662356,
2018-09-02,0.18844424052069086,0.21727502883706343,0.16094237915731177,0.1614966449283632,0.21138503901411884
2018-09-03,0.16242840061073366,0.18508871831305593,0.15734162031836424,0.15784880136932106,0.20837178121252625
2018-09-04,0.18028190882137957,0.2042334099513725,0.15457951187321492,0.15504790777170557,0.20680720291152133
2018-09-05,0.22602920681639935,0.27420861886946635,0.1546122030069124,0.15511188880512616,0.20843126398403936
2018-09-06,,,,0.2743760622245584,
2018-09-07,,,,0.2970406041548405,
2018-09-08,0.2754726775030143,0.331851751924265,0.2659733816424596,0.2675930279759961,0.21308318498562986
2018-09-09,0.22302814159359355,0.26156507701786524,0.24339905728483124,0.2448586195822294,0.21351830870084226
2018-09-10,0.286227330465881,0.3415014237354457,0.22877561394319826,0.23006452630434537,0.21780716594730906
2018-09-11,,,,0.21545181038276812,
2018-09-12,,,,0.2051195524170948,
2018-09-13,,,,0.20224741637284543,
2018-09-14,0.1743879356927273,0.18569821189447733,0.19606590140049268,0.19691985015884603,0.21470747626741865
2018-09-15,0.13688874737962026,0.14528516737793892,0.1885958518892356,0.18936967603400734,0.2082479342876332
2018-09-16,0.20483310478127448,0.22091169178728318,0.18057150822160462,0.1814126132540026,0.20752259593587288
2018-09-17,0.13849796477639836,0.14528516737793892,0.17382810541964422,0.17472866168073442,0.2024406559066797
2018-09-18,,,,0.1707461700416533,
2018-09-19,,,,0.17017844692176753,
2018-09-20,0.16845897332203497,0.17562048305763234,0.1651425839328831,0.16599277812929492,0.1979960691616464
2018-09-21,0.27388872881938153,0.3142165640359152,0.1634847021927751,0.16434496940253124,0.2034068102410396
2018-09-22,0.21195253181531312,0.2226911349174068,0.16352616110738077,0.16423528020830913,0.20336963369674413
2018-09-23,,,,0.16177434397747947,
2018-09-24,,,,0.17976042252757046,
2018-09-25,,,,0.17477467946956676,
2018-09-26,0.1716592241546958,0.1737304541770598,0.1696479287871795,0.1703831857234482,0.19702763781238897
2018-09-27,0.2793265160544091,0.315248284386942,0.16540724466027923,0.16626797015267503,0.20306952946983844
2018-09-28,0.14579775976074935,0.14528516737793892,0.16209263184683678,0.16307411413764117,0.19622173935288217
2018-09-29,0.14648283829272318,0.14528516737793892,0.15960814929843686,0.1606062660264038,0.190307521713609
2018-09-30,,,,0.1589547439433164,
2018-10-01,,,,0.15784616739705143,
2018-10-02,0.14764070346030617,0.14528516737793892,0.15562882154931482,0.15689336667361523,0.18122393961856506
2018-10-03,0.22231215001681184,0.22786752497267113,0.15450835847692757,0.15589324351446926,0.18339044879151198
2018-10-04,0.14802196955520802,0.14528516737793892,0.1538907591601147,0.15531253468634634,0.17808652024436422
2018-10-05,,,,0.15443718220335934,
2018-10-06,,,,0.1653120680931751,
2018-10-07,,,,0.2668218363509086,
2018-10-08,0.28438638201319477,0.3108493782969873,0.2937987211598168,0.2949099591678845,0.18427779888687265
2018-10-09,0.3080036765424929,0.3338668494232836,0.2735831759896547,0.27472474559426174,0.19501344374373125
2018-10-10,0.21501481081538232,0.2116958914868566,0.30967424516241104,0.3106488925347182,0.19430477766154486
2018-10-11,0.24967931034772492,0.2620109939657628,0.29932201917727896,0.3003620647207343,0.19702846879216693
2018-10-12,,,,0.27977403588030236,
2018-10-13,,,,0.2612964478389148,
2018-10-14,0.42308112040650137,0.4269553818436965,0.30806155723017914,0.30926776235552456,0.22002313656650788
2018-10-15,0.2163303466829895,0.20601429091001625,0.38400083933833895,0.384965047077675,0.2162512711960826
2018-10-16,0.375396293942027,0.37368554678761073,0.3407265224055008,0.3418252900567787,0.23125239671303044
2018-10-17,,,,0.3266759049816552,
2018-10-18,,,,0.32377476442213143,
2018-10-19,,,,0.31689728951944024,
2018-10-20,0.25732247357423965,0.2618347472338169,0.3062051473435167,0.3071642120004545,0.23057132566623822
2018-10-21,0.385696367952912,0.37838827617299486,0.29821610034836954,0.299211219781067,0.24679022322878477
2018-10-22,0.24609176262336935,0.243462582688206,0.2906309517467041,0.29166430354829725,0.24292571928174636
2018-10-23,0.2264777021640996,0.21131366946255356,0.2833835662139767,0.28450262213963357,0.23708074807516247
2018-10-24,,,,0.27832174049954417,
2018-10-25,,,,0.2731237185775723,
2018-10-26,0.29599486925896223,0.3104931002574013,0.26879882690805024,0.2702479457705916,0.2405203658932939
2018-10-27,0.23650371145416646,0.21659662246256184,0.2721872178944036,0.2736269878307004,0.23549145064549862
2018-10-28,0.30208700632498353,0.31472102459108425,0.30968238843525836,0.3108098949924578,0.23951063068375256
2018-10-29,0.3410874189835136,0.35347283436289045,0.33814991926251375,0.33895151181452104,0.24752585767918078
2018-10-30,,,,0.3200419817092129,
2018-10-31,,,,0.3105807262655545,
2018-11-01,0.3949217480991081,0.3845343975064188,0.33735999989876264,0.33832507308580806,0.2641096990367781
2018-11-02,0.32103006895630415,0.33477097095959973,0.3556580312677323,0.35618200937180006,0.26735525172825536
2018-11-03,0.36342384879350736,0.3647554069908658,0.33552357835471325,0.3360583251518706,0.2760811903037419
2018-11-04,0.32661296940101614,0.3413817372325744,0.32099402364407154,0.32167100221957884,0.27898016546680476
2018-11-05,,,,0.32823217663677035,
2018-11-06,,,,0.38043313188724737,
2018-11-07,0.40932502792960573,0.39360962094636925,0.36413420577617533,0.36431869232640507,0.29522100277412006
2018-11-08,0.306171211932818,0.31229494143230024,0.35367867594604285,0.3540710283055626,0.29350522957068764
2018-11-09,0.3701437924098695,0.36745231179858995,0.34748198116690066,0.34793332675932903,0.30051054826512913
2018-11-10,,,,0.3563382380120423,
2018-11-11,,,,0.35994301354406794,
2018-11-12,,,,0.34729672538310513,
2018-11-13,0.3629764654611537,0.362494866941001,0.3586536303152535,0.35876711631726016,0.3084736776619962
2018-11-14,0.35021456411354285,0.355188463005181,0.3422104226306507,0.34275531971580037,0.3119199104327972
2018-11-15,0.307763817618016,0.30945292888240394,0.33325603511995133,0.33399763347174394,0.30775551252276523
2018-11-16,0.21505875551408515,0.16849518239892855,0.3263969747780014,0.32721444821788154,0.28938529525637025
2018-11-17,,,,0.32171531504190415,
2018-11-18,,,,0.3170300798526068,
2018-11-19,0.23312816086790458,0.17476570013572953,0.31132036414143377,0.312712530519262,0.2733154228286022
2018-11-20,,,,0.3097066352026044,
2018-11-21,,,,0.30964198480290145,
2018-11-22,,,,0.307278291864141,
2018-11-23,,,,0.3049777439838878,
2018-11-24,,,,0.30308196735325554,
2018-11-25,0.3549046155397036,0.35399673173046686,0.3274412838403323,0.32815442628005054,0.2830277936578167
2018-11-26,0.32997779982199604,0.323590878180243,0.32647027031776366,0.3271970360672132,0.2844268663329854
2018-11-27,0.30179982594331317,0.275654954299851,0.31766193167000584,0.3185814846333134,0.27925133993288903
2018-11-28,0.2267882470570058,0.14528516737793892,0.3107473586490903,0.31162306318866595,0.25866262345428614
2018-11-29,,,,0.31044909869097714,
2018-11-30,,,,0.3893150300541384,
2018-12-01,0.3578230318126942,0.35522212587607743,0.3645522829626265,0.3647149180077719,0.27070356309559424
2018-12-02,0.30843405294288306,0.2820511595027345,0.39611717542277686,0.39584442378377444,0.2683013054649946
2018-12-03,0.3621751368645516,0.3580987768666576,0.3924483218131007,0.3924546631253135,0.2779642405452278
2018-12-04,,,,0.38099140363653683,
2018-12-05,,,,0.3678175390685313,
2018-12-06,,,,0.3600973515446466,
2018-12-07,0.39131505342062994,0.3781638132137816,0.35241491935157476,0.3527599521250262,0.29612117560049434
2018-12-08,0.3344158128821502,0.32164891250525113,0.34668431401401023,0.3470904756185359,0.29652916450183303
2018-12-09,0.29673207898321236,0.2500675884991687,0.3435222601807006,0.3439077655868448,0.2880896506141201
2018-12-10,,,,0.3394169770083652,
2018-12-11,,,,0.33430783325336694,
2018-12-12,,,,0.3319937614788317,
2018-12-13,0.38308473147228217,0.3701991561783364,0.3692561342731648,0.369460814190973,0.30397774307292125
2018-12-14,0.29002336883137564,0.2191209405973206,0.37807494193544505,0.3781715091167728,0.29150893261632643
2018-12-15,0.35892082386012353,0.3508764257113044,0.3739668009251443,0.374167178500801,0.2982979580213199
2018-12-16,,,,0.41813160971790847,
2018-12-17,,,,0.4009521640244037,
2018-12-18,,,,0.3832745343274922,
2018-12-19,0.3536350383895448,0.34033074365920957,0.3801090111006658,0.38032098735130604,0.306071859073312
2018-12-20,0.33295613759695064,0.2987641301024244,0.37071936077268525,0.37102105308242955,0.3026782811651304
2018-12-21,0.34461182056358697,0.3208570782009749,0.3658215430044833,0.3660516354309061,0.3037327608570694
2018-12-22,,,,0.3943193370871778,
2018-12-23,,,,0.3761901061690016,
2018-12-24,,,,0.3680874668175008,
2018-12-25,0.389449345902028,0.3750032459960438,0.3622759972634561,0.362621261921871,0.3212663298945859
2018-12-26,0.2685614722627176,0.16333145932595974,0.35581838451255043,0.3562210911236087,0.29814347684882936
2018-12-27,0.36271900293227166,0.34980678335156346,0.35092262544337904,0.3512787639401951,0.30464902400802213
2018-12-28,,,,0.350839815483433,
2018-12-29,,,,0.3479913263875321,
2018-12-30,,,,0.34323212440249296,
2018-12-31,,,,0.33953509039830765,
2019-01-01,0.3079821695172224,0.22529432653529197,0.33576814077714334,0.3364952748051462,0.2988993517293188
2019-01-02,0.34268715138288747,0.3128974409382671,0.33353363082445486,0.33417236775185993,0.30078687244055463
2019-01-03,,,,0.33085597276873835,
2019-01-04,,,,0.32779083324645164,
2019-01-05,,,,0.32549169289747926,
2019-01-06,,,,0.32376866013494393,
2019-01-07,0.30285248409747034,0.19409828934274023,0.3210561283052427,0.32239613552012175,0.29357616409209697
2019-01-08,0.30916295821257167,0.20642845826090317,0.3208946029350742,0.3225439693672069,0.28626171061165306
2019-01-09,,,,0.3232322661677747,
2019-01-10,,,,0.3203056640575666,
2019-01-11,,,,0.3170406345960686,
2019-01-12,0.3484923494012104,0.31244412440156816,0.31354590006619815,0.31499096278598904,0.29868662499386966
2019-01-13,0.3683161602099343,0.35025090576530155,0.31297400200260267,0.3141215647359709,0.30843435015217757
2019-01-14,0.3511372616880445,0.3145526209905183,0.3147749742332494,0.31605115527663025,0.3122015962693241
2019-01-15,,,,0.31414313217320966,
2019-01-16,,,,0.31063903463435383,
2019-01-17,,,,0.340123973258238,
2019-01-18,,,,0.3459455663557395,
2019-01-19,0.32071750922749914,0.223041493562485,0.34508721192934166,0.34538981369031685,0.31034608103250194
2019-01-20,0.33821301828306544,0.2764825115426589,0.34593624100478376,0.3461595745542884,0.3099068904590773
2019-01-21,,,,0.3451990438429262,
2019-01-22,,,,0.35812533221867077,
2019-01-23,,,,0.39113502389298843,
2019-01-24,0.3339671890281082,0.25709470831637365,0.3686112053801797,0.3685071836663328,0.3141366119267091
2019-01-25,0.35476634260417544,0.31616645724730696,0.36595674461541405,0.3659333306584795,0.3176393775140677
2019-01-26,0.3417860309752055,0.2780095844979444,0.3594083668697669,0.35955551474554365,0.3180568886459216
2019-01-27,0.35645120229706007,0.31653563370526067,0.37382501264528917,0.37362593318802084,0.32227341700964285
2019-01-28,,,,0.3996598741830978,
2019-01-29,,,,0.39697522985481365,
2019-01-30,0.3876385313166984,0.36803002794341166,0.40631974111452673,0.4056515535462985,0.3345883567260085
2019-01-31,,,,0.4139917485861455,
2019-02-01,0.33777584933583293,0.25790775927465054,0.4174822538905456,0.41661235502361593,0.3316735115460487
2019-02-02,,,,0.41190561781501456,
2019-02-03,,,,0.3957713073269253,
2019-02-04,,,,0.39097934368852627,
2019-02-05,0.40952484288901125,0.4269553818436965,0.41447412799004413,0.41392114809356,0.34940364556852105
2019-02-06,,,,0.4076543088999638,
2019-02-07,0.3795540410837041,0.3584344581832105,0.39874781539999987,0.39824179889287425,0.35506118515495216
2019-02-08,0.38490015157957685,0.36339284811652967,0.38930773147555,0.38909451955750674,0.3604134017136809
2019-02-09,,,,0.3817004208530369,
2019-02-10,,,,0.37828413459398164,
2019-02-11,0.3432286631636398,0.26602943415391567,0.37747028720687975,0.377542132841569,0.3559261925847443
2019-02-12,,,,0.3721198047442474,
2019-02-13,,,,0.36749300939727747,
2019-02-14,,,,0.36325656028959363,
2019-02-15,,,,0.35915982729744583,
2019-02-16,,,,0.35530274624828373,
2019-02-17,0.33096640324018156,0.22749888574659097,0.3509141983799556,0.351271381190127,0.3496232266897809
2019-02-18,0.3047160261626813,0.16792663365121663,0.3470132843542402,0.34734961277005494,0.3371377307653549
2019-02-19,0.31844858580139906,0.18948282414655448,0.34447847963186484,0.3449546470919282,0.3311065842818626
2019-02-20,,,,0.34267726288644357,
2019-02-21,,,,0.33935938255794096,
2019-02-22,,,,0.3357374861121893,
2019-02-23,0.29902824123184807,0.14528516737793892,0.33151199673575166,0.3320864516896492,0.3192272429135198
2019-02-24,0.30317752439108986,0.1675910905738672,0.328468377504126,0.32930294590163217,0.3118421112859464
2019-02-25,,,,0.3262571007936159,
2019-02-26,,,,0.3224883985141841,
2019-02-27,,,,0.31885776922071907,
2019-02-28,,,,0.31539878154080664,
2019-03-01,0.29254139026411735,0.14528516737793892,0.3125525245637613,0.31377545170780696,0.30459117110993933
2019-03-02,0.30522827756485016,0.17708976384143577,0.3110630858069588,0.3121667637765348,0.30094918928377556
2019-03-03,,,,0.30843727915473373,
2019-03-04,0.30903219986743946,0.18704984980742134,0.30616413118804664,0.30728513118509654,0.2992726707721002
2019-03-05,,,,0.3063518804615105,
2019-03-06,,,,0.3091606094037637,
2019-03-07,0.33824933440975924,0.2784506555235355,0.3263070967646292,0.32655584897250756,0.3015604386193096
2019-03-08,0.30246858437415197,0.1870995860855108,0.32066083226113395,0.32075891564244813,0.29888466127849056
2019-03-09,0.32809196987345446,0.2560787844700574,0.31660774671576564,0.31702860949805156,0.3018966274223387
2019-03-10,,,,0.3155855981988622,
2019-03-11,,,,0.3147877452215612,
2019-03-12,,,,0.3080457212580089,
2019-03-13,0.38756102803770515,0.3651357493786238,0.32956271627354194,0.32964309309107187,0.3142885228732298
2019-03-14,0.36556682277172214,0.3442693078226749,0.3331432898825823,0.3332881247395249,0.32159954659190687
2019-03-15,0.3937102001276742,0.37114859010018514,0.3262540763105867,0.32638716642225973,0.33274631462212606
2019-03-16,0.34555223043769256,0.30752342295176643,0.3178230578448755,0.31792741921503126,0.3342435718264085
2019-03-17,,,,0.31441943232497593,
2019-03-18,,,,0.3125948253957318,
2019-03-19,0.29029044460111253,0.17760012408205492,0.3308933943956221,0.33092805164069367,0.32502569606503
2019-03-20,0.27334339169102523,0.14528516737793892,0.32037355449942007,0.32034006635867357,0.31572552618489175
2019-03-21,,,,0.3092028746943978,
2019-03-22,,,,0.30041659692259537,
2019-03-23,,,,0.2926580297729548,
2019-03-24,,,,0.2850361847758458,
2019-03-25,0.31748809782289555,0.24364722040800968,0.27780256352032134,0.2784531698102831,0.3137025415742948
2019-03-26,0.2760010045548103,0.16588569407173226,0.2720579280038494,0.2727790371093455,0.30523870964565714
2019-03-27,0.3246297751547483,0.265818144119344,0.26631032050710646,0.26680921113317296,0.3066843823459366
2019-03-28,,,,0.2612411024451688,
2019-03-29,,,,0.25611257967597817,
2019-03-30,,,,0.24975219165516843,
2019-03-31,0.2776554675561143,0.16969332247474028,0.24300595327926203,0.24433763397836644,0.2970678144905325
2019-04-01,0.3988959398045267,0.3839256659061707,0.24056578840426715,0.24196970769489784,0.3129702706001145
2019-04-02,0.3572673001547933,0.3437362691257862,0.2638067437513833,0.26451846237628757,0.3191070268581927
2019-04-03,,,,0.299379522075261,
2019-04-04,,,,0.29879422684399215,
2019-04-05,,,,0.28761368719592023,
2019-04-06,0.40670214289441514,0.39454955192849545,0.34698400911119526,0.34667501535191153,0.3331747304724675
2019-04-07,0.3234209585470907,0.2812094318188129,0.3387824102434556,0.3386639126194749,0.3312883675716784
2019-04-08,0.4122429733410754,0.4269553818436965,0.3276401310216467,0.3276265300831056,0.34459085795119543
2019-04-09,0.2704140551797782,0.16970327641434865,0.3298842648495177,0.32991358760727585,0.3332444474492014
2019-04-10,,,,0.31571637028779154,
2019-04-11,,,,0.31760332679281333,
2019-04-12,0.30686601258258756,0.250860444140659,0.30407988662741614,0.3048516646459036,0.32723260533588705
2019-04-13,0.2605251769083834,0.16881125651615123,0.28833179091396544,0.28952265025809437,0.31631829721636523
2019-04-14,0.30331303206776,0.24992483338943056,0.27855122632398366,0.2796907339057701,0.3136985392325325
2019-04-15,,,,0.2822924401660231,
2019-04-16,,,,0.3519299099998269,
2019-04-17,,,,0.317018565257497,
2019-04-18,0.2557422604824592,0.17121692151797865,0.2984845727923449,0.29908652607189135,0.2995146584076153
2019-04-19,0.2456359890625862,0.16490833130449264,0.2839666523144815,0.2843840850293343,0.2885491483566602
2019-04-20,0.36645179523415816,0.36199144737524525,0.2700644170639185,0.2703722754271389,0.2988915107244243
2019-04-21,0.27742753924751623,0.2037574129723602,0.26031165822354424,0.26060436492491534,0.29353167117828993
2019-04-22,,,,0.2548725441063411,
2019-04-23,,,,0.2729369331682798,
2019-04-24,0.37067568114250965,0.3653682790044129,0.36193194772394344,0.3622517083163202,0.30151225310431756
2019-04-25,0.40899544467781546,0.4269553818436965,0.38733688231784225,0.3875129722933889,0.31764810780431996
2019-04-26,0.38338798947680375,0.37749523841942945,0.3685988507513798,0.36889356307597326,0.32781976388359363
2019-04-27,,,,0.35915445855528483,
2019-04-28,,,,0.34620184025374096,
2019-04-29,,,,0.33313987265964456,
2019-04-30,0.28228737351775923,0.22837274510285577,0.3195364768412841,0.31944731085754685,0.31646283435902967
2019-05-01,0.3119038102527908,0.2976338808623414,0.3065335362210153,0.3063210766419882,0.31490261911810086
2019-05-02,0.32196355603432397,0.3151569562295964,0.2986292745307317,0.29822455247754454,0.3154946776770912
2019-05-03,0.3134238791074422,0.30510652078741846,0.31189716986259586,0.3116238539710794,0.31444554436820693
2019-05-04,,,,0.31416748868560024,
2019-05-05,,,,0.3081197088297955,
2019-05-06,,,,0.292063810200874,
2019-05-07,0.4076608958341352,0.4269553818436965,0.27830759690542667,0.27771937051536183,0.327743524052536
2019-05-08,0.3801497376751963,0.37868302845744456,0.2865924227262859,0.285862374116844,0.3376570198060365
2019-05-09,,,,0.2953067107064893,
2019-05-10,,,,0.29587519691786335,
2019-05-11,,,,0.29830769457574696,
2019-05-12,0.25815882717456523,0.226176128856219,0.2818349525672379,0.2817432498086603,0.32149435232244006
2019-05-13,0.24146898104204975,0.19788378520617517,0.2624969756367171,0.26189526270027436,0.3085414647025566
2019-05-14,0.2946126756838036,0.30252966759432287,0.2446405624089844,0.24381452506850554,0.30635593161244096
2019-05-15,0.28222594650880584,0.28407205038558775,0.22834211243618993,0.22721051871639716,0.3025815769925796
2019-05-16,,,,0.2145752242411657,
2019-05-17,,,,0.3568370326479093,
2019-05-18,0.3203491054854034,0.3445677861124407,0.34824181168774926,0.3482102497773363,0.3020242146348435
2019-05-19,0.35109600311854555,0.36482336583612357,0.3438253347860928,0.343672911130546,0.31005266691583316
2019-05-20,,,,0.3517819397085261,
2019-05-21,,,,0.3318236743034397,
2019-05-22,,,,0.31312093161693877,
2019-05-23,,,,0.29471276851053047,
2019-05-24,,,,0.36801280956656757,
2019-05-25,0.36742750116126544,0.38094967838072946,0.35998778552592414,0.36002999497070265,0.31673551697319213
2019-05-26,0.3120860431685167,0.34781974712528935,0.33811378837356276,0.3377826547840114,0.3179245975625544
2019-05-27,,,,0.3319448230728756,
2019-05-28,,,,0.32801920805923807,
2019-05-29,,,,0.31980851769042046,
2019-05-30,0.2884159777138887,0.332418090722231,0.3075358273453952,0.3067929198315725,0.3095364505030137
2019-05-31,0.23666862846746842,0.26583159511328464,0.2909622263138546,0.2900551665879606,0.2996992268443194
2019-06-01,0.3185917114082469,0.35712228292733844,0.27251601523940194,0.2715803297106778,0.30447496060698076
2019-06-02,,,,0.25369404657499606,
2019-06-03,,,,0.2407500417195727,
2019-06-04,,,,0.24741311754750842,
2019-06-05,0.39744044756995695,0.4269553818436965,0.3754895426608522,0.3746741781411971,0.3187583300798382
2019-06-06,,,,0.3410765359322968,
2019-06-07,0.299750642302691,0.3490246770578154,0.32606327072891944,0.3256061268505673,0.3182780205563443
2019-06-08,0.21991502763058884,0.2632656446155754,0.30570437688141855,0.30494228913107296,0.3048685627902032
2019-06-09,,,,0.28573717215760536,
2019-06-10,,,,0.2783851043437196,
2019-06-11,0.3279324396895992,0.36451739364629093,0.28536636271769195,0.28479536279440604,0.308852252874015
2019-06-12,0.2797204532827959,0.3408863305633,0.2860050736311827,0.28560473901847916,0.30737292023592755
2019-06-13,0.23631624568949747,0.2994268765766746,0.2702847313065872,0.26987673099763804,0.2995133093021727
2019-06-14,,,,0.2575145377846576,
2019-06-15,,,,0.32268987149411676,
2019-06-16,,,,0.3002568668272045,
2019-06-17,0.25921870866740604,0.32738277341505684,0.2737979428260338,0.27351115807178855,0.29157151227463346
2019-06-18,0.3221188816389982,0.36516453474238797,0.2507324667764269,0.25043138372784285,0.30083201185875047
2019-06-19,0.314087498799007,0.36299180656059576,0.2339958657052666,0.23383313167455502,0.30714325358658084
2019-06-20,0.22201800627184837,0.2958354551953297,0.25954011371019714,0.2594623299418135,0.296805418744968
2019-06-21,,,,0.29513879455930714,
2019-06-22,,,,0.28469784697211425,
2019-06-23,0.23982382870442565,0.3162661768891569,0.2583180185339808,0.25814407379241955,0.2877536891086024
2019-06-24,0.31915306605332916,0.36641167692407084,0.23534355272735805,0.23523049062532023,0.29692226543583167
2019-06-25,0.3274612863600346,0.37046166231480454,0.2165651736367551,0.216599324627875,0.3058600122353425
2019-06-26,,,,0.1991776627995324,
2019-06-27,,,,0.18286781271485703,
2019-06-28,,,,0.17090402871138904,
2019-06-29,0.35618584287672084,0.3860625184008091,0.1650551998956039,0.16513237926404759,0.3150166817885772
2019-06-30,0.38456575355841405,0.4269553818436965,0.16437852947725395,0.16451273719390114,0.33132786786697843
2019-07-01,0.30553486833875326,0.3631108746677769,0.15816052349630486,0.15831231417475122,0.33203054833087314
2019-07-02,0.20751282711205693,0.28789058207285706,0.1555875171941712,0.15585087602744424,0.31640969651858564
2019-07-03,,,,0.1539147959848171,
2019-07-04,,,,0.15035548400297882,
2019-07-05,0.2512322932850021,0.33339814148583113,0.14691109441139477,0.14724389419449174,0.30533948577391035
2019-07-06,0.2947113085199591,0.3612979165058082,0.14756804211885696,0.14784838463673683,0.30687447365637366
2019-07-07,0.37203741179545935,0.4269553818436965,0.15767566190844784,0.15776657571926192,0.3191160753796074
2019-07-08,,,,0.15493695494574816,
2019-07-09,,,,0.21305432572597963,
2019-07-10,,,,0.2199276421840016,
2019-07-11,0.31652521186726995,0.37355721688149657,0.19896300736170275,0.1986914116812383,0.31672707002162953
2019-07-12,0.32049321631241035,0.3758183245820858,0.1822039197997309,0.18210721146197664,0.32017648298649865
2019-07-13,0.2176679399685208,0.30191030855510254,0.17153224140354992,0.17155396521420513,0.3082544712452273
2019-07-14,0.17994528808298807,0.2478267446028489,0.16275160104013653,0.16306379592236753,0.2926769879254088
2019-07-15,,,,0.15629745895606215,
2019-07-16,,,,0.1521719668574018,
2019-07-17,0.27538548040706057,0.3544545964965797,0.14837522830420036,0.14931765975633887,0.2880859068131446
2019-07-18,0.2723601620080469,0.35259916600683805,0.14657026786079214,0.14766951644021142,0.2874938413667387
2019-07-19,,,,0.14630489391546728,
2019-07-20,,,,0.14537941758872525,
2019-07-21,,,,0.14530128709720677,
2019-07-22,,,,0.14435049119465598,
2019-07-23,0.1867915224083898,0.25632063634756036,0.1424652861604349,0.1435203176826726,0.2698160265790713
2019-07-24,0.22019180278267006,0.30787970545264853,0.1418487246772459,0.14291082483714002,0.2648998800800771
2019-07-25,0.20540444563151677,0.28700095681181126,0.1481910246165961,0.14914585488347276,0.2588126244764166
2019-07-26,,,,0.2037758898389564,
2019-07-27,,,,0.2924751585789031,
2019-07-28,,,,0.2990415672669406,
2019-07-29,0.22683590183967112,0.3181829608490667,0.2610545102391188,0.2597703184012886,0.2516573047506458
2019-07-30,0.2936609676562736,0.3742680464430321,0.24263940022400327,0.24185700062508972,0.2584415742521088
2019-07-31,0.15515992288056038,0.20052464185157828,0.22485599066933531,0.224660461879513,0.2478436434135372
2019-08-01,,,,0.223806077069535,
2019-08-02,,,,0.22043490175521324,
2019-08-03,,,,0.2027075427366908,
2019-08-04,0.2617420877781595,0.35603023511341625,0.18641567517371185,0.18654798645160062,0.24736773345392005
2019-08-05,0.26663817427540804,0.3588226996000509,0.17456759448328565,0.1747476124562649,0.25033365033029253
2019-08-06,0.277718265747561,0.3638746931077855,0.16634441014538834,0.16661501714513127,0.25365630088864777
2019-08-07,0.28319768361538994,0.3669176674022842,0.3209946754946364,0.32151619848477986,0.255148805454756
2019-08-08,,,,0.29622700865042007,
2019-08-09,,,,0.26327098460625986,
2019-08-10,0.3167790561759446,0.3881552743982532,0.2914779762648967,0.290969932638356,0.2541794970807811
2019-08-11,0.3360241553589434,0.4269553818436965,0.33507561397147545,0.3344985894329425,0.259412510091165
2019-08-12,0.2905211131428273,0.36872047727405177,0.33269881294745923,0.3327215605532334,0.2605515740112007
2019-08-13,,,,0.3014522590856914,
2019-08-14,,,,0.27511129761433817,
2019-08-15,,,,0.2560942500944913,
2019-08-16,0.2485928491194064,0.33422123142046506,0.24152655469371295,0.24190590568365355,0.25198626143297637
2019-08-17,0.20514752174030126,0.2693803512099117,0.22367965801162465,0.22408800281265906,0.24813896785784503
2019-08-18,0.2849420240250077,0.36259124715173385,0.22168998434655646,0.2221231503499466,0.24895212761193203
2019-08-19,0.2048327314546982,0.2682049938201621,0.2807447970466042,0.28206420327368104,0.24394999013836444
2019-08-20,,,,0.30352390548162345,
2019-08-21,,,,0.28562234414132615,
2019-08-22,,,,0.25830938046182883,
2019-08-23,0.3162013380950226,0.3754698900131944,0.234349745886293,0.23565663266267095,0.24708550784715202
2019-08-24,0.28244752819374563,0.35546376594581736,0.21468574230395918,0.2157476654955901,0.24740415129028176
2019-08-25,,,,0.1994011937115914,
2019-08-26,,,,0.1878296829227927,
2019-08-27,,,,0.18965081966489328,
2019-08-28,0.2254128015325096,0.28656255733233804,0.20429571120925968,0.20520073138386796,0.24572151749475377
2019-08-29,0.2676725778666412,0.34044215939532185,0.19317333863529879,0.1940971551536232,0.24658895810110748
2019-08-30,0.2202520026525277,0.276050460309807,0.18270290089183644,0.183438603037089,0.2435579599743147
2019-08-31,0.19305431700154294,0.22987989984147192,0.17437204702663286,0.1750959431938517,0.2393099133626024
2019-09-01,,,,0.17109931707678638,
2019-09-02,,,,0.17041237845944673,
2019-09-03,0.153067483524925,0.1757369653220371,0.1645878742665726,0.16518229119879388,0.23494433703613818
2019-09-04,0.3766541071858383,0.4269553818436965,0.16038784946761953,0.16093826974839426,0.24274121904501328
2019-09-05,0.1496747478838268,0.1720852613270655,0.158521377966251,0.1590709300032691,0.23619931454457452
2019-09-06,,,,0.15706845879680126,
2019-09-07,,,,0.15545694431876694,
2019-09-08,,,,0.1567650137561795,
2019-09-09,0.27409553706682227,0.3283303118010063,0.15453787705245486,0.15514241260511785,0.23963264161696957
2019-09-10,0.2740816753513883,0.3267222125130318,0.17919446211152074,0.1801541975169893,0.24086504281356239
2019-09-11,0.21054924829867822,0.23831136614215917,0.178261612341878,0.17910999882445683,0.23761687738665987
2019-09-12,0.2832455476136945,0.3358835289959069,0.17177116990610974,0.17263180057191593,0.23942608236472473
2019-09-13,,,,0.16728020637269167,
2019-09-14,,,,0.16311235114721867,
2019-09-15,0.26122547249806094,0.3084577541235036,0.15918756261831157,0.15970577996027513,0.2423834473148246
2019-09-16,0.2255293327374087,0.254858713019305,0.1567608253855433,0.15743167586797713,0.23999842082871664
2019-09-17,,,,0.15574478102839617,
2019-09-18,,,,0.15582438440531254,
2019-09-19,,,,0.15874492689304154,
2019-09-20,,,,0.15890714782848825,
2019-09-21,0.2319371659244548,0.25690448637241603,0.16213227240348083,0.16298176573215195,0.24037093054142886
2019-09-22,0.32229217233714225,0.35678827867248786,0.2500762315070507,0.25144899324130454,0.24638270314462707
2019-09-23,0.38740405516858534,0.39238543377608814,0.2790718465746307,0.2805653154684256,0.25689146293277526
2019-09-24,,,,0.2805426287107924,
2019-09-25,,,,0.2755973382441613,
2019-09-26,,,,0.27440804599753066,
2019-09-27,0.2431617912804554,0.2672328897282121,0.2564633217529341,0.258044732889301,0.2587328463551607
2019-09-28,0.36294106690778516,0.37415604038252653,0.24253562607929774,0.2439690751205654,0.2675952387121265
2019-09-29,0.23943515532197035,0.2584945120105563,0.22843659981588943,0.22976119283051488,0.2620408628228822
2019-09-30,,,,0.21779162108832478,
2019-10-01,,,,0.22405674936776912,
2019-10-02,,,,0.23331934560512838,
2019-10-03,0.24692575718664303,0.26509688229301465,0.22438011985611928,0.2258664025707423,0.26114631298518737
2019-10-04,0.36421384665450585,0.37098338126335545,0.22168462532478242,0.22312182741081793,0.27080296382182245
2019-10-05,0.19618502847240854,0.19180787027709634,0.22119358570894243,0.2226427775101653,0.2598968517129552
2019-10-06,0.24460269501127094,0.2591528717859361,0.22076095362303572,0.2222745487811231,0.25603291345740503
2019-10-07,,,,0.2187649107910309,
2019-10-08,,,,0.21252770070955118,
2019-10-09,0.30397634582702066,0.3288793839908021,0.2258314544398608,0.2270177051814828,0.2610721753624381
2019-10-10,0.25791663400527826,0.2745621425353621,0.22290528050327518,0.2240951278429184,0.2579835919213589
2019-10-11,0.27385101504664633,0.2971968897584118,0.21544449720075487,0.216789765672304,0.25685629458492765
2019-10-12,,,,0.20952643744266708,
2019-10-13,,,,0.20200329003530704,
2019-10-14,,,,0.25010005952934844,
2019-10-15,0.27886744309197614,0.29944771924394714,0.36748390433170963,0.368484418225759,0.25804576898853976
2019-10-16,0.2791406722745326,0.2993214048540995,0.3282423403264313,0.3293719173516675,0.2576666309571398
2019-10-17,0.35080969265815864,0.3608936217755932,0.31564451128817955,0.31673375016901467,0.26603520656432433
2019-10-18,0.3086904085123604,0.3288433510960439,0.3362898897453058,0.3372535022647151,0.2679893075254868
2019-10-19,,,,0.3473865819889551,
2019-10-20,,,,0.34547132303367084,
2019-10-21,0.35859144540770443,0.3633444729052376,0.33281459332096985,0.3335586046554294,0.277562646894999
2019-10-22,0.33619481722108835,0.35178735310250764,0.35474265088938767,0.3552850045976499,0.2817932291947473
2019-10-23,0.3568426206235913,0.3627421795723956,0.4059513343292298,0.40620061084853,0.28803698610276096
2019-10-24,,,,0.4054573175785549,
2019-10-25,,,,0.3900580480467933,
2019-10-26,,,,0.3711266718733356,
2019-10-27,0.3703448740966679,0.36898453802549985,0.3576945049344771,0.3583332481821296,0.29780260672466097
2019-10-28,0.36645709290914663,0.3663334163643359,0.34939028939214045,0.35006847625841386,0.3043721757577836
2019-10-29,0.3153046261558307,0.3295756766493546,0.3412710220923074,0.34203323389104584,0.3027038236952984
2019-10-30,0.28225558329494277,0.2870703377186332,0.3337497491397486,0.3346180561528478,0.297314354830185
2019-10-31,,,,0.3691488673904278,
2019-11-01,,,,0.38403317265149384,
2019-11-02,0.3233025656660919,0.33804380888864466,0.40779797501097276,0.4077414727786717,0.29897354303744944
2019-11-03,0.3864204151719853,0.379621079822101,0.4187184242526496,0.4181793246104561,0.3084851337304149
2019-11-04,0.3921925845308535,0.3833757027576496,0.4219138512025466,0.42116739434180805,0.31779382170502973
2019-11-05,,,,0.4102288151658739,
2019-11-06,,,,0.40902173316950885,
2019-11-07,,,,0.4094095088424155,
2019-11-08,0.42111410102973695,0.4269553818436965,0.4026582159836268,0.4022953318084832,0.33498237614225373
2019-11-09,0.3621449723541421,0.3631481325287369,0.3943359680547951,0.39407582300580685,0.3369975955162088
2019-11-10,0.29632742808201656,0.30021710747793584,0.386696177567294,0.38656522679950256,0.328893768053956
2019-11-11,0.3729149337281975,0.3685076100820427,0.3867372308651621,0.3864800127472834,0.3338400662701631
2019-11-12,,,,0.38246110307087106,
2019-11-13,,,,0.37500881747371434,
2019-11-14,0.33501813464865526,0.3433228818774095,0.39806612237722677,0.3972601720434219,0.3336777078488692
2019-11-15,0.39240005390844507,0.3813245849214749,0.40350472485038125,0.4026302133735469,0.3411397591607452
2019-11-16,0.38396263459221835,0.37536518618965725,0.411573730721753,0.41049124456759156,0.34613642335835776
2019-11-17,,,,0.40646045213864035,
2019-11-18,,,,0.4049368831616156,
2019-11-19,,,,0.38767766492702577,
2019-11-20,0.33053103075422324,0.33246049445810566,0.3787373499373101,0.3783223113173061,0.34281554746028853
2019-11-21,0.3582968787187949,0.35868218100278515,0.37205089128894275,0.3718544200460726,0.3428915492820756
2019-11-22,0.32226571074057614,0.32009587031233094,0.3696720201046892,0.3694946314683405,0.3369606693702763
2019-11-23,0.41833481983518045,0.4269553818436965,0.3842622351578604,0.38378861882867654,0.3482596791392878
2019-11-24,,,,0.38622306459780753,
2019-11-25,,,,0.39154211336188643,
2019-11-26,0.41659464424515424,0.3996245637750105,0.37937393462363755,0.37896488007016693,0.36239847798699787
2019-11-27,0.41230471471017643,0.3962182487906416,0.3900907513697282,0.3894740757920955,0.37153780483862453
2019-11-28,0.40579312486127234,0.3912162111154853,0.3856288636266468,0.3852268419370255,0.3777603932874043
2019-11-29,,,,0.3895745825941712,
2019-11-30,,,,0.3903731632889501,
2019-12-01,,,,0.394979328821478,
2019-12-02,,,,0.383734116460752,
2019-12-03,0.378800081158464,0.369358673792122,0.3763005879859296,0.37638399484981433,0.3818255070690487
2019-12-04,0.39281849545104175,0.38065414078548365,0.37062000968015135,0.3707317470960444,0.3861271827803329
2019-12-05,0.32138145887429603,0.3071275148264057,0.36584812206583567,0.36597452469176456,0.373835928847149
2019-12-06,,,,0.36291255425979885,
2019-12-07,,,,0.3608161611047121,
2019-12-08,0.34500563172342685,0.34001784951621566,0.37268283066205243,0.37283914114277156,0.3699092057139995
2019-12-09,0.3709437168702287,0.3623851448788026,0.3928957752035469,0.3929031756321024,0.3705112220518305
2019-12-10,0.36409424357976494,0.3579287580662787,0.3786833226470972,0.3788904389974706,0.36967440720340694
2019-12-11,,,,0.3907003079596893,
2019-12-12,,,,0.4149462568563528,
2019-12-13,,,,0.42207097161526785,
2019-12-14,0.3604207804013158,0.3525031851699649,0.406528932622762,0.4063653052653994,0.3702651076628221
2019-12-15,0.38954849650776124,0.3758235353185423,0.3941912351691416,0.3942445552258863,0.375511395295557
2019-12-16,0.41625005938459914,0.4269553818436965,0.38689535736770914,0.38703393398601427,0.386338274556832
2019-12-17,0.3785841139062969,0.3655172607674051,0.38477695602963624,0.38472424177993997,0.38656344582289726
2019-12-18,,,,0.38957149456130613,
2019-12-19,,,,0.38516346675164387,
2019-12-20,0.35173700707638395,0.33569265926193576,0.4090021840335566,0.40904804680034357,0.38038437953915116
2019-12-21,0.3880702114877078,0.37562520264635463,0.41842274520279343,0.4183681870133039,0.3837686625377626
2019-12-22,0.4124145724226778,0.4269553818436965,0.42494397908133325,0.4247487976102221,0.39283880873426846
2019-12-23,0.41314726676731456,0.4269553818436965,0.4134019388356238,0.41303098803238525,0.40100883052444436
2019-12-24,,,,0.40149964193840076,
2019-12-25,,,,0.3948289750236311,
2019-12-26,0.3603888605282242,0.34721432125232843,0.38975457374110567,0.3897041747998804,0.3962915279914644
2019-12-27,0.3871692554226421,0.3726041993109365,0.38565895583844045,0.3855216158632461,0.39777663827062437
2019-12-28,0.35814016035171004,0.34420565234063877,0.3821077722643789,0.3820437739314763,0.3918736743179954
2019-12-29,0.3414836753433835,0.3129338127141039,0.37899804941882,0.37906914428466487,0.3836243984069378
2019-12-30,,,,0.37626124950561235,
2019-12-31,,,,0.37399060411100676,
2020-01-01,0.3329163063627361,0.29425461976537093,0.37238841383729754,0.3727207270967085,0.3739322205905168
2020-01-02,0.3565624260551157,0.3406439028961665,0.3695792113338363,0.36993992507610385,0.3704486179841074
2020-01-03,0.38883690149615197,0.37325945022141166,0.3676705028321996,0.36808982806496016,0.3745463627799998
2020-01-04,0.3624175223979858,0.34633452992771835,0.3671523848900881,0.36763200956538034,0.37264662247212643
2020-01-05,,,,0.36530985952211226,
2020-01-06,,,,0.3626313959140369,
2020-01-07,0.31881477642878586,0.23800832709726505,0.36143881483424667,0.3618689351696592,0.3609712296400784
2020-01-08,0.3719832360328799,0.35648433322671413,0.35972597770900583,0.3602338900638087,0.36209736153782834
2020-01-09,0.39104147567711933,0.37596265470228446,0.3605172723002094,0.3609976392136439,0.36728072507601833
2020-01-10,0.37405170043660113,0.3581058778838891,0.3722295998782136,0.3722758987716872,0.36829916182681516
2020-01-11,,,,0.36471328499678396,
2020-01-12,,,,0.3598644398697801,
2020-01-13,0.33950555487841766,0.2893577083695872,0.3569777110845508,0.35709984189920585,0.3623120123044767
2020-01-14,0.3621042517846875,0.3399852490078267,0.3544424551518543,0.3545773106958937,0.36130184595559484
2020-01-15,0.3558680762931502,0.32401779927312396,0.35232558352870325,0.35249566167560215,0.3592782874105684
2020-01-16,0.3633108031141715,0.3418775523030522,0.350274161800903,0.3504519840309091,0.35918099835110234
2020-01-17,,,,0.3790290752680876,
2020-01-18,,,,0.38075856598987884,
2020-01-19,0.28672368117176,0.14528516737793892,0.3729283809884912,0.37273087231525104,0.34491230807263096
2020-01-20,0.3625046814093761,0.33790422247520613,0.36522901110088546,0.36515485372372075,0.34573608775022346
2020-01-21,0.3212887208069656,0.21917722656180572,0.36009559223144316,0.36015759972082095,0.339836180855534
2020-01-22,0.3877139693121767,0.3674533102336053,0.3850842737978066,0.38468300000038547,0.3463407907408544
2020-01-23,,,,0.39696211222924843,
2020-01-24,,,,0.3895919300704351,
2020-01-25,0.34881014340566685,0.30363779530848284,0.3799416225370062,0.37958500585937976,0.34598682264660563
2020-01-26,0.3569075550242706,0.31881557304242697,0.38934021978400823,0.38876700344617693,0.3463038539612448
2020-01-27,0.39845590033057215,0.38113186689257816,0.3865443293142003,0.3860815987178471,0.3538786603177048
2020-01-28,0.38581781299927703,0.36575002049449795,0.3941052109033532,0.39363211292519257,0.3582945672318737
2020-01-29,,,,0.3828790986061855,
2020-01-30,,,,0.4121722962471189,
2020-01-31,0.3972289414854815,0.38031827060013385,0.4064718181491132,0.4057511285887421,0.36500389212931944
2020-02-01,0.3624185434671441,0.32915511489482435,0.40205707171849075,0.40145016173900705,0.3639980326408037
2020-02-02,,,,0.3901140520777615,
2020-02-03,0.3802069900047536,0.3604130469555099,0.38217453773485294,0.3819657987126329,0.36648644211314335
2020-02-04,,,,0.3759639290878361,
2020-02-05,,,,0.37125365618803274,
2020-02-06,0.343000995715386,0.26748195843589945,0.3664010196273815,0.3665340978662191,0.36138887712473955
2020-02-07,0.3662363713677019,0.3350197236878792,0.3628174976920376,0.3630434350182387,0.3617609317372223
2020-02-08,0.35376445752810537,0.30132401820742205,0.3599203778154055,0.3601391664558798,0.3596454283083
2020-02-09,0.37780406917727516,0.35513459391828106,0.3571387675811825,0.35740136102218334,0.36204661111813513
2020-02-10,,,,0.36499861817539914,
2020-02-11,,,,0.3672820180427368,
2020-02-12,0.3675130376114968,0.3378730829497711,0.36446264380843896,0.3645643497387772,0.3626844596537686
2020-02-13,0.3552859133789138,0.3057322923106026,0.3592022431326612,0.35943933068269096,0.3609648119436227
2020-02-14,0.32188411146753315,0.1928985740701735,0.3551591499187624,0.35533599865411125,0.3543039967108864
2020-02-15,0.3742986261152616,0.35003799893749815,0.35116517927150986,0.3513519725208782,0.35629428338349134
2020-02-16,,,,0.34726509290972934,
2020-02-17,,,,0.3525416823098989,
2020-02-18,0.3502528275420611,0.2957663143025808,0.35271521131397954,0.3529608068010342,0.35517861705670817
2020-02-19,0.32828343580533603,0.21623185571176773,0.34926015237629665,0.3496615118095866,0.35077097604516244
2020-02-20,0.3179801677212714,0.18793830725951755,0.3451243539819828,0.34549401787377254,0.34487327494165976
2020-02-21,0.3816663308679843,0.3606768165625683,0.34100501097570607,0.34139900932697137,0.34933045939676477
2020-02-22,,,,0.33848835848492526,
2020-02-23,,,,0.3351580811141033,
2020-02-24,0.30953074235944145,0.1746456146000556,0.33209933117056734,0.3328598935400811,0.3416807072072671
2020-02-25,0.4058092334789314,0.38996243378182327,0.3410424628365532,0.34157916814644806,0.3505740757473229
2020-02-26,0.3903965330034143,0.36927438231943477,0.3598180870644213,0.3599679396901822,0.35602244613382533
2020-02-27,0.40613213222525135,0.38863713939800104,0.38935128998794855,0.38905398218048765,0.3625228181939834
2020-02-28,,,,0.38238085863484417,
2020-02-29,,,,0.3739579182189458,
2020-03-01,0.41836240116626133,0.4269553818436965,0.39255997002089604,0.39218483682122274,0.3710215264348627
2020-03-02,0.41892057272067607,0.4269553818436965,0.410260243833769,0.4095297823100885,0.37792346354311146
2020-03-03,0.41504466758209196,0.3947968438663918,0.4092147452078383,0.4083528501807415,0.3833818553533658
2020-03-04,0.4111146499118639,0.3894632221030462,0.4084809158603249,0.40778051424056755,0.3879390123382751
2020-03-05,,,,0.40717747060074977,
2020-03-06,,,,0.4099076349175858,
2020-03-07,0.39147486050720326,0.369224058504976,0.39751863961667866,0.39713756308334436,0.38991587656539034
2020-03-08,0.4191532717563505,0.3981586673643199,0.38853328190002295,0.38828254318273614,0.3947799117113678
2020-03-09,0.3907801934218617,0.36692383841177817,0.3938309968498229,0.393358628204599,0.39575839365498355
2020-03-10,0.36453978978827595,0.3412339597988464,0.39119539634711453,0.3908211017815208,0.39334046623290986
2020-03-11,,,,0.3811309403946077,
2020-03-12,,,,0.3779921663221387,
2020-03-13,0.3843845077163974,0.36319277306418346,0.3865977611025578,0.38625852490394474,0.39340152914529125
2020-03-14,0.3453826749656503,0.30713903857518227,0.37437337274472804,0.3740009473357332,0.3887764553409048
2020-03-15,0.3728201698919032,0.35229627732449953,0.368441738497994,0.36804075869175223,0.38817805509484543
2020-03-16,0.4181791897000155,0.3963903015399194,0.4011456834012703,0.4005092589145881,0.39286898012274857
2020-03-17,,,,0.3864443639052554,
2020-03-18,,,,0.3770328182715604,
2020-03-19,0.3603822290808447,0.338548150379379,0.36862644096499003,0.36810797834526343,0.3884921487066468
2020-03-20,0.32926823942744904,0.2700864569453735,0.35967645320916414,0.3590805087840551,0.3823991433744588
2020-03-21,0.3336883937946498,0.28265594441202196,0.35167685764413636,0.351172455262225,0.3778226577164769
2020-03-22,0.3662265160824839,0.34825915025247417,0.3461901798353758,0.34581193730435855,0.3767708355282003
2020-03-23,,,,0.34790467908595246,
2020-03-24,,,,0.34866082425450534,
2020-03-25,,,,0.34119130548525,
2020-03-26,0.3273601815086472,0.272791747332715,0.34217069688833024,0.34190610961247964,0.37006973977715807
2020-03-27,0.3566170579086865,0.33841453615662614,0.34262982755541105,0.34231909075820427,0.3694608609505437
2020-03-28,0.3536020688825677,0.3343304127269067,0.33257930276909947,0.33228697522459044,0.3680862355139466
2020-03-29,,,,0.32676616290882576,
2020-03-30,,,,0.3274972764766886,
2020-03-31,0.31967533277477134,0.26047704963771884,0.32246906333022335,0.3224710290362342,0.36179363091242084
2020-04-01,0.3421623774554865,0.31533522360049293,0.3164011917251622,0.3164578489543973,0.36015122395515536
2020-04-02,0.29958784243246045,0.21009406233935338,0.3115466248350301,0.3115499964333291,0.3526210089865285
2020-04-03,0.30955232792565657,0.23896640257177126,0.30694548751475836,0.3070687458437729,0.34692568826377845
2020-04-04,,,,0.3000886361506375,
2020-04-05,,,,0.2920273209458195,
2020-04-06,0.30986828252518256,0.24639243242919726,0.28419334868023793,0.2850190299401635,0.3410585524706864
2020-04-07,0.31364486163829003,0.2575911235004602,0.2886098146505338,0.2891110054401951,0.33732363153978157
2020-04-08,0.2601585759367124,0.14528516737793892,0.2884518625406988,0.28886568952867786,0.32682628456002977
2020-04-09,0.3096267955804165,0.2530578657012182,0.28030375201590574,0.2809150402000273,0.32341733081718055
2020-04-10,,,,0.2703085376774113,
2020-04-11,,,,0.26112683222444055,
2020-04-12,0.3936169502096724,0.38137861530328054,0.25628655913240894,0.25791761401822,0.331585341478879
2020-04-13,0.3543545364387255,0.34803016544679993,0.2615470498846538,0.26282809887924397,0.33482315937859036
2020-04-14,0.24786749396511593,0.14528516737793892,0.2642144154910745,0.2649733713416604,0.3229364117055138
2020-04-15,0.25584375546704724,0.1692597492487314,0.2514528730846833,0.25243438712424715,0.3130858103869974
2020-04-16,,,,0.2426933078898038,
2020-04-17,,,,0.24160154269359269,
2020-04-18,0.39025966121323075,0.3806485196521317,0.24557248538663062,0.24590928404244705,0.3217605248031067
2020-04-19,0.4012351087390539,0.391480173040912,0.27046121842525406,0.2707708081061681,0.3325876235471533
2020-04-20,0.34987698424028313,0.34851990997181603,0.29726545701234036,0.29764652376675726,0.33503906802914724
2020-04-21,0.4101534498799576,0.4269553818436965,0.37242008757957107,0.37290560101245157,0.34528900180608957
2020-04-22,,,,0.36400381905741186,
2020-04-23,,,,0.34673215424916,
2020-04-24,0.3474111803294922,0.34740744685386066,0.33184954002084166,0.3321065259827685,0.34485115034486497
2020-04-25,0.35036345415357273,0.3504168400434148,0.3190691962331561,0.3192717569215874,0.34687351240305025
2020-04-26,0.3437366381138068,0.34566589570207656,0.3162989761702793,0.3165265916273073,0.3470348470939187
2020-04-27,0.39765901140485543,0.39158533260898726,0.3402874044550116,0.34049003938782346,0.35487043602733387
2020-04-28,,,,0.3596610141758217,
2020-04-29,,,,0.34456263158086625,
2020-04-30,0.39108793117461127,0.3853406844240646,0.3461497375713134,0.3462078409600455,0.3607342112486592
2020-05-01,0.3798423621796471,0.3758982282360646,0.38438594914495505,0.3846132889143286,0.36567838960865034
2020-05-02,0.40903056736154514,0.4269553818436965,0.38396586411320544,0.38433312267836994,0.374329150171844
2020-05-03,0.3588693375142735,0.3614251982590666,0.3659462285797341,0.36643092848310765,0.37429362989940523
2020-05-04,,,,0.3448589308315356,
2020-05-05,,,,0.3366609296871814,
2020-05-06,0.28759303115006757,0.2639545880628834,0.32046279312858567,0.3201076912824473,0.36273549989380927
2020-05-07,0.3262208732706213,0.3324663191610962,0.30547029898292094,0.3049088218394344,0.3603229538133499
2020-05-08,0.2125296090869213,0.14528516737793892,0.2953348626338539,0.2947075055313757,0.34178489473583284
2020-05-09,0.2770758195898248,0.25648034521727564,0.2940387695405466,0.2936199201733385,0.3339546282125149
2020-05-10,,,,0.3823575605601298,
2020-05-11,,,,0.420086797622093,
2020-05-12,0.40442341479517785,0.4269553818436965,0.4004967259630056,0.4009620486085914,0.34368123827355385
2020-05-13,0.39469250431719405,0.39319663293906,0.4101712265847031,0.41068924022955683,0.35275638746741267
2020-05-14,0.40429032981729807,0.4269553818436965,0.3945971652877182,0.3947978064669709,0.3619395906465003
2020-05-15,0.3745972332006312,0.37987932738315205,0.3960700518606929,0.39621443564779224,0.3652865042221405
2020-05-16,,,,0.3748259604164416,
2020-05-17,,,,0.356817003864175,
2020-05-18,0.29041520171643265,0.3090120062856261,0.34082790703595367,0.34065753852768044,0.3550610514050603
2020-05-19,0.2415189849772984,0.2236316529283334,0.32606239089121836,0.3256945826291399,0.3421659611808804
2020-05-20,0.30754071514383957,0.33407129534316454,0.311918122760275,0.31129009309613853,0.3389678487978613
2020-05-21,0.3308573068492612,0.3567933956370142,0.29921318061312835,0.2984517624224516,0.3387495218154007
2020-05-22,,,,0.2868613574327555,
2020-05-23,,,,0.2884745188902484,
2020-05-24,0.2750569114380071,0.30528547321248645,0.28435276001428306,0.2835612318305125,0.3296895482345913
2020-05-25,0.3363558483440808,0.3625676837685867,0.26993820963885706,0.26893867692564627,0.33215740994248166
2020-05-26,0.21922587441094543,0.21757731649352927,0.2564109407536956,0.25530972476393277,0.3194542014053656
2020-05-27,0.2937876310483919,0.3361027950346148,0.24318484154431644,0.24189058352551138,0.3165266579947026
2020-05-28,,,,0.22913986510480863,
2020-05-29,,,,0.21723020938123588,
2020-05-30,0.30375405167133707,0.34776818146261085,0.20776682886598105,0.20634007368722618,0.31376636973161215
2020-05-31,0.31815809633617637,0.35688751869328567,0.19782976592487952,0.1965766155268629,0.3159291243631438
2020-06-01,0.15793615719225734,0.1714850447334253,0.21680956440703622,0.2156797952017544,0.29825053259085677
2020-06-02,0.33974124590168253,0.368516973208962,0.2841678347804665,0.28309057815509553,0.3030243199097374
2020-06-03,,,,0.2654909621519019,
2020-06-04,,,,0.27997554570462696,
2020-06-05,0.31826309083452753,0.3591809046146548,0.3138471699866129,0.31328225828426676,0.30453177062880615
2020-06-06,0.3462601190456284,0.3723344368811487,0.29930598787894463,0.2988859153568392,0.3110848860532167
2020-06-07,0.34461369127328345,0.37142190935339287,0.3031409087908361,0.3023898486614792,0.3164407822555079
2020-06-08,0.3801907697639197,0.3907612191827367,0.30587151194699386,0.30511680254865686,0.3250194446052022
2020-06-09,,,,0.3401015913660993,
2020-06-10,,,,0.3239277219490762,
2020-06-11,0.37296466783033144,0.3873972414731899,0.35360519735328155,0.3531822207182339,0.332823901191699
2020-06-12,0.3133059844928043,0.3595319605682081,0.3596492694909957,0.3590383101115573,0.3343123051071885
2020-06-13,0.3198596039091795,0.3626782116661425,0.3379809329784029,0.3374715639117961,0.33562723576670866
2020-06-14,0.29003204172863545,0.34973626558546556,0.3208719157071603,0.3204353933639351,0.3334363946866554
2020-06-15,,,,0.3114421525747249,
2020-06-16,,,,0.3211000583621508,
2020-06-17,0.27006165295750195,0.33937137147842544,0.32533461077967596,0.3248191355158267,0.32846871910996217
2020-06-18,0.34452487190766035,0.3771316365109221,0.3173399983401584,0.3169702599953637,0.33563055517692153
2020-06-19,0.2903810874459641,0.35323750374603863,0.30473880100745976,0.3045686898514642,0.33417433025680443
2020-06-20,0.274395786003392,0.34518941009515813,0.2894454299954309,0.2893296743874932,0.3300970408215863
2020-06-21,,,,0.2747736236972731,
2020-06-22,,,,0.26227407669913083,
2020-06-23,0.2766212417422217,0.34815216952279826,0.24933468230035377,0.249169465984565,0.32631266402250564
2020-06-24,0.24583079954554776,0.322503378154169,0.23365326288845242,0.23361744333970175,0.3196500212290924
2020-06-25,0.29414050166558614,0.3569193115277358,0.2272440339730827,0.2270847087205407,0.31903939455562713
2020-06-26,0.34177950307759186,0.37799373339132797,0.2372164619854801,0.23685914518179194,0.3249178760297814
2020-06-27,,,,0.29911449263385925,
2020-06-28,,,,0.27694486916602706,
2020-06-29,0.21222349852245104,0.2935017996426131,0.26448245338275356,0.26370107068658705,0.30972886405117067
2020-06-30,0.3528076359037567,0.38515606676689956,0.24639771121441778,0.24580608845985757,0.3189387101226189
2020-07-01,0.3835057138340519,0.4269553818436965,0.2312929079080619,0.2307836221774279,0.3298863603654749
2020-07-02,0.2847288214988912,0.3549852761364913,0.22605212761541382,0.22565022818049563,0.3259797992614682
2020-07-03,,,,0.2181224072328902,
2020-07-04,,,,0.2067015575300114,
2020-07-05,0.3159082005358441,0.3705950838760039,0.19501090039300667,0.1947517003689494,0.3244089797294093
2020-07-06,0.29402021453895877,0.36121765434820857,0.1866945712559609,0.1864780457410624,0.3230125814563017
2020-07-07,0.21695756542120143,0.30049637014189784,0.17859905093968864,0.17868457619894054,0.3111612717439141
2020-07-08,0.22247286855900325,0.3070358081662286,0.1702413379322341,0.17034665564001691,0.30174970968456893
2020-07-09,,,,0.16327275855915574,
2020-07-10,,,,0.15916259263548704,
2020-07-11,0.23888690746333216,0.32268039023122,0.1568087545450987,0.15709304013405329,0.29357590409267154
2020-07-12,0.2469427548521192,0.3308549202233033,0.1535626046365794,0.15387523814110599,0.28949641705943824
2020-07-13,0.2416859174217236,0.32446170140321307,0.15088249307710688,0.15141700522883814,0.2846877187788898
2020-07-14,0.1879253743821575,0.2589394717934813,0.1488608293115144,0.14946294023370563,0.2741856440978173
2020-07-15,,,,0.15593487868716988,
2020-07-16,,,,0.15826612722029787,
2020-07-17,0.23069511959083336,0.31463427264844385,0.15803556341000247,0.15884772494490246,0.26814616248226747
2020-07-18,0.2717953606525361,0.3523541055606633,0.15642730777225067,0.1573231725659807,0.2697764782213778
2020-07-19,,,,0.15334884797516277,
2020-07-20,0.2124228659436378,0.2958785190381139,0.14950939712706984,0.15046849387901118,0.26297382715054535
2020-07-21,,,,0.14837920610930005,
2020-07-22,,,,0.14775709090363998,
2020-07-23,0.24556464770882225,0.33666969483684345,0.1490973892405692,0.15001178955942282,0.2611285055075078
2020-07-24,0.2933651535329521,0.3681884218953706,0.1501505366037295,0.15106549334217434,0.2663049959981505
2020-07-25,0.1994656003201753,0.2762380370011332,0.1479477571529798,0.14905011236043225,0.2593814094276627
2020-07-26,0.2402737071867543,0.3311266804960161,0.14726964686905764,0.14824453210343358,0.25754857790707913
2020-07-27,,,,0.147268252288081,
2020-07-28,,,,0.1460121997189697,
2020-07-29,0.20174634364730074,0.28182168095539584,0.1444496951217299,0.145147384967618,0.25009559873446285
2020-07-30,0.1857468999828924,0.25434979979654465,0.1444556795597147,0.1451207899526565,0.24485574867477616
2020-07-31,0.19029820927743366,0.26184620176623846,0.14632483110749167,0.14701467600570953,0.24001734005118194
2020-08-01,0.20727551093926758,0.29179471962997805,0.14721198971516122,0.14778422635215238,0.23750178694742527
2020-08-02,,,,0.14768229205544064,
2020-08-03,,,,0.1473903971344711,
2020-08-04,0.14275260657322955,0.18299987285392666,0.14598873852226807,0.14625001542184193,0.2295455469538402
2020-08-05,0.20295347032035194,0.28064741011345945,0.14441902874063536,0.1447100839372516,0.2284131603757404
2020-08-06,0.18736612121065646,0.2530718165677703,0.14300411179063338,0.14320562105165763,0.22588706077549897
2020-08-07,0.2249311043073643,0.3136526596756761,0.14162716675095827,0.14182613281132694,0.22652172613556426
2020-08-08,,,,0.14107342698684927,
2020-08-09,,,,0.14219023852747126,
2020-08-10,0.11536285190362365,0.14528516737793892,0.14750508683846364,0.14773832883041374,0.2191603501564814
2020-08-11,0.2187504397477081,0.3020010954692364,0.159057867129364,0.15935263352772455,0.2200776932694991
2020-08-12,0.33487199105888277,0.4269553818436965,0.17921461347509865,0.17939102035574667,0.22730188637039225
2020-08-13,0.2804514963436556,0.36274027762927935,0.23006120058902144,0.23059509567967185,0.2300841614403011
2020-08-14,,,,0.2188318940516031,
2020-08-15,,,,0.20227781886686313,
2020-08-16,0.19184817563811474,0.24638625848920076,0.2996260952781439,0.3006408606221705,0.22783083738787893
2020-08-17,0.2575167375662176,0.3439381103523145,0.2734687130878818,0.27447765840824523,0.22931574875287933
2020-08-18,0.16383269202969183,0.19667202397725358,0.24870627236470694,0.24963150472365658,0.2256849388157669
2020-08-19,0.21228660033429012,0.27930381311060787,0.2259076114544669,0.22659090085303618,0.22494499259506373
2020-08-20,,,,0.20376563399797065,
2020-08-21,,,,0.2089548489804669,
2020-08-22,0.21274875475504468,0.27317075029980653,0.34174878708851475,0.34476751969141184,0.2247685090096215
2020-08-23,0.2735760657513006,0.3493140627500506,0.2943987968727183,0.2964594441123606,0.22690771426252926
2020-08-24,0.12270036458780126,0.14528516737793892,0.2666639246379677,0.26819423237865353,0.22199446930277864
2020-08-25,0.15561751292404832,0.18201358828892453,0.2413959690471033,0.24274625315561063,0.21936578574939386
2020-08-26,,,,0.2249564351137544,
2020-08-27,,,,0.21058354831307988,
2020-08-28,0.3604987853140946,0.39920167961987846,0.24062112795431082,0.24217900427409583,0.22681364526521722
2020-08-29,0.25228066486016015,0.3201128432272444,0.2767629482086461,0.27888973944665973,0.2277302867028707
2020-08-30,0.2555574657669083,0.3212792190014147,0.33346544812964485,0.33602108898692407,0.2285354503272481
2020-08-31,0.27327964798653254,0.3408431766517952,0.29826533116574894,0.3001688507789524,0.23048829550444316
2020-09-01,,,,0.2787966652231472,
2020-09-02,,,,0.25902194720908034,
2020-09-03,0.23980778940994385,0.29813230209092767,0.2386750759878964,0.24033105552580575,0.2315116694525127
2020-09-04,0.13935967823027773,0.16722323960142216,0.22118030810252332,0.22252915032376197,0.2261664477244285
2020-09-05,0.14953939933626004,0.17152170230948882,0.20615996745180076,0.20722470445493846,0.22185718614351932
2020-09-06,0.2517812312923565,0.3087892678287251,0.19580806671456472,0.19674320804658946,0.2232525689797786
2020-09-07,,,,0.18858902843012287,
2020-09-08,,,,0.18161934319161838,
2020-09-09,0.2691606711456228,0.3211766870194444,0.17489588502099337,0.17582708150656726,0.22630211801395608
2020-09-10,0.22448612310400812,0.2602960946250048,0.1711954727260012,0.17199246992215522,0.22566806813515228
2020-09-11,0.14693313709948647,0.16701605927538263,0.1664673492434278,0.16729232120496593,0.22073737837669186
2020-09-12,0.21174922933753973,0.23711450763460887,0.1626597944594346,0.16331321882452948,0.21998392406625847
2020-09-13,,,,0.15987028388105434,
2020-09-14,,,,0.15689597343021927,
2020-09-15,0.14495095766438787,0.16493878583194352,0.1542126018795645,0.15486523168982333,0.21496285857139713
2020-09-16,0.14197544336700912,0.16337553169953367,0.15272492381145952,0.15348303796189,0.20980975368621238
2020-09-17,0.20013311457864386,0.2117887825669903,0.15143403419987167,0.1521878038840136,0.20869293457028965
2020-09-18,0.1473737385321216,0.16534624335940123,0.15054502110811213,0.1512393644355226,0.20401290203030492
2020-09-19,,,,0.16535849748790482,
2020-09-20,,,,0.19038767535977671,
2020-09-21,0.3829260738063154,0.38983873048097567,0.2534476733167056,0.25484628635888246,0.21649053402022694
2020-09-22,0.39187932968099504,0.39510821694040127,0.356530992269948,0.358551678748147,0.228442427468476
2020-09-23,0.23529870488009613,0.25729867213737556,0.3184982394146336,0.3201306699041086,0.227672709493825
2020-09-24,0.4028029512993586,0.4269553818436965,0.3328048603973418,0.33468656427320154,0.23981684378297274
2020-09-25,,,,0.3707237631461851,
2020-09-26,,,,0.3611528184905991,
2020-09-27,0.3007203068508307,0.33722191543885344,0.35774630460036616,0.3598270616699671,0.2452026655354435
2020-09-28,0.2566538726847973,0.28374956203581597,0.34555783827894376,0.3474379763731809,0.24423634476362371
2020-09-29,0.32133213358957013,0.3506137791238174,0.3224415127501292,0.324131645584269,0.24919906079272736
2020-09-30,0.35740498824315414,0.3684567658757279,0.3079071627977533,0.3096071037726055,0.25698193460758634
2020-10-01,,,,0.3118993313292685,
2020-10-02,,,,0.3857017091479936,
2020-10-03,0.35110424811980245,0.36401835844559155,0.39886276534357185,0.4003402844867036,0.26579000626064536
2020-10-04,0.41806452954696144,0.4269553818436965,0.405464835438741,0.40676802749363605,0.2777136233894368
2020-10-05,0.33809950912472475,0.35753386767179296,0.3846048287629408,0.38597367475602723,0.28179404339848335
2020-10-06,0.40642355285673454,0.3932766854778165,0.40205338445874444,0.40324939067868426,0.2918968993954108
2020-10-07,,,,0.40549493962215755,
2020-10-08,,,,0.38259358642435193,
2020-10-09,0.4224201235258366,0.4269553818436965,0.36746413638522396,0.36829545621233856,0.3064958627857689
2020-10-10,0.36769550818262237,0.36946500817703487,0.3572801343951441,0.35810927545290727,0.3103460671372502
2020-10-11,0.3018562336882275,0.3249201712399158,0.35032835742572066,0.3513125378666598,0.3081234007589539
2020-10-12,0.33520770936022587,0.3535957743191221,0.35177556374025853,0.3528755328622609,0.3099420717858504
2020-10-13,,,,0.3825367782191526,
2020-10-14,,,,0.39651388400023174,
2020-10-15,0.42150756499307207,0.4001927393807923,0.37760212769554374,0.3786098910418442,0.32225282404733835
2020-10-16,0.34256684207311516,0.3567359897099668,0.36343641898265183,0.36434624745920813,0.3226056835043916
2020-10-17,0.42387753711042647,0.4269553818436965,0.35308644868486777,0.3539797216173294,0.3314380336658256
2020-10-18,0.30977638291743403,0.32958334011711893,0.3439201766212352,0.34484125130395,0.3282590930851738
2020-10-19,,,,0.3368488113286576,
2020-10-20,,,,0.33578550581341304,
2020-10-21,0.30811440628452524,0.32592422918359143,0.3312737002346969,0.33199579040569555,0.3250290792237357
2020-10-22,0.3331740299177723,0.34999709318515027,0.32786037893816394,0.32866381342139145,0.3240347004367182
2020-10-23,0.32035411950945025,0.34028766804578336,0.34824471520467865,0.34908837109599694,0.32201881232841945
2020-10-24,0.23955291313237748,0.22793213875563073,0.3512411747288727,0.35217145013104884,0.3114608022201583
2020-10-25,,,,0.3535925586760308,
2020-10-26,,,,0.3849170630201075,
2020-10-27,0.39169830001679806,0.3819252060747541,0.378837470275225,0.37918244390448047,0.31974037933657157
2020-10-28,0.34963843087398333,0.3585707096411227,0.3784864633033461,0.37877910643099444,0.3210387420015384
2020-10-29,0.326827249384508,0.3424234799504722,0.36176049709714203,0.36233902820029595,0.32012165586870617
2020-10-30,0.2922359018461072,0.3015895776362924,0.35109031603376345,0.3519383422925167,0.31526921279173303
2020-10-31,,,,0.34403275637141517,
2020-11-01,,,,0.3369209203387548,
2020-11-02,0.386991244908688,0.37998194181175626,0.33089602062179174,0.3314904981190995,0.3236765515665853
2020-11-03,0.3423211166965107,0.3533966245511087,0.34815541385235993,0.3484492914431001,0.3242968565727036
2020-11-04,0.2483574760016184,0.22213245430930117,0.3431334846131287,0.3435703970765425,0.312977918176644
2020-11-05,0.3425529146762293,0.35265664284229403,0.33250003179968624,0.33317445892821146,0.31484779091549486
2020-11-06,,,,0.3291217438161057,
2020-11-07,,,,0.33363003172022787,
2020-11-08,0.4202228692843403,0.4269553818436965,0.3375148059758063,0.33811750585718325,0.3284177727905334
2020-11-09,0.3476895594261502,0.35514613679330703,0.3308304177804664,0.3315612800113963,0.32915060335634616
2020-11-10,0.336773754732255,0.3463207310252307,0.35352193612203126,0.35385076772060037,0.32871252866420636
2020-11-11,0.3032983887000052,0.3055887309056507,0.344017140633172,0.3444308185224987,0.3237548665507805
2020-11-12,,,,0.33338142216708216,
2020-11-13,,,,0.32628437731259324,
2020-11-14,0.3635413983818836,0.36271287036425726,0.31953079248249044,0.32058814760657034,0.3284103173803661
2020-11-15,0.4138846439836351,0.3961226721944371,0.3395736101837211,0.3400971645305471,0.33893004333518145
2020-11-16,0.284164190177577,0.26580612661543945,0.3697259885671146,0.36949603982503343,0.32891313924075394
2020-11-17,0.3556875813886582,0.3572692800529756,0.34937647696508367,0.3495868051550409,0.3304933945108287
2020-11-18,,,,0.3396628156742201,
2020-11-19,,,,0.33844481561388445,
2020-11-20,0.3501041085730777,0.3528364303306662,0.33281148303191144,0.33353249936227897,0.3316310708592235
2020-11-21,0.2865816293835068,0.2610875989231699,0.327451070492607,0.3281920348512914,0.3214359588430799
2020-11-22,0.2926407594769861,0.2701178040843211,0.3232480039794822,0.32400851603033043,0.31279495654940054
2020-11-23,0.2872604554007384,0.2534066915046408,0.32007816668011235,0.32093084548964823,0.30479488484603834
2020-11-24,,,,0.31821995294684396,
2020-11-25,,,,0.3157263948081937,
2020-11-26,0.3029796612521678,0.27814059210639486,0.31252980714943235,0.3135582134144622,0.2999500581608842
2020-11-27,0.39305605376167174,0.3810750181714137,0.31402439891255285,0.31484418630276007,0.31071607411952706
2020-11-28,0.37332029600022765,0.36499057653836675,0.31123470421874516,0.3119599871809569,0.3169701947806486
2020-11-29,0.34366198110347296,0.34233642953447074,0.30839314242872035,0.30920141143935786,0.31738008399013323
2020-11-30,,,,0.30624072072320263,
2020-12-01,,,,0.3112148437608043,
2020-12-02,0.3416732989060025,0.33860327320022754,0.32191504435203466,0.3222580078799059,0.31859511931004736
2020-12-03,0.397873029247706,0.38464322078753715,0.322744602697658,0.32308580207426746,0.32900656410461576
2020-12-04,0.3959135216180309,0.3827170395596863,0.3694005639344738,0.3695018991332529,0.33762790676781873
2020-12-05,,,,0.34963772634639323,
2020-12-06,,,,0.3602240566585436,
2020-12-07,,,,0.38757950568284794,
2020-12-08,0.3883044047590276,0.3757195143490512,0.3917885748850309,0.39180445431192035,0.34804447568520736
2020-12-09,0.417818972166112,0.4269553818436965,0.378007928771913,0.378221020762424,0.3610015968678977
2020-12-10,0.4026151613185555,0.3877604196934528,0.4062411925764925,0.4059122119895824,0.36920027431968555
2020-12-11,0.4122384100000447,0.39601483263174314,0.41698911133376604,0.4165659107479589,0.3788598754528446
2020-12-12,,,,0.41254919652628713,
2020-12-13,,,,0.39202609569544977,
2020-12-14,0.4000660688427243,0.38485541015329233,0.38071149766395174,0.3808628326628789,0.38710270428312804
2020-12-15,0.38555670494947186,0.37257338102962423,0.393457385151569,0.3935481797825449,0.38876398852035415
2020-12-16,0.3863443974545919,0.37315501542317375,0.3828911787061706,0.3828608916532912,0.39045955935850757
2020-12-17,0.3721600852942541,0.361600299888807,0.37412527563426184,0.3743616652644728,0.3885604177283357
2020-12-18,,,,0.36853198051880043,
2020-12-19,,,,0.36598599854674213,
2020-12-20,0.37123616471132453,0.36018194038944373,0.3827291586476441,0.38286775576587434,0.38804279445091194
2020-12-21,0.3687597415018696,0.3575551374387757,0.3775414926221434,0.3776452482379499,0.3857117611254174
2020-12-22,0.3364631071825219,0.3059896002286276,0.3735349574168432,0.3735606346328658,0.37664167936618786
2020-12-23,0.4133284175154583,0.4269553818436965,0.3686503857338148,0.36870843036053186,0.3854199949508048
2020-12-24,,,,0.3696029447484731,
2020-12-25,,,,0.3730084555993971,
2020-12-26,0.3307343504040136,0.2912942169971882,0.36320292943089655,0.3633846089224389,0.3761084973669023
2020-12-27,0.4145978298942666,0.4269553818436965,0.3688799464673758,0.36904197307023756,0.38552870561799796
2020-12-28,0.4154086777989196,0.4269553818436965,0.4212407070486852,0.42051574839058925,0.39413725401113175
2020-12-29,0.40695145469718186,0.39212643268194974,0.4075771480314146,0.40705872632409107,0.39917907543351966
2020-12-30,,,,0.39959278705776713,
2020-12-31,,,,0.4039037579889239,
2021-01-01,,,,0.4015720181695139,
2021-01-02,,,,0.39571811285359115,
2021-01-03,,,,0.38562873314403207,
2021-01-04,,,,0.3842808132945387,
2021-01-05,,,,0.379804436603369,
2021-01-06,,,,0.3751731183544834,
2021-01-07,,,,0.3710497026877971,
2021-01-08,,,,0.3674772922849946,
2021-01-09,,,,0.36469001659076966,
2021-01-10,,,,0.3620829154917337,
2021-01-11,,,,0.35993174204125,
2021-01-12,,,,0.3590216102344762,
2021-01-13,0.34751543341225194,0.3099016969387909,0.3614258791583882,0.36144435294917243,0.38189978278610615
2021-01-14,0.3192757471183819,0.22121706697003693,0.3659138635543659,0.3657186600520543,0.36036043501195436
2021-01-15,0.3405778963364888,0.28792584555002165,0.3661665007601636,0.3659761252445941,0.3519505531564697
2021-01-16,,,,0.360415690123714,
2021-01-17,,,,0.3820158529668305,
2021-01-18,,,,0.3731588060792968,
2021-01-19,0.3692360364610776,0.3491628807132407,0.3659767358601993,0.3659040994671509,0.35595660479757796
2021-01-20,0.3341758581125139,0.26468605315644356,0.36117867435222323,0.36116697241441115,0.34680715929178124
2021-01-21,0.3296382437732555,0.247473142777341,0.36835007294230404,0.3682685495756489,0.33938642388395285
2021-01-22,0.37759685621966105,0.35768619929594486,0.4011263197986817,0.4004397207195619,0.3456759138610742
2021-01-23,,,,0.4162230101149461,
2021-01-24,,,,0.4175738343133998,
2021-01-25,,,,0.41563528691999874,
2021-01-26,0.38036601781613527,0.3606155882852799,0.40118692536085987,0.4003285966121409,0.3536218005172381
2021-01-27,0.4135723006830487,0.4269553818436965,0.4098462947684823,0.4089005516098306,0.36664070073844757
2021-01-28,0.3993216914953652,0.38304759883522266,0.4053043265930698,0.4046351888200597,0.37365319335527736
2021-01-29,,,,0.40311361939614676,
2021-01-30,,,,0.4126988158440795,
2021-01-31,,,,0.4193762723945379,
2021-02-01,0.39523880600408146,0.37788295668307675,0.4197846400078145,0.41887548702014266,0.38002350085867587
2021-02-02,0.4020106502703172,0.3870895643150058,0.4111105633808449,0.410401433055237,0.38592555145824237
2021-02-03,0.4106590487006701,0.4269553818436965,0.4014309498184666,0.40101732801618906,0.39258181309160634
2021-02-04,,,,0.39789394962736674,
2021-02-05,,,,0.3923826522216723,
2021-02-06,0.3964468283635715,0.3812600310631045,0.4011888393579369,0.4006406399461908,0.39555381970788006
2021-02-07,0.3652889625295081,0.3320405259254572,0.4051102273435203,0.4044745990737292,0.39102369966642
2021-02-08,0.400357510710528,0.3840034224942548,0.4166861507548886,0.41607047005531494,0.39418835769191135
2021-02-09,0.41254630671617065,0.4269553818436965,0.410640111595136,0.41023808575704485,0.3989317376739885
2021-02-10,,,,0.4137219314789478,
2021-02-11,,,,0.4045661814435221,
2021-02-12,,,,0.4083457989188359,
2021-02-13,0.34700876795924657,0.2766471895566113,0.39985690562700565,0.3995601189266134,0.3901606123901107
2021-02-14,0.38426032317443964,0.3623955215344453,0.3916075789688618,0.39143133274002484,0.3901391204271223
2021-02-15,0.39521306405910717,0.3759531333631687,0.3839471553280812,0.38398990377097275,0.39177635021885115
2021-02-16,,,,0.3780081119274435,
2021-02-17,,,,0.37316754742470826,
2021-02-18,0.368736226398162,0.3416003742565502,0.37006175880727704,0.3700313242664033,0.3890724613217397
2021-02-19,0.3445717316561006,0.2739254626228027,0.3663739766394591,0.3665075947420265,0.38262730397646005
2021-02-20,0.37802216670081434,0.3555386830916822,0.36059602696399484,0.36074358876611273,0.3828376081156009
2021-02-21,0.3742529497779766,0.3510467523802728,0.3552888600811052,0.355531791953546,0.38274736955998934
2021-02-22,,,,0.35476721460562344,
2021-02-23,,,,0.35408912243233165,
2021-02-24,0.3700071071487277,0.34581429267516284,0.349369400132271,0.34977796428742486,0.38197010959330946
2021-02-25,0.40977970530877095,0.3952464978451301,0.34553328451869453,0.3459786486962163,0.3873760595324183
2021-02-26,0.29739034556620003,0.14528516737793892,0.34321685179624845,0.343617204260632,0.37481962811989405
2021-02-27,0.35697251216423015,0.31531504038503977,0.34004351406216443,0.3405758505256214,0.37261969947384915
2021-02-28,,,,0.336892296706707,
2021-03-01,,,,0.3331591095683341,
2021-03-02,0.319094626063909,0.20707512705562753,0.3289011953626422,0.3296811898453748,0.3655133463271397
2021-03-03,0.3742111400757488,0.35043276711834803,0.32564612241469926,0.32649986239425893,0.3669408353541487
2021-03-04,0.3538187847458048,0.3108162137219123,0.3231353987241132,0.32392983839669703,0.3653255231147078
2021-03-05,0.3488678868859921,0.30294234297979483,0.32286303637209257,0.3235574654269933,0.3634671175726495
2021-03-06,,,,0.32163142493258245,
2021-03-07,,,,0.3215986385273771,
2021-03-08,0.3097029759530847,0.20153456622774127,0.3287475954062807,0.3287952629239145,0.35566179794878855
2021-03-09,0.3007485401382046,0.18693769536047083,0.3294705399132251,0.32977129693365637,0.3484542111669325
2021-03-10,0.32737359292164747,0.2557687583281386,0.3215511545374202,0.3218993900441069,0.3456791308243826
2021-03-11,0.35070859207364774,0.3138370490530614,0.31920743836767,0.31942391130997,0.34586524673159674
2021-03-12,,,,0.3319569403060186,
2021-03-13,,,,0.3320355185710295,
2021-03-14,0.3433422184771588,0.3029140448948147,0.3422838468755259,0.34234590700902706,0.3445205233447893
2021-03-15,0.35106567929401317,0.316330721533709,0.3379190571501649,0.3379296012293794,0.34553325462509576
2021-03-16,0.3758102880435516,0.3554929753768985,0.33446687669018116,0.3344050779216981,0.34935190562842194
2021-03-17,0.319711167722004,0.241317151984098,0.332060299326941,0.3320026920160202,0.3454946202219418
2021-03-18,,,,0.32551576229391904,
2021-03-19,,,,0.3516306349327197,
2021-03-20,0.3213697742975996,0.24878876014302212,0.3447452803772591,0.3444668397388442,0.3407407803999091
2021-03-21,0.32148715891847485,0.2497053170326875,0.33200641063322056,0.33165753041593454,0.33815309957772866
2021-03-22,0.3337205413510498,0.28274957741724155,0.32405461769162625,0.32375368896092294,0.3375585723008904
2021-03-23,0.30154409799878995,0.19833903778777703,0.3174874095682241,0.31731526202005955,0.3322996087797444
2021-03-24,,,,0.31098376672947436,
2021-03-25,,,,0.3062209422098626,
2021-03-26,0.30579492500249117,0.21231690829819433,0.30381157912521894,0.30405603968362793,0.3271226015108009
2021-03-27,0.32060174389496426,0.2552152337165419,0.3037968722818024,0.3039184888253462,0.32566208193718005
2021-03-28,0.3431128470746261,0.3117419003043787,0.2974861161206901,0.29766886722869784,0.32694013413422374
2021-03-29,0.2968893119131311,0.19535636439610207,0.29013541348511235,0.2902928618551453,0.32197556408993144
2021-03-30,,,,0.28277969045259677,
2021-03-31,,,,0.27509979894514847,
2021-04-01,0.27162002388397655,0.16551001462726256,0.2667748827498851,0.26773017609972527,0.31330653749731385
2021-04-02,0.3221170347184833,0.2689003488892484,0.2606925459036839,0.2614430517174854,0.3133218540368013
2021-04-03,0.3188168573074531,0.26216370517547893,0.25389933121424946,0.25469112375351805,0.31243157295279733
2021-04-04,0.27119264545721183,0.1669999527360679,0.24703136663701103,0.24805878042346843,0.30535478108565267
2021-04-05,,,,0.24275445356281838,
2021-04-06,,,,0.24189525060929404,
2021-04-07,0.26143514291328696,0.14528516737793892,0.23611290659820353,0.23777019288746565,0.2974177863856258
2021-04-08,0.28238264861543505,0.18425117272736016,0.23077024847939934,0.23203431625792742,0.2933065620945361
2021-04-09,0.366329688448382,0.35727948477710353,0.2308256765206118,0.23177429056078896,0.30091761086441493
2021-04-10,0.30726025499927384,0.24704227427856648,0.246709034796377,0.2476783230761661,0.29916553922226863
2021-04-11,,,,0.28488565488726925,
2021-04-12,,,,0.28813322610886477,
2021-04-13,0.2507468774026283,0.14528516737793892,0.27171353874471954,0.273132677932955,0.28955950896662885
2021-04-14,0.24889858281916424,0.14528516737793892,0.2578890055729561,0.25920050383757254,0.28212199281606193
2021-04-15,0.24786749396511593,0.14528516737793892,0.24571458153080356,0.2465133741780331,0.2744946938156114
2021-04-16,0.24518011412101925,0.14528516737793892,0.23439400367888247,0.23541308637841887,0.26684253420172344
2021-04-17,,,,0.22746384430416622,
2021-04-18,,,,0.2220376062632328,
2021-04-19,0.26276701614055076,0.18015870813094167,0.21430107347362737,0.21457219702626773,0.2606830803797027
2021-04-20,0.28735297223213463,0.22481611392092835,0.20786580367457275,0.20790227798930172,0.2609226104376729
2021-04-21,0.28363526569058733,0.21610947313128853,0.2026871110831687,0.20284203200313292,0.26000921242896413
2021-04-22,0.2794634159111683,0.20776350577702374,0.19717640741809717,0.19745996570456528,0.2579606519240372
2021-04-23,,,,0.18993893440012816,
2021-04-24,,,,0.18152472674264317,
2021-04-25,0.3332412619313682,0.32556940698897385,0.17503117571427634,0.1755167899675929,0.26173597399701304
2021-04-26,0.39449815810114874,0.38717982654407496,0.2012736675851868,0.20125706561635576,0.2775961827331908
2021-04-27,0.31329545585006213,0.29691834683716956,0.2535082155904976,0.2536105890736996,0.2793378794579234
2021-04-28,0.3548227637765253,0.35676670019135814,0.2586298488512585,0.25854965045868233,0.2863698155705108
2021-04-29,,,,0.264257702351944,
2021-04-30,,,,0.29162103499126124,
2021-05-01,0.32087452199706007,0.3123605451179991,0.3055351710020058,0.3053158929838716,0.28771687903397036
2021-05-02,0.24432532390798045,0.17116850717695656,0.3008793346107357,0.3004911964220866,0.27916697147550457
2021-05-03,0.24728881054795415,0.17597335150742283,0.27319673338175826,0.27257943302750365,0.2716026830224425
2021-05-04,0.2875714774221628,0.2556357086513523,0.253296710242707,0.25259684422520856,0.270093681999346
2021-05-05,,,,0.2557476210223185,
2021-05-06,,,,0.25147425892014397,
2021-05-07,0.3308476884883311,0.33913931125569374,0.292112853592832,0.2916009723382993,0.2744117945059293
2021-05-08,0.3127543967758782,0.3128989587196246,0.2713877217238018,0.27052190155284755,0.2776307013722406
2021-05-09,0.3764819346992648,0.3766441595162604,0.2745275980156177,0.27368202087455107,0.28887917992624773
2021-05-10,0.37220596883564405,0.37429722866209164,0.32247406494260256,0.322332439119509,0.2980352741695197
2021-05-11,,,,0.3236592882216768,
2021-05-12,,,,0.31383624455879094,
2021-05-13,0.40442341479517785,0.4269553818436965,0.3235572132167418,0.3234276275558264,0.3109703833650435
2021-05-14,0.40457384197614443,0.4269553818436965,0.32910130707532925,0.3289610613835217,0.3242054800711615
2021-05-15,0.40429032981729807,0.4269553818436965,0.3630969511855051,0.36304517486625415,0.3357791593335611
2021-05-16,0.3624494393261317,0.3714119377784687,0.36732144226109387,0.36728410519848326,0.33961937467163683
2021-05-17,,,,0.34007509315274065,
2021-05-18,,,,0.32380550183361967,
2021-05-19,0.337100082278149,0.35755231631555034,0.3150527737390659,0.3147280959330975,0.33840806083161223
2021-05-20,0.25871439962949316,0.2563606606855676,0.3006601437792783,0.30016056904349836,0.32945733497541296
2021-05-21,0.3741013605806113,0.3820466450400755,0.3010970504056001,0.300382311065024,0.33607401181604324
2021-05-22,0.3312825272246119,0.3570551943631398,0.32159010454852544,0.3210677962062629,0.33616791206592206
2021-05-23,,,,0.3035231400542009,
2021-05-24,,,,0.2985756910192999,
2021-05-25,0.2500522374132317,0.2642730524131963,0.29063202578437297,0.2899097150050625,0.32407845169618527
2021-05-26,0.21803045586704906,0.21177184848040287,0.27707471472316675,0.27614514890767616,0.31192875616211535
2021-05-27,0.24275210823428897,0.2592053930512849,0.263760386005504,0.2627191904761673,0.303976702346399
2021-05-28,0.25541979841994117,0.28778399091509227,0.25084487801799515,0.24961674076867185,0.2978793931807644
2021-05-29,,,,0.2473191036783039,
2021-05-30,,,,0.2642487905241519,
2021-05-31,0.30826397557043556,0.3507621235749837,0.2621643800006289,0.26107742919613836,0.29733699571326316
2021-06-01,0.34935566891323977,0.3730093386628532,0.25108500622624574,0.25005822504688163,0.3046522098021919
2021-06-02,0.22685738894369542,0.2572878339558932,0.2532452845847535,0.25220384068261215,0.29599440043749964
2021-06-03,0.2610882572315244,0.3105194458139333,0.24114024295787156,0.23987486832785515,0.2920561174701548
2021-06-04,,,,0.3240348824924002,
2021-06-05,,,,0.3290326154496731,
2021-06-06,0.23010255226753837,0.2734740137392058,0.29716220893374684,0.2966203935180465,0.2834736160256598
2021-06-07,0.2918271487252553,0.34382199685170156,0.2777349190033271,0.2773447325045296,0.2851320094304037
2021-06-08,0.1438099118750631,0.17276978152255237,0.26073142100279784,0.2601627995624065,0.26867410277559206
2021-06-09,0.30091527115542954,0.351565931919905,0.24222254390190387,0.24163994521273877,0.2709394056724486
2021-06-10,,,,0.22510337039949288,
2021-06-11,,,,0.21263934480171656,
2021-06-12,0.21981277354534123,0.2763762992353012,0.20581999082676045,0.20544651344946652,0.26217043790812844
2021-06-13,0.39798467627284184,0.40036030234238146,0.19376874896131296,0.19353452689784995,0.2797702046105599
2021-06-14,0.3551063443378818,0.37931442673567217,0.18085985003899774,0.18078626848446222,0.2892467864750098
2021-06-15,0.25319100081141205,0.3184689206487446,0.17075878671102568,0.17066706247414565,0.28543019507908707
2021-06-16,,,,0.1656158789484597,
2021-06-17,,,,0.21647555670093985,
2021-06-18,0.19148251492412527,0.252161965842373,0.31661298195626364,0.31612257097641255,0.2723502254635273
2021-06-19,0.3917565058875562,0.4269553818436965,0.3205096293612955,0.32013201850916667,0.2903369966613553
2021-06-20,0.27382445701987934,0.3437360443187508,0.32970108340828563,0.32947998178197524,0.29010897075009484
2021-06-21,0.3874512340364584,0.4269553818436965,0.3173331234275054,0.31724414178104887,0.3050177865707202
2021-06-22,,,,0.29581954138535355,
2021-06-23,,,,0.29043460800964793,
2021-06-24,0.2713513906625341,0.34503920262169624,0.2961736915331341,0.29583387518332627,0.3024570196229802
2021-06-25,0.15278713603833788,0.2145893872131125,0.27738315210037146,0.27716827192573285,0.2848015342919501
2021-06-26,0.2249807804515373,0.30595275067374506,0.28366725364744844,0.2831314991678599,0.27790760818936167
2021-06-27,0.2936811267202756,0.3570734148696868,0.3439623393467884,0.34278768193662423,0.28149371167245985
2021-06-28,,,,0.36989321649232615,
2021-06-29,,,,0.36077077776174593,
2021-06-30,0.2260437656689676,0.30814022862218177,0.33866865693188053,0.3372087376301285,0.2736894603885753
2021-07-01,0.2419278341538315,0.32233245431217084,0.32082797992153045,0.3196092693935484,0.2710155252098689
2021-07-02,0.2831531023786331,0.3535871898499567,0.3039826651227351,0.30273151219831174,0.27404872413430825
2021-07-03,,,,0.31488497928975423,
2021-07-04,,,,0.357970492643357,
2021-07-05,,,,0.3267944395503547,
2021-07-06,0.36162052914720016,0.39429761514158035,0.3216649076865783,0.31996533860535276,0.28619546603836604
2021-07-07,0.31832727482392104,0.37232505644469244,0.3471664170714074,0.34524978093268954,0.2932277186630326
2021-07-08,0.22938870941800282,0.31274976095976864,0.341269661240303,0.33988378245829753,0.286149506471064
2021-07-09,0.19652594119080818,0.2719873013012034,0.32059347733988464,0.3192685586772109,0.27600057524040866
2021-07-10,,,,0.3001800466397605,
2021-07-11,,,,0.2821881638140521,
2021-07-12,0.36582473110298586,0.4269553818436965,0.2943661407341322,0.2925867056035532,0.2886196651918528
2021-07-13,0.31614109876823,0.3733545589918734,0.32240710369776626,0.3199863207080854,0.29391605519739367
2021-07-14,0.36635475247103855,0.4269553818436965,0.3277050099861334,0.32492750414394067,0.3036562662484864
2021-07-15,0.31570072654244963,0.3749969380374962,0.3161177273755622,0.3137295733096988,0.3053966699560255
2021-07-16,,,,0.2961323224423918,
2021-07-17,,,,0.2774069625962315,
2021-07-18,0.16535388148085883,0.22368447490378396,0.2614336170766656,0.25965672702464365,0.28663017439498034
2021-07-19,0.23335848270617449,0.31690631889145704,0.2442585426208457,0.24309460698241156,0.28173968354081
2021-07-20,0.21232398729504506,0.29420468896834745,0.22894450162750482,0.22813306553951043,0.27431814015018335
2021-07-21,0.14597975849331268,0.1949220206066656,0.21585869269970023,0.21530292031023984,0.2610014397250418
2021-07-22,,,,0.2036177885927062,
2021-07-23,,,,0.221705333943963,
2021-07-24,0.20054684381928972,0.27794139458000383,0.3196699146986905,0.31710870448598244,0.2542510982029963
2021-07-25,0.2668807738801918,0.3543740144335247,0.28618707800522325,0.28433386749745715,0.25703031652528624
2021-07-26,0.22608818068699113,0.31427204475848136,0.2683303102516193,0.26665987491656623,0.25431088737801577
2021-07-27,0.21742852818504402,0.3054556030621317,0.2566971886709423,0.254930247562374,0.2509532383919062
2021-07-28,,,,0.273135190879209,
2021-07-29,,,,0.2604306362262689,
2021-07-30,0.1642225184462218,0.21395126226749053,0.25104450857500926,0.2501354122705726,0.24111923336293173
2021-07-31,0.32652227213246593,0.39679209538193333,0.26597416516247097,0.2653384899154505,0.25076296877016313
2021-08-01,0.3237762970270539,0.39493618664839003,0.2960955025371371,0.2949235980875995,0.2572293780859105
2021-08-02,0.2477016345199904,0.344345213138518,0.2962446720724695,0.29495395698834814,0.2556533001504677
2021-08-03,,,,0.2762988332017258,
2021-08-04,,,,0.34646332902770743,
2021-08-05,0.18783468102031117,0.2562370338867346,0.31577368941454836,0.3155522128099146,0.24864393094160764
2021-08-06,0.2781695412626697,0.36408877031744025,0.29282776306398584,0.2929804083072636,0.2516308369078454
2021-08-07,0.28708293670503177,0.36972829777046784,0.30989544890263737,0.31039701631301225,0.25323682539083153
2021-08-08,0.22421451186514418,0.31285595242395353,0.29837096841225386,0.2983254403109721,0.24976055914009834
2021-08-09,,,,0.27858772024640016,
2021-08-10,,,,0.2593020747713769,
2021-08-11,0.24221191650552876,0.3325764687447853,0.24136934600595875,0.2411971134877366,0.24569858047402177
2021-08-12,0.22164639525807028,0.30631105660494273,0.24411891383452924,0.2442804270816134,0.24394631219967192
2021-08-13,0.19882536645879362,0.26674581631814187,0.2982055540898638,0.298993540061563,0.23970029565994488
2021-08-14,0.211413313608132,0.2870649153494543,0.27070106861107945,0.27151592483401643,0.23705977925527655
2021-08-15,,,,0.24947228011348613,
2021-08-16,,,,0.23555415647836825,
2021-08-17,0.12686019060217094,0.16524821788327357,0.22496628643022865,0.2253849047599804,0.23044427966877037
2021-08-18,0.15501058289459968,0.18638579922098428,0.21506000743931297,0.2154194481182697,0.22648812565265625
2021-08-19,0.20109399084216023,0.2619184734519849,0.20592037821670267,0.20631921051306992,0.224999289628701
2021-08-20,0.2507332543394055,0.33377989436020195,0.19648106471769508,0.1968456311124256,0.22596351693004477
2021-08-21,,,,0.18852881436526336,
2021-08-22,,,,0.1853119409584015,
2021-08-23,0.2520596672421736,0.3275745597734701,0.18034484703041082,0.1807909434339589,0.22756004136277372
2021-08-24,0.20452095705070647,0.25858823532806535,0.17420816922321442,0.1747629493143886,0.22633685284731198
2021-08-25,0.2908197085703006,0.3604878805360068,0.16946259045452977,0.17006532522207365,0.22852776717352524
2021-08-26,0.13437562207308368,0.1668024728022354,0.16477469445073895,0.16536572096855828,0.22453749707506765
2021-08-27,,,,0.16191597032307792,
2021-08-28,,,,0.1595433485296581,
2021-08-29,0.12598868692408693,0.14528516737793892,0.15693817695720727,0.15737777156025906,0.22029993402208192
2021-08-30,0.18583411602268787,0.21765725336778755,0.15471491649929464,0.15503669391319239,0.21864868430715093
2021-08-31,0.1815950905967823,0.21117343775352784,0.15295819883528863,0.15343554359027853,0.21708949469709313
2021-09-01,0.18451378535285215,0.21374463608521643,0.15586807697407257,0.15633002050828107,0.2157556201506363
2021-09-02,,,,0.17895769021627586,
2021-09-03,,,,0.19287234322117988,
2021-09-04,0.3766541071858383,0.4269553818436965,0.19674369471576852,0.1978075262265941,0.22424637618258428
2021-09-05,0.26299774469582793,0.3225608461903499,0.18908933944892733,0.19002882268189147,0.22596643080119394
2021-09-06,0.30523639828891297,0.3588663430039844,0.17976108251170603,0.18054107558313337,0.22945941284442795
2021-09-07,0.19466147959834004,0.21960611566800262,0.17183486070354248,0.17251098372895818,0.2275085612396771
2021-09-08,,,,0.22227335335281603,
2021-09-09,,,,0.37719285686374066,
2021-09-10,0.2668307459311476,0.3185510725849177,0.37652187839229834,0.37879170111449034,0.2303086108312403
2021-09-11,0.3328332037637161,0.36776943132008477,0.34980375424762666,0.3518997000403145,0.23538788184437587
2021-09-12,0.2854263663715046,0.33879354368084774,0.32911641803513186,0.33103491396974194,0.23734812072963501
2021-09-13,0.16610680114707696,0.1780391969586326,0.3161097538780445,0.31791843399045333,0.2331554434492283
2021-09-14,,,,0.32437097206606946,
2021-09-15,,,,0.3444621852531013,
2021-09-16,0.35223883076426854,0.3760890202833206,0.3393483704268771,0.34132478448865483,0.241707165115591
2021-09-17,0.3395900712072852,0.36867107795493637,0.3239453948187402,0.32585921173149557,0.24670081098853364
2021-09-18,0.39575288274658765,0.4269553818436965,0.37000870478111114,0.37213033584086275,0.2551460223939111
2021-09-19,0.29147203689190804,0.3377907623305557,0.36670135619428,0.36890674767384674,0.25712171210259976
2021-09-20,,,,0.3864847376892533,
2021-09-21,,,,0.3682799960361921,
2021-09-22,0.23718733938657693,0.26307228164184365,0.34885527722519294,0.35098545008245396,0.25684797043044544
2021-09-23,0.35774174044855617,0.37495914314837303,0.3347263011813996,0.3365985763072504,0.2624372633336043
2021-09-24,0.2372439407187062,0.2602918051677774,0.3222621923060307,0.32391687555979765,0.2598628613268798
2021-09-25,0.2700791005988947,0.30742405090170966,0.3202861528830996,0.32208208008061234,0.2605443090867697
2021-09-26,,,,0.32280846434116683,
2021-09-27,,,,0.31031110390452016,
2021-09-28,0.36789491628580795,0.3769065571196366,0.300765850352373,0.3025264643070624,0.2713636048859165
2021-09-29,0.34541945776321875,0.36366395372468785,0.30146486344916185,0.3031358538641772,0.27533582926933314
2021-09-30,0.33552974913578115,0.3586992814372557,0.29572361837157524,0.297307668075443,0.27931203383424946
2021-10-01,0.21730148884868228,0.221584630956826,0.28744665794115676,0.28907905729389693,0.2736510157299325
2021-10-02,,,,0.2819878194579726,
2021-10-03,,,,0.3349813537624652,
2021-10-04,0.3930686863916773,0.38698296018107603,0.3503207601971697,0.35178723356008923,0.2853983091810928
2021-10-05,0.41806452954696144,0.4269553818436965,0.3660510558995062,0.3673854758416761,0.2954723473604173
2021-10-06,0.3797921004009154,0.37846603747076824,0.34865878289509283,0.3500593857061868,0.3020813191279784
2021-10-07,0.2876463487777619,0.3146897254319039,0.3305443521486291,0.33175895108312925,0.300040364354218
2021-10-08,,,,0.3191841911729541,
2021-10-09,,,,0.3106263711726511,
2021-10-10,0.2539301918566976,0.26911022122134265,0.30259388153159994,0.30358608926120845,0.29675728150880243
2021-10-11,0.3195736420684227,0.34404472047314183,0.2955297425704297,0.2965835878750464,0.2966980147669227
2021-10-12,0.26868558806367854,0.2881412613858841,0.28844663331236947,0.2895812598819967,0.2923069798712736
2021-10-13,0.29661523303548903,0.3190056562035587,0.28235502625701275,0.2836135227555344,0.29150572238072087
2021-10-14,,,,0.27806336293392064,
2021-10-15,,,,0.27248522296433764,
2021-10-16,0.30688873588860505,0.3282466648450239,0.26716801595903655,0.2684483166509707,0.2925463595340106
2021-10-17,0.2391202893112052,0.23876364895275073,0.2629700077159783,0.2642569862233939,0.2844775873217768
2021-10-18,0.2695749840862881,0.28323582465490693,0.25860236740772063,0.2598913149110319,0.28044292474583093
2021-10-19,0.37068020808726054,0.3699554763559502,0.2541420284817046,0.25543302105162197,0.28772753474892077
2021-10-20,,,,0.2520040627000515,
2021-10-21,,,,0.2545920286541671,
2021-10-22,0.3321397373339086,0.3491960984730968,0.252434016318361,0.2537598985429064,0.29103208504681094
2021-10-23,0.23644083627075763,0.22656440839947867,0.2498661515392401,0.2512230575741605,0.2821519476369038
2021-10-24,0.3318499493595146,0.34863024107317836,0.24536033209986474,0.24671833793035136,0.2850086590348247
2021-10-25,0.2968606620983424,0.3125699888994384,0.2422386236578607,0.24371762493017296,0.28390271224439856
2021-10-26,,,,0.245697756983645,
2021-10-27,,,,0.24576503274402978,
2021-10-28,0.28046556060208205,0.2866351748563623,0.2402354440377254,0.24214878612993196,0.2808774669748973
2021-10-29,0.388135729023221,0.38015230863538174,0.2404428077808799,0.24247722727249824,0.29061467811189917
2021-10-30,0.4211204635613443,0.4269553818436965,0.2688030198950454,0.2703432117715362,0.30370804270307356
2021-10-31,0.4167123886275036,0.3978127199916612,0.2861064392803514,0.28764047093788125,0.31510465833723056
2021-11-01,,,,0.35579816040860174,
2021-11-02,,,,0.38326696391992443,
2021-11-03,0.4063886014859583,0.39270763094537753,0.3751442426340572,0.37516758143710294,0.32621273727955397
2021-11-04,0.379128914198547,0.3750917969487394,0.36339623677398236,0.3634751484066048,0.3315579309223049
2021-11-05,0.41609295951464564,0.3987387392291019,0.358225154708249,0.3584636147942072,0.3416481020039602
2021-11-06,0.259879938972237,0.24024656814266382,0.34704668060338406,0.3475108287495874,0.33030706834334456
2021-11-07,,,,0.34008885867540684,
2021-11-08,,,,0.3408949512254104,
2021-11-09,0.3264321829403568,0.33834481058935323,0.3322695412048123,0.33295189187034224,0.3289969845784591
2021-11-10,0.3782487535376131,0.3727499045719292,0.32654247183666335,0.32733948205459434,0.3339418475608293
2021-11-11,0.296248361754306,0.2979942966972366,0.33535315698106677,0.33600255800243073,0.3275138034100859
2021-11-12,0.3139740425628195,0.3173926424957028,0.3376013395097202,0.33814609672528473,0.32412646287625246
2021-11-13,,,,0.3314890843774736,
2021-11-14,,,,0.34214231601246686,
2021-11-15,0.34497128008651257,0.3512589465523575,0.34406624987582035,0.34455915327851755,0.3258480536908492
2021-11-16,0.36374304409693403,0.3624368980738474,0.33576601651108584,0.3363745033497446,0.32895322751146827
2021-11-17,0.38834200466757124,0.37808773770316956,0.3298947157756186,0.33066469125023973,0.33540664194091657
2021-11-18,0.3089094036441482,0.3062563553882585,0.32563307857792856,0.3265128458902975,0.3294375995217271
2021-11-19,,,,0.32105632399348094,
2021-11-20,,,,0.3168982866804025,
2021-11-21,0.2698106181296073,0.22791738424110802,0.3145045448370806,0.3156536101377019,0.3170463527549862
2021-11-22,0.2884048644379842,0.2644048080660413,0.31429100687699874,0.3153182173752716,0.3085119851477918
2021-11-23,0.34838025836468356,0.3508506717282606,0.31062152340895494,0.3116374299425502,0.31003492094354224
2021-11-24,0.38649259861962626,0.3763593498916225,0.343697046197908,0.3440759699973482,0.31842355634473973
2021-11-25,,,,0.380264081681196,
2021-11-26,,,,0.3710850380613665,
2021-11-27,0.37703428982250203,0.3684106796432513,0.40822816637605386,0.4072267929018226,0.3261666046244967
2021-11-28,,,,0.3928386975788623,
2021-11-29,,,,0.3810107179629546,
2021-11-30,,,,0.3703356469323997,
2021-12-01,,,,0.3790020526012239,
2021-12-02,,,,0.38523288187375887,
2021-12-03,0.36314712805514054,0.3588278806954077,0.3727502371855271,0.3728505882067772,0.332728240969467
2021-12-04,0.25570312726546607,0.18077661113757656,0.390594275495338,0.39061027828490186,0.3102286944735531
2021-12-05,0.34896601827981744,0.3462159400015278,0.4053646828994894,0.40521224112865173,0.31221319115602
2021-12-06,0.3689073046388801,0.36144797677189794,0.38685832724676505,0.3868023453820562,0.31860304163980596
2021-12-07,,,,0.3944949423857134,
2021-12-08,,,,0.41606334236534825,
2021-12-09,0.41805202028823996,0.4269553818436965,0.41630843600764433,0.41613654104707215,0.33802060054793875
2021-12-10,0.315822150387447,0.2919170579776789,0.4201349402853104,0.41997530775147796,0.32938327154590796
2021-12-11,0.3772265090469147,0.36608201765654297,0.40078352986218846,0.4005158688155978,0.33570080446994266
2021-12-12,0.35784848640876754,0.35150237731597567,0.38962899162023257,0.3895076352572589,0.3372532239245232
2021-12-13,,,,0.381409285779711,
2021-12-14,,,,0.37539555986886597,
2021-12-15,0.3977977424525465,0.3829075043640123,0.3712770091065271,0.3714969449109315,0.35000243018669897
2021-12-16,,,,0.3676424533863171,
2021-12-17,,,,0.36387449224384644,
2021-12-18,0.3621181382325372,0.352455509106522,0.3604383143123939,0.360821615906172,0.3512227658599648
2021-12-19,,,,0.35837407429181684,
2021-12-20,,,,0.3561908022498965,
2021-12-21,0.40630338728093474,0.39455998848948115,0.3536627141771063,0.353958603923169,0.36632779966699097
2021-12-22,0.3470564189597107,0.3252418749283354,0.35181734150558636,0.3520833228477761,0.35997245900152286
2021-12-23,,,,0.3497058522415378,
2021-12-24,0.37960217917088634,0.3654956821591488,0.3500550685035715,0.35037404509049475,0.3644327611393563
2021-12-25,,,,0.3498898161320625,
2021-12-26,,,,0.3564924093728672,
2021-12-27,0.3915343073612696,0.37697316700278083,0.38997669109159416,0.38977801160900116,0.37311255197536286
2021-12-28,,,,0.3894943258000355,
2021-12-29,0.40255932246277937,0.38727219525002154,0.37844288460710496,0.37852444143082675,0.3825715835482733
2021-12-30,,,,0.3708330968176306,
2021-12-31,,,,0.3662378389943068,
2022-01-01,,,,0.3621883083605362,
2022-01-02,,,,0.3586640365283261,
2022-01-03,0.3408853232203275,0.30758540965848813,0.3552965111535305,0.3558482828920948,0.3713213787021985
2022-01-04,,,,0.3574079909505868,
2022-01-05,0.3640454102541656,0.34734133692852603,0.37187900036711985,0.3723296685228042,0.3695937031750315
2022-01-06,,,,0.36058709330452077,
2022-01-07,,,,0.35872955781405114,
2022-01-08,0.36988425593698004,0.35419820013644604,0.36513503831003863,0.36548395051834864,0.369327734997543
2022-01-09,,,,0.4056736702206292,
2022-01-10,0.412429061173229,0.4269553818436965,0.42419202292910874,0.4225672891808742,0.3825271880258879
2022-01-11,,,,0.40336590906581193,
2022-01-12,,,,0.3917041139380804,
2022-01-13,,,,0.38500148131059203,
2022-01-14,,,,0.38010301348602166,
2022-01-15,,,,0.37607492438544476,
2022-01-16,,,,0.37352128825495295,
2022-01-17,,,,0.370878111842247,
2022-01-18,,,,0.3685440952999091,
2022-01-19,,,,0.3690207532749158,
2022-01-20,,,,0.3931449638000972,
2022-01-21,,,,0.38083522582084967,
2022-01-22,,,,0.37390564275198535,
2022-01-23,,,,0.36972787348190916,
2022-01-24,,,,0.3665249869869059,
2022-01-25,,,,0.3637227061475245,
2022-01-26,,,,0.3614292708124582,
2022-01-27,,,,0.3592602128993265,
2022-01-28,,,,0.3573449654182526,
2022-01-29,0.3384190663586111,0.26321274113068044,0.3550623245954657,0.3551984711850424,0.3602801575325466
2022-01-30,,,,0.35398328955411273,
2022-01-31,,,,0.3592943276924013,
2022-02-01,0.3594362931683569,0.3217430935513043,0.3570159855190334,0.35717699549127746,0.35677314124438647
2022-02-02,,,,0.35461007351831697,
2022-02-03,0.3570275618690138,0.31386132553646895,0.35211027560792957,0.3522214118344421,0.3534066936110879
2022-02-04,,,,0.3504777052504844,
2022-02-05,,,,0.35034525203806255,
2022-02-06,,,,0.34727527243590856,
2022-02-07,,,,0.35287394024132385,
2022-02-08,0.30370780180120355,0.14528516737793892,0.3494938624515852,0.3498659231597881,0.3272073095998447
2022-02-09,,,,0.34399438425765555,
2022-02-10,0.3619112373030708,0.3216653596455318,0.34019063331723265,0.34055634914929295,0.33460537588510314
2022-02-11,,,,0.3587101260729129,
2022-02-12,,,,0.3513995058492048,
2022-02-13,0.3425536415484491,0.26150982036496084,0.3451174848376096,0.3455395324713245,0.33229600642359214
2022-02-14,,,,0.3807162898031881,
2022-02-15,0.4135046646026889,0.4269553818436965,0.3899390557532276,0.38995547563875343,0.35410176048052094
2022-02-16,,,,0.3870283027659006,
2022-02-17,,,,0.38087612657113074,
2022-02-18,,,,0.3727322699263277,
2022-02-19,,,,0.36608171883916096,
2022-02-20,0.3492511607416018,0.2905602557736263,0.36088934570571923,0.36103269679930206,0.3516745182289679
2022-02-21,,,,0.3664576142514566,
2022-02-22,0.39927568623622156,0.3831308266375462,0.36009802285557935,0.36024218970245003,0.3651774466028505
2022-02-23,,,,0.3538178223353272,
2022-02-24,,,,0.34986358264387685,
2022-02-25,0.3079962455665461,0.17270034392628825,0.3458053653232469,0.3462451955093204,0.34808264199844435
2022-02-26,,,,0.34042734418237053,
2022-02-27,0.3275354943225764,0.2246098387614242,0.33586665379742764,0.33646926940294686,0.34159690878169013
2022-02-28,,,,0.3335389807314501,
2022-03-01,,,,0.3294381160441234,
2022-03-02,,,,0.3450457820327672,
2022-03-03,,,,0.354006414902253,
2022-03-04,0.35966572936286784,0.32214597649283616,0.36533608672958073,0.3653185027664244,0.3452376976885765
2022-03-05,,,,0.3745774846582678,
2022-03-06,0.36997956080650224,0.34698526350303865,0.3610665593787272,0.36110105818588767,0.350445267567744
2022-03-07,,,,0.3519701648541036,
2022-03-08,,,,0.34983509409282043,
2022-03-09,0.3274330467640356,0.25425277337958974,0.34994196143398854,0.3500515674625431,0.34418054563726774
2022-03-10,,,,0.35645454696624634,
2022-03-11,0.3772474992440018,0.3561241432340923,0.3754560411447119,0.37521091123262085,0.3511597612804785
2022-03-12,,,,0.4006906895761176,
2022-03-13,,,,0.4001851835429563,
2022-03-14,,,,0.3883363667548965,
2022-03-15,,,,0.38483067769832296,
2022-03-16,0.353809893888644,0.32134997785885977,0.3707199976667742,0.37029627332919274,0.3515998117406655
2022-03-17,,,,0.37891874307029405,
2022-03-18,0.36509310586737725,0.3436892218117155,0.38924387194357607,0.38854638707142575,0.3545183559740137
2022-03-19,,,,0.3717234873729618,
2022-03-20,,,,0.36217321032724764,
2022-03-21,0.3126709457268501,0.2243216419347564,0.35558496866366307,0.35502555686712806,0.34395540462343144
2022-03-22,,,,0.3452931405080263,
2022-03-23,0.3278134561216576,0.26808773488562226,0.33711202697829573,0.33679896846052876,0.33981358864034505
2022-03-24,,,,0.32995203434350334,
2022-03-25,,,,0.3231369877461753,
2022-03-26,,,,0.31524124998130293,
2022-03-27,,,,0.3075835175669067,
2022-03-28,0.30718594578650593,0.21708490689952434,0.30166135097043306,0.3017984605519846,0.32959882808960134
2022-03-29,,,,0.30286089499295155,
2022-03-30,0.3568556023298416,0.34137296539704676,0.3397684370718091,0.3395246274097774,0.33506857009143315
2022-03-31,,,,0.3545964619563496,
2022-04-01,,,,0.3536453090039587,
2022-04-02,,,,0.33978604695794096,
2022-04-03,,,,0.3314503743538659,
2022-04-04,,,,0.32433953808432375,
2022-04-05,,,,0.31731983423545174,
2022-04-06,,,,0.31919662150178946,
2022-04-07,,,,0.33436642608071804,
2022-04-08,,,,0.3543079522393988,
2022-04-09,0.2601585759367124,0.14528516737793892,0.3381223272980237,0.33807519854238266,0.3046781171151729
2022-04-10,,,,0.32405266063475485,
2022-04-11,0.2764546440155048,0.18276446627764512,0.31066149750483923,0.3111854171051824,0.29161990766331713
2022-04-12,,,,0.32306484443848993,
2022-04-13,,,,0.39167623690910236,
2022-04-14,0.27233251853859386,0.18403447328349404,0.36682522080496854,0.3672299426747128,0.2817488280792779
2022-04-15,,,,0.35025732384837954,
2022-04-16,0.3287631004762777,0.31164223826706744,0.33659520452987,0.337389210052706,0.2886926476598126
2022-04-17,,,,0.3252264296100085,
2022-04-18,,,,0.315440731095633,
2022-04-19,,,,0.3271165843373765,
2022-04-20,,,,0.3908062415896222,
2022-04-21,0.35526209989180924,0.3537920953545986,0.37959054867426156,0.3801684625649587,0.30265312432602237
2022-04-22,,,,0.3644652251558389,
2022-04-23,0.33534032575727235,0.3279413584816569,0.3896104382202712,0.389948558952703,0.3085702742230875
2022-04-24,,,,0.3987354709762897,
2022-04-25,,,,0.3780294802774643,
2022-04-26,0.2811008561653123,0.2150003498389908,0.362596019192966,0.36287956304172225,0.29687185237765196
2022-04-27,,,,0.3554394069244731,
2022-04-28,0.2694133611575922,0.19990899335928852,0.3898043728752347,0.3901785173363183,0.2845646420439156
2022-04-29,,,,0.37192320866703654,
2022-04-30,,,,0.3680812223519446,
2022-05-01,,,,0.35519086691995155,
2022-05-02,,,,0.34600939455609847,
2022-05-03,0.24638380716755776,0.17473060535555282,0.35020530254242604,0.3502724841655796,0.26578595491274776
2022-05-04,,,,0.363737220431859,
2022-05-05,0.2966065892347891,0.278038968436133,0.3412917663800116,0.3414033734418145,0.2674896207298599
2022-05-06,,,,0.3295413939252352,
2022-05-07,,,,0.31996400205950803,
2022-05-08,0.26860637697569734,0.22636452660662768,0.30901365433543887,0.30848381785947526,0.2620556354851048
2022-05-09,,,,0.2953128375487706,
2022-05-10,0.269477243063249,0.24134100425910998,0.2829339621349182,0.28240684893495693,0.2577511298784234
2022-05-11,,,,0.2701956653474157,
2022-05-12,,,,0.2721781794951552,
2022-05-13,,,,0.2783871651224096,
2022-05-14,,,,0.2652388455827251,
2022-05-15,0.3892316284281769,0.3894889125555626,0.2735180624822987,0.2727484726608338,0.28719647324558106
2022-05-16,,,,0.31974833248863094,
2022-05-17,0.3269434323025533,0.3494569562508974,0.28877666958194403,0.28831826878735844,0.29492367825993865
2022-05-18,,,,0.2699010336071479,
2022-05-19,,,,0.26575590903714097,
2022-05-20,0.24023874419120456,0.2210670601097953,0.2477085593120976,0.24693431424768889,0.27979365021993813
2022-05-21,,,,0.22988699180474226,
2022-05-22,0.23859850699336996,0.23066040751211533,0.21710834918413463,0.21546959531256885,0.26785351472413543
2022-05-23,,,,0.22259670265699008,
2022-05-24,,,,0.2171462567537248,
2022-05-25,,,,0.2142164996389479,
2022-05-26,,,,0.21552556570210554,
2022-05-27,0.23286214525732346,0.24265579296043155,0.21375769146802517,0.21230814066208464,0.25482190308716357
2022-05-28,,,,0.20064208771164777,
2022-05-29,0.23888264230081346,0.26474064680695664,0.18981573648802516,0.1880325607779349,0.24841468036664408
2022-05-30,,,,0.1777318752927907,
2022-05-31,,,,0.17495928653130252,
2022-06-01,0.3116179812746521,0.35304990634913475,0.1689069859802315,0.1675308950591738,0.2606801880401699
2022-06-02,,,,0.16269530555012063,
2022-06-03,0.12910508705180812,0.14528516737793892,0.17279835470954605,0.17123418716302186,0.2304848867109321
2022-06-04,,,,0.2619860121636631,
2022-06-05,,,,0.32083721046130126,
2022-06-06,,,,0.2818137300542235,
2022-06-07,,,,0.2615802277579941,
2022-06-08,0.354122584426138,0.37651262434945315,0.30575960851240996,0.3049972831646099,0.25312653460960294
2022-06-09,,,,0.3002562493935277,
2022-06-10,0.2565795358798944,0.31555009917682314,0.27401406459780675,0.27338598325685826,0.25047127739577907
2022-06-11,,,,0.2484855994530061,
2022-06-12,,,,0.2365604679296288,
2022-06-13,0.25346283658619395,0.3152173386980888,0.23454057513429719,0.23421375468549768,0.2502202591806781
2022-06-14,,,,0.2200601323702998,
2022-06-15,0.17623459938405733,0.2254339260108714,0.2034418411511684,0.20327504649669137,0.2296411550172751
2022-06-16,,,,0.18597511034904143,
2022-06-17,,,,0.17164301940277327,
2022-06-18,,,,0.16383204498164144,
2022-06-19,,,,0.1711220969347873,
2022-06-20,0.19978623986172242,0.26629078455349614,0.18600894092221537,0.1860813593277778,0.2141449843967056
2022-06-21,,,,0.20451442734022368,
2022-06-22,0.10661263915160935,0.17161417016104008,0.28087164569789713,0.28072676592816703,0.17913135366098148
2022-06-23,,,,0.29587896582122764,
2022-06-24,,,,0.3045570282023119,
2022-06-25,0.3898769979992116,0.4269553818436965,0.2853609690037742,0.2851134220898942,0.23138634295554006
2022-06-26,,,,0.32431857345417436,
2022-06-27,0.3145729499622377,0.3648412501923776,0.32011939185746807,0.319127297087125,0.2514388161350858
2022-06-28,,,,0.2834034205054406,
2022-06-29,,,,0.2614522767687617,
2022-06-30,,,,0.34113487767647965,
2022-07-01,,,,0.3086964943171777,
2022-07-02,0.1334147229880001,0.19470445078272847,0.276997492728539,0.2760217488147536,0.21928610103606988
2022-07-03,,,,0.25172200189355914,
2022-07-04,0.15190021225158853,0.21273833199868972,0.27848910872157195,0.2776347073988104,0.20106034392820826
2022-07-05,,,,0.27371161965084884,
2022-07-06,,,,0.24855118022475356,
2022-07-07,0.1683362769253117,0.23404285125270743,0.22893739006177588,0.22827332520022814,0.19410878696062744
2022-07-08,,,,0.21105216311731478,
2022-07-09,0.22755324173271735,0.31137657285981946,0.19572851068535818,0.1955913796884186,0.20329009131870646
2022-07-10,,,,0.18162524116710715,
2022-07-11,,,,0.1702195969789101,
2022-07-12,,,,0.1612359499313879,
2022-07-13,,,,0.15502481545897373,
2022-07-14,0.14244309131216026,0.19566097629247256,0.1502716892332971,0.1508176421978661,0.19044703239545663
2022-07-15,,,,0.14775388724078337,
2022-07-16,0.2127505412693796,0.2962088443974063,0.14463332802473258,0.14563168118723985,0.1967485695619166
2022-07-17,,,,0.14380594715899334,
2022-07-18,,,,0.1423866838813208,
2022-07-19,0.1696996713475502,0.22977980132378692,0.14062304837253087,0.14188955147503216,0.19301611083474102
2022-07-20,,,,0.14492534473558255,
2022-07-21,0.20788447690783177,0.28853382478469375,0.143326114534433,0.1444263863193767,0.19928740801131775
2022-07-22,,,,0.1436900921956734,
2022-07-23,,,,0.14311288160557997,
2022-07-24,,,,0.1423903087607385,
2022-07-25,,,,0.14224020811230137,
2022-07-26,0.21831566775684602,0.30634821057443545,0.14103818792194073,0.14229969233933648,0.20767307246431577
2022-07-27,,,,0.14228207040523688,
2022-07-28,0.14018454385549795,0.18462710505989613,0.14151906925596536,0.14225400687338022,0.1984744432700714
2022-07-29,,,,0.14474373871448326,
2022-07-30,,,,0.14490161433726043,
2022-07-31,0.1779218339090509,0.24040135171100577,0.1432416088461584,0.14391971516924418,0.1990049728777009
2022-08-01,,,,0.14277603140136552,
2022-08-02,0.16917687896383218,0.2212360338342385,0.1412034899183251,0.1418508345441196,0.19918619339818672
2022-08-03,,,,0.14101254701587074,
2022-08-04,,,,0.1499751108291481,
2022-08-05,,,,0.17642149669021645,
2022-08-06,,,,0.1707565525366531,
2022-08-07,0.12720354289970318,0.1689471593130263,0.16099255517113506,0.1612264063087591,0.19424000318881782
2022-08-08,,,,0.15436776548888675,
2022-08-09,0.1542246910489966,0.19339289294130807,0.14979205777641819,0.15000424410270335,0.19479415101561512
2022-08-10,,,,0.14676557594180623,
2022-08-11,,,,0.14425888395686987,
2022-08-12,0.17498147056140967,0.22274966427203424,0.14257862470638422,0.142899206810859,0.19749375267900884
2022-08-13,,,,0.1431838137274954,
2022-08-14,0.13382511814276105,0.169528836034513,0.32316155057303175,0.32433908898785807,0.19671037769171718
2022-08-15,,,,0.29281437599332233,
2022-08-16,,,,0.273668403481613,
2022-08-17,,,,0.3542634414749436,
2022-08-18,,,,0.32939738734848345,
2022-08-19,0.21846066744453488,0.29331213549101637,0.29675819864420133,0.2982746196999031,0.20422064833951017
2022-08-20,,,,0.2719701903526556,
2022-08-21,0.1829737510360706,0.22512692930297773,0.25033200268760347,0.25135341415763124,0.2054496138850915
2022-08-22,,,,0.24517796889345475,
2022-08-23,,,,0.23858600206616282,
2022-08-24,0.1827020113462467,0.21966445649488994,0.21961542762182013,0.22073911479054004,0.20466622961798006
2022-08-25,,,,0.208485174930644,
2022-08-26,0.18889016198045974,0.2276744082229416,0.2037792775698916,0.20475680934960905,0.20530528182817748
2022-08-27,,,,0.19680663120121866,
2022-08-28,,,,0.18459079133612,
2022-08-29,,,,0.17990236925796746,
2022-08-30,,,,0.19949484108152898,
2022-08-31,0.24519785276563166,0.3106281296458718,0.2032694975811497,0.20432610868967052,0.20953707750796016
2022-09-01,,,,0.21290248687656718,
2022-09-02,,,,0.2083140843189032,
2022-09-03,,,,0.20308782952268875,
2022-09-04,,,,0.19321065801024087,
2022-09-05,0.15829496120573366,0.1790820169752494,0.18176572041950934,0.18261178206371584,0.20372376671658343
2022-09-06,,,,0.17406544103762908,
2022-09-07,0.13015670221861694,0.14528516737793892,0.16809799894044192,0.1687337470737608,0.1967018097452342
2022-09-08,,,,0.16774371007348401,
2022-09-09,,,,0.18080273412865286,
2022-09-10,,,,0.17891911869584576,
2022-09-11,,,,0.17174231927608913,
2022-09-12,0.25311350364056007,0.3023306071271122,0.1788351596238796,0.17974328298152412,0.2038486093570473
2022-09-13,,,,0.1944565068930567,
2022-09-14,0.2388126048345755,0.2772507102834189,0.19837872497803624,0.1992533282271457,0.20745706532176525
2022-09-15,,,,0.1924750262387185,
2022-09-16,,,,0.1852708221314316,
2022-09-17,0.18667920365417856,0.19581742436991545,0.17755907473844645,0.1784848142706871,0.20406310672960312
2022-09-18,,,,0.17265634846473857,
2022-09-19,0.13954863239986237,0.14528516737793892,0.16704139890231312,0.16785106071517658,0.19461415833151097
2022-09-20,,,,0.16413784076599436,
2022-09-21,,,,0.16123972600397496,
2022-09-22,,,,0.15881653723571695,
2022-09-23,,,,0.17215422546301387,
2022-09-24,0.37567430960205783,0.3843831276290112,0.21878372154814027,0.21982663252804702,0.22016906411219014
2022-09-25,,,,0.23970543279430523,
2022-09-26,0.22039267207132932,0.23300874847080874,0.2317785180955504,0.23304515905713197,0.2174850320605678
2022-09-27,,,,0.25764916147860156,
2022-09-28,,,,0.3015147978319914,
2022-09-29,0.4108982442278171,0.4269553818436965,0.36734611849121,0.36932960566221545,0.24590547028495838
2022-09-30,,,,0.3364846279390723,
2022-10-01,0.1952476764536904,0.19353157776661098,0.30350673408816253,0.30519214892619073,0.2351001955859348
2022-10-02,,,,0.29025999490561527,
2022-10-03,,,,0.2770503066887716,
2022-10-04,,,,0.2642639550207751,
2022-10-05,,,,0.2522431827146469,
2022-10-06,0.16702285938073458,0.1694751901207712,0.24245660783104597,0.24395103579214125,0.21890178601732774
2022-10-07,,,,0.23778786356820414,
2022-10-08,0.21213156585002993,0.2091669757134419,0.23681736708368267,0.23803802178950595,0.21245694997085704
2022-10-09,,,,0.24966487583750693,
2022-10-10,,,,0.24005218174535653,
2022-10-11,0.2752994805060079,0.2989436425362922,0.2325304292260344,0.23381352349311157,0.21927404450375482
2022-10-12,,,,0.2280045142748092,
2022-10-13,0.16970916409057618,0.16837505383984383,0.23447597738013753,0.23584380953470369,0.20430066190585566
2022-10-14,,,,0.271919382399739,
2022-10-15,,,,0.26415485684794554,
2022-10-16,,,,0.2517273529616176,
2022-10-17,,,,0.2757359317852234,
2022-10-18,0.23698267253826,0.23434649937768282,0.2749367269825449,0.276157270468719,0.20454741998798456
2022-10-19,,,,0.2614461902978703,
2022-10-20,0.2861374803606556,0.3042424696546266,0.2610742069012974,0.2622758155986421,0.21384784219963215
2022-10-21,,,,0.2662732586804765,
2022-10-22,,,,0.25669370829291116,
2022-10-23,0.2813222663510925,0.2970299618019302,0.24590787894513558,0.2472928741264934,0.220805267446819
2022-10-24,,,,0.23902487919398502,
2022-10-25,0.2538332699437758,0.2513837092337613,0.23011277235146377,0.23165281594107842,0.2196160239841156
2022-10-26,,,,0.22459629483705013,
2022-10-27,,,,0.21798743953634162,
2022-10-28,,,,0.21137733012817508,
2022-10-29,,,,0.20496005888524266,
2022-10-30,0.18929095582072034,0.1663698380240052,0.19817670273492433,0.2004475357693123,0.2018437497182795
2022-10-31,,,,0.20222557128450544,
2022-11-01,0.24850732792004143,0.2261795763143444,0.23783349380983684,0.23991906330580237,0.20108036097559573
2022-11-02,,,,0.23427902345063528,
2022-11-03,,,,0.2308633983644929,
2022-11-04,0.313675742521948,0.32422648798747,0.2963754860689341,0.29739969966872537,0.21598510532164655
2022-11-05,,,,0.3019051486677469,
2022-11-06,0.289648114954191,0.29190121203858244,0.2822998549376263,0.2836999503795469,0.2217980967521812
2022-11-07,,,,0.27044224662071653,
2022-11-08,,,,0.2618096115702177,
2022-11-09,,,,0.2868082412967165,
2022-11-10,,,,0.30045047126358876,
2022-11-11,0.2561176230362046,0.2272383639377104,0.28390978474845335,0.285466851167436,0.21694851905764787
2022-11-12,,,,0.2738544064045913,
2022-11-13,0.21761387061180992,0.17187928500288094,0.2626489923655592,0.264905547526775,0.20099813389914728
2022-11-14,,,,0.28176231624405434,
2022-11-15,,,,0.3147249933482566,
2022-11-16,0.35368970765198626,0.3567439069282495,0.3313905305728575,0.3320966173540689,0.22649436080492347
2022-11-17,,,,0.31726752887022636,
2022-11-18,0.38119921905136367,0.3731570615583469,0.3353028530721532,0.3359099835342373,0.2530653021195593
2022-11-19,,,,0.37732009172017456,
2022-11-20,,,,0.34618815383487733,
2022-11-21,,,,0.38560579391687266,
2022-11-22,,,,0.39871834326623184,
2022-11-23,0.41833481983518045,0.4269553818436965,0.4122961565117432,0.4112555010299186,0.2911001359637896
2022-11-24,,,,0.386908702693938,
2022-11-25,0.41845123322370736,0.4269553818436965,0.4057033030302619,0.40490087180681633,0.3216088336560755
2022-11-26,,,,0.3878950162152876,
2022-11-27,,,,0.37314302816824896,
2022-11-28,0.37025087708033433,0.36370452924667657,0.4070461078129731,0.40627863707605794,0.3305284191604065
2022-11-29,,,,0.3855752412925029,
2022-11-30,0.27800937322306474,0.21720860322481983,0.3720631915389754,0.37197575344635775,0.3072363162166528
2022-12-01,,,,0.36211356959086766,
2022-12-02,,,,0.3547892094220569,
2022-12-03,,,,0.35880257673753946,
2022-12-04,,,,0.38418161608646817,
2022-12-05,0.3221187975713743,0.3080862762750556,0.3624344380720124,0.36258492899494715,0.30260120060199275
2022-12-06,,,,0.35365381137424834,
2022-12-07,0.3484498384649752,0.3439752486660459,0.34706154395889055,0.3474692895686564,0.3078471802283427
2022-12-08,,,,0.3457213941024323,
2022-12-09,,,,0.3796651138928687,
2022-12-10,,,,0.3609590359246987,
2022-12-11,,,,0.3508135903398428,
2022-12-12,,,,0.3652301845930193,
2022-12-13,,,,0.3829157176557014,
2022-12-14,,,,0.389791079155972,
2022-12-15,,,,0.38193044681076926,
2022-12-16,,,,0.4042748071325677,
2022-12-17,0.3492072422523124,0.3363093923682838,0.38173060706722756,0.38171412247566877,0.31628158049562666
2022-12-18,,,,0.3709736626313115,
2022-12-19,0.40525020725060845,0.3933041819794998,0.3631973198892565,0.36359682494769424,0.3496422228127346
2022-12-20,,,,0.3620830793319823,
2022-12-21,,,,0.38104466151709465,
2022-12-22,0.40117432126719055,0.3886586283908854,0.3714140725613061,0.3715564698864433,0.37069252717803014
2022-12-23,,,,0.367899749458503,
2022-12-24,0.31259608568739505,0.2429254438322996,0.35748928586476403,0.3577039445266615,0.3434014993638765
2022-12-25,,,,0.351441769971712,
2022-12-26,,,,0.3510750883293389,
2022-12-27,,,,0.3555490674998657,
2022-12-28,,,,0.34865022349538155,
2022-12-29,0.3555150315481732,0.3404262897771711,0.3667726642172504,0.3670741437586173,0.3441578426043594
2022-12-30,,,,0.3836665963093915,
2022-12-31,0.3813289193867498,0.36557028428271954,0.36735090552068994,0.36777155409529694,0.35460295540513226
2023-01-01,,,,0.3582788712515296,
2023-01-02,,,,0.3536908039536309,
2023-01-03,0.4035646655252648,0.3886261465564092,0.35107374446144207,0.35167071509036574,0.3732972166202527
2023-01-04,,,,0.3467580741368144,
2023-01-05,0.38373833254701795,0.3671126905240619,0.3412216859279052,0.3422456534851499,0.3785375345575282
2023-01-06,,,,0.33898488837461555,
2023-01-07,,,,0.34382306415657093,
2023-01-08,,,,0.40196055962179494,
2023-01-09,,,,0.40634608201220046,
2023-01-10,0.39369331354829445,0.37860771300256485,0.3897203180065001,0.3892041419574435,0.3860350838028794
2023-01-11,,,,0.3864219513973295,
2023-01-12,0.41294618109941833,0.4269553818436965,0.3772949775976018,0.3770253529345189,0.3993691652368664
2023-01-13,,,,0.37110106196510734,
2023-01-14,,,,0.36405292374085013,
2023-01-15,0.3964153199158153,0.3800870266681368,0.37449197198036427,0.37408477943288043,0.40168660692458596
2023-01-16,,,,0.408853615362449,
2023-01-17,0.4128456866974473,0.4269553818436965,0.42304766795561566,0.4219161233449873,0.41024476697038914
2023-01-18,,,,0.40714258988067564,
2023-01-19,,,,0.4124654845767379,
2023-01-20,,,,0.40620517900999487,
2023-01-21,,,,0.3959362930456199,
2023-01-22,,,,0.3875125025718715,
2023-01-23,,,,0.38188106023150475,
2023-01-24,,,,0.3778551725433363,
2023-01-25,,,,0.3742590103439362,
2023-01-26,,,,0.3771922983583851,
2023-01-27,0.38621731092444106,0.3655164368177957,0.38133944687945887,0.3809846051908547,0.40569026922319573
2023-01-28,,,,0.3781150180333303,
2023-01-29,,,,0.37292099304535076,
2023-01-30,,,,0.3689786658610245,
2023-01-31,,,,0.3665531646248322,
2023-02-01,,,,0.3648956204560382,
2023-02-02,,,,0.3615594192439047,
2023-02-03,,,,0.35814004580705217,
2023-02-04,,,,0.3556054918822876,
2023-02-05,0.34349186694408645,0.2688277126034532,0.35334113657049854,0.3537222806311486,0.3770683398190595
2023-02-06,,,,0.3507042038912647,
2023-02-07,,,,0.3543803101369851,
2023-02-08,,,,0.3532388156112108,
2023-02-09,,,,0.34800839177500487,
2023-02-10,,,,0.3447798404355815,
2023-02-11,,,,0.3418802089127427,
2023-02-12,,,,0.33932298891632817,
2023-02-13,,,,0.3370228828251841,
2023-02-14,,,,0.334797894616819,
2023-02-15,0.33598613570154745,0.24238504783364098,0.33213735176087233,0.3324077537508093,0.35383992594688873
2023-02-16,,,,0.3296787357815067,
2023-02-17,0.35403249105826357,0.30626224380411154,0.32654784242202906,0.3271515977073205,0.35125956186441154
2023-02-18,,,,0.324549139623009,
2023-02-19,,,,0.32287169454073633,
2023-02-20,0.3607299738779137,0.320254122491774,0.32087508796573494,0.32159285982629315,0.35281048008129784
2023-02-21,,,,0.3234948413538876,
2023-02-22,0.34214119581404273,0.26948707618901874,0.3376812326990725,0.3380990346818027,0.3470693671193856
2023-02-23,,,,0.3864198269107639,
2023-02-24,,,,0.3984190921947101,
2023-02-25,,,,0.38215669185424717,
2023-02-26,,,,0.37185614326084193,
2023-02-27,,,,0.3642085814052408,
2023-02-28,,,,0.35964769298890714,
2023-03-01,,,,0.35504194218392826,
2023-03-02,,,,0.35100404399412577,
2023-03-03,,,,0.3477521734427298,
2023-03-04,0.29194880873516543,0.1645815306564108,0.34324650041279586,0.34365396322116676,0.32226902889919895
2023-03-05,,,,0.3392926279962855,
2023-03-06,,,,0.33574705257999793,
2023-03-07,,,,0.35908484203595453,
2023-03-08,,,,0.37710052015267603,
2023-03-09,,,,0.3892964110385116,
2023-03-10,,,,0.38124459815343076,
2023-03-11,0.380422204562693,0.35912645627937734,0.40056967465248117,0.40011845028934623,0.34290276307043216
2023-03-12,,,,0.3962581726358612,
2023-03-13,0.3797912324395622,0.35940364988416146,0.3832980855432432,0.3829376415513382,0.3554439791738879
2023-03-14,,,,0.3827536963191229,
2023-03-15,,,,0.3787313484038379,
2023-03-16,0.3702046474354334,0.3493926227102624,0.36704270473299266,0.36665569189229613,0.3609245505240133
2023-03-17,,,,0.3592356187312249,
2023-03-18,0.4195081390178913,0.39761314287903526,0.35895407606192387,0.35859183411196915,0.37861277414288613
2023-03-19,,,,0.3652829528789533,
2023-03-20,,,,0.35509492507803786,
2023-03-21,,,,0.3477352709739293,
2023-03-22,,,,0.3422262725806354,
2023-03-23,0.3481995032271625,0.31595077665256693,0.33581465133222416,0.3355109083825728,0.3704537916004027
2023-03-24,,,,0.3311863182299277,
2023-03-25,0.34229650895468966,0.3081124491233302,0.32609413736994014,0.3260811834159389,0.36378934416662195
2023-03-26,,,,0.338947140917232,
2023-03-27,,,,0.34933095232167544,
2023-03-28,0.3413265869726218,0.30879401971643633,0.3350359596130214,0.33480823508627855,0.3589953508004138
2023-03-29,,,,0.32217856537014866,
2023-03-30,0.28336761901314345,0.17346289494868852,0.314392558093661,0.3144857686761517,0.33991447116448376
2023-03-31,,,,0.31468514073118165,
2023-04-01,,,,0.3297722401264255,
2023-04-02,,,,0.3569583187571359,
2023-04-03,,,,0.35084281968564013,
2023-04-04,0.31551677799356936,0.2549841571819849,0.3362105432437154,0.3358921667884409,0.33146369085940824
2023-04-05,,,,0.3231984919347206,
2023-04-06,0.3586780845906296,0.3482625554131512,0.31419269255682714,0.31446463212631637,0.3383439279495727
2023-04-07,,,,0.30647090355675516,
2023-04-08,,,,0.2973118611476218,
2023-04-09,0.3402527542237671,0.31829973684441065,0.2884302786070778,0.2888443058999709,0.33869718984680564
2023-04-10,,,,0.28125429097240806,
2023-04-11,0.2930270832213526,0.2135119037150969,0.27410980475425617,0.27506482815547617,0.32668634185330714
2023-04-12,,,,0.28564724768619554,
2023-04-13,,,,0.3369260924384695,
2023-04-14,,,,0.3553509084325896,
2023-04-15,,,,0.3518637932719807,
2023-04-16,0.26114695254891007,0.17298544849398723,0.3271513103227613,0.3279661140850259,0.30578181530159176
2023-04-17,,,,0.3140937877203907,
2023-04-18,0.2961070214832225,0.2446526803054923,0.3049521135736644,0.3055597700594976,0.3014028250104534
2023-04-19,,,,0.2961190210127768,
2023-04-20,,,,0.28521465244806954,
2023-04-21,0.3705996456771336,0.3649656503784033,0.2748122988163528,0.275139677930682,0.31607013017151053
2023-04-22,,,,0.3094519022918668,
2023-04-23,0.3716546422921015,0.3665428913473981,0.3509058014288022,0.3512478185172258,0.3284148315687753
2023-04-24,,,,0.3519812316005609,
2023-04-25,,,,0.3623801082494254,
2023-04-26,,,,0.35741927860878736,
2023-04-27,,,,0.3511698699756297,
2023-04-28,0.37512963752857575,0.37208330537255635,0.332895014944663,0.33307204521551415,0.34026380346285057
2023-04-29,,,,0.37386386922121007,
2023-04-30,0.33172421893363885,0.3282887789325402,0.38890751909914734,0.38926617792664175,0.33882570852024896
2023-05-01,,,,0.3804042746608525,
2023-05-02,,,,0.3589242497997434,
2023-05-03,0.3526848002623002,0.3561404649387528,0.3386089962143463,0.3385731053772193,0.34384152939137946
2023-05-04,,,,0.32283810990209405,
2023-05-05,0.30286314382588025,0.292437624379867,0.3125583697878465,0.3124668257088484,0.3342219290578744
2023-05-06,,,,0.3094197432737541,
2023-05-07,,,,0.34245044828425136,
2023-05-08,,,,0.3362569037011791,
2023-05-09,,,,0.35086736725046114,
2023-05-10,0.34223481467987504,0.35392415481194417,0.35032678712422305,0.35045670517810523,0.33687720267982435
2023-05-11,,,,0.3525368371277198,
2023-05-12,0.38095308893144936,0.3819825955878644,0.3701044527486754,0.370220922432175,0.3503365226410181
2023-05-13,,,,0.37091112836764895,
2023-05-14,,,,0.36996081472939346,
2023-05-15,0.3443096537716003,0.3594383610238899,0.3864179862878023,0.38655308607434335,0.35266977605982963
2023-05-16,,,,0.38440634177011024,
2023-05-17,0.33064787517558264,0.3523012793290844,0.3567909923782299,0.3567460749282581,0.34984085513085006
2023-05-18,,,,0.34163696301871244,
2023-05-19,,,,0.3346550389021176,
2023-05-20,,,,0.325965927739889,
2023-05-21,,,,0.3205418505138733,
2023-05-22,0.39941295451854897,0.4269553818436965,0.32891527763145284,0.3284712428280611,0.36432285999251723
2023-05-23,,,,0.3634469750816201,
2023-05-24,0.3973520321778808,0.4269553818436965,0.37655971883527123,0.37676794336628644,0.37631986936191303
2023-05-25,,,,0.3546401234786225,
2023-05-26,,,,0.33201215876888046,
2023-05-27,0.30829954575084345,0.34646827680450987,0.31402468550484697,0.3133939816923111,0.36554529830000126
2023-05-28,,,,0.3164598659819958,
2023-05-29,0.39427556141485204,0.4269553818436965,0.34189506152924554,0.341468507602706,0.37517764344634175
2023-05-30,,,,0.32951021769339967,
2023-05-31,,,,0.3141974766131166,
2023-06-01,,,,0.3576553264109739,
2023-06-02,,,,0.33577651075928877,
2023-06-03,0.3897726060717967,0.3969696318311651,0.34776045794679383,0.34696123029942255,0.3839187165311302
2023-06-04,,,,0.33442144354180126,
2023-06-05,0.3258174738502728,0.36213941025749513,0.31545829878062936,0.31469352562515124,0.3777433847061836
2023-06-06,,,,0.29795018542268786,
2023-06-07,,,,0.28230954341625436,
2023-06-08,0.29948441019125244,0.3492996248023339,0.27067491561270807,0.2700635188827534,0.3685416607626757
2023-06-09,,,,0.327126674640945,
2023-06-10,0.2693930897658451,0.32754095897586827,0.3371638736714426,0.3365083615770419,0.35501297913440816
2023-06-11,,,,0.3338643749561382,
2023-06-12,,,,0.3571534959599717,
2023-06-13,,,,0.36324699535070126,
2023-06-14,,,,0.3653158292841244,
2023-06-15,0.28172474414197013,0.3448137895913499,0.34279554482328484,0.3423086656201767,0.3455098417969169
2023-06-16,,,,0.3247140566424622,
2023-06-17,0.194412469538912,0.25599367524089717,0.3096347093885938,0.3092605996203541,0.31609357204204785
2023-06-18,,,,0.3102996996447137,
2023-06-19,,,,0.3207169233830009,
2023-06-20,0.390272673310528,0.4269553818436965,0.3261381304016394,0.32592430682172724,0.3433934078334855
2023-06-21,,,,0.37321839176157157,
2023-06-22,0.38691624941754454,0.40025576757221126,0.3934409532978208,0.3933482016330542,0.36494477848106377
2023-06-23,,,,0.3673113479341664,
2023-06-24,,,,0.34479229640626785,
2023-06-25,,,,0.3247765807290878,
2023-06-26,,,,0.31067213161335444,
2023-06-27,0.30787578641935753,0.3626266432698832,0.29783782234776845,0.29701633493001334,0.35756241482191137
2023-06-28,,,,0.28071968893220023,
2023-06-29,0.25185328364364556,0.3302400586635563,0.26749491703120565,0.26677915337720487,0.33853521213474197
2023-06-30,,,,0.2636371138998032,
2023-07-01,,,,0.2741457205625327,
2023-07-02,0.2653705628433377,0.343497669544586,0.2804529182486005,0.27944190847436734,0.32520930745511345
2023-07-03,,,,0.27045687094608917,
2023-07-04,0.3763641554137167,0.4269553818436965,0.25967737622695586,0.2589591674436704,0.3420482231274221
2023-07-05,,,,0.25149450237434334,
2023-07-06,,,,0.24397513514806185,
2023-07-07,,,,0.23286750432230305,
2023-07-08,,,,0.22170069327121614,
2023-07-09,0.28186122233425676,0.3563066483104086,0.20906875774845385,0.20880472661816274,0.3261958887807788
2023-07-10,,,,0.19624884729943715,
2023-07-11,0.22740032345345645,0.3118003894758037,0.18554294691308912,0.18546931972367953,0.30703587571165625
2023-07-12,,,,0.1784714804431328,
2023-07-13,,,,0.17359355619664738,
2023-07-14,0.28343821073005815,0.3574796184409343,0.16692908366188294,0.16716303117011208,0.30329775776272916
2023-07-15,,,,0.16337524116585248,
2023-07-16,0.22302265241426186,0.3082887895309301,0.16145463856927808,0.16205392178585515,0.28720956842814077
2023-07-17,,,,0.15852139343321664,
2023-07-18,,,,0.15499850456814138,
2023-07-19,,,,0.15239316871645164,
2023-07-20,,,,0.15061085644278027,
2023-07-21,0.2536674206458336,0.34200880546482876,0.14867455026937973,0.1496527080186021,0.2789219678992726
2023-07-22,,,,0.1487968030933376,
2023-07-23,0.27333575038911034,0.35722798833160607,0.1567455214959373,0.1574877883862041,0.27905360953787484
2023-07-24,,,,0.25403847490850606,
2023-07-25,,,,0.23866331111420683,
2023-07-26,0.3095477740237241,0.3789451835628068,0.2252446128762973,0.22456657727961543,0.28605260093711943
2023-07-27,,,,0.21306361613983307,
2023-07-28,0.18896603100053505,0.2600288743419013,0.20546903140423986,0.20504763331920225,0.26696621837669793
2023-07-29,,,,0.1941261991293047,
2023-07-30,,,,0.1860975070156741,
2023-07-31,,,,0.17704699397549872,
2023-08-01,,,,0.1722562488368254,
2023-08-02,0.20942763983869878,0.2957708835488816,0.16949148589374796,0.1697852223716136,0.25311832629342806
2023-08-03,,,,0.17061468343482109,
2023-08-04,0.2861317102739863,0.37055835470680243,0.19269262630408182,0.19279104605352979,0.2579772678480628
2023-08-05,,,,0.190608838301357,
2023-08-06,,,,0.18699595166087876,
2023-08-07,0.2340761363494426,0.3257354834817856,0.17836420704505468,0.17862929111425355,0.2533288946688797
2023-08-08,,,,0.1698339840240663,
2023-08-09,0.21704026093680756,0.303769270488202,0.161878896578032,0.1620548523404742,0.24569519972098713
2023-08-10,,,,0.15657225297569086,
2023-08-11,,,,0.15340579488158465,
2023-08-12,,,,0.15074187212553203,
2023-08-13,,,,0.14895528695156435,
2023-08-14,0.22308778822509637,0.3066108152606292,0.15091439984151295,0.1509011185795528,0.23865817660406938
2023-08-15,,,,0.15544731905943904,
2023-08-16,0.28064911509155954,0.3608406088518104,0.15602745795273973,0.1558327631747016,0.24091537348605502
2023-08-17,,,,0.1571168366804888,
2023-08-18,,,,0.1536310027375749,
2023-08-19,0.1962114678902539,0.2532775960882798,0.15093488409210332,0.15065722316273147,0.2348071670897802
2023-08-20,,,,0.14820951462582355,
2023-08-21,0.1943565602009163,0.2464506970059276,0.14669173331996507,0.14648169589022358,0.22996525770203474
2023-08-22,,,,0.1457379265170323,
2023-08-23,,,,0.14557227485042426,
2023-08-24,,,,0.14699509849757061,
2023-08-25,,,,0.14869998954845554,
2023-08-26,0.33628340583756394,0.3865787867937101,0.16469952462601023,0.16528980626898487,0.23909708802819657
2023-08-27,,,,0.2588792790999478,
2023-08-28,0.20921604503256444,0.2597332164585388,0.24380870835569213,0.2452028352545194,0.23600489884387113
2023-08-29,,,,0.23321439383010142,
2023-08-30,,,,0.2316897048641647,
2023-08-31,0.2363983162425159,0.3002154137679494,0.22895194425529164,0.2303042538968563,0.23514035832727898
2023-09-01,,,,0.21645016391225091,
2023-09-02,0.2877467193764002,0.3500858332199228,0.24531826396565212,0.24678048037047762,0.23933988707212328
2023-09-03,,,,0.2970187789773054,
2023-09-04,,,,0.25419535996420395,
2023-09-05,,,,0.22489271975773595,
2023-09-06,,,,0.20518564009237153,
2023-09-07,0.2814861121568392,0.3418511989356404,0.1886899408053381,0.1895481744046887,0.24335804278757361
2023-09-08,,,,0.1775044202768212,
2023-09-09,0.2865731844037934,0.3428165181129445,0.1679414636588037,0.16867496919581565,0.2467834557448129
2023-09-10,,,,0.16245822129497223,
2023-09-11,,,,0.16271770128991728,
2023-09-12,0.3880695703545275,0.4269553818436965,0.22000802309092266,0.2211929602881772,0.26018202594376816
2023-09-13,,,,0.24264433651780995,
2023-09-14,0.24519283905637798,0.2879488386588033,0.23301631565198233,0.23420024720582489,0.2581259830086621
2023-09-15,,,,0.2241563291350975,
2023-09-16,,,,0.23815812186925928,
2023-09-17,,,,0.23303442165491295,
2023-09-18,,,,0.24990325799848884,
2023-09-19,0.331058349029383,0.36282111260089706,0.2346754624911848,0.23595792250710826,0.2685180076099994
2023-09-20,,,,0.2220853805867634,
2023-09-21,0.38962061786706004,0.3940020480073139,0.24337006587841462,0.24486672502185666,0.28314658974016305
2023-09-22,,,,0.2860113124579445,
2023-09-23,,,,0.27539317225566845,
2023-09-24,0.3313289007612831,0.3605838187028413,0.2548750427036966,0.2561313282092244,0.2882941980130488
2023-09-25,,,,0.23820916086694438,
2023-09-26,0.25271939783932207,0.2825121870103395,0.22188430929835423,0.2230663281026946,0.2843030477762062
2023-09-27,,,,0.21091060125259592,
2023-09-28,,,,0.2006340300100916,
2023-09-29,,,,0.19203074832104333,
2023-09-30,,,,0.1851892885929749,
2023-10-01,0.27744674461030977,0.30912663952991115,0.17723884386811614,0.17850743917085476,0.284190564971264
2023-10-02,,,,0.17230151187595455,
2023-10-03,0.3008378603871623,0.3309512252586735,0.16778863383886244,0.1691927911696185,0.28488955686842854
2023-10-04,,,,0.16749877709686356,
2023-10-05,,,,0.16447626835201795,
2023-10-06,0.2587788226511447,0.279098770372804,0.16042926795591705,0.1619961636180114,0.2776602287050215
2023-10-07,,,,0.15967536001137228,
2023-10-08,0.2038618337500597,0.19891788519051432,0.15640774860469617,0.15778280741453565,0.2626788057972124
2023-10-09,,,,0.15638765559920065,
2023-10-10,,,,0.1552979514831307,
2023-10-11,,,,0.15456209174780045,
2023-10-12,,,,0.15369559342990585,
2023-10-13,0.3585906282629468,0.3644589363038398,0.15144747520094615,0.15300490961305704,0.27941612879649375
2023-10-14,,,,0.15576362698451296,
2023-10-15,0.29673288134134235,0.3176865276632431,0.15485004957988777,0.1563179575530943,0.27912472864766547
2023-10-16,,,,0.1563545238339077,
2023-10-17,,,,0.1559252035443419,
2023-10-18,0.3150066453490375,0.3368558759076189,0.1830462277103118,0.18465158452560168,0.28197466827407924
2023-10-19,,,,0.2350651406592949,
2023-10-20,0.423533845923343,0.4269553818436965,0.3432058858961929,0.34396610008516637,0.30598625201781865
2023-10-21,,,,0.3147061847246419,
2023-10-22,,,,0.2882909435416298,
2023-10-23,,,,0.3220687654131539,
2023-10-24,,,,0.35304704002846965,
2023-10-25,0.4231930867334651,0.4269553818436965,0.32730429350945234,0.3283550687150406,0.32991199355286427
2023-10-26,,,,0.4027293909107196,
2023-10-27,0.3318019835737741,0.34745325885505846,0.38993443151205076,0.3902711532300473,0.32683527018450564
2023-10-28,,,,0.3698763855007533,
2023-10-29,,,,0.3759529446090373,
2023-10-30,0.39081506471947836,0.3813629010111423,0.4025987168166876,0.40275476965193613,0.3385878392648958
2023-10-31,,,,0.37872109759514583,
2023-11-01,0.313309173372158,0.32466384122962216,0.36937347526993936,0.3699781320975774,0.33095514906476114
2023-11-02,,,,0.4104358297561704,
2023-11-03,,,,0.41647837305860225,
2023-11-04,,,,0.42064362344200346,
2023-11-05,,,,0.40868452923359916,
2023-11-06,0.41858105672577417,0.4269553818436965,0.3919537648509375,0.391768758947844,0.3537499034053069
2023-11-07,,,,0.3760122860736773,
2023-11-08,0.3740078918184949,0.3695985131064126,0.36783481242344995,0.3680088852432024,0.3583879549979624
2023-11-09,,,,0.40788503867610376,
2023-11-10,,,,0.41612588918082644,
2023-11-11,0.38391691469084166,0.37592661942936995,0.40411164698093033,0.403547875158897,0.36454450121053217
2023-11-12,,,,0.4033564207764177,
2023-11-13,0.3553592250602139,0.35846259698592065,0.3851213995343841,0.3846440572062397,0.36295614219588024
2023-11-14,,,,0.3734654789042463,
2023-11-15,,,,0.36565163160413294,
2023-11-16,,,,0.3788694021745703,
2023-11-17,,,,0.3683574806177153,
2023-11-18,0.41885866234099955,0.40005211857018835,0.3606799087190148,0.3605715395047417,0.3808997505327321
2023-11-19,,,,0.3546548012447936,
2023-11-20,0.3804797755041376,0.37281557384344005,0.35433228753074486,0.3545957205742278,0.38318627933484983
2023-11-21,,,,0.36281828699909896,
2023-11-22,,,,0.3623899208476358,
2023-11-23,0.3536929505700848,0.355113949928965,0.3535705796190784,0.3537177601498901,0.37458825129757534
2023-11-24,,,,0.34966782081728665,
2023-11-25,0.2226959788045435,0.14528516737793892,0.3492359518775443,0.3495270323104744,0.32923561568830917
2023-11-26,,,,0.34371764149199735,
2023-11-27,,,,0.36070049251134395,
2023-11-28,,,,0.37748698687140586,
2023-11-29,,,,0.37364860259143695,
2023-11-30,0.4158600942813624,0.4269553818436965,0.41523392464844694,0.4145391628166575,0.3554858897654377
2023-12-01,,,,0.42305096458545466,
2023-12-02,0.37627234993746334,0.36755461733509065,0.403512125253806,0.40313558760113805,0.3612200362691485
2023-12-03,,,,0.3891049722239387,
2023-12-04,,,,0.3869454346379207,
2023-12-05,0.4174066312963023,0.4269553818436965,0.38948381409275035,0.38944343397882625,0.3806111371586372
2023-12-06,,,,0.3791919777705093,
2023-12-07,0.41002272966209097,0.3936705383053789,0.38418174968311214,0.3841546456485354,0.39434113291487677
2023-12-08,,,,0.41681609784928975,
2023-12-09,,,,0.4029830886503539,
2023-12-10,,,,0.4005291583046943,
2023-12-11,,,,0.40586012257915993,
2023-12-12,0.4174772498119452,0.4269553818436965,0.40328817143341944,0.4030161233133035,0.4123880974130655
2023-12-13,,,,0.42064057982204806,
2023-12-14,0.38934486659428585,0.3755224077332575,0.4109011680556883,0.4106975592491849,0.4138544350522353
2023-12-15,,,,0.4030089364657787,
2023-12-16,,,,0.39384589155948013,
2023-12-17,0.36324145398251884,0.3537351545425884,0.38789849354127637,0.3878086554300968,0.402542644888492
2023-12-18,,,,0.38348385487852593,
2023-12-19,0.34133202061230916,0.3150952600248737,0.3810437461695885,0.3812453574158723,0.38512327622704684
2023-12-20,,,,0.39381595410044634,
2023-12-21,,,,0.38560179585466126,
2023-12-22,,,,0.3879317119214602,
2023-12-23,,,,0.3839545685722731,
2023-12-24,0.3944475012026829,0.3808779805435914,0.37946207127824755,0.3793684048979777,0.3933790083269956
2023-12-25,,,,0.37570589021654743,
2023-12-26,,,,0.37210104678798805,
2023-12-27,,,,0.3691339782576623,
2023-12-28,,,,0.36693177121516,
2023-12-29,0.4055470481172692,0.39038272428000526,0.3657198934873426,0.36604121225986735,0.4069844674218279
2023-12-30,,,,0.3658694142990926,
2023-12-31,0.35989410558859225,0.34550815993171363,0.37871929061937676,0.3789480300897842,0.39443840817126863
2024-01-01,,,,0.3761053172272254,
2024-01-02,,,,0.3710450197682625,
2024-01-03,,,,0.37344984227432454,
2024-01-04,,,,0.3679625114914665,
2024-01-05,0.4023794088924162,0.38771220291865977,0.3845816827023847,0.38479480754045525,0.4047158803241505
2024-01-06,,,,0.38770434769578677,
2024-01-07,0.4035199643545163,0.3891986064636243,0.3792478419826039,0.379276696292124,0.41167189018732003
2024-01-08,,,,0.37552853875083364,
2024-01-09,,,,0.3708408802141287,
2024-01-10,0.3784227282611265,0.36216548772608764,0.3729974067742102,0.3730190141635082,0.4034098361195896
2024-01-11,,,,0.3755233504242254,
2024-01-12,0.3048043622218973,0.1897636309481694,0.3702301932329945,0.37015059322723703,0.3720186119128249
2024-01-13,,,,0.3659526651698163,
2024-01-14,,,,0.36937557053495934,
2024-01-15,,,,0.395680857951519,
2024-01-16,,,,0.39912529738480146,
2024-01-17,0.35883237925144673,0.33091977531351585,0.3911613578444895,0.3906294042467371,0.36736459525449705
2024-01-18,,,,0.3878692356058874,
2024-01-19,,,,0.3846655478670085,
2024-01-20,,,,0.3760674033328931,
2024-01-21,,,,0.3719513765892735,
2024-01-22,0.38573592001249535,0.36509582101809407,0.3714978019662811,0.37133817838619576,0.37472918097503805
2024-01-23,,,,0.36983098525803954,
2024-01-24,0.3277505626563949,0.23672931036736294,0.3659117662738608,0.3658650991466621,0.3579461502564372
2024-01-25,,,,0.3624382050451692,
2024-01-26,,,,0.3602098620824735,
2024-01-27,,,,0.3577507735217015,
2024-01-28,,,,0.35472003245356165,
2024-01-29,0.3424325569187909,0.27607428696557157,0.3513140167428742,0.351495735507853,0.35142418410114823
2024-01-30,,,,0.3487561404551491,
2024-01-31,0.3489036670182456,0.29773082706466164,0.34620156078938596,0.3465256459501339,0.3470745967494362
2024-02-01,,,,0.34639075869686053,
2024-02-02,,,,0.34696415493906857,
2024-02-03,0.3651889407860231,0.33534329593198664,0.3451125014481987,0.3452980920132368,0.3500068959387312
2024-02-04,,,,0.34344706427589095,
2024-02-05,0.3356882635918173,0.24033248657276013,0.3412880435741067,0.3418533612317631,0.3416336462501712
2024-02-06,,,,0.3404659491001496,
2024-02-07,,,,0.3382788098043633,
2024-02-08,,,,0.3390025734578969,
2024-02-09,,,,0.3705507992560545,
2024-02-10,0.37365045416427695,0.3488312108993477,0.39978796186703386,0.3996708960685625,0.3508092359163266
2024-02-11,,,,0.40118795245153116,
2024-02-12,0.40468639289376085,0.3892603485776479,0.4036695473910093,0.4033517059939114,0.3648495797114337
2024-02-13,,,,0.39142048530155915,
2024-02-14,,,,0.38048870108214466,
2024-02-15,0.4059263503454125,0.39018653620633115,0.37478582840862795,0.37486883194660303,0.37665593503046024
2024-02-16,,,,0.40697523284064047,
2024-02-17,0.35382577578681584,0.3056721091418214,0.3903424818184945,0.3903006747487693,0.37120253090017186
2024-02-18,,,,0.38045883236923733,
2024-02-19,,,,0.3796921978996932,
2024-02-20,,,,0.37276790789548375,
2024-02-21,,,,0.36739346358373043,
2024-02-22,0.38988551446883246,0.3707910117105431,0.37066189839556163,0.3706771151341248,0.3788395137805874
2024-02-23,,,,0.3782918855925677,
2024-02-24,0.3889010168555446,0.3688053073572894,0.3744578808695936,0.37435509209152384,0.38314892555746644
2024-02-25,,,,0.40236175684232517,
2024-02-26,,,,0.40638773717638405,
2024-02-27,0.3884382261019365,0.3664339707835391,0.40604742615444134,0.4054691919929335,0.38647327072972293
2024-02-28,,,,0.38978249047695,
2024-02-29,0.361896135906764,0.32691928548443283,0.38681306931765524,0.3866841252933439,0.38284184149775513
2024-03-01,,,,0.3932518305412533,
2024-03-02,,,,0.3985074092143033,
2024-03-03,,,,0.4073706069650446,
2024-03-04,,,,0.3990770922921651,
2024-03-05,0.4078734471671214,0.3869090938249257,0.39834130877539126,0.39792130211853305,0.39215903651589107
2024-03-06,,,,0.3967094270375234,
2024-03-07,0.36434951212720984,0.3404633626929049,0.3833155848062051,0.3830230553543566,0.3878276364078273
2024-03-08,,,,0.3968986719087999,
2024-03-09,,,,0.3999548745514703,
2024-03-10,0.4103759600455611,0.3876740075634079,0.39777868434042724,0.39735036417457037,0.39539568479812415
2024-03-11,,,,0.40655873094506506,
2024-03-12,0.4024199235747501,0.38049264282920336,0.39685265635460004,0.39638101675805304,0.3997115200189465
2024-03-13,,,,0.3852207693412569,
2024-03-14,,,,0.3761926299576369,
2024-03-15,,,,0.3782305618444032,
2024-03-16,,,,0.37756102711702944,
2024-03-17,0.4224275018554628,0.4269553818436965,0.3673439986740849,0.3668888983178047,0.4084731180969285
2024-03-18,,,,0.36767284400377886,
2024-03-19,0.36565265587620666,0.34601985317719713,0.3603973973500209,0.35996164224132626,0.4004776459724199
2024-03-20,,,,0.35154289958244817,
2024-03-21,,,,0.3461013016510549,
2024-03-22,0.36148934415853035,0.34223155729907995,0.34120348273395046,0.3408610462677849,0.3943464752454556
2024-03-23,,,,0.33820763850132624,
2024-03-24,0.3414840610472128,0.3067344466444389,0.3348352608323751,0.3347021976842667,0.3845257283482702
2024-03-25,,,,0.33917804804708684,
2024-03-26,,,,0.4041271531994137,
2024-03-27,,,,0.38720517627435197,
2024-03-28,,,,0.3770507436099956,
2024-03-29,0.396812612637863,0.3818392847399789,0.3959501329577582,0.3949601671171969,0.3912060660101174
2024-03-30,,,,0.3977012378975338,
2024-03-31,0.405316588349951,0.3906053869486861,0.40465519105906034,0.40325036153643556,0.3985278743615763
2024-04-01,,,,0.39453028519738914,
2024-04-02,,,,0.3802955155184728,
2024-04-03,0.32036190957277233,0.2674237879019925,0.3732702751949543,0.37239263560764696,0.3838098219529722
2024-04-04,,,,0.3620842968499969,
2024-04-05,0.39235772733725444,0.38000862995728707,0.35190040485638746,0.35150431187554354,0.388230710756471
2024-04-06,,,,0.3408221191916545,
2024-04-07,,,,0.3353426458462954,
2024-04-08,,,,0.35714766154121147,
2024-04-09,,,,0.3953678123159934,
2024-04-10,0.3652249284395304,0.3574506551678364,0.3838284450260528,0.38348940735133374,0.38667313042175433
2024-04-11,,,,0.37015532715868876,
2024-04-12,0.33522645412665614,0.31598780559245726,0.3586526099498496,0.35887749372425726,0.3780366237539156
2024-04-13,,,,0.34853849573462853,
2024-04-14,,,,0.3390437793207401,
2024-04-15,0.40996019342114637,0.39812799533767446,0.3334833213140614,0.3342841801212287,0.3908246452375266
2024-04-16,,,,0.33531679360502153,
2024-04-17,0.3187135998880672,0.296928956419763,0.3320026486538279,0.33263415884030956,0.37837852412661804
2024-04-18,,,,0.327485786673325,
2024-04-19,,,,0.3192079480273528,
2024-04-20,,,,0.30950153264450236,
2024-04-21,,,,0.30051768411674895,
2024-04-22,0.24281123614620465,0.1629910991863462,0.2930946238910201,0.29344246077124814,0.3433443777037051
2024-04-23,,,,0.29002190723115906,
2024-04-24,0.3354103627444287,0.3292471709316513,0.2921634227809067,0.2924782678412662,0.3422645294093947
2024-04-25,,,,0.3076118996552619,
2024-04-26,,,,0.330759385959173,
2024-04-27,0.31127161922111435,0.2950224263985918,0.34852631544567264,0.3487574870959485,0.33426228304557914
2024-04-28,,,,0.3558309074836075,
2024-04-29,0.34494448970391756,0.3476943319524192,0.3568508535643669,0.35700257056535006,0.3373249607935518
2024-04-30,,,,0.37557107265286654,
2024-05-01,,,,0.3766035832754398,
2024-05-02,,,,0.38372934297305694,
2024-05-03,,,,0.36563718658741623,
2024-05-04,0.35341218554997317,0.35880637808366467,0.37013324489338306,0.3704487672578404,0.34153070430320376
2024-05-05,,,,0.3881812134816128,
2024-05-06,0.33729355109916603,0.3460037144258581,0.40583793492343234,0.4059549703883911,0.3424486955084337
2024-05-07,,,,0.3992682742300652,
2024-05-08,,,,0.38925509756410587,
2024-05-09,0.2907746997132567,0.2832561641422361,0.3708970396756751,0.3712275027998656,0.3307934608460413
2024-05-10,,,,0.3550418938651796,
2024-05-11,0.28529416382829886,0.279664400051033,0.3402065100608928,0.34025246923136576,0.320612464151728
2024-05-12,,,,0.3724190620688955,
2024-05-13,,,,0.36035294635808496,
2024-05-14,,,,0.4140444365936755,
2024-05-15,,,,0.4043373482882722,
2024-05-16,,,,0.39496211766336037,
2024-05-17,,,,0.3899026100160179,
2024-05-18,0.34080846312234125,0.3598798933876193,0.3903110466238568,0.39043692133689356,0.3235240537501379
2024-05-19,,,,0.3844292058394634,
2024-05-20,,,,0.4048286326742693,
2024-05-21,0.3428849862539727,0.3632327814274326,0.38827569327678124,0.3884659574515573,0.3303310802014937
2024-05-22,,,,0.37831459366667897,
2024-05-23,0.24064890248849027,0.24373936857643816,0.37782199356656054,0.37804398522474264,0.30976954267275403
2024-05-24,,,,0.36610140844606126,
2024-05-25,,,,0.3524621386454584,
2024-05-26,,,,0.34226038549868665,
2024-05-27,,,,0.33674634490853267,
2024-05-28,0.32434630794751024,0.35969799926037765,0.3288778027493646,0.3283351285229874,0.3119090873851478
2024-05-29,,,,0.31724292596383996,
2024-05-30,0.30931161596288853,0.3514507141352464,0.32089736501632415,0.32017730067649325,0.31421862240751064
2024-05-31,,,,0.31795562420606577,
2024-06-01,,,,0.31209514244821135,
2024-06-02,0.32181688508372874,0.3605200318691125,0.31153325256577663,0.31057563842031227,0.31752698486263314
2024-06-03,,,,0.306496214414167,
2024-06-04,0.33335706873343474,0.364979682157259,0.2979281044122794,0.2971781048378577,0.32401194408921546
2024-06-05,,,,0.2840521427981033,
2024-06-06,,,,0.2709488031465317,
2024-06-07,,,,0.26034571450004024,
2024-06-08,,,,0.2758831531123876,
2024-06-09,0.35798048598951315,0.3795320598336515,0.3997978462605595,0.3991151274796299,0.3362263861849481
2024-06-10,,,,0.3758050863791843,
2024-06-11,0.36340506618067486,0.3825471216061038,0.364258114371228,0.36383156964233865,0.3488618097041289
2024-06-12,,,,0.3549685546422121,
2024-06-13,,,,0.33701714191275645,
2024-06-14,0.3955405780975822,0.4269553818436965,0.3350799353957966,0.33461077834356023,0.3701624721998622
2024-06-15,,,,0.3603530035384081,
2024-06-16,0.2729377498467137,0.3413981595102707,0.33807225773604854,0.3376288529519465,0.35756213843022505
2024-06-17,,,,0.321907992427172,
2024-06-18,,,,0.3088967029106813,
2024-06-19,,,,0.37912361609991607,
2024-06-20,,,,0.4006190246312247,
2024-06-21,0.3415904665522141,0.37775529853270323,0.39676623761444785,0.39667502580786806,0.36723864139524287
2024-06-22,,,,0.38127036420476174,
2024-06-23,0.37907001888018077,0.3954387805360872,0.3746281890888721,0.3739959208241636,0.3828294330402317
2024-06-24,,,,0.3604749883089024,
2024-06-25,,,,0.3453077561115713,
2024-06-26,0.22518945787770436,0.3059359532076395,0.33031180134341126,0.32924166449447345,0.3508173077268123
2024-06-27,,,,0.31886705758159656,
2024-06-28,0.3139969951407956,0.3654375966119555,0.32915862458269535,0.3279655479488443,0.34954272718874557
2024-06-29,,,,0.3801600413599786,
2024-06-30,,,,0.3802729198035486,
2024-07-01,,,,0.3693018180746882,
2024-07-02,,,,0.35983867032850947,
2024-07-03,0.2842274528377434,0.3558686925850616,0.350018165747385,0.3486459107965505,0.3342678125965906
2024-07-04,,,,0.3381992493397463,
2024-07-05,0.3397264325765531,0.38275512290679325,0.33187943612136395,0.3300637026091392,0.34170028014249254
2024-07-06,,,,0.37473965335595955,
2024-07-07,,,,0.3576156607449418,
2024-07-08,0.1743233835893978,0.24151046672441137,0.33701406461719435,0.3355329438463179,0.30296008527871626
2024-07-09,,,,0.3283787091418204,
2024-07-10,0.32505497055923555,0.3780507735573885,0.36699626618302605,0.36424589696623777,0.3111989390421373
2024-07-11,,,,0.3447235443048109,
2024-07-12,,,,0.35060744814791045,
2024-07-13,,,,0.3310027112745117,
2024-07-14,,,,0.31347502149338174,
2024-07-15,0.21192428189509246,0.2951957879007882,0.30442303653588565,0.3016305274961356,0.2859805367320014
2024-07-16,,,,0.29503674530131646,
2024-07-17,0.22793512175326944,0.3121605327573923,0.2877589864638751,0.2853229182458115,0.2752041210150322
2024-07-18,,,,0.27218655008392867,
2024-07-19,,,,0.25909416987052114,
2024-07-20,0.24211842393802205,0.3283103954775049,0.25001020925565914,0.24867469869239917,0.269079830794075
2024-07-21,,,,0.35042420504567456,
2024-07-22,0.29233918131472414,0.366322349107842,0.3210434958524823,0.31818732096109065,0.2747842095504604
2024-07-23,,,,0.29483455545657294,
2024-07-24,,,,0.27650881493817075,
2024-07-25,,,,0.26149068998605984,
2024-07-26,,,,0.24825132696601926,
2024-07-27,0.2649670063116063,0.35535025655030283,0.23777660549643106,0.23677102565228916,0.270499397548558
2024-07-28,,,,0.2267134728606626,
2024-07-29,0.24358302518631642,0.34079807646698196,0.21546559220917533,0.21509280445679826,0.265792478677767
2024-07-30,,,,0.20567166272567833,
2024-07-31,,,,0.19864876127112213,
2024-08-01,0.11854302321526347,0.16548739211285735,0.19083228199693542,0.19085925233866569,0.23959904371581436
2024-08-02,,,,0.18490249232481934,
2024-08-03,0.2982717210945405,0.3789770139875782,0.17967820935784945,0.17984689864945452,0.2489860229553776
2024-08-04,,,,0.17518701449000887,
2024-08-05,,,,0.17059408060684667,
2024-08-06,,,,0.16640866053707484,
2024-08-07,,,,0.16532073424378896,
2024-08-08,0.18064256637936804,0.2385491389155559,0.16288906250267332,0.16306199027064766,0.23618881525962163
2024-08-09,,,,0.15990785740898494,
2024-08-10,0.19780191044485024,0.2668096943553397,0.15675038227439447,0.1569436864703024,0.23123984656569066
2024-08-11,,,,0.15418431086595347,
2024-08-12,,,,0.1519290587376279,
2024-08-13,0.2730803493407787,0.3588299949144273,0.15309783726002188,0.1530996510532191,0.23479536871490186
2024-08-14,,,,0.32083565271041103,
2024-08-15,0.2606873791066781,0.3471443966932177,0.33766800696573424,0.33869285710020125,0.23595273836420483
2024-08-16,,,,0.3017895630702079,
2024-08-17,,,,0.28051067788984385,
2024-08-18,,,,0.2718515847192254,
2024-08-19,,,,0.25374446144047413,
2024-08-20,0.262660997227791,0.344773150494615,0.23779188792401668,0.2386642983288907,0.2355978646271515
2024-08-21,,,,0.22538534355601242,
2024-08-22,0.2515785711669727,0.32698699550274835,0.21252427283380126,0.21348328085317647,0.23687096765846033
2024-08-23,,,,0.20295851430668624,
2024-08-24,,,,0.20040942464474104,
2024-08-25,0.14282951313734324,0.17107230168031742,0.2113292614292214,0.21238160771163364,0.2274638651116145
2024-08-26,,,,0.20262153612770856,
2024-08-27,0.2199443596812354,0.2766676140312715,0.19220305733164997,0.19295839009319585,0.22676389144506878
2024-08-28,,,,0.18466428085177833,
2024-08-29,,,,0.17927240715966875,
2024-08-30,,,,0.21066125361760385,
2024-08-31,,,,0.20712284413370452,
2024-09-01,0.37450088537962845,0.4269553818436965,0.29958113715615886,0.3016272645945176,0.2414407822223066
2024-09-02,,,,0.30530897407955215,
2024-09-03,0.3766541071858383,0.4269553818436965,0.3535589557299637,0.35683730640541095,0.2532250523333478
2024-09-04,,,,0.3457698286797579,
2024-09-05,,,,0.3203039454335085,
2024-09-06,0.37073528399469546,0.39499040480919184,0.33536284538173605,0.3378058051687872,0.2625658187961388
2024-09-07,,,,0.3860903051436063,
2024-09-08,0.30489818748202263,0.3553154189077931,0.3606147845861253,0.36320220250601354,0.26543283250260724
2024-09-09,,,,0.35979368396656886,
2024-09-10,,,,0.3439239810502712,
2024-09-11,,,,0.34393551611404327,
2024-09-12,,,,0.36755480298262977,
2024-09-13,0.3017567881657874,0.34953611985446986,0.33847279549182324,0.3405984979222561,0.27100744198435966
2024-09-14,,,,0.3229603121115153,
2024-09-15,0.24965184811031924,0.2923405039947736,0.30753616884534213,0.3092851147533956,0.26642681548210345
2024-09-16,,,,0.2982474034427688,
2024-09-17,,,,0.2902859755309388,
2024-09-18,0.2716690802171029,0.31509861014244,0.2822971610456337,0.28391252215175444,0.2657265199037473
2024-09-19,,,,0.2747688761934714,
2024-09-20,0.24949625175701381,0.28321446849196014,0.26541966262543626,0.26709197579188626,0.26240523248731806
2024-09-21,,,,0.262531906411709,
2024-09-22,,,,0.3427191167124086,
2024-09-23,,,,0.3450135147079518,
2024-09-24,,,,0.36308449599132187,
2024-09-25,0.40453610739782486,0.4269553818436965,0.3337422014708736,0.33588090679094346,0.28762975334063184
2024-09-26,,,,0.3798981085527744,
2024-09-27,0.40203824767743956,0.39655406089790685,0.39355933777976704,0.3958413093912279,0.3037051402555175
2024-09-28,,,,0.3847842102209915,
2024-09-29,,,,0.36429258768541306,
2024-09-30,0.3106658065490153,0.34316820341140675,0.3511516465061864,0.3529943406827573,0.30432256536064956
2024-10-01,,,,0.3530054592910632,
2024-10-02,0.293506689389816,0.3228747445995442,0.35696873321069367,0.3586474280977912,0.301128780036407
2024-10-03,,,,0.3636778496263037,
2024-10-04,,,,0.3507218656380521,
2024-10-05,,,,0.341359363658629,
2024-10-06,,,,0.40322687269832375,
2024-10-07,0.4119625150890095,0.3954596652426284,0.4130628756077557,0.4139451002806388,0.3236888727150672
2024-10-08,,,,0.40882961739630574,
2024-10-09,0.4224201235258366,0.4269553818436965,0.4084509757046762,0.40918064206021365,0.3400995702792788
2024-10-10,,,,0.4046135152591095,
2024-10-11,,,,0.3867474583549577,
2024-10-12,0.4080566952862177,0.392024250029407,0.37487167756080264,0.3759189048507119,0.3526164648818093
2024-10-13,,,,0.36611362568078337,
2024-10-14,0.31318307216299907,0.33648795865257364,0.36470256124550954,0.3657091888569258,0.3439214896856843
2024-10-15,,,,0.35728303746629464,
2024-10-16,,,,0.35568407066136865,
2024-10-17,,,,0.4118424546008622,
2024-10-18,,,,0.42383956764642056,
2024-10-19,0.383628402491506,0.3772720403407635,0.4046468579207738,0.40507687421324107,0.35199966987774545
2024-10-20,,,,0.38886645752369525,
2024-10-21,0.310751561886829,0.32883112094575123,0.3764474180844457,0.3768235462917234,0.3406188184982689
2024-10-22,,,,0.36985812987323063,
2024-10-23,,,,0.3636995213557462,
2024-10-24,0.34775290234668343,0.3579744465174738,0.35586358920943917,0.35677059507908554,0.3403124933413649
2024-10-25,,,,0.37624074000209873,
2024-10-26,0.42185478865767295,0.4269553818436965,0.4207196446330639,0.42076797248219666,0.3549501259177046
2024-10-27,,,,0.40987829719920554,
2024-10-28,,,,0.39521572668639454,
2024-10-29,,,,0.39052628689555696,
2024-10-30,,,,0.38093641645825804,
2024-10-31,0.3249924642140153,0.34046608534129086,0.3721695594593244,0.3727427372153387,0.3475887000732938
2024-11-01,,,,0.3660381373170062,
2024-11-02,0.27171187030934374,0.2640664057954503,0.35985416844073836,0.36007486552424833,0.32662969406644604
2024-11-03,,,,0.35494393586444395,
2024-11-04,,,,0.3512924016768341,
2024-11-05,0.32225647213208425,0.33378240159435585,0.34842725855995155,0.34887144977094314,0.32321581950198097
2024-11-06,,,,0.3463052524057316,
2024-11-07,0.28811444256168517,0.28664937816385383,0.34243612376744986,0.34300182986082706,0.3113774492416824
2024-11-08,,,,0.3394882693453114,
2024-11-09,,,,0.3437241887737978,
2024-11-10,,,,0.35246079210434017,
2024-11-11,,,,0.3491460877081467,
2024-11-12,0.4204517188729191,0.4269553818436965,0.34913985907989215,0.34946571679807525,0.33889983580624866
2024-11-13,,,,0.36786886466073654,
2024-11-14,0.22250139346373782,0.1742431688930469,0.358209358425443,0.35837689182021415,0.30307137320158417
2024-11-15,,,,0.35019856235789676,
2024-11-16,,,,0.3455880320799001,
2024-11-17,0.3899282388812974,0.3792049213599761,0.34284482470697886,0.343239311183137,0.32080289183659655
2024-11-18,,,,0.3416627112604625,
2024-11-19,0.3211421964288656,0.31899325842880166,0.34044228648673447,0.3410918677791819,0.3156190889369219
2024-11-20,,,,0.40072774825758944,
2024-11-21,,,,0.4110134965288006,
2024-11-22,,,,0.40056706550865423,
2024-11-23,,,,0.38743950036459507,
2024-11-24,0.3982973912084846,0.3846736136970141,0.37926312458494255,0.3789727174380012,0.33619473957135226
2024-11-25,,,,0.39209736431007897,
2024-11-26,0.3585453988240195,0.356462399596535,0.3949829898974412,0.3942625490439622,0.33842813619207246
2024-11-27,,,,0.3840372693104935,
2024-11-28,,,,0.3773110765257572,
2024-11-29,0.40770207743372283,0.3937837413929626,0.3723988744716546,0.37230671400813503,0.35790812687501383
2024-11-30,,,,0.3686583858451943,
2024-12-01,0.389802332067266,0.37876489868587226,0.36537818066619454,0.3655368420594328,0.3675674079572572
2024-12-02,,,,0.37618957722028823,
2024-12-03,,,,0.3781227731770782,
2024-12-04,,,,0.37459076601434493,
2024-12-05,,,,0.36972711329397245,
2024-12-06,0.3850115440083479,0.3730804214636879,0.3943202414255537,0.39417436866536365,0.3767853520268034
2024-12-07,,,,0.40154138462307687,
2024-12-08,0.41805202028823996,0.4269553818436965,0.4009769467254736,0.40092246111703594,0.39413373042050887
2024-12-09,,,,0.39728833352193,
2024-12-10,,,,0.38936214896780474,
2024-12-11,0.3658499906186051,0.3583522100677202,0.38293587852022676,0.3828883623868705,0.3901505337083716
2024-12-12,,,,0.3773498230932185,
2024-12-13,0.3727583273723563,0.36219072419344,0.37569415333825706,0.3758124913916418,0.38923217487103406
2024-12-14,,,,0.3839440557619811,
2024-12-15,,,,0.3930511931871771,
2024-12-16,,,,0.3812515802577353,
2024-12-17,,,,0.37611935983443956,
2024-12-18,0.3754509941028126,0.3632032624708082,0.37215832147819855,0.3724584606054802,0.38896101200585326
2024-12-19,,,,0.39828133161757984,
2024-12-20,0.3376600746673527,0.30892816260251305,0.3894899075923815,0.3895919190192069,0.3707795631502896
2024-12-21,,,,0.40709458741861276,
2024-12-22,,,,0.4074266635729874,
2024-12-23,0.4133284175154583,0.4269553818436965,0.398062275422122,0.3977076085078251,0.38941932855259237
2024-12-24,,,,0.39390684322764513,
2024-12-25,0.4005810886299352,0.386200805979828,0.3875552661991752,0.3875342317352551,0.3991930742848997
2024-12-26,,,,0.3824897124296312,
2024-12-27,,,,0.3782821361042316,
2024-12-28,,,,0.37467933722736724,
2024-12-29,,,,0.3722764241724814,
2024-12-30,0.3897176167868272,0.37439477191631726,0.36969904794500386,0.3700800576522369,0.40199501117281883
2024-12-31,,,,0.36783048439776617,
