date,ismn_rz_z,ismn_rz
2016-01-01,-0.7645100287401696,0.30341666666666667
2016-01-02,0.7465378884207681,0.3706422101449276
2016-01-03,1.3441372688424065,0.39793749999999994
2016-01-04,1.5087381454047863,0.4058125
2016-01-05,1.574835183340809,0.40904166666666664
2016-01-06,1.853798628901848,0.4194375
2016-01-08,1.4441349365747917,0.4003300438596491
2016-01-09,1.6741123099458206,0.40935416666666663
2016-01-10,1.6219775793479414,0.4064916666666667
2016-01-13,1.5257530489656634,0.4006875
2016-01-14,1.4527350780321986,0.3975416666666666
2016-01-15,1.2196681376947234,0.38833333333333336
2016-01-16,0.9141459452632588,0.3764791666666667
2016-01-17,0.7834490262018927,0.3718125
2016-01-18,1.3279496974224783,0.391875
2016-01-19,1.8463976685214178,0.4096666666666666
2016-01-20,1.2386806883135548,0.3875208333333333
2016-01-21,0.9920970408880769,0.3792083333333333
2016-01-22,0.9309303604723629,0.37649999999999995
2016-01-23,1.6089351956743647,0.39925
2016-01-24,1.3200796524059573,0.38887499999999997
2016-01-25,1.1174897734969216,0.3815625
2016-01-26,1.0056930875318455,0.377625
2016-01-27,0.9339934999196823,0.3761458333333333
2016-01-28,0.851885188895598,0.3742083333333333
2016-01-29,0.8529691783982485,0.3741875
2016-01-30,0.7968412137608907,0.3734166666666667
2016-01-31,0.7804699068656152,0.37354166666666666
2016-02-01,0.8424834551151608,0.37527083333333333
2016-02-02,0.9300073480984652,0.37768749999999995
2016-02-03,1.064330409892948,0.38166666666666665
2016-02-04,1.3585747905084786,0.3906666666666666
2016-02-05,1.394673546404942,0.3918125
2016-02-06,1.438661098909923,0.3935833333333334
2016-02-07,2.1794550859168575,0.41736775362318834
2016-02-08,1.9972142048079247,0.4118333333333334
2016-02-11,2.114461629937897,0.417625
2016-02-14,2.201274569202871,0.4227916666666666
2016-02-15,1.9743318380951753,0.41483333333333333
2016-02-16,1.6785069234573842,0.4046875
2016-02-17,1.5258494225080663,0.400125
2016-02-18,1.5005850806569643,0.3996041666666667
2016-02-19,1.5338733765383845,0.4019166666666667
2016-02-20,1.4913002158539148,0.4013958333333334
2016-02-21,1.473023558627173,0.40075000000000005
2016-02-22,1.4253124955959622,0.3992083333333334
2016-02-23,1.5251876665115849,0.40308333333333335
2016-02-24,1.9631346711566704,0.42125
2016-02-28,1.7549553956781159,0.4187916666666667
2016-02-29,1.559367718921006,0.41125
2016-03-01,1.4542613149685668,0.40645833333333337
2016-03-07,1.7719876841942546,0.4239375
2016-03-08,1.5990769849432975,0.41625
2016-03-09,1.6171049792703684,0.41866666666666663
2016-03-10,1.5716639834053094,0.4174375
2016-03-11,1.4653967554183676,0.41254166666666664
2016-03-12,1.3755572205399762,0.4091458333333333
2016-03-13,1.2995740106776645,0.4063333333333333
2016-03-14,1.2313543503479583,0.4032083333333334
2016-03-15,1.185415949696131,0.40131250000000007
2016-03-16,1.1283178503997575,0.3987916666666667
2016-03-17,1.0740132909279196,0.3963333333333333
2016-03-18,1.0564297881329612,0.39583333333333337
2016-03-19,1.0413646787211057,0.39445833333333336
2016-03-20,1.049214919308167,0.3950208333333334
2016-03-21,1.0764492252773903,0.396625
2016-03-22,1.0473723198722211,0.3939583333333333
2016-03-23,1.0281946271699334,0.39160416666666664
2016-03-24,1.0068273885887233,0.3887291666666667
2016-03-25,0.9998036267180255,0.3865833333333334
2016-03-26,0.9983588627852356,0.38456250000000003
2016-03-27,1.0075185888338214,0.38279166666666664
2016-03-28,1.0025014999387705,0.37950000000000006
2016-03-29,1.0606189996002124,0.38206249999999997
2016-03-30,1.2059587129264642,0.3931666666666667
2016-03-31,1.1977482916722626,0.3900625
2016-04-01,1.3694587368353026,0.40397916666666667
2016-04-02,1.3595321860031087,0.4002291666666667
2016-04-03,1.3509565436307338,0.3972916666666667
2016-04-04,1.367481796285573,0.39658928571428576
2016-04-06,1.6350107561289853,0.4196666666666667
2016-04-07,1.6035050130903392,0.4131666666666667
2016-04-08,1.5852462298382517,0.4089583333333333
2016-04-09,1.5827725017605365,0.40566666666666673
2016-04-10,1.5777406259084499,0.403125
2016-04-11,1.7404443692038574,0.4187916666666667
2016-04-12,1.728974190816182,0.41456249999999994
2016-04-13,1.7069338969039807,0.4091458333333333
2016-04-14,1.6723343371280255,0.4037291666666667
2016-04-15,1.6953424004778104,0.4035833333333334
2016-04-18,1.886323286615498,0.4186875
2016-04-19,1.8538656704459622,0.4124791666666666
2016-04-20,1.8337025086769818,0.4073958333333334
2016-04-21,1.8702768644338792,0.4098958333333333
2016-04-22,1.9496366391370819,0.415875
2016-04-23,1.9597358261966098,0.41425
2016-04-24,2.003503354908265,0.4164791666666666
2016-04-25,1.9947816902532682,0.41425
2016-04-26,1.9611637568540394,0.4100625
2016-04-27,1.9249344679370337,0.40650000000000003
2016-04-28,1.8839717180276712,0.40322916666666664
2016-04-29,1.8229446229470787,0.40093750000000006
2016-04-30,1.7467691385226918,0.39856250000000004
2016-05-01,1.6856052398352497,0.3959166666666667
2016-05-02,1.6282290847575105,0.3941875
2016-05-03,1.5686859104652304,0.39237500000000003
2016-05-04,1.5139570520658645,0.38983333333333337
2016-05-05,1.4268818104288261,0.38275000000000003
2016-05-06,1.289406164221902,0.36975
2016-05-07,1.1131442936072058,0.3531666666666667
2016-05-08,0.905091108336306,0.333375
2016-05-09,0.7474722584350482,0.3187291666666667
2016-05-10,0.7746033681488792,0.32491666666666663
2016-05-11,0.7311420243379075,0.3219375
2016-05-12,0.6842457723868157,0.3188958333333334
2016-05-13,0.6242326174535651,0.31466666666666665
2016-05-14,0.5754370623876846,0.31129166666666663
2016-05-15,0.5269241502846701,0.307
2016-05-16,0.443830278260427,0.2992708333333333
2016-05-17,0.3482305081397417,0.28983333333333333
2016-05-18,0.23603894211619517,0.27845833333333336
2016-05-19,0.09662782903230628,0.2652291666666666
2016-05-20,-0.04338652656187808,0.252
2016-05-21,-0.27123094201705783,0.23025
2016-05-22,0.9072304833690154,0.3588541666666667
2016-05-23,1.2892669028363803,0.4007708333333334
2016-05-24,1.2113135585061638,0.3932083333333333
2016-05-25,1.0974756088466593,0.3833958333333334
2016-05-26,0.9814758935975614,0.37272916666666667
2016-05-27,0.7902174396368412,0.3539583333333334
2016-05-28,0.5747161092315665,0.33260416666666665
2016-05-29,0.4159002120165084,0.31668749999999996
2016-05-30,0.29197680832575396,0.302875
2016-05-31,0.18629993032155964,0.29012499999999997
2016-06-01,0.1340121644152439,0.28308333333333335
2016-06-02,0.11251965854950806,0.27870833333333334
2016-06-03,0.08581735324455265,0.2729166666666667
2016-06-04,0.020752455586280905,0.2632291666666667
2016-06-05,-0.0950830145680608,0.24916666666666665
2016-06-06,-0.2403671201882019,0.23202083333333334
2016-06-07,-0.30551681854017365,0.22214583333333332
2016-06-08,-0.38255187697025334,0.21060416666666668
2016-07-27,1.0024711289633423,0.13618750000000002
2016-07-28,0.8649479153844112,0.12827083333333333
2016-07-29,0.8211894572553097,0.12575
2016-07-30,0.7450835044015671,0.12147916666666667
2016-07-31,0.6154555508280061,0.1143125
2016-08-01,0.5598919737519891,0.11120833333333334
2016-08-02,0.5499761303712388,0.11029166666666668
2016-08-03,0.5467195956537664,0.10964583333333333
2016-08-04,0.4563756637395478,0.10414583333333334
2016-08-05,0.47566432707025796,0.10204166666666667
2016-08-06,0.5024313945598555,0.10037499999999999
2016-08-07,0.5445656686474766,0.09933333333333334
2016-08-08,0.5779713598518834,0.09827083333333334
2016-08-09,0.4835631650267532,0.09254166666666667
2016-08-10,0.45017177157907606,0.0895
2016-08-11,0.44609230931717797,0.0876875
2016-08-12,0.4999927795001622,0.08775
2016-08-13,0.5583161776225893,0.0881875
2016-08-14,0.5525377838166671,0.08687500000000001
2016-08-15,0.5484954867431505,0.08581249999999999
2016-08-16,0.5411616639410655,0.08485416666666667
2016-08-17,0.4479642369076357,0.08145833333333333
2016-08-18,0.33892363150618626,0.07795833333333332
2016-08-19,0.29460181238561756,0.0773125
2016-08-20,0.21604637111302957,0.07522916666666665
2016-08-21,0.18046696983060684,0.0743125
2016-08-22,0.23247132010006555,0.07552083333333334
2016-08-23,0.32961737676813757,0.07804166666666666
2016-08-24,0.41389804288495213,0.08025
2016-08-25,0.4260980296696153,0.08052083333333335
2016-08-26,0.40452019855674093,0.07939583333333333
2016-08-27,0.38687549555560036,0.0781875
2016-08-28,0.325197611100889,0.075625
2016-08-29,0.2568509764167556,0.0728125
2016-08-30,0.22338123541763805,0.07185416666666666
2016-08-31,0.18262895187070155,0.071375
2016-09-01,0.14993214236940144,0.07089583333333332
2016-09-02,0.10022172860702724,0.0704375
2016-09-03,0.04176560548951222,0.0699375
2016-09-04,-0.021724270782894323,0.06875
2016-09-05,-0.08585599612507801,0.06689583333333333
2016-09-06,-0.09682383906727168,0.06727083333333334
2016-09-07,-0.11333410996340293,0.06737499999999999
2016-09-08,-0.1532223056616731,0.06568750000000001
2016-09-09,-0.19891267968756798,0.06364583333333333
2016-09-10,-0.1631842701713887,0.06708333333333333
2016-09-11,-0.19759184394791107,0.06679166666666667
2016-09-12,-0.20736873567414918,0.0681875
2016-09-13,0.13046764632052715,0.09733333333333333
2016-09-14,1.1308925570799178,0.1858125
2016-09-15,0.6814879278778575,0.1535625
2016-09-16,0.32216667376579106,0.12629166666666666
2016-09-17,0.13705807337657436,0.1136875
2016-09-18,-0.007236925411046466,0.10341666666666666
2016-09-19,-0.07525609699699233,0.09914583333333332
2016-09-20,-0.12786257723498942,0.09604166666666666
2016-09-21,-0.1903874518371262,0.091625
2016-09-22,-0.24902682113576052,0.08747916666666666
2016-09-23,-0.29731487571707976,0.08420833333333333
2016-09-24,-0.3393544158788195,0.08129166666666668
2016-09-25,-0.3805791393272544,0.07797916666666667
2016-09-26,-0.4130975922122414,0.07560416666666667
2016-09-27,-0.4440327963172426,0.07329166666666666
2016-09-28,-0.4644689815072222,0.07227083333333334
2016-09-29,-0.4997002847403181,0.070125
2016-09-30,-0.520697290848587,0.06983333333333333
2016-10-01,0.024935031131899155,0.14525
2016-10-02,-0.09464856466029206,0.13191666666666668
2016-10-03,-0.3178486388581481,0.10358333333333333
2016-10-04,-0.4283245625086197,0.08983333333333333
2016-10-05,-0.48260591706204115,0.08429166666666667
2016-10-06,-0.5305598575501782,0.079625
2016-10-07,-0.5923268283980644,0.07345833333333333
2016-10-08,-0.6364203432087637,0.06927083333333334
2016-10-09,-0.6698367463380295,0.06683333333333333
2016-10-10,-0.7206731414725901,0.06272916666666667
2016-10-11,-0.7543957335482788,0.0604375
2016-10-12,-0.7780021061762883,0.05931249999999999
2016-10-13,-0.7763895196795958,0.06164583333333333
2016-10-14,-0.7375276697291053,0.06920833333333334
2016-10-15,-0.7730594897916477,0.06639583333333333
2016-10-16,-0.7835168188340207,0.0663125
2016-10-17,-0.7919793331501646,0.06770833333333333
2016-10-18,-0.8121364976019955,0.06758333333333333
2016-10-19,-0.8527602497998661,0.06420833333333334
2016-10-20,-0.8776960073852065,0.06379166666666666
2016-10-21,-0.9245739127185443,0.06039583333333333
2016-10-22,-0.9639235518467664,0.05952083333333334
2016-10-23,-0.9585976388592432,0.06443750000000001
2016-10-24,-0.7357344775804838,0.09975
2016-10-25,-0.8449180851803761,0.0890625
2016-10-26,-0.8905327570126166,0.08733333333333335
2016-10-27,-0.9602127872690909,0.0824375
2016-10-28,-1.021229564850643,0.07891666666666666
2016-10-29,-1.076495748248224,0.07754166666666668
2016-10-30,-1.11122315505773,0.07758333333333334
2016-10-31,-1.1430811340975722,0.07795833333333334
2016-11-01,-1.179182982963282,0.07802083333333333
2016-11-02,-1.2255428529449601,0.07700000000000001
2016-11-03,-1.2701737351700755,0.07658333333333334
2016-11-04,-1.329732930907501,0.074625
2016-11-05,-1.231237485872862,0.09266666666666666
2016-11-06,-0.8044730772342634,0.14916666666666667
2016-11-07,-0.3167596191791505,0.2124375
2016-11-08,-0.20132452204449167,0.22993750000000002
2016-11-09,0.52979119596597,0.32054166666666667
2016-11-10,0.7467166888818576,0.34868750000000004
2016-11-11,0.7045240119435376,0.3465625
2016-11-12,0.2867622243237932,0.3002916666666666
2016-11-13,0.5804631968671833,0.33672916666666663
2016-11-14,0.37376967381497317,0.316
2016-11-15,0.1608483834670764,0.29456249999999995
2016-11-16,0.0402043576091612,0.28527083333333336
2016-11-17,-0.05506566391988125,0.27764583333333337
2016-11-18,-0.16432917981267922,0.26893750000000005
2016-11-19,-0.2035045137591984,0.269625
2016-11-20,-0.26979157660529585,0.26679166666666665
2016-11-21,-0.3162274673820243,0.26722916666666663
2016-11-22,-0.03038741657544259,0.29633333333333334
2016-11-23,0.5096972167248952,0.34791666666666665
2016-11-24,0.4992553792860004,0.34891666666666665
2016-11-25,0.11268814149757175,0.31727083333333334
2016-11-26,-0.0908604706917669,0.30316666666666664
2016-11-27,-0.18747737216480362,0.2993125
2016-11-28,-0.36168486222911905,0.29089583333333335
2016-11-29,-0.4458261885853591,0.2879583333333333
2016-11-30,-0.5990676419717684,0.2808125
2016-12-01,-0.7254018956341426,0.27318749999999997
2016-12-02,-0.862836481092362,0.26485416666666667
2016-12-03,-0.9690186327532558,0.2588958333333333
2016-12-04,-0.9910277755344604,0.25908333333333333
2016-12-05,-0.9868568709721856,0.26125
2016-12-06,-1.0600597609956666,0.2573125
2016-12-07,-1.1813189182657524,0.25533333333333336
2016-12-08,-1.2576909808280254,0.2568541666666667
2016-12-09,-1.410636189873504,0.254625
2016-12-10,-1.6096192800369802,0.2515
2016-12-11,-1.8825516539684481,0.24787499999999998
2016-12-12,-1.9348019536819736,0.24662500000000004
2016-12-13,-1.9970685271502562,0.2447291666666667
2016-12-21,-2.359855083030372,0.22477083333333334
2016-12-22,-2.3930159061993654,0.22210416666666666
2016-12-23,-2.349351834645584,0.22379166666666667
2016-12-24,-2.5487181393608735,0.22641666666666665
2016-12-25,-2.4275704808957834,0.22995833333333332
2016-12-26,-2.3154762946656517,0.23341666666666666
2016-12-27,-2.263024952983899,0.23558333333333334
2016-12-28,-2.3270670559963564,0.23452083333333332
2016-12-29,-2.3964796653190628,0.23245833333333332
2016-12-30,-2.3826536129903984,0.2326875
2016-12-31,-2.4033339660201607,0.23183333333333336
2017-01-01,-2.4111427636387153,0.23150000000000004
2017-01-02,-2.4178242371907825,0.2310625
2017-01-03,-2.4419902546459182,0.23014583333333336
2017-01-04,-2.473493371961469,0.228875
2017-01-05,-2.512579871067947,0.22747916666666668
2017-01-06,-2.636956792254707,0.22506250000000003
2017-01-07,-2.7750630684066815,0.22152083333333333
2017-01-08,-2.8873038019097867,0.218625
2017-01-09,-2.9195070642311944,0.2193125
2017-01-10,-2.746664362136979,0.228375
2017-01-11,-2.196963582343982,0.2520416666666667
2017-01-12,-0.657611791500146,0.31437499999999996
2017-01-13,0.8194054745555589,0.373
2017-01-14,-0.05342611591125322,0.3392916666666667
2017-01-15,-0.10619704741638257,0.33772916666666664
2017-01-16,1.0693598500782768,0.3822916666666667
2017-01-17,-0.16422832371972473,0.33677083333333335
2017-01-18,-0.566351885220302,0.32266666666666666
2017-01-19,-0.8033053818990732,0.3150208333333333
2017-01-20,-0.9820715296915281,0.3099791666666667
2017-01-21,-1.0790899951222614,0.308125
2017-01-22,-1.1628236619918961,0.306875
2017-01-23,-1.2256536608620054,0.30622916666666666
2017-01-24,-1.3366936835017655,0.3041041666666666
2017-01-25,-1.5048565600298869,0.3006875
2017-01-26,-1.6547085527423722,0.298
2017-01-27,-1.7107022242433214,0.2975
2017-01-28,-1.6808474759809973,0.29864583333333333
2017-01-29,-1.6859538886396725,0.2985833333333333
2017-01-30,-1.677666971025647,0.29864583333333333
2017-01-31,-1.6444657690098474,0.29904166666666665
2017-02-01,-1.6310129818663224,0.2985833333333333
2017-02-02,-1.6161050379288653,0.2983125
2017-02-03,-0.5692861414605705,0.3303125
2017-02-04,0.9859532520946727,0.37887499999999996
2017-02-05,2.267849293127227,0.4197454710144928
2017-02-06,0.43286745014936834,0.3609375
2017-02-07,0.810711455159302,0.3729375
2017-02-08,1.352187345662254,0.39064583333333336
2017-02-09,0.17192646580750442,0.35214583333333327
2017-02-10,-0.14074622450962057,0.34162499999999996
2017-02-11,-0.291586981291701,0.3362291666666667
2017-02-12,-0.3798246705307985,0.33318749999999997
2017-02-13,-0.42952943400105525,0.33116666666666666
2017-02-14,-0.49002029548948195,0.3289375
2017-02-15,-0.5262964653497602,0.3272083333333333
2017-02-16,-0.5728989603625013,0.32508333333333334
2017-02-17,-0.620001145581144,0.3230208333333333
2017-02-18,-0.7057405724861624,0.31927083333333334
2017-02-19,-0.761293667809142,0.3164166666666667
2017-02-20,-0.7977446913373025,0.314125
2017-02-21,-0.8367340102835228,0.31145833333333334
2017-02-22,-0.8515366400303813,0.309875
2017-02-23,-0.9023332456373224,0.3070625
2017-02-24,-0.9479711277207312,0.3046875
2017-02-25,-1.0293294850664267,0.3010208333333333
2017-02-26,-1.1096993226338194,0.297125
2017-02-27,-1.1309052946694886,0.29537499999999994
2017-02-28,-1.050118669124678,0.29793749999999997
2017-03-01,-0.604395575898615,0.31643750000000004
2017-03-02,-0.6138332919726717,0.314875
2017-03-03,-0.5027538690929564,0.31858333333333333
2017-03-04,1.5278181027533893,0.4094791666666667
2017-03-05,1.1350884870093323,0.3915208333333333
2017-03-06,1.0089884299190404,0.3857708333333333
2017-03-07,0.7814742760862277,0.375
2017-03-08,0.9158195558957635,0.3817083333333333
2017-03-09,0.4926783529731267,0.36041666666666666
2017-03-10,0.33580362025065935,0.35204166666666664
2017-03-11,0.24040498362383297,0.3463333333333334
2017-03-12,0.47303588977854805,0.35802355072463765
2017-03-13,1.0695931611634217,0.39175
2017-03-14,0.6699737736326424,0.3692083333333333
2017-03-15,0.4971557734206002,0.35843478260869566
2017-03-16,0.3982912889894945,0.3515208333333333
2017-03-17,0.32950716791521684,0.34620833333333334
2017-03-18,0.27025060826210734,0.34122916666666664
2017-03-19,0.2143464415250945,0.33595833333333336
2017-03-20,0.18888679930359356,0.3320416666666667
2017-03-21,0.16270268490076406,0.32814583333333336
2017-03-22,0.32611479642941854,0.3383333333333334
2017-03-23,1.0957245387521262,0.39783333333333337
2017-03-24,0.7076817398707229,0.36516666666666664
2017-03-25,1.118188862427714,0.39812499999999995
2017-03-26,0.8541103644921807,0.37402083333333336
2017-03-27,0.7272270011667478,0.3606666666666667
2017-03-28,0.6874447801679249,0.35402083333333334
2017-03-29,0.6632327610800053,0.3484166666666667
2017-03-30,0.6299217206744762,0.3418333333333333
2017-03-31,0.6014993434762708,0.33562500000000006
2017-04-01,1.412693154014516,0.41091666666666665
2017-04-02,1.1469111760465303,0.38202083333333337
2017-04-03,1.0492672683622446,0.3691458333333333
2017-04-04,0.9868300055306298,0.3601875
2017-04-05,0.952448170102875,0.3536041666666667
2017-04-06,0.9161445256583768,0.3465416666666667
2017-04-07,0.8777114217105472,0.33891666666666664
2017-04-08,0.8414206440591322,0.3312083333333333
2017-04-09,0.7654163782415264,0.3197916666666667
2017-04-10,0.6626276879307995,0.3050833333333334
2017-04-11,0.5509491610349803,0.2901666666666667
2017-04-12,0.39666844808689866,0.27025
2017-04-13,0.23206683069099718,0.24893749999999998
2017-04-14,0.06888722063670427,0.22795833333333337
2017-04-15,-0.06272567511951656,0.2111875
2017-04-16,-0.1608605184630061,0.19760416666666666
2017-04-17,-0.30795458393451536,0.17875
2017-04-18,-0.49628480506338385,0.15600000000000003
2017-04-19,-0.703165663297138,0.13122916666666667
2017-04-20,-0.8718283033216059,0.11037500000000001
2017-04-21,-1.0016368252189125,0.09395833333333334
2017-04-22,-1.1067008268857366,0.081
2017-04-23,-1.185371403722609,0.0714375
2017-04-24,-1.253723615866791,0.06308333333333334
2017-04-25,-1.2816627139857137,0.058625000000000003
2017-04-26,-1.2972636441451675,0.05554166666666667
2017-04-27,-1.317212681472566,0.0519375
2017-04-28,-1.3367456346182813,0.04925
2017-04-29,-1.3572026741024734,0.04735416666666667
2017-04-30,-1.3723259756268211,0.04608333333333334
2017-05-01,-1.3811469830492737,0.04510416666666667
2017-05-02,-1.386547726989508,0.045083333333333336
2017-05-03,-1.400418997934054,0.04547916666666667
2017-05-04,-1.4160168185807693,0.04585416666666667
2017-05-05,-1.43379005974285,0.04610416666666667
2017-05-06,-1.4651825978674566,0.04541666666666667
2017-05-07,-1.4935137213303094,0.0453695652173913
2017-05-08,-1.5199104931785934,0.045875
2017-05-09,-1.5505931980487375,0.04616666666666666
2017-05-10,-1.5862648384395972,0.04647916666666666
2017-05-11,-1.6196798938550692,0.04654166666666666
2017-05-12,-1.649785818726936,0.04658333333333334
2017-05-13,-1.6741424229592679,0.04722916666666667
2017-05-14,-1.7015924885688523,0.04691666666666667
2017-05-15,-1.717636118638152,0.047625
2017-05-16,-1.7324201156371375,0.04827083333333333
2017-05-17,-1.7564946284455318,0.048458333333333325
2017-05-18,-0.7431805453429721,0.16622916666666668
2017-05-19,0.9441207395611686,0.35777083333333337
2017-05-20,0.8984894775640203,0.353875
2017-05-21,0.6752577298354457,0.33039583333333333
2017-05-22,0.4894471495446414,0.31229166666666663
2017-05-23,0.3206988717209195,0.29620833333333335
2017-05-24,0.11406721582428254,0.2765416666666667
2017-05-25,-0.16048955949031718,0.24966666666666668
2017-05-26,-0.5190035733094572,0.21543749999999998
2017-05-27,-0.881859827305313,0.181
2017-05-28,-1.2364204945055468,0.1476818181818182
2017-05-29,-1.5514764195987643,0.11789583333333332
2017-05-30,-1.8115377849775993,0.09222916666666667
2017-05-31,-1.8565459525243169,0.08687500000000001
2017-06-01,-1.8655689485437104,0.08510416666666666
2017-06-02,-1.878357949006501,0.08222916666666667
2017-06-03,-1.698870302005167,0.09635416666666666
2017-06-04,-0.7324417089065612,0.18972916666666664
2017-06-05,-0.7246156875683369,0.18704166666666666
2017-06-06,-0.7692534342459204,0.17933333333333334
2017-06-07,-0.853999558748609,0.1676304347826087
2017-06-09,-1.0493272925459483,0.13952083333333334
2017-06-10,-1.123690596502243,0.12704166666666666
2017-06-11,-1.2087305363312195,0.11289583333333333
2017-06-12,-1.3283416461028636,0.09479166666666666
2017-06-13,-1.4402927836594046,0.07777272727272727
2017-06-14,-1.5172461824359675,0.06477083333333333
2017-06-15,-1.5570555124891992,0.05583333333333333
2017-06-16,-1.5811608767446939,0.04945833333333333
2017-06-17,-1.585984092657804,0.044
2017-06-18,-1.575593050054252,0.04014583333333333
2017-06-19,-1.5541744938065118,0.037270833333333336
2017-06-20,-1.5258129929088713,0.0351875
2017-06-21,-1.501081097276706,0.03333333333333333
2017-06-22,-1.4734218768884706,0.031874999999999994
2017-06-23,-1.448550043958861,0.03008333333333333
2017-06-24,-1.4438326483775763,0.02847916666666667
2017-06-25,-1.428485864841867,0.02770833333333333
2017-06-26,-1.4135210501111346,0.0275625
2017-06-27,-1.3996129025209902,0.026895833333333334
2017-06-28,-1.3759887852155566,0.026833333333333334
2017-06-29,-1.362047006219775,0.025458333333333333
2017-06-30,-1.3424661707364745,0.0246875
2017-07-01,-1.3216182416468771,0.0245
2017-07-02,-1.2891663763792842,0.024791666666666667
2017-07-03,-1.2513727568896313,0.025729166666666668
2017-07-04,-1.2113566006398762,0.027020833333333334
2017-07-05,-1.1787280471302795,0.028145833333333335
2017-07-06,-1.1495172298825826,0.028666666666666667
2017-07-07,-1.1409343473586693,0.028458333333333335
2017-07-08,-1.1333218142949948,0.028270833333333335
2017-07-17,-1.1491369700855771,0.027875000000000004
2017-07-18,-1.164638622268192,0.027166666666666665
2017-07-19,-1.1727957653379315,0.02697916666666667
2017-07-20,-1.1801129852818633,0.02658333333333333
2017-07-21,-1.1853302285941014,0.025916666666666664
2017-07-22,-1.1812247634106794,0.025729166666666668
2017-07-23,-1.1804508591195506,0.025875
2017-07-24,-1.1930305908181178,0.0255625
2017-07-25,-1.202493224481172,0.025229166666666667
2017-07-26,-1.2048217263340437,0.024708333333333336
2017-07-27,-1.203181364100075,0.0244375
2017-07-28,-1.1942594253658974,0.0245
2017-07-29,-1.193034027584245,0.024395833333333335
2017-07-30,-1.1897437557467148,0.0245
2017-08-01,-1.206155573595384,0.02347916666666667
2017-08-02,-1.2175201596909593,0.0231875
2017-08-03,-1.2235364818538301,0.0230625
2017-08-04,-1.229168908877576,0.022854166666666665
2017-08-05,-1.226512272199146,0.022583333333333334
2017-08-06,-1.291594871407677,0.021604166666666667
2017-08-07,-1.3437299794000634,0.0213125
2017-08-20,-1.5030708916732372,0.022416666666666668
2017-08-21,-1.5040777400446619,0.022104166666666668
2017-08-22,-1.5132612871671554,0.021854166666666668
2017-08-23,-0.8839295757020319,0.041166666666666664
2017-08-24,1.9394467965187505,0.12764583333333335
2017-08-25,0.34607035585376233,0.07814583333333333
2017-08-26,-0.38182915029451203,0.05537500000000001
2017-08-27,-0.8002369438550992,0.042041666666666665
2017-08-28,-1.0726935596894402,0.0335
2017-08-29,-1.2170435525096954,0.028916666666666667
2017-08-30,-1.287816352166818,0.026875000000000003
2017-09-01,-1.212915913781004,0.026520833333333334
2017-09-02,-1.1912839092558376,0.025541666666666667
2017-09-03,-1.1196813685449294,0.025395833333333333
2017-09-04,2.3131315722457013,0.1641875
2017-09-05,1.304656784862418,0.12997916666666665
2017-09-06,0.6774775516818801,0.10479166666666667
2017-09-07,0.21348646313765293,0.08358333333333334
2017-09-08,-0.05826417804759124,0.07041666666666667
2017-09-09,-0.2392548300286259,0.06072916666666667
2017-09-10,-0.36500325049337484,0.0536875
2017-09-11,-0.44270573427441307,0.049333333333333326
2017-09-12,-0.5040328214158832,0.04558333333333334
2017-09-13,-0.5426443850746699,0.043020833333333335
2017-09-14,-0.5674577346684914,0.0414375
2017-09-15,-0.611452320544649,0.03847916666666667
2017-09-16,-0.6394347327374261,0.03679166666666667
2017-09-17,-0.6658647204882415,0.035416666666666666
2017-09-18,-0.21710309756540394,0.07952083333333333
2017-09-19,0.2995716185636278,0.13443750000000002
2017-09-20,0.11185695626127258,0.118875
2017-09-21,-0.04240309806609535,0.10535416666666667
2017-09-22,-0.1792445015170582,0.092875
2017-09-23,-0.29994002988251006,0.08160416666666667
2017-09-24,-0.3932857116476944,0.072875
2017-09-25,-0.4649709833264765,0.06616666666666667
2017-09-26,-0.5244186555917545,0.060333333333333336
2017-09-27,-0.5735156133090581,0.05556250000000001
2017-09-28,-0.6171430738454492,0.0513125
2017-09-29,-0.6585067437750534,0.04727083333333333
2017-10-01,-0.743863751496312,0.04014583333333333
2017-10-02,-0.7578560751299843,0.03989583333333333
2017-10-03,-0.7651945022590291,0.040625
2017-10-04,-0.7772441757203448,0.0403125
2017-10-05,-0.7889275316358589,0.0398125
2017-10-06,-0.8088213676080347,0.0388125
2017-10-07,-0.8320361205551354,0.037375000000000005
2017-10-08,-0.8571777578244557,0.036145833333333335
2017-10-09,-0.8742225188390106,0.0356304347826087
2017-10-10,-0.8914740298033408,0.03539583333333333
2017-10-11,-0.9142971506454857,0.035250000000000004
2017-10-12,-0.934532191819851,0.034833333333333334
2017-10-13,-0.9565876345950708,0.033916666666666664
2017-10-14,-0.9774138848600715,0.03316666666666667
2017-10-15,-1.0018853364009195,0.03185416666666666
2017-10-16,-1.030156474091929,0.030166666666666668
2017-10-17,-1.0523526439680861,0.028521739130434785
2017-10-18,-1.0799161015544292,0.02710416666666667
2017-10-19,-1.1049420178459262,0.026145833333333337
2017-10-20,-1.1258958378855783,0.025562500000000002
2017-10-21,-1.1520065754032986,0.0250625
2017-10-22,-1.179268092430346,0.024520833333333335
2017-10-23,-1.2146677937319696,0.024333333333333335
2017-10-24,-1.2467035547896466,0.0241875
2017-10-25,-1.278788545815457,0.0241875
2017-10-26,-1.312515633673039,0.024229166666666666
2017-10-27,-1.346140359292364,0.0245
2017-10-28,-1.38907094865286,0.0236875
2017-10-29,-1.4323480066360086,0.02308333333333333
2017-10-30,-1.4825912409731876,0.022979166666666665
2017-11-01,-1.5706779688527122,0.0215625
2017-11-02,-1.6083579663839953,0.021958333333333333
2017-11-03,-1.6513512039405747,0.022
2017-11-04,-1.698961106673456,0.022
2017-11-05,-1.7503308271102236,0.021875
2017-11-06,-1.8133636539824536,0.020708333333333336
2017-11-08,-1.9004365596165962,0.02
2017-11-09,-1.953313780884235,0.019104166666666665
2017-11-10,-2.00058482453774,0.01872916666666667
2017-11-11,-2.0233170675895047,0.019500000000000003
2017-11-12,-2.0717821368281144,0.01991666666666667
2017-11-13,-2.130660304236165,0.019666666666666666
2017-11-22,-2.9669619568117103,0.019583333333333335
2017-11-23,-3.0201910298108725,0.020041666666666666
2017-11-24,-3.0695877953990456,0.020416666666666666
2017-11-25,-3.2122157055541463,0.020999999999999998
2017-11-26,-3.3763600448275506,0.020604166666666666
2017-12-09,-5.101845613953825,0.020999999999999998
2017-12-10,-0.27338944808915927,0.32004166666666667
2017-12-11,0.28339406357413477,0.3525625
2017-12-12,-0.09410154770128487,0.33491666666666664
2017-12-13,-0.7082044513528382,0.30564583333333334
2017-12-14,-0.38403906468002835,0.3215625
2017-12-15,0.598997768194382,0.36831250000000004
2017-12-16,-0.28266044527109374,0.3269791666666667
2017-12-17,-0.6396960846420984,0.30989583333333337
2017-12-18,-0.5806358495266701,0.3121875
2017-12-19,-0.10616469418608637,0.33489583333333334
2017-12-20,-0.45117154349426447,0.31825000000000003
2017-12-21,-0.6183584076599937,0.30966666666666665
2017-12-22,-0.676117525781408,0.30643750000000003
2017-12-23,-0.10012099042221016,0.334125
2017-12-24,-0.21350455381748207,0.32766666666666666
2017-12-25,-0.4951363771655708,0.3170625
2017-12-26,-0.6005828927559343,0.3114166666666667
2017-12-27,0.5455078492159045,0.3622083333333333
2017-12-28,0.23775470323064907,0.34789583333333335
2017-12-29,0.5795613795339686,0.3619746376811594
2017-12-30,0.0800550997814482,0.3399583333333333
2018-01-01,0.7251869675194357,0.36847916666666664
2018-01-02,0.8339964745812095,0.3745
2018-01-03,0.560492548001205,0.3632083333333333
2018-01-04,0.39466984383146486,0.35631250000000003
2018-01-05,-0.016981993327385796,0.3383333333333333
2018-01-06,0.8459056115490258,0.3758125
2018-01-07,0.590280294954929,0.3644166666666666
2018-01-08,0.7529187072701133,0.3713333333333333
2018-01-09,-0.02646350967660656,0.33899999999999997
2018-01-10,-0.2285737511566189,0.3310416666666667
2018-01-11,-0.2416082569089206,0.3308333333333333
2018-01-12,-0.18713909402536913,0.3330208333333333
2018-01-13,-0.32701417781659864,0.3280625
2018-01-14,-0.4288890458749836,0.32477083333333334
2018-01-15,-0.12912267021369167,0.3368541666666667
2018-01-16,0.7839665412248545,0.3716041666666666
2018-01-17,0.9141631434324613,0.37664583333333335
2018-01-18,0.08827129866708969,0.34658333333333335
2018-01-19,0.33111514045792967,0.3555416666666667
2018-01-20,1.064457247244913,0.3814375
2018-01-21,1.0382313359457513,0.38079166666666664
2018-01-22,1.065627282922939,0.3809791666666667
2018-01-23,0.40526655693014174,0.35975
2018-01-24,0.09322364400816689,0.34972916666666665
2018-01-25,-0.08762765540875234,0.34439583333333335
2018-01-26,1.1128887580190863,0.38083333333333336
2018-01-27,0.10100191951443514,0.351375
2018-01-28,-0.28005846971067677,0.3404375
2018-01-29,-0.4273364740347623,0.3360625
2018-01-30,-0.50763621327063,0.334
2018-01-31,-0.5486335396433053,0.3327083333333334
2018-02-01,0.33380733373646554,0.35950000000000004
2018-02-02,0.4876119676391238,0.3638958333333333
2018-02-03,-0.031153630426469323,0.3472291666666667
2018-02-04,0.14064220028667493,0.352125
2018-02-05,0.06613712912076139,0.3493125
2018-02-06,0.6241415454465231,0.3671458333333333
2018-02-07,0.06750300147646786,0.3488125
2018-02-08,-0.19663820992646328,0.33977083333333336
2018-02-09,-0.3731193368609146,0.33397916666666666
2018-02-10,-0.386422118034038,0.33335416666666673
2018-02-11,0.12752563610157144,0.3504076086956522
2018-02-12,0.7831968507721224,0.3730208333333333
2018-02-13,0.4512790803646402,0.36158333333333337
2018-02-14,1.428834111922693,0.39585416666666673
2018-02-15,0.823900129306315,0.37452083333333336
2018-02-16,0.25436454680397863,0.35433333333333333
2018-02-17,0.11344953494651251,0.34937500000000005
2018-02-18,0.020927886925602858,0.34572916666666664
2018-02-19,0.029487570179991818,0.34587500000000004
2018-02-20,1.014802923165743,0.3832291666666666
2018-02-21,1.2930284517638553,0.39379166666666665
2018-02-22,0.2587459025523324,0.35343749999999996
2018-02-23,0.04149784018841888,0.34439583333333335
2018-02-24,-0.08842746735514329,0.33910416666666665
2018-02-25,-0.19714344133940706,0.33506250000000004
2018-02-26,-0.3006765673052789,0.3309375
2018-02-27,-0.41070211730723893,0.3258958333333334
2018-02-28,-0.11371341031385518,0.3382817028985507
2018-03-01,0.9664842144955901,0.38527083333333334
2018-03-07,1.2479055940138668,0.39745833333333336
2018-03-08,0.7713649432277412,0.3745833333333334
2018-03-09,0.48400881145395674,0.35997916666666663
2018-03-10,0.7401188790108565,0.3730652173913044
2018-03-11,0.9686383714328043,0.38522916666666673
2018-03-12,0.6095044696433181,0.3655208333333333
2018-03-13,0.6756873362175584,0.36935416666666665
2018-03-14,0.5286493657661958,0.360875
2018-03-15,0.6919270851593908,0.3703125
2018-03-16,0.5626323792374495,0.36191666666666666
2018-03-17,0.42856728820747436,0.3527291666666666
2018-03-18,0.4325225449515378,0.35235416666666663
2018-03-19,0.539576961613727,0.3590833333333333
2018-03-20,0.7505661497609258,0.37316666666666665
2018-03-21,0.6076158343183102,0.3617083333333333
2018-03-22,0.5162460008801721,0.3531041666666666
2018-03-23,0.4848228486028004,0.348875
2018-03-24,0.7677168224370984,0.3701186594202899
2018-03-25,0.8991697331700975,0.37964583333333335
2018-03-26,0.7953981543414662,0.3689583333333333
2018-03-27,0.9245763816602158,0.3780597826086956
2018-03-28,1.124330463973295,0.3932916666666667
2018-03-29,1.0693547232795722,0.385625
2018-03-30,0.9259006378854817,0.36947916666666664
2018-03-31,0.8897227285471982,0.36306249999999995
2018-04-01,0.8975275585645072,0.3609347826086956
2018-04-04,0.9040275080962998,0.35175
2018-04-05,0.897533729914884,0.3479166666666666
2018-04-06,0.8937871202575738,0.34419047619047616
2018-04-18,1.1592783100363127,0.3396666666666667
2018-04-19,1.0815886426652601,0.32935416666666667
2018-04-20,0.9335844694552715,0.3104791666666667
2018-04-21,0.7640191547924285,0.2891458333333333
2018-04-22,0.575922340254628,0.26689583333333333
2018-04-23,0.4055508414593183,0.24622916666666667
2018-04-24,0.2351894265225755,0.22579166666666667
2018-04-25,0.08408048319492904,0.20739583333333333
2018-04-26,-0.09768805882655993,0.18625
2018-04-27,-0.3409468881163185,0.15858333333333333
2018-04-28,-0.5684970963502085,0.13339583333333332
2018-04-29,-0.7154949235940933,0.11781249999999999
2018-04-30,-0.7622737249039703,0.11383333333333333
2018-05-01,-0.8040883092003848,0.11031250000000001
2018-05-02,-0.8491033896815663,0.10645833333333335
2018-05-03,-0.8841845027781792,0.10491666666666666
2018-05-04,-0.8893467945472212,0.10699999999999998
2018-05-05,-0.8978035553834255,0.10860416666666667
2018-05-06,-0.9073813906596201,0.11047916666666666
2018-05-07,-0.9301005883166868,0.11104166666666668
2018-05-08,-0.8713757107790812,0.12156249999999999
2018-05-09,-0.726569144564245,0.14254166666666668
2018-05-10,-0.7372759986368681,0.14552083333333332
2018-05-11,-0.7844939722714436,0.14364583333333333
2018-05-12,-0.8315839375738364,0.14120833333333332
2018-05-13,-0.48209168118316276,0.18454347826086956
2018-05-14,0.23605219009454823,0.26997916666666666
2018-05-15,0.6638551812515131,0.32145833333333335
2018-05-16,1.182950837048019,0.38212499999999994
2018-05-17,0.9548451830822442,0.3575208333333333
2018-05-18,0.8894291124455138,0.351125
2018-05-19,0.838289759065715,0.34591666666666665
2018-05-20,0.7688347621257547,0.33954166666666663
2018-05-21,0.6888170554278484,0.33187500000000003
2018-05-22,0.8153140719581993,0.34743750000000007
2018-05-23,0.9029392643945363,0.35839583333333336
2018-05-24,0.7748830049491462,0.34639583333333335
2018-05-25,0.69643941291271,0.3393333333333334
2018-05-26,0.5958096557637265,0.33127083333333335
2018-05-27,0.48744795064384916,0.3218958333333333
2018-05-28,0.9584681714115945,0.3710833333333334
2018-05-29,1.2804898954850656,0.403875
2018-05-30,1.2899153781561086,0.40476177536231883
2018-05-31,1.2099895234652034,0.39516666666666667
2018-06-01,1.1539580409621168,0.3868125
2018-06-02,1.0822745257133444,0.37772916666666667
2018-06-03,1.025768132892908,0.37064583333333334
2018-06-04,1.4491815197790678,0.41152173913043477
2018-06-06,1.4317429918007956,0.40732155797101444
2018-06-07,1.5039970521556856,0.4150625
2018-06-08,1.2861535974094431,0.39060416666666664
2018-06-09,1.235013198235991,0.38304891304347827
2018-06-10,1.598579188606749,0.4191666666666667
2018-06-11,1.62496522357109,0.4196666666666667
2018-06-12,1.5949641640841832,0.4147291666666667
2018-06-13,1.4866074032947731,0.40081249999999996
2018-06-14,1.4174948244201766,0.3900416666666666
2018-06-15,1.3871841954391704,0.38345833333333335
2018-06-16,1.379203837624077,0.3795208333333333
2018-06-17,1.374627675682902,0.37549999999999994
2018-06-18,1.3555750411162746,0.36983333333333335
2018-06-19,1.3055644740977859,0.3607708333333333
2018-06-20,1.189712917087119,0.34314583333333337
2018-06-22,0.578824581652014,0.26477083333333334
2018-06-23,0.26521258519948926,0.22412500000000002
2018-06-24,-0.1291612443038465,0.17610416666666667
2018-06-25,-0.47699842086705485,0.13393750000000001
2018-06-26,-0.7149134259916283,0.1043125
2018-06-27,-0.8577303623092679,0.08560416666666666
2018-06-28,-0.9524184281315985,0.0721875
2018-06-29,-1.015271549609701,0.06222916666666667
2018-06-30,-1.0699606177406715,0.0533125
2018-07-01,-1.10298100684709,0.04722916666666666
2018-07-02,-1.119280320997964,0.0423125
2018-07-03,-1.1215461966578935,0.03902083333333334
2018-07-04,-0.9216888240207618,0.05647010869565218
2018-07-05,-0.025036198476438173,0.14450000000000002
2018-07-06,0.3440965441802771,0.17904166666666665
2018-07-07,0.20922654999405046,0.162125
2018-07-08,-0.003150606053380478,0.1373125
2018-07-09,-0.2559573940263396,0.11006250000000001
2018-07-10,-0.4027440549667256,0.09327083333333333
2018-07-11,-0.512518857710131,0.08085416666666667
2018-07-12,-0.601269186311514,0.07137500000000001
2018-07-13,-0.6665670387731102,0.0645625
2018-07-14,-0.7148308965813395,0.059937500000000005
2018-07-15,-0.7616084187193047,0.05579166666666667
2018-07-16,-0.221166140341383,0.09506250000000001
2018-07-17,-0.3056749811569291,0.08685416666666666
2018-07-18,-0.40061159174157746,0.07868750000000001
2018-07-19,-0.4674626335896119,0.07289583333333334
2018-07-20,0.7357691764051207,0.14739583333333334
2018-07-21,3.8549938261712597,0.33420833333333333
2018-07-22,3.676173944303998,0.31327083333333333
2018-07-23,3.6018264451439617,0.30035416666666664
2018-07-24,3.491201564640973,0.2869791666666667
2018-07-25,3.3229653984309184,0.2683125
2018-07-26,2.9771107052148813,0.2433541666666667
2018-07-27,2.4447677685635854,0.21183333333333332
2018-07-28,1.9051753653347863,0.18208333333333332
2018-07-29,1.4172102177695014,0.15614583333333332
2018-07-30,0.8236720908516088,0.12587500000000001
2018-07-31,0.3980655125830759,0.10408333333333333
2018-08-01,0.06980781493421048,0.08710416666666665
2018-08-02,-0.20323834815700723,0.07341666666666666
2018-08-03,-0.4293315265345075,0.062125
2018-08-04,-0.6217178481581416,0.05254166666666667
2018-08-05,-0.7489417749251002,0.04572916666666667
2018-08-06,-0.8691187667210327,0.04083333333333333
2018-08-07,-0.9720653444315842,0.03722916666666667
2018-08-08,-0.9334935847856447,0.03997916666666666
2018-08-09,-0.16377285753599646,0.0703125
2018-08-10,-0.7915882467909237,0.04743750000000001
2018-08-11,-1.0444945849313954,0.03945833333333334
2018-08-12,-1.1614164347666323,0.0358125
2018-08-13,-1.1958600312034084,0.03475
2018-08-14,-1.2045214372432744,0.034395833333333334
2018-08-15,-1.2121665356966111,0.03383333333333333
2018-08-16,-1.217073229927875,0.03325
2018-08-17,-1.22466784267562,0.03258333333333333
2018-08-18,-1.256748542449879,0.03120833333333333
2018-08-19,-1.2721508182066659,0.03025
2018-08-20,-1.2724775808679647,0.029458333333333336
2018-08-21,-1.2821480017815714,0.028958333333333332
2018-08-22,-1.301377092983559,0.028416666666666666
2018-08-23,-1.3151893517032058,0.027895833333333335
2018-08-24,-1.3288923110303723,0.026937500000000003
2018-08-25,-1.348278697410511,0.025583333333333333
2018-08-26,-1.372493795155248,0.024541666666666666
2018-08-27,-1.3659957357741006,0.0245
2018-08-28,-1.2938403862417194,0.026729166666666665
2018-08-29,-0.6522888712767384,0.04602083333333333
2018-08-30,-0.9025251817718225,0.03833333333333333
2018-08-31,-1.0076856024483358,0.034458333333333334
2018-09-01,-1.0554066697710807,0.03158333333333334
2018-09-02,-1.0877817059149832,0.029041666666666667
2018-09-03,-1.0683348459543522,0.027291666666666665
2018-09-04,-1.005553007829102,0.026479166666666665
2018-09-05,-0.9523121362951895,0.025791666666666664
2018-09-06,-0.9247255739514161,0.02525
2018-09-07,-0.8949910787105896,0.0253125
2018-09-08,-0.8782780957528936,0.025125
2018-09-09,-0.8584721167537934,0.025041666666666667
2018-09-10,-0.8410368948531142,0.025145833333333333
2018-09-11,-0.8226187101327488,0.025208333333333333
2018-09-12,-0.7987339186075776,0.025187499999999998
2018-09-13,-0.7849421019013709,0.024833333333333332
2018-09-14,-0.7802430353203801,0.024395833333333332
2018-09-15,-0.7846520446637201,0.02383333333333333
2018-09-16,-0.7900269861064122,0.02347916666666667
2018-09-17,-0.7942952112131467,0.023604166666666666
2018-09-18,-0.7982297506171502,0.02345833333333333
2018-09-19,-0.7999115182052513,0.02327083333333333
2018-09-20,-0.7964415715404629,0.02310416666666667
2018-09-21,-0.8008320776253856,0.022708333333333337
2018-09-22,-0.8106783529875758,0.022041666666666668
2018-09-23,-0.8162938490871338,0.022020833333333337
2018-09-24,-0.8260365582245282,0.021770833333333336
2018-09-25,-0.8433779158444181,0.020604166666666666
2018-09-26,-0.8501378907692174,0.020374999999999997
2018-09-27,-0.8549975463770695,0.020395833333333332
2018-09-28,-0.8598256335271722,0.0205
2018-09-29,-0.8680675270243108,0.020270833333333335
2018-09-30,-0.8828691744171643,0.019875
2018-10-02,-0.9165194889956023,0.018541666666666668
2018-10-03,-0.9284698366766129,0.018395833333333333
2018-10-04,-0.9359224497303693,0.018458333333333334
2018-10-05,-0.9416693973594751,0.018625000000000003
2018-10-06,-0.9530256322790763,0.018708333333333334
2018-10-07,-0.9505156972883461,0.020770833333333336
2018-10-08,-0.9393983701980313,0.0245625
2018-10-09,-0.9691026351180974,0.022208333333333333
2018-10-10,-0.9835658632909153,0.02233333333333333
2018-10-11,-1.0064850791978575,0.022166666666666668
2018-10-12,-1.0198368449639152,0.02270833333333333
2018-10-13,-1.0342335165162804,0.022875
2018-10-14,-1.020353983347781,0.027083333333333334
2018-10-15,0.6803907242378966,0.2695625
2018-10-16,0.6493269886172109,0.2668333333333333
2018-10-17,0.4886673241124293,0.24514583333333334
2018-10-18,0.3352436237120928,0.22666666666666668
2018-10-19,0.20642629504142188,0.21172916666666666
2018-10-20,0.11374217618105831,0.20095833333333335
2018-10-21,0.05856034230537728,0.19597916666666665
2018-10-22,-0.03639821633679685,0.1855
2018-10-23,-0.14607273565636703,0.17429166666666668
2018-10-24,-0.24877146917564108,0.16360416666666666
2018-10-25,-0.34001021445805907,0.15481250000000002
2018-10-26,-0.4237497277173512,0.14745833333333333
2018-10-27,-0.502148424963137,0.14089583333333333
2018-10-28,-0.6072412296195419,0.13079166666666667
2018-10-29,-0.7112033070714552,0.12102083333333333
2018-10-30,-0.7897945011888662,0.11606250000000001
2018-10-31,-0.8421313580828508,0.11339583333333333
2018-11-01,-0.8796043995679919,0.11270833333333333
2018-11-02,-0.9206572868930564,0.11179166666666668
2018-11-03,-0.9700578423475917,0.10999999999999999
2018-11-04,-1.0256667378318884,0.10770833333333332
2018-11-05,-1.0667761893242032,0.10760416666666667
2018-11-06,-0.10726544906832675,0.23160416666666667
2018-11-07,0.42125360517086863,0.29941666666666666
2018-11-08,0.30868733099036366,0.2884375
2018-11-09,0.21070457242572443,0.27952083333333333
2018-11-10,0.13225300153879788,0.273125
2018-11-11,0.07055567383786979,0.2683333333333333
2018-11-12,0.001903768412322945,0.26389583333333333
2018-11-13,-0.05584056758570626,0.2605208333333333
2018-11-14,-0.12246754413900712,0.2564375
2018-11-15,-0.18505959964451435,0.253375
2018-11-16,-0.2471175546763656,0.24935416666666665
2018-11-17,-0.3281783929816962,0.24527083333333335
2018-11-18,-0.41275403465811894,0.23964583333333334
2018-11-19,-0.5111309055661287,0.2330625
2018-11-20,-0.6341767196994628,0.22666666666666668
2018-11-21,-0.7355472932699555,0.22172916666666667
2018-11-22,-0.8364734136964397,0.21862499999999999
2018-11-23,-0.8999148284476379,0.21597916666666667
2018-11-24,-0.9664163159468291,0.21285416666666668
2018-11-25,-1.0711637709703767,0.21016666666666667
2018-11-26,-1.1797787955013765,0.20737499999999998
2018-11-27,-1.3136741172955224,0.20358333333333334
2018-11-28,-1.440788698497793,0.20164583333333333
2018-11-29,-1.6113571836678113,0.19887500000000002
2018-11-30,-1.1387232713843103,0.23852083333333332
2018-12-01,-0.9286640139509306,0.2581041666666667
2018-12-02,0.5434150744971793,0.36052083333333335
2018-12-03,0.15129686853015942,0.3344583333333333
2018-12-04,0.06726668238907701,0.3297083333333334
2018-12-05,-0.025991656312471488,0.32477083333333334
2018-12-06,0.18966218162448392,0.34102083333333333
2018-12-07,0.35178193790755485,0.35354166666666664
2018-12-08,0.4536524160347076,0.36154166666666665
2018-12-09,0.2652339842430104,0.35029166666666667
2018-12-10,0.2753139957972352,0.3516041666666666
2018-12-11,-0.02605957103390747,0.3360416666666667
2018-12-12,-0.13562372585061766,0.33289583333333334
2018-12-13,0.7288153545880021,0.37479166666666663
2018-12-14,0.29213868721231945,0.35377083333333337
2018-12-15,-0.05731839855951542,0.337375
2018-12-16,0.8641520783448831,0.3810353260869565
2018-12-17,0.5378208945703412,0.3656666666666667
2018-12-18,0.05091052838266796,0.34224999999999994
2018-12-19,-0.11226336355408058,0.33460416666666665
2018-12-20,-0.18336534625774514,0.33110416666666664
2018-12-21,-0.20671753203966683,0.32945833333333335
2018-12-22,-0.19762680160402518,0.3296458333333333
2018-12-23,-0.054493362379033274,0.33635416666666673
2018-12-24,-0.02630734930045778,0.33677083333333335
2018-12-25,-0.0911221302248257,0.3348958333333334
2018-12-26,-0.1496767488799863,0.3315208333333334
2018-12-27,-0.20143948307539725,0.32858333333333334
2018-12-28,-0.22566189416470145,0.32708333333333334
2018-12-29,-0.2717350155554731,0.3246458333333333
2018-12-30,-0.3485389981322638,0.32135416666666666
2018-12-31,-0.4034976805410396,0.3185625
2019-01-01,-0.4597017096207689,0.3167291666666667
2019-01-02,-0.511600795983555,0.31514583333333335
2019-01-03,-0.5987563311796013,0.3118333333333333
2019-01-04,-0.7001742151642041,0.30766666666666664
2019-01-05,-0.7870950764414627,0.304125
2019-01-06,-0.8671274585363101,0.30166666666666664
2019-01-07,-0.9204198385616763,0.3002708333333333
2019-01-08,-0.9410511397711744,0.3002708333333333
2019-01-09,-0.9545538962813239,0.3006041666666667
2019-01-10,-1.0057685196836328,0.2993541666666667
2019-01-11,-1.0972700928674148,0.2963541666666667
2019-01-12,-1.137546509706258,0.29535416666666664
2019-01-13,-1.1540095320544639,0.29564583333333333
2019-01-14,-0.88353856221557,0.30718749999999995
2019-01-15,-0.179340701103038,0.3349375
2019-01-16,-0.22909625686886453,0.33366666666666667
2019-01-17,-0.2943790180311954,0.33195833333333336
2019-01-18,-0.24246166880214964,0.3345
2019-01-19,-0.24221924179242083,0.33506250000000004
2019-01-20,-0.3018841227797078,0.3337291666666667
2019-01-21,-0.2844874657736286,0.33539583333333334
2019-01-22,-0.22433068603394773,0.33808333333333335
2019-01-23,0.95377378471232,0.37775000000000003
2019-01-24,0.02923647592781562,0.34768750000000004
2019-01-25,-0.2977125883626013,0.33791666666666664
2019-01-26,-0.41638973588004013,0.3350625
2019-01-27,-0.43634420510358424,0.33539583333333334
2019-01-28,1.0948934511997226,0.38145833333333334
2019-01-29,0.8683608310504469,0.3746458333333333
2019-01-30,1.4021959605545893,0.3917083333333334
2019-01-31,1.5850669134146058,0.3982608695652174
2019-02-01,1.8840263720728618,0.4075625
2019-02-02,0.7448962901117029,0.3719166666666667
2019-02-03,-0.11664512540602676,0.34454166666666663
2019-02-04,-0.33450893949433635,0.337088768115942
2019-02-05,1.3380153756678226,0.39
2019-02-06,0.5824206857340563,0.3657916666666666
2019-02-07,0.16826615106904405,0.3520833333333333
2019-02-08,-0.052030418495578074,0.3445208333333333
2019-02-09,-0.19622947200407487,0.33987500000000004
2019-02-10,-0.28122085380444056,0.3368958333333333
2019-02-11,-0.3685657569261269,0.333625
2019-02-12,-0.4509928284766357,0.33075
2019-02-13,-0.5194201659465958,0.3280625
2019-02-14,-0.5694747276768461,0.3261666666666667
2019-02-15,-0.5994246824975783,0.32464583333333336
2019-02-16,-0.6436052430263031,0.32258333333333333
2019-02-17,-0.7063917790978407,0.3199166666666666
2019-02-18,-0.7440766250693024,0.317875
2019-02-19,-0.7859007218908408,0.3155
2019-02-20,-0.836542062645629,0.3126458333333333
2019-02-21,-0.8652961080791977,0.3103541666666667
2019-02-22,-0.8924222238557615,0.3082708333333333
2019-02-23,-0.9460486363312602,0.30533333333333335
2019-02-24,-0.974506676557684,0.303625
2019-02-25,-1.0247458410067294,0.30120833333333336
2019-02-26,-1.0782954818539674,0.2984375
2019-02-27,-1.1490947264526976,0.29460416666666667
2019-02-28,-1.2029204971677179,0.2913541666666667
2019-03-01,-1.2762034281465005,0.28700000000000003
2019-03-02,-1.3444408726323043,0.28252083333333333
2019-03-03,-1.4383508934653144,0.27666666666666667
2019-03-04,-1.5474181682688768,0.2698333333333333
2019-03-05,-1.683110045176156,0.26145833333333335
2019-03-06,-1.7672006124556117,0.255
2019-03-07,-1.850098335820913,0.24829166666666666
2019-03-08,-1.9107601750235743,0.24229166666666666
2019-03-09,-1.9191055305976705,0.23870833333333333
2019-03-10,-1.867009035124688,0.2375
2019-03-11,-1.8639437722569379,0.23393750000000002
2019-03-12,-1.8883964990763304,0.2282916666666667
2019-03-13,-1.8958764586383192,0.22314583333333335
2019-03-14,-1.9003638944383634,0.21764583333333337
2019-03-15,-1.865142629809842,0.21437499999999998
2019-03-16,-1.840238551522218,0.20991666666666667
2019-03-17,-1.8080393255477716,0.20550000000000002
2019-03-18,-1.783370642949824,0.2004375
2019-03-19,-1.746998694937348,0.1965
2019-03-20,-1.7217904237566846,0.19214583333333335
2019-03-21,-1.7136101252437517,0.18660416666666665
2019-03-22,-1.6980182517994937,0.18108333333333332
2019-03-23,-1.6762093855296845,0.1756875
2019-03-24,-1.6803792131742212,0.1681875
2019-03-25,-1.71597299283602,0.15900000000000003
2019-03-26,-1.7429988820511075,0.15008333333333335
2019-03-27,-1.8117680517052464,0.13689583333333333
2019-03-28,-1.8550676608638557,0.12547916666666667
2019-03-29,-1.8649105623997198,0.11679166666666667
2019-03-30,-1.8768658079875387,0.10768749999999999
2019-03-31,-1.8712690907806941,0.10022916666666667
2019-04-01,-1.8490575542560428,0.09445833333333334
2019-04-02,-1.797515517691076,0.09150000000000001
2019-04-03,-1.7518509894275869,0.08852083333333334
2019-04-04,-1.7276607560387542,0.08358333333333334
2019-04-05,-1.68626108405848,0.08031250000000001
2019-04-06,-1.6528628574596613,0.076375
2019-04-07,-1.5784314918534825,0.07702083333333334
2019-04-08,-1.3502983572675262,0.0955
2019-04-09,-0.5373085798681307,0.17810416666666667
2019-04-10,-0.519190454272639,0.1758958333333333
2019-04-11,-0.550834819531941,0.16895833333333332
2019-04-12,-0.5699832629101392,0.16339583333333332
2019-04-13,-0.5964101988122498,0.15727083333333333
2019-04-14,-0.6223432383607556,0.15150000000000002
2019-04-15,-0.6653595897824259,0.1443125
2019-04-16,-0.6610046042380979,0.14210416666666667
2019-04-17,-0.5883856379009039,0.14768750000000003
2019-04-18,-0.570086563710637,0.14781249999999999
2019-04-19,-0.5751738192733363,0.1454375
2019-04-20,-0.5958943157696586,0.14095833333333332
2019-04-21,-0.6192570639377714,0.13622916666666668
2019-04-22,-0.6539407434716364,0.13102083333333334
2019-04-23,-0.6929250305715406,0.12554166666666666
2019-04-24,-0.7439472425826469,0.11879166666666666
2019-04-25,-0.21121534322250737,0.17522916666666666
2019-04-26,0.27132387608974756,0.22645833333333334
2019-04-27,0.6721267384334736,0.26925
2019-04-28,0.623533997813202,0.26395833333333335
2019-04-29,0.52769525420925,0.2543125
2019-04-30,0.4265027550562718,0.24585416666666668
2019-05-01,0.32145265049529165,0.2375
2019-05-02,0.22323123852484225,0.22891666666666666
2019-05-03,0.11046709899954402,0.2194375
2019-05-04,0.00033974008934861216,0.21029166666666665
2019-05-05,-0.11972981322166097,0.19933333333333336
2019-05-06,-0.23419767309114864,0.189
2019-05-07,-0.3213358919769839,0.182
2019-05-08,-0.3790390936973706,0.1790208333333333
2019-05-09,-0.4504694292808548,0.17483333333333334
2019-05-10,-0.5044023244461322,0.1726875
2019-05-11,-0.5395467174323925,0.17212500000000003
2019-05-12,-0.6146937867793995,0.16629166666666667
2019-05-13,-0.7145099256811761,0.15777083333333333
2019-05-14,-0.8218978231179519,0.1481875
2019-05-15,-0.922054233533502,0.13910416666666667
2019-05-16,-1.0341864983887359,0.12822916666666667
2019-05-17,-1.190284265377581,0.11299999999999999
2019-05-18,-1.2220180596216685,0.112
2019-05-19,-1.2653102223113923,0.11029166666666666
2019-05-20,-1.2775613933162848,0.1133125
2019-05-21,-1.3277029295042122,0.11189583333333333
2019-05-22,-1.3757401668900389,0.11112499999999999
2019-05-23,-1.419195367022351,0.110375
2019-05-24,-0.0008744068020602318,0.2643913043478261
2019-05-25,0.8579099976289867,0.3562291666666667
2019-05-26,0.556710990355584,0.3272083333333333
2019-05-27,0.4412846838432566,0.31714583333333335
2019-05-28,0.7086194834513593,0.3456530797101449
2019-05-29,0.6999440216127044,0.34524999999999995
2019-05-30,0.5263004246018861,0.3278125
2019-05-31,0.4457387574529486,0.31833333333333336
2019-06-01,0.3789558437522586,0.30937499999999996
2019-06-02,0.2826282333662117,0.29791666666666666
2019-06-03,0.17129205073476214,0.284625
2019-06-04,0.013274476209367348,0.2655416666666667
2019-06-05,0.5329510182736075,0.3155833333333333
2019-06-06,0.8536227937912664,0.34743749999999995
2019-06-07,0.6556396530633306,0.3260416666666667
2019-06-08,0.5350016919847912,0.3111041666666667
2019-06-09,0.4636197377550569,0.3008125
2019-06-10,0.426151059076496,0.29335416666666664
2019-06-11,0.3673623854752262,0.28352083333333333
2019-06-12,0.30929590583040245,0.2740208333333334
2019-06-13,0.2032260643206817,0.2591666666666667
2019-06-14,0.1246524081544649,0.24675
2019-06-15,0.07270454458293969,0.2371875
2019-06-16,-0.023900286607135203,0.22308333333333336
2019-06-17,-0.1988950571512701,0.1993125
2019-06-18,-0.3773796925956653,0.17491666666666666
2019-06-19,-0.5289190304935788,0.15325
2019-06-20,-0.660195479182643,0.13335416666666666
2019-06-21,-0.16690003994450525,0.18510416666666665
2019-06-22,0.14245372272449522,0.21525
2019-06-23,-0.005449303086095197,0.19347916666666667
2019-06-24,-0.17610054224777166,0.17083333333333334
2019-06-25,-0.329022436738397,0.15045833333333336
2019-06-26,-0.4752174333512767,0.13064583333333332
2019-06-27,-0.647169190722385,0.10841666666666666
2019-06-28,-0.7699154446934944,0.09172916666666667
2019-06-29,-0.8635941260952661,0.07831250000000001
2019-06-30,-0.9307328897908508,0.0679375
2019-07-02,-1.0077736592019015,0.0538125
2019-07-03,-1.017766344435031,0.049645833333333333
2019-07-04,-1.025084325609862,0.04595833333333333
2019-07-05,-1.044251163786743,0.04170833333333333
2019-07-06,-1.0543298738187263,0.03825
2019-07-07,-1.0733842151812654,0.035145833333333334
2019-07-08,-1.0864652701244883,0.03279166666666666
2019-07-09,1.1127647893754489,0.23943750000000003
2019-07-10,0.7218169608338055,0.19627083333333334
2019-07-11,0.24185007882939588,0.14816666666666667
2019-07-12,-0.2075966723852185,0.10558333333333333
2019-07-13,-0.5848252313360337,0.07141666666666667
2019-07-14,-0.8139790841007781,0.052020833333333336
2019-07-15,-0.9668232683104918,0.04016666666666667
2019-07-16,-1.0663348451615846,0.033562499999999995
2019-07-17,-1.121428752151856,0.029812500000000002
2019-07-18,-1.1637117799343546,0.027229166666666665
2019-07-19,-1.1961575251462924,0.025458333333333333
2019-07-20,-1.2141422769966002,0.0244375
2019-07-21,-1.2180286411672512,0.02391666666666667
2019-07-22,-1.2202894827670283,0.02341666666666667
2019-07-23,-1.2334461142559812,0.02283333333333333
2019-07-24,-1.254625929170903,0.022125
2019-07-25,-1.2726944595469147,0.021458333333333336
2019-07-26,-1.281726248419698,0.0206875
2019-07-27,-0.2760872321079541,0.0720625
2019-07-28,-0.8578453636042288,0.041604166666666664
2019-07-29,-1.034949975406749,0.032375
2019-07-30,-1.102851579876257,0.028874999999999998
2019-07-31,-1.1516711239332762,0.026395833333333334
2019-08-01,-1.1852655377648404,0.024520833333333332
2019-08-02,-1.2044787925580052,0.02383333333333333
2019-08-03,-1.199816227188293,0.02422916666666667
2019-08-04,-1.1989029262031337,0.024333333333333332
2019-08-05,-1.1955626090094686,0.02408333333333333
2019-08-06,-1.2517731800666825,0.023416666666666665
2019-08-07,1.3328391588153445,0.1359375
2019-08-08,0.8008525311241215,0.109625
2019-08-09,0.05676063183640599,0.078625
2019-08-10,-0.6078250872125797,0.0539375
2019-08-11,1.5963730324834426,0.127875
2019-08-12,2.592019644792915,0.1569375
2019-08-13,2.248507686133601,0.14239583333333336
2019-08-14,1.725120780180979,0.12379166666666667
2019-08-15,1.1590249321175774,0.10510416666666667
2019-08-16,0.6695590570895984,0.08941666666666666
2019-08-17,0.2645689990943702,0.07666666666666666
2019-08-18,-0.18105498930637262,0.06291666666666666
2019-08-19,-0.6305351421638182,0.049249999999999995
2019-08-20,-0.9422788754544976,0.03954166666666667
2019-08-21,-1.0527981202938792,0.036041666666666666
2019-08-22,-1.1365782752852067,0.03352083333333333
2019-08-23,-1.1987424420137207,0.03147916666666667
2019-08-24,-1.2362645787725672,0.029791666666666668
2019-08-25,-1.2784363266061178,0.02775
2019-08-26,-1.3296542429450542,0.025875000000000002
2019-08-27,-1.3639799681069307,0.024562499999999998
2019-08-28,-1.3986299594387992,0.02352083333333333
2019-08-29,-1.431664089104924,0.022416666666666668
2019-08-30,-1.4629487023463617,0.021666666666666667
2019-08-31,-1.4514183289660434,0.020979166666666667
2019-09-01,-1.4125572600981082,0.020104166666666666
2019-09-02,-1.3717966805586377,0.0194375
2019-09-03,-1.301933311366429,0.018666666666666665
2019-09-04,-1.2028666296096464,0.018291666666666668
2019-09-05,-1.1233561717118528,0.017895833333333333
2019-09-06,-1.0867083938818645,0.017208333333333336
2019-09-07,-1.0519296223544596,0.017062499999999998
2019-09-08,-1.025005517090227,0.017020833333333332
2019-09-09,-1.0063179254348171,0.016520833333333332
2019-09-20,-0.8590760360419095,0.0165
2019-09-21,-0.8578050637379817,0.0165
2019-09-22,-0.8481929523984714,0.017833333333333333
2019-10-02,-0.9250331355932696,0.017395833333333333
2019-10-03,-0.9378042278663716,0.017125
2019-10-04,-0.9460572870598941,0.0170625
2019-10-05,-0.952633169432065,0.017104166666666667
2019-10-06,-0.9649803899720123,0.017041666666666667
2019-10-07,-0.9781658870905757,0.016895833333333332
2019-10-08,-0.9951486775088909,0.016708333333333332
2019-10-09,-1.0081291102646106,0.0166875
2019-10-10,-1.0249851568212123,0.016458333333333335
2019-10-11,-1.0475879772785328,0.016333333333333335
2019-10-12,-1.0635151725187797,0.0165
2019-10-13,-1.0786235207089718,0.0165625
2019-10-14,-1.0949109351740438,0.016520833333333335
2019-10-15,-1.1130541488217491,0.016145833333333335
2019-10-26,0.01965655942977216,0.2089375
2019-10-27,-0.16678739145483487,0.18714583333333334
2019-10-28,-0.3227044849567647,0.16977083333333332
2019-10-29,-0.46606626603674844,0.1543125
2019-10-30,-0.6001592252810274,0.14154166666666665
2019-10-31,-0.724726560100792,0.1290208333333333
2019-11-01,-0.6775739778273844,0.13935416666666667
2019-11-02,0.9534546529719768,0.3566041666666667
2019-11-03,1.0715641678427437,0.3737083333333333
2019-11-04,1.2050095497982931,0.39166666666666666
2019-11-05,1.032392694685989,0.37087499999999995
2019-11-06,0.8230577842741585,0.34660416666666666
2019-11-07,1.0291882062472912,0.37393750000000003
2019-11-08,1.113984569188337,0.38629166666666664
2019-11-09,0.6838455451934138,0.3364583333333333
2019-11-10,0.6581701823033916,0.3358541666666667
2019-11-11,0.5598388973244575,0.32647916666666665
2019-11-12,0.48778833198330435,0.32106250000000003
2019-11-13,0.6884097090244012,0.34691666666666665
2019-11-14,0.8047948650642471,0.3623532608695652
2019-11-15,0.9139276576552731,0.3765326086956522
2019-11-16,0.8103978379765667,0.36654166666666665
2019-11-17,0.6522569484345956,0.35172916666666665
2019-11-18,0.6589383699934533,0.35350000000000004
2019-11-19,0.43763966936098997,0.3312083333333333
2019-11-20,0.3336870059684253,0.3232083333333333
2019-11-21,0.2676685569106506,0.3187916666666667
2019-11-22,0.20557943976574009,0.3159791666666667
2019-11-23,0.6094152266429369,0.3554583333333333
2019-11-24,0.5559182636371822,0.35214583333333327
2019-11-25,0.3485800283830236,0.33560416666666665
2019-11-26,0.25700340706958646,0.3295416666666666
2019-11-27,0.7295502750526358,0.36997916666666664
2019-11-28,0.7836575763853214,0.3749900362318841
2019-11-29,0.5985568989125889,0.3616041666666667
2019-11-30,0.3363128788169924,0.3437631578947368
2019-12-04,0.02305915938359318,0.3266875
2019-12-05,-0.03456159330524512,0.3241875
2019-12-06,-0.0982454580420291,0.3215
2019-12-07,-0.13360550912823504,0.32045833333333335
2019-12-08,-0.030937950016291224,0.33006250000000004
2019-12-09,0.7857789054144475,0.3822291666666666
2019-12-10,0.26807038597695354,0.3511875
2019-12-11,0.5772384354024519,0.36824999999999997
2019-12-12,1.1250238478585244,0.39425
2019-12-13,1.5614122472738223,0.41485416666666663
2019-12-14,0.777622066643434,0.3768958333333333
2019-12-15,0.16189562077377304,0.34770833333333334
2019-12-16,-0.007746742351255066,0.3399375
2019-12-17,-0.10262166117613312,0.33533333333333337
2019-12-18,-0.15216467560203856,0.33258333333333334
2019-12-19,-0.20156530787113128,0.3303333333333333
2019-12-20,0.8540038780457948,0.3808958333333333
2019-12-21,0.8707077163231001,0.38126086956521743
2019-12-22,1.7244970679595242,0.422875
2019-12-23,0.6853564942089084,0.37250000000000005
2019-12-24,0.28640193970967326,0.3519791666666667
2019-12-25,0.12079655771488583,0.34425
2019-12-26,0.028349407406785126,0.3394583333333333
2019-12-27,-0.057510969851980655,0.3350625
2019-12-28,-0.1152583404308753,0.3320416666666666
2019-12-29,-0.16388472124662398,0.329375
2019-12-30,-0.2434302551948578,0.3259166666666667
2019-12-31,-0.2892232720201886,0.32352083333333337
2020-01-01,-0.3361565536709651,0.322125
2020-01-02,-0.3968306532151312,0.3202083333333334
2020-01-03,-0.45302755885760054,0.3182916666666667
2020-01-04,-0.4638566966486495,0.3181666666666667
2020-01-05,-0.5009994730921409,0.3168333333333333
2020-01-06,-0.5552293328225427,0.31516666666666665
2020-01-07,-0.586780315732415,0.31443750000000004
2020-01-08,-0.5973902971582827,0.3146875
2020-01-09,-0.6297474397647516,0.31404166666666666
2020-01-10,-0.6537059322312245,0.31370833333333337
2020-01-11,-0.689861315383854,0.31277083333333333
2020-01-12,-0.7469753206294316,0.31083333333333335
2020-01-13,-0.8154516653131281,0.3089166666666666
2020-01-14,-0.8528335593347484,0.30837499999999995
2020-01-15,-0.8856682225249266,0.3079791666666667
2020-01-16,-0.9211611227824228,0.30774999999999997
2020-01-17,-0.691028753075679,0.31729166666666664
2020-01-18,-0.26298992195541354,0.33375
2020-01-19,-0.3314564345536659,0.33187500000000003
2020-01-20,-0.5065370004733525,0.32658333333333334
2020-01-21,-0.6402071618762244,0.3231875
2020-01-22,-0.7230225477579311,0.3215
2020-01-23,-0.43082605764060855,0.3323125
2020-01-24,-0.1333431654192061,0.34249999999999997
2020-01-25,-0.21800190640583567,0.340375
2020-01-26,-0.3516546881182662,0.33699999999999997
2020-01-27,-0.5021988800893671,0.33343749999999994
2020-01-28,1.5304198783302383,0.3944519927536232
2020-01-29,0.42550100701214466,0.3614583333333333
2020-01-30,1.2746439922666237,0.3878541666666667
2020-01-31,0.3756358468830509,0.36110416666666667
2020-02-01,0.8958022720421684,0.3769239130434783
2020-02-02,0.25438539999515203,0.356625
2020-02-03,-0.06296441925607135,0.3462291666666667
2020-02-04,-0.22473757677986797,0.3405625
2020-02-05,-0.37540585662368875,0.33518749999999997
2020-02-06,-0.5029635261702802,0.3305625
2020-02-07,-0.608957888145043,0.32685416666666667
2020-02-08,-0.6437807229035488,0.3250833333333334
2020-02-09,-0.6743946543909363,0.3239375
2020-02-10,-0.685317474639318,0.32329166666666664
2020-02-11,-0.6968032562313156,0.32252083333333337
2020-02-12,-0.7058599924023283,0.3220208333333333
2020-02-13,-0.6804995312449789,0.3225
2020-02-14,-0.6740200331865385,0.32252083333333337
2020-02-15,-0.6939562802740272,0.32133333333333336
2020-02-16,-0.7160791827567005,0.3200208333333333
2020-02-17,-0.7400203478493041,0.31870833333333337
2020-02-18,-0.7795517782059405,0.3165833333333333
2020-02-19,-0.7982042489316903,0.31504166666666666
2020-02-20,-0.8212416908620628,0.31322916666666667
2020-02-21,-0.8157166175659502,0.31227083333333333
2020-02-22,-0.8313593389217532,0.31066666666666665
2020-02-23,-0.8475573344063646,0.30922916666666667
2020-02-24,-0.8673238714515628,0.30791666666666667
2020-02-25,-0.8897829881379051,0.30672916666666666
2020-02-26,-0.02103284226565507,0.34262499999999996
2020-02-27,1.3856485470362918,0.40202173913043476
2020-02-28,0.8555522306146448,0.38004166666666667
2020-02-29,0.3422211500925655,0.35791666666666666
2020-03-01,0.13606270517571975,0.3480833333333333
2020-03-02,1.4695491933713154,0.4069465579710145
2020-03-03,1.4051429665925061,0.4039085144927536
2020-03-04,1.0529305288389406,0.3877291666666667
2020-03-05,1.1500756219721735,0.39241666666666664
2020-03-06,1.1929549656494787,0.3948125
2020-03-07,0.45669042148014527,0.3590625
2020-03-08,0.26850877940603607,0.34910416666666666
2020-03-09,0.2276262072002161,0.3464166666666667
2020-03-10,0.42607134280812264,0.35625
2020-03-11,0.39903915346912705,0.3539583333333334
2020-03-12,0.2839800554109274,0.3470833333333333
2020-03-13,0.23575453046298486,0.3436041666666667
2020-03-14,0.18051314216554465,0.339125
2020-03-15,0.14074673473318175,0.33522916666666663
2020-03-16,0.12917152527943454,0.3330208333333333
2020-03-17,0.15508007641698815,0.33333333333333337
2020-03-18,0.17830738389365103,0.33339583333333334
2020-03-19,0.17750525218186416,0.3312083333333333
2020-03-20,0.15607455604538087,0.3276458333333333
2020-03-21,0.1370562645002473,0.32364583333333335
2020-03-22,0.12374095599964605,0.3199375
2020-03-23,0.11944335175420501,0.3166458333333333
2020-03-24,0.10507106384371902,0.31264583333333335
2020-03-25,0.08481128169435465,0.3076875
2020-03-26,0.06440769865738452,0.30225
2020-03-27,0.040344075030209745,0.29585416666666664
2020-03-28,0.016302759703874434,0.2891458333333333
2020-03-29,-0.016012675891516358,0.28150000000000003
2020-03-30,-0.05810983086220988,0.27283333333333337
2020-03-31,-0.09750386581871896,0.26439583333333333
2020-04-01,-0.12861995746862834,0.25616666666666665
2020-04-02,-0.17162102350739888,0.24683333333333332
2020-04-03,-0.20981942035365178,0.23825
2020-04-04,-0.2709570504954908,0.22689583333333335
2020-04-05,-0.34121897377485816,0.2143125
2020-04-06,-0.41102604212433774,0.2015
2020-04-07,-0.48670605499474523,0.18837500000000001
2020-04-08,-0.5928577987847313,0.1720625
2020-04-09,-0.7412220839560776,0.151625
2020-04-10,-0.9184117714536312,0.12852083333333333
2020-04-11,-1.0520840772463496,0.11010416666666667
2020-04-12,-1.1509249378774913,0.09591666666666666
2020-04-13,-1.2128084942073596,0.0861875
2020-04-14,-1.2687444501333889,0.07735416666666667
2020-04-15,-1.3273001599497352,0.06816666666666667
2020-04-16,-1.3773918561363176,0.06029166666666667
2020-04-17,-1.4087599838598255,0.054770833333333324
2020-04-18,-1.429829035819368,0.050562499999999996
2020-04-19,-1.4812138534874193,0.042833333333333334
2020-04-20,-1.4658070332206135,0.04264583333333333
2020-04-21,-1.4219923135447852,0.04616666666666666
2020-04-22,-1.2856810423044016,0.06041666666666667
2020-04-23,-1.1955778440449272,0.0694375
2020-04-24,-1.1393699064374156,0.074125
2020-04-25,-1.1016681988501507,0.07685416666666667
2020-04-26,-1.081680691866204,0.07766666666666668
2020-04-27,-0.43402031582148154,0.148125
2020-04-28,0.25465638579365,0.22433333333333333
2020-04-29,0.42293848913876425,0.24545833333333333
2020-04-30,0.4034945386303574,0.24677083333333333
2020-05-01,1.143417673481141,0.33399999999999996
2020-05-02,1.503739308147892,0.3798541666666667
2020-05-03,1.1268932020595759,0.34108333333333335
2020-05-04,1.0162042516840786,0.33179166666666665
2020-05-05,0.944097096025117,0.3264375
2020-05-06,0.8849333198834556,0.3226041666666667
2020-05-07,0.8335942057355749,0.3205416666666667
2020-05-08,0.7638349314203523,0.31685416666666666
2020-05-09,0.7058621617429919,0.313875
2020-05-10,1.1395107595900278,0.3673431818181818
2020-05-12,1.0817716353753657,0.36468750000000005
2020-05-13,1.0144037136708337,0.35958333333333337
2020-05-14,1.0472419425545052,0.36554166666666665
2020-05-15,1.0819816714480035,0.3705625
2020-05-16,0.9462551614346674,0.35654166666666665
2020-05-17,0.8863018601432706,0.3507708333333333
2020-05-18,0.8555872655438825,0.3478541666666667
2020-05-19,0.844026959015098,0.3478541666666667
2020-05-20,0.8213546886831611,0.3463333333333333
2020-05-21,0.7944524076898736,0.3451875
2020-05-22,0.7587933179336309,0.343
2020-05-23,0.7163496648447367,0.34020833333333333
2020-05-24,0.657415695767962,0.33525
2020-05-25,0.6064364725156827,0.332375
2020-05-26,0.5670188447343453,0.3300833333333334
2020-05-27,0.5448006179848595,0.3289791666666667
2020-05-28,0.5049845863570617,0.32556250000000003
2020-05-29,0.46365760734838557,0.3215
2020-05-30,0.42625948087888293,0.31637499999999996
2020-05-31,0.4041845943205647,0.3118958333333333
2020-06-01,0.3648680243306517,0.306125
2020-06-02,0.31553274564012107,0.29914583333333333
2020-06-03,0.2850028800191286,0.2931666666666667
2020-06-04,0.23680119273254643,0.28531249999999997
2020-06-05,0.12012055018590989,0.2714583333333333
2020-06-06,0.06975088996444485,0.26456250000000003
2020-06-07,0.057067513166380104,0.2605208333333333
2020-06-08,0.028222426529192785,0.2543958333333333
2020-06-09,0.007967553362277712,0.24847916666666664
2020-06-10,0.005188163394672889,0.2443125
2020-06-11,-0.000985299522523937,0.2400625
2020-06-12,-0.005920357738929748,0.2360833333333333
2020-06-13,0.16826093397209282,0.2515833333333333
2020-06-14,0.24438633347841923,0.25629166666666664
2020-06-15,0.28889719694101307,0.2579583333333333
2020-06-16,0.31798399591876986,0.25718749999999996
2020-06-17,0.3442525907029364,0.25608333333333333
2020-06-18,0.36336814747501506,0.2541875
2020-06-19,0.38379949758012344,0.25175000000000003
2020-06-20,0.38819986187758143,0.24825
2020-06-21,0.3928575307081448,0.24366666666666664
2020-06-22,0.39437957743367025,0.23875000000000002
2020-06-23,0.3571150399294649,0.23070833333333332
2020-06-24,0.28676665232159076,0.2192083333333333
2020-06-25,0.31455414889372385,0.21741123188405798
2020-06-26,1.2486505267891024,0.3138125
2020-06-27,1.181193209802569,0.3006458333333333
2020-06-28,1.112141846522811,0.2878125
2020-06-29,1.048601476219422,0.2758541666666667
2020-06-30,0.9643532866401747,0.26214583333333336
2020-07-01,1.0538875550926898,0.2664375
2020-07-02,1.1868433006286816,0.2753541666666667
2020-07-03,1.1472725364288399,0.2668125
2020-07-04,1.0856891498157197,0.2565208333333333
2020-07-05,0.9603312101762865,0.24108333333333332
2020-07-06,0.8817817600843392,0.22870833333333332
2020-07-07,0.7875805679207868,0.21360416666666668
2020-07-08,0.6695280243479129,0.19754166666666667
2020-07-09,0.5842038106397678,0.18366666666666664
2020-07-10,0.5098833623785682,0.1720833333333333
2020-07-11,0.3917829164185204,0.15766666666666668
2020-07-12,0.26240748404521436,0.14245833333333335
2020-07-13,0.1652397257951514,0.13020833333333334
2020-07-14,0.08716019918984441,0.12041666666666666
2020-07-15,0.030781170038622786,0.11339583333333333
2020-07-16,-0.04080825273673548,0.105375
2020-07-17,-0.08826572523838007,0.09975
2020-07-18,-0.11159582664581374,0.0960625
2020-07-19,-0.1116593017337159,0.09395833333333334
2020-07-20,-0.08788975660775224,0.09304166666666666
2020-07-21,-0.0793181300347443,0.09095833333333334
2020-07-22,-0.08461061763404414,0.08877083333333334
2020-07-23,-0.10745941548539258,0.08614583333333334
2020-07-24,-0.14094195169145707,0.08225
2020-07-25,-0.17995939056045296,0.07829166666666668
2020-07-26,-0.19862661128096576,0.07604166666666667
2020-07-27,-0.19608079631422293,0.07525
2020-07-28,-0.18220414825607853,0.07541666666666666
2020-07-29,-0.19048373323644946,0.0748125
2020-07-30,-0.15466973187032942,0.076375
2020-07-31,-0.0973124717101369,0.07877083333333333
2020-08-01,-0.08544535469806609,0.07925
2020-08-02,-0.12605112759656892,0.07704166666666666
2020-08-03,-0.16517041936479845,0.07485416666666667
2020-08-04,-0.16089817432123496,0.07422916666666667
2020-08-05,-0.139969866649717,0.07402083333333333
2020-08-06,-0.09203743257559108,0.07491666666666667
2020-08-07,-0.025075981148791292,0.07645833333333334
2020-08-08,0.05952420939746373,0.07872916666666667
2020-08-09,0.11073598549761242,0.07935416666666667
2020-08-10,0.1346864082356917,0.0789375
2020-08-11,0.11426118704445576,0.07697916666666667
2020-08-12,0.9779512957243995,0.10268749999999999
2020-08-13,2.716460910616779,0.1540416666666667
2020-08-14,2.1862408792969474,0.13597916666666665
2020-08-15,1.820012870092836,0.12366666666666667
2020-08-16,1.5490005852145179,0.1146875
2020-08-17,1.2840650735494026,0.10610416666666668
2020-08-18,1.1177268698608276,0.10102083333333334
2020-08-19,0.996615175754331,0.09874999999999999
2020-08-20,0.9992087605460023,0.09941666666666665
2020-08-21,1.0306943395070047,0.10064583333333332
2020-08-22,1.0042706052513029,0.09927083333333334
2020-08-23,0.9753070432367789,0.0979375
2020-08-24,0.9484608040416549,0.09683333333333333
2020-08-25,0.9401726561919427,0.09652083333333333
2020-08-26,1.032767788158007,0.09887499999999999
2020-08-27,1.1374138022853346,0.10116666666666665
2020-08-28,1.2586593680230846,0.10389583333333333
2020-08-29,1.147223844729555,0.09929166666666668
2020-08-30,0.9750521291787011,0.09468750000000001
2020-08-31,0.7899794112834504,0.09089583333333333
2020-09-01,0.7438376424919239,0.09097916666666667
2020-09-02,0.6509272895784932,0.09077083333333333
2020-09-03,0.5594000687356732,0.09141666666666667
2020-09-04,0.5266095103021874,0.09406250000000001
2020-09-05,0.5255662024206822,0.09725
2020-09-06,0.5051702210212086,0.09891666666666665
2020-09-07,0.4203916000425784,0.09685416666666667
2020-09-08,0.3611654345659471,0.09533333333333334
2020-09-09,0.3462674575390238,0.09633333333333333
2020-09-10,0.3246659846656974,0.09806250000000001
2020-09-11,0.2996974436523739,0.10120833333333333
2020-09-12,0.24558644629741558,0.10218750000000001
2020-09-13,0.19211815518910627,0.10227083333333334
2020-09-14,0.1656059011787507,0.10418749999999999
2020-09-15,0.15076217735053923,0.10664583333333333
2020-09-16,0.12012082239609902,0.10770833333333334
2020-09-17,0.0759436761957331,0.10779166666666667
2020-09-18,0.02985208594922323,0.10716666666666667
2020-09-19,-0.02823085235552758,0.10410416666666666
2020-09-20,-0.07433091243120794,0.101875
2020-09-21,-0.12018686482069799,0.0995
2020-09-22,-0.17410135436306146,0.09612500000000002
2020-09-23,-0.2076950509877558,0.09479166666666666
2020-09-24,-0.2090661579062498,0.09697916666666667
2020-09-25,1.1837429752140063,0.2698858695652174
2020-09-26,1.8562671157987567,0.35912499999999997
2020-09-27,1.6346032185901727,0.33720833333333333
2020-09-28,1.490946567746845,0.3242083333333333
2020-09-29,1.3940627060713247,0.31847916666666665
2020-09-30,1.3202302494419444,0.31472916666666667
2020-10-01,1.2714876866048963,0.3130208333333333
2020-10-02,1.770546422421178,0.3858541666666666
2020-10-03,1.9342358594623505,0.41375452898550724
2020-10-04,1.867609460418538,0.40831249999999997
2020-10-05,1.500837818667218,0.36081250000000004
2020-10-06,1.4575779833907967,0.35824999999999996
2020-10-07,1.6138769773597987,0.3842708333333333
2020-10-08,1.3552553167212171,0.35102083333333334
2020-10-09,1.2978734502058906,0.3459375
2020-10-10,1.252853150658121,0.34281249999999996
2020-10-11,1.2061455730754382,0.33910416666666665
2020-10-12,1.1597754035819028,0.33487500000000003
2020-10-13,1.1903258131102241,0.3402708333333333
2020-10-14,1.6036521345551855,0.4000208333333333
2020-10-15,1.3636988276850424,0.3675
2020-10-16,1.2452493429546507,0.35150000000000003
2020-10-17,1.180439237894134,0.3458541666666667
2020-10-18,1.1232652996061283,0.34147916666666667
2020-10-19,1.0859870754424903,0.33852083333333327
2020-10-20,1.0551679681225885,0.33668750000000003
2020-10-21,1.0268982168502776,0.3352708333333333
2020-10-22,0.9992747043343628,0.3350208333333333
2020-10-23,0.9683716394288889,0.33364583333333336
2020-10-24,0.9259181414632806,0.33095833333333335
2020-10-25,0.9292780372783848,0.33505833333333335
2020-10-27,1.3463445651095003,0.3984166666666667
2020-10-28,1.1222622213683544,0.37002083333333335
2020-10-29,1.018020447142692,0.3589583333333333
2020-10-30,0.9602671005377192,0.3532708333333333
2020-10-31,0.9066035824826641,0.34829166666666667
2020-11-01,0.8737119953315613,0.3461875
2020-11-02,0.846563164191652,0.3446458333333333
2020-11-03,0.8346485491448014,0.3445208333333334
2020-11-04,0.8014957453487914,0.34191666666666665
2020-11-05,0.7627216035610045,0.3391458333333333
2020-11-06,0.7380526256926614,0.33825000000000005
2020-11-07,0.71793674712376,0.33816666666666667
2020-11-08,0.7009845705516288,0.3385208333333333
2020-11-09,0.6866406241714189,0.33925000000000005
2020-11-10,0.6539790230902396,0.33766666666666667
2020-11-11,0.6074887565365052,0.33514583333333337
2020-11-12,0.5776784766471564,0.33406250000000004
2020-11-13,0.5439852134210915,0.3325625
2020-11-14,0.5089223291060737,0.33114583333333336
2020-11-15,0.4765049780029478,0.3295416666666667
2020-11-16,0.5233229857277959,0.3377291666666667
2020-11-17,0.5310804655409689,0.33991666666666664
2020-11-18,0.5276631138509968,0.34052083333333333
2020-11-19,0.5032824624298682,0.340125
2020-11-20,0.47481465003658774,0.3388333333333333
2020-11-21,0.4069433872676336,0.3347916666666667
2020-11-22,0.34970675413145963,0.33145833333333335
2020-11-23,0.30181635056273576,0.3288958333333334
2020-11-24,0.2559111505976252,0.3274166666666667
2020-11-25,0.21853567074563734,0.32627083333333334
2020-11-26,0.1849121466803775,0.325625
2020-11-27,0.15071350407479375,0.32566666666666666
2020-11-28,0.0960850757577056,0.3246041666666667
2020-11-29,0.03829659408664341,0.3225
2020-11-30,-0.04056810156304201,0.31929166666666664
2020-12-01,-0.09886298147101366,0.3163125
2020-12-02,-0.1446564436164903,0.31414583333333335
2020-12-03,-0.18883207157372373,0.31220833333333337
2020-12-04,0.8108014771962241,0.3817291666666667
2020-12-05,0.8693331516803299,0.3871041666666667
2020-12-06,1.2122137158708737,0.4121875
2020-12-09,0.6143149353864551,0.3711041666666667
2020-12-13,0.995870901180486,0.3872916666666667
2020-12-14,0.5941361669591667,0.3680833333333333
2020-12-15,0.7776578397846841,0.3769583333333333
2020-12-16,0.8452861050557716,0.38022916666666673
2020-12-17,0.6141816221937008,0.36906249999999996
2020-12-18,0.4915049038772959,0.36347916666666663
2020-12-19,0.4520775593407405,0.3616041666666666
2020-12-20,0.48917220085111557,0.36291666666666667
2020-12-21,0.8508434476930979,0.3805
2020-12-22,1.1079450866461704,0.39314583333333336
2020-12-23,0.7828814821243892,0.37612500000000004
2020-12-24,0.8962584826256832,0.37847916666666664
2020-12-25,0.98950374725427,0.38231249999999994
2020-12-26,0.6676851080293518,0.3677083333333333
2020-12-27,0.5864113041434498,0.363554347826087
2020-12-30,1.4071275065687436,0.397125
2021-01-01,1.2254324114397406,0.39032738095238095
2021-01-02,0.7121417550986868,0.36912500000000004
2021-01-03,0.5327570719786322,0.3619791666666667
2021-01-04,0.46265801880121665,0.35933333333333334
2021-01-05,0.4262316872711546,0.35802083333333334
2021-01-06,0.39490477236106336,0.3562916666666667
2021-01-07,0.3606577998312634,0.3546666666666667
2021-01-08,0.3099339217055208,0.35275
2021-01-09,0.2736677276627399,0.3514166666666667
2021-01-10,0.23590359571455394,0.3499791666666666
2021-01-11,0.184930120532626,0.34802083333333333
2021-01-12,0.15980166612362884,0.34677083333333336
2021-01-13,0.17630497415207863,0.3477916666666667
2021-01-14,0.2859449685609828,0.35241666666666666
2021-01-15,1.3681388377153985,0.394
2021-01-16,1.0204034930040053,0.38045833333333334
2021-01-17,1.5254770106530053,0.39925
2021-01-18,1.2994382347096145,0.39083333333333337
2021-01-19,0.851373806752246,0.37412500000000004
2021-01-20,0.6867742397228244,0.36825
2021-01-21,0.5526071774439152,0.36412500000000003
2021-01-22,1.7409913871169755,0.4034375
2021-01-26,1.1560454565269367,0.38212500000000005
2021-02-02,1.8034375025703109,0.4049166666666667
2021-02-03,1.0451113916417314,0.3810625
2021-02-04,0.8404596832087192,0.3742708333333334
2021-02-05,0.7564550714350912,0.37139583333333337
2021-02-06,1.1055360805903744,0.3827708333333333
2021-02-07,2.210484889945367,0.41837499999999994
2021-02-09,1.6589264251517415,0.40170833333333333
2021-02-10,1.9434764691685886,0.41179166666666667
2021-02-11,1.3779287046677144,0.3927083333333333
2021-02-12,1.023465418196105,0.38125
2021-02-13,1.0768944429654788,0.3831875
2021-02-14,0.9102893965946213,0.3777708333333334
2021-02-15,0.7656353709283779,0.3724791666666667
2021-02-16,0.6526766058100633,0.3684166666666667
2021-02-17,0.5842494974670299,0.3662916666666667
2021-02-18,0.5433281258570531,0.36474999999999996
2021-02-19,0.48471807069141387,0.3628333333333333
2021-02-20,0.42027419100435776,0.36056249999999995
2021-02-21,0.37365224724643864,0.35824999999999996
2021-02-22,0.3267115483919257,0.35610416666666667
2021-02-23,0.2916762809067374,0.35429166666666667
2021-02-24,0.2471691797004296,0.3525416666666667
2021-02-25,0.20519864834501308,0.35152083333333334
2021-02-26,0.13100162500187695,0.3489791666666666
2021-02-27,0.06713917170034044,0.3461458333333334
2021-02-28,-0.004199827171835063,0.34299999999999997
2021-03-01,-0.054302380533575535,0.34054166666666663
2021-03-02,-0.06952358764350636,0.33897916666666666
2021-03-03,-0.09587146535249212,0.3368125
2021-03-04,-0.11325606425342033,0.33495833333333336
2021-03-05,-0.14513112492051639,0.3324375
2021-03-06,-0.20683818749181085,0.3285
2021-03-07,-0.2405208750687644,0.3257916666666667
2021-03-08,-0.28150460336304645,0.32265217391304346
2021-03-09,-0.32060720858703556,0.319375
2021-03-10,-0.3893857042726899,0.31433333333333335
2021-03-11,-0.41839854717924857,0.31114583333333334
2021-03-12,-0.4530609644469284,0.30714583333333334
2021-03-13,-0.5118929229913195,0.3018333333333333
2021-03-14,-0.4952459692262137,0.3005
2021-03-15,-0.5802876935373924,0.29272916666666665
2021-03-16,-0.5956594331915186,0.2886458333333333
2021-03-17,-0.6050760117111095,0.2846875
2021-03-18,-0.6498981263738394,0.2781458333333333
2021-03-19,-0.6960060142545311,0.27122916666666663
2021-03-20,-0.7338721335905962,0.26447916666666665
2021-03-21,-0.7616451183894469,0.2584166666666667
2021-03-22,-0.7728382019333375,0.25295833333333334
2021-03-23,-0.775454340266956,0.247875
2021-03-24,-0.7754165061662849,0.24283333333333335
2021-03-25,-0.7781661687994573,0.23812500000000003
2021-03-26,-0.786932151325292,0.23252083333333334
2021-03-27,-0.8109203602556586,0.22510416666666666
2021-03-28,-0.8554454039659461,0.21533333333333332
2021-03-29,-0.9014510137773426,0.20506249999999998
2021-03-30,-0.9474429383430313,0.1945
2021-03-31,-0.9908418484569694,0.18404166666666666
2021-04-01,-1.0521940336245719,0.17177083333333332
2021-04-02,-1.117626385110575,0.15858333333333333
2021-04-03,-1.1544038658470235,0.148375
2021-04-04,-1.1793242174736351,0.13945833333333332
2021-04-05,-1.189013845433166,0.1318125
2021-04-06,-1.1873194158859888,0.12533333333333332
2021-04-07,-1.1978280079919976,0.11760416666666666
2021-04-08,-1.1858322593245942,0.1131875
2021-04-09,-1.1565865962728537,0.11075000000000002
2021-04-10,-1.1273474760064188,0.10941666666666666
2021-04-11,-1.0875236818431566,0.10991666666666669
2021-04-12,-1.0624498101581914,0.10895833333333332
2021-04-13,-1.0468004384876513,0.1074375
2021-04-14,-1.0304893976652503,0.10635416666666667
2021-04-15,-1.025625783626078,0.10433333333333333
2021-04-16,-1.0269133216463764,0.1015
2021-04-17,-1.0277464307013633,0.09902083333333334
2021-04-18,-1.0243523503969079,0.09741666666666668
2021-04-19,-1.0116973224982089,0.09697916666666667
2021-04-20,-0.9909987039400902,0.09716666666666667
2021-04-21,-0.9718605796386167,0.09725
2021-04-22,-0.9662150867176797,0.09652083333333333
2021-04-23,-0.9688239419827093,0.09522916666666666
2021-04-24,-0.9704297898756771,0.09404166666666668
2021-04-25,-0.9655202262473576,0.0930625
2021-04-26,-0.7328474618275824,0.11704166666666665
2021-04-27,-0.7645230410845203,0.11231250000000001
2021-04-28,-0.8463904150948616,0.10295833333333335
2021-04-29,-0.9056164984046776,0.09693750000000001
2021-04-30,-0.9599966868541192,0.09187500000000001
2021-05-01,-1.0369397804691216,0.08400000000000002
2021-05-02,-1.0888188883993652,0.07908333333333334
2021-05-03,-1.0969751674481085,0.08041666666666666
2021-05-04,-1.0931959077677018,0.08333333333333334
2021-05-05,-1.103086386553085,0.08466666666666667
2021-05-06,-1.1240361663058274,0.08520833333333334
2021-05-07,-1.1504784129164678,0.08535416666666668
2021-05-08,-1.165028261576548,0.08729166666666667
2021-05-09,-1.1781257756890156,0.08972916666666667
2021-05-10,-1.254276985433019,0.08520833333333333
2021-05-11,-1.2917695234414166,0.08466666666666667
2021-05-12,-1.2970691117040893,0.087375
2021-05-13,-1.2520198732707895,0.09585416666666668
2021-05-14,-0.41996368364738024,0.19445833333333332
2021-05-15,0.7705729517654363,0.33372916666666663
2021-05-16,1.4345550821377904,0.4109375
2021-05-17,1.0502492532957597,0.3683958333333333
2021-05-18,0.9363378969791543,0.35643749999999996
2021-05-19,0.8879503421804533,0.3514791666666667
2021-05-20,0.8172668287938276,0.3448958333333333
2021-05-21,0.7694091033150846,0.3406666666666667
2021-05-22,0.8195636702350798,0.34789583333333335
2021-05-23,0.8153593862335803,0.3490416666666667
2021-05-24,0.748474023218537,0.34360416666666665
2021-05-25,0.6978331170964506,0.33947916666666667
2021-05-26,0.6385174287480047,0.33570833333333333
2021-05-27,0.5894930667293701,0.33239583333333333
2021-05-28,0.5511458402294056,0.329625
2021-05-29,0.5851659708406223,0.33365942028985507
2021-05-30,0.5986601144986686,0.33510416666666665
2021-05-31,0.5367111235807628,0.32747916666666665
2021-06-01,0.48841943092879264,0.3203125
2021-06-02,0.4343752588259784,0.3130625
2021-06-03,0.3647856658517067,0.3041041666666666
2021-06-04,0.7141124407865798,0.3367916666666667
2021-06-05,0.9905259379843311,0.36235416666666664
2021-06-06,0.8353204345458353,0.34554166666666664
2021-06-07,0.7316801126590178,0.3340208333333333
2021-06-08,0.6432652003662266,0.3225625
2021-06-09,0.5427651197328283,0.30924999999999997
2021-06-10,0.3956706457073543,0.29008333333333336
2021-06-11,0.24208320451112433,0.26995833333333336
2021-06-12,0.10409152584852842,0.2515625
2021-06-13,-0.05631936016665184,0.2305208333333333
2021-06-14,-0.21331366693215198,0.20929166666666665
2021-06-15,-0.4050838144805983,0.18402083333333333
2021-06-16,-0.5704550293659978,0.16214583333333332
2021-06-17,-0.656978652780658,0.14802083333333332
2021-06-18,-0.7096713548743336,0.13754166666666665
2021-06-19,-0.7246881265060897,0.13110416666666666
2021-06-20,-0.21324144461220315,0.18404166666666666
2021-06-21,-0.6383045755070427,0.13147916666666665
2021-06-22,-0.7473609820385181,0.11427083333333335
2021-06-23,-0.724915689781799,0.11201721014492753
2021-06-24,1.3129698344239404,0.33804166666666663
2021-06-25,0.8236227763293441,0.2791458333333333
2021-06-26,0.3862848566527724,0.22529166666666667
2021-06-27,0.1156583596750258,0.19106250000000002
2021-06-28,1.505923998030923,0.33541666666666664
2021-06-29,1.2763935642146078,0.30522916666666666
2021-06-30,0.9647078452752987,0.2670416666666666
2021-07-01,0.6637521388861134,0.23089583333333336
2021-07-02,0.44080292003644006,0.20320833333333332
2021-07-03,0.247330403152296,0.17916666666666667
2021-07-04,0.13394316346578167,0.16379166666666667
2021-07-05,0.044577794898018976,0.15152083333333333
2021-07-06,-0.022995563770334196,0.14208333333333334
2021-07-07,-0.1047447808741318,0.13104166666666667
2021-07-08,-0.15991489668834644,0.1221875
2021-07-09,-0.17727239894188915,0.1175
2021-07-10,-0.16459369421770526,0.11508333333333334
2021-07-11,-0.14152156889511755,0.11395833333333334
2021-07-12,-0.11936799691330796,0.11325000000000002
2021-07-13,-0.23823002958915968,0.10047916666666666
2021-07-14,-0.28249261573999784,0.09445833333333334
2021-07-15,-0.04335644515015053,0.11047916666666666
2021-07-16,0.15274657256348917,0.12227083333333333
2021-07-17,0.29973468380351326,0.12918749999999998
2021-07-18,0.42458703281830396,0.13433333333333333
2021-07-19,0.5399732551325799,0.13847916666666668
2021-07-20,0.6475573231251717,0.14183333333333334
2021-07-21,0.7547755840794695,0.14458333333333334
2021-07-22,0.8554196592487059,0.14629166666666665
2021-07-23,0.9193953803616199,0.14639583333333334
2021-07-24,0.8862787099395435,0.14160416666666667
2021-07-25,0.8496323817776448,0.13545833333333335
2021-07-26,0.8014698213409284,0.12960416666666666
2021-07-27,0.8724388316723113,0.1310625
2021-07-28,0.8684791701374401,0.12937500000000002
2021-07-29,0.649078569982765,0.117375
2021-07-30,0.5861668101390237,0.11391666666666667
2021-07-31,0.43796219188196833,0.10608333333333334
2021-08-01,0.22230507649717823,0.09470833333333334
2021-08-02,0.16528544566453662,0.09166666666666666
2021-08-03,0.19078370257881963,0.092625
2021-08-04,0.07610487913849971,0.08664583333333334
2021-08-05,0.04973147794184546,0.0844375
2021-08-06,0.12459263444332806,0.0860625
2021-08-07,0.11617259853240512,0.08383333333333334
2021-08-08,0.136270606361809,0.0829375
2021-08-09,0.21041554423121273,0.08441666666666667
2021-08-10,0.32807126076815407,0.08704166666666667
2021-08-11,0.48066246744461066,0.09052083333333334
2021-08-12,0.6326666173654597,0.09370833333333334
2021-08-13,0.7813016969989465,0.09654166666666666
2021-08-14,0.9474786255209403,0.1000625
2021-08-15,1.0411931433048285,0.10156249999999999
2021-08-16,0.9655699834280226,0.09822916666666666
2021-08-17,0.8684277941031853,0.09454166666666668
2021-08-18,0.7688347185943321,0.09091666666666666
2021-08-19,0.7096818127283147,0.0889375
2021-08-20,0.6316228051010154,0.08760416666666666
2021-08-21,0.6241542484661299,0.08783333333333335
2021-08-22,0.5880918005457155,0.0869375
2021-08-23,0.5499922540789516,0.08529166666666667
2021-08-24,0.49120882209379774,0.08302083333333334
2021-08-25,0.44747610577168007,0.08129166666666668
2021-08-26,0.4107025655940763,0.08004166666666666
2021-08-27,0.3762994512163632,0.07852083333333333
2021-08-28,0.31746941460688555,0.0760625
2021-08-29,0.2736061359578054,0.0740625
2021-08-30,0.25615044701603745,0.07279166666666667
2021-08-31,0.22475289763253034,0.07189583333333333
2021-09-01,0.16642429713717083,0.07085416666666668
2021-09-02,0.32428406823524614,0.07679166666666667
2021-09-03,1.6857572064039739,0.12897916666666667
2021-09-04,2.215227866782073,0.16012500000000002
2021-09-05,1.4296678608793467,0.13575
2021-09-06,0.8944338156819883,0.1155625
2021-09-07,0.5428196191175916,0.10089583333333332
2021-09-08,0.29327812705882145,0.08983333333333332
2021-09-09,0.12837154510242801,0.08191666666666667
2021-09-10,0.016866074434620473,0.07658333333333334
2021-09-11,-0.06672968044569691,0.07320833333333335
2021-09-12,-0.13919346513770814,0.07083333333333333
2021-09-13,-0.19765462331569036,0.06891666666666667
2021-09-14,-0.23033090136183165,0.0684375
2021-09-15,-0.21183645636096013,0.07227083333333334
2021-09-16,1.3555002043024267,0.2131458333333333
2021-09-17,1.3548203020106637,0.22127083333333333
2021-09-18,2.021022741241098,0.2954375
2021-09-19,2.501628643048074,0.3570833333333333
2021-09-20,2.611900739658131,0.38247916666666665
2021-09-21,2.2378546380578412,0.35383333333333333
2021-09-22,2.064388545428625,0.3445625
2021-09-23,1.9312139903030632,0.3390625
2021-09-24,1.830450293693109,0.33547916666666666
2021-09-25,1.7366064329324573,0.33124999999999993
2021-09-26,1.7630881733135768,0.3409583333333333
2021-09-27,1.695015321203516,0.33897916666666666
2021-09-28,1.608513612782604,0.33389583333333334
2021-09-29,1.5268435537663936,0.3288333333333333
2021-09-30,1.439310009342523,0.32441304347826083
2021-10-01,1.346540400591992,0.3182291666666667
2021-10-02,1.2716424801793995,0.31304166666666666
2021-10-03,1.5638126109889796,0.3577083333333333
2021-10-04,1.648612335527284,0.3744166666666667
2021-10-05,1.674375426367269,0.3815081521739131
2021-10-06,1.5507489320352263,0.3677708333333334
2021-10-07,1.4216030052610142,0.35320833333333335
2021-10-08,1.3439981687594844,0.34625000000000006
2021-10-09,1.2817677276717452,0.340625
2021-10-10,1.2344226175637338,0.3369375
2021-10-11,1.1787211380483318,0.33229166666666665
2021-10-12,1.1182026316898053,0.3266041666666667
2021-10-13,1.0641098169884122,0.32127083333333334
2021-10-14,1.0195948050820367,0.3160833333333333
2021-10-15,0.9755630882518239,0.31127083333333333
2021-10-16,0.9358445018857244,0.3072083333333333
2021-10-17,0.8984517084608603,0.30274999999999996
2021-10-18,0.8397608449027358,0.2978125
2021-10-19,0.7786410045377311,0.29270833333333335
2021-10-20,0.7206774290593896,0.2868333333333333
2021-10-21,0.6520391505725999,0.2797708333333333
2021-10-22,0.572826711789168,0.2713125
2021-10-23,0.49452016175905755,0.2641875
2021-10-24,0.4042387823042949,0.25483333333333336
2021-10-25,0.32042857654951357,0.2467083333333333
2021-10-27,0.17114172203979208,0.23375
2021-10-28,0.09185840438087897,0.2265625
2021-10-29,0.02113976795964009,0.22047916666666667
2021-10-30,-0.05404684445730766,0.21491666666666664
2021-10-31,-0.1383287291130675,0.2070625
2021-11-01,-0.23639261119601873,0.19754166666666667
2021-11-02,0.2510813244752013,0.26485416666666667
2021-11-03,1.0843061601642034,0.37535416666666666
2021-11-04,0.8855465920980646,0.351
2021-11-05,0.8019940840883687,0.3419791666666667
2021-11-06,0.7322164395691585,0.335375
2021-11-07,0.6756785696135315,0.3306041666666667
2021-11-08,0.6260399364628885,0.327
2021-11-09,0.5742596557817977,0.32327083333333334
2021-11-10,0.5180886217011984,0.31914583333333335
2021-11-11,0.47902214131323706,0.316875
2021-11-12,0.4364375581365165,0.3150208333333333
2021-11-13,0.4041337413006469,0.3139166666666667
2021-11-14,0.3725386912244596,0.31297916666666664
2021-11-15,0.3960782276456913,0.3185
2021-11-16,0.4103280147649329,0.3222083333333333
2021-11-17,0.37405122533212565,0.32152083333333337
2021-11-18,0.3428234283103174,0.3199166666666666
2021-11-19,0.30351077891279216,0.31733333333333336
2021-11-20,0.2516044759322836,0.3150208333333333
2021-11-21,0.21189845491520545,0.3133958333333333
2021-11-22,0.15607468190813126,0.31135416666666665
2021-11-23,0.10465197147523066,0.30881250000000005
2021-11-24,0.06820652725235606,0.30752083333333335
2021-11-25,0.4615275918924542,0.34558333333333335
2021-11-26,0.5598449490848856,0.3552916666666667
2021-11-27,1.0721472001271215,0.39787952898550727
2021-11-28,0.6217746297144542,0.362375
2021-11-29,0.43276383113738487,0.34939583333333335
2021-11-30,0.40591455752696387,0.3487291666666667
2021-12-01,0.4184477632666538,0.35091666666666665
2021-12-02,0.9668585242141913,0.3896666666666666
2021-12-03,0.4782114502552294,0.35689583333333336
2021-12-04,0.7483143936261764,0.37624637681159423
2021-12-05,1.089018360283058,0.40066666666666667
2021-12-06,0.5626823252265626,0.36631250000000004
2021-12-07,0.5299814855283783,0.36568750000000005
2021-12-08,1.257668331117339,0.4137708333333333
2021-12-09,0.9525026864289144,0.39245833333333335
2021-12-10,1.1948902624820936,0.4045
2021-12-11,0.5323618049107447,0.3658541666666667
2021-12-12,0.22823041257137572,0.35060416666666666
2021-12-13,0.14257708485498152,0.34658333333333335
2021-12-14,0.06951612853624882,0.3431666666666667
2021-12-15,0.006324381246923048,0.340375
2021-12-16,-0.05061913653650393,0.33791666666666664
2021-12-17,-0.09118518696637591,0.335875
2021-12-18,-0.11758937147533155,0.3342291666666667
2021-12-19,-0.1510334759648975,0.33275
2021-12-20,-0.19074412316701694,0.33075
2021-12-21,-0.20455100111535013,0.3295625
2021-12-22,-0.2332773672294486,0.3279166666666667
2021-12-23,-0.21525612660592428,0.3285
2021-12-24,-0.18394710047268809,0.3291041666666667
2021-12-25,-0.23082799131648593,0.3287291666666667
2021-12-26,-0.2127568829973467,0.3287083333333334
2021-12-27,0.9112750117176921,0.3786739130434783
2021-12-28,1.5802248061957582,0.40818750000000004
2021-12-29,1.1721286161828175,0.3879583333333333
2021-12-30,0.7366247816918169,0.36845833333333333
2021-12-31,0.49341238297555406,0.3574791666666667
2022-01-01,0.3426262915667621,0.35177083333333337
2022-01-02,0.22991823342559822,0.34785416666666663
2022-01-03,0.17360616212699503,0.3460625
2022-01-04,0.1222482599871461,0.34420833333333334
2022-01-05,0.4740706242246463,0.3601458333333333
2022-01-06,0.5917663980044745,0.3648125
2022-01-07,0.4224792408260966,0.3572916666666667
2022-01-08,1.200869689982292,0.39012499999999994
2022-01-11,1.0271495348990232,0.3819583333333333
2022-01-12,0.47362535371294856,0.35920833333333335
2022-01-13,0.24433544031046164,0.3504583333333333
2022-01-14,0.1598928514712941,0.34754166666666664
2022-01-15,0.060286641945036315,0.3440833333333333
2022-01-16,-0.026038639458537086,0.3412708333333333
2022-01-17,-0.08816622964159258,0.33958333333333335
2022-01-18,-0.12271352540811575,0.338875
2022-01-19,-0.15939779491597272,0.3380208333333333
2022-01-20,1.0352211218601075,0.3804166666666667
2022-01-21,1.043087577530769,0.3809583333333333
2022-01-22,0.48924975429722817,0.3618125
2022-01-23,0.18941880525659965,0.3526666666666667
2022-01-24,0.01356614905099444,0.34718750000000004
2022-01-25,-0.0970848549629456,0.34410416666666666
2022-01-26,-0.19782194021125113,0.3416041666666667
2022-01-27,-0.3158441615125813,0.33897916666666666
2022-01-28,-0.37851871392010544,0.3375
2022-01-29,-0.3874581012540617,0.33725
2022-01-30,-0.4386892033852451,0.3360833333333333
2022-01-31,-0.42521679103890814,0.33649999999999997
2022-02-01,-0.37242596027808084,0.33760416666666665
2022-02-02,-0.23612549012140066,0.3413333333333333
2022-02-03,-0.11134332726775681,0.3447083333333334
2022-02-04,-0.034476755929001034,0.34658333333333335
2022-02-05,-0.0035459084524776625,0.34708333333333335
2022-02-06,-0.04210849119256751,0.3455208333333333
2022-02-07,-0.05187244963321264,0.34493749999999995
2022-02-08,0.028518658310223776,0.3471666666666666
2022-02-09,-0.024340027355205088,0.34560416666666666
2022-02-10,-0.07081832534523587,0.3439791666666667
2022-02-11,-0.1080695801792316,0.3424375
2022-02-12,-0.18456844232042113,0.33987500000000004
2022-02-13,-0.2183767079544838,0.33845833333333336
2022-02-14,0.5853028468959212,0.3664375
2022-02-15,1.7061950418865055,0.4054375
2022-02-16,1.591302508172029,0.40160416666666665
2022-02-17,1.6377513840431164,0.40414583333333337
2022-02-18,0.9558698260427907,0.3797708333333334
2022-02-19,0.5149176370644103,0.3639583333333334
2022-02-20,0.3055214026276208,0.3561875
2022-02-21,0.34994031700097306,0.35733333333333334
2022-02-22,0.39361523101527407,0.35872916666666665
2022-02-23,0.30695033307690744,0.3548958333333333
2022-02-24,0.21595088695107337,0.35129166666666667
2022-02-25,0.11810941121078972,0.3479583333333333
2022-02-26,0.010370998514197028,0.3439375
2022-02-27,-0.050846331758322615,0.3411458333333333
2022-02-28,-0.07528169021717315,0.3399375
2022-03-01,-0.12229142715172617,0.3375625
2022-03-02,-0.1367978207628422,0.33599999999999997
2022-03-03,-0.1353971845729943,0.3350416666666667
2022-03-04,-0.1462885887221077,0.3334583333333333
2022-03-06,-0.20020399350812254,0.32881249999999995
2022-03-07,-0.2314345506935511,0.3262291666666667
2022-03-08,-0.2355935263645649,0.32491666666666663
2022-03-09,-0.2310219462222872,0.3238958333333333
2022-03-10,-0.2150998721358632,0.3233958333333333
2022-03-11,-0.19528687185694965,0.32306250000000003
2022-03-12,1.3705925589435064,0.4073333333333333
2022-03-13,1.253904444835765,0.40222916666666664
2022-03-14,0.9437898138738842,0.38535416666666666
2022-03-15,0.6150612620641231,0.365625
2022-03-16,0.5135605907666172,0.3588125
2022-03-17,0.4598994029325031,0.35479166666666667
2022-03-18,0.41337810298256017,0.35104166666666664
2022-03-19,0.37696170156941156,0.3475208333333334
2022-03-20,0.3482284590078006,0.3437083333333333
2022-03-21,0.31956840114481505,0.33997916666666667
2022-03-22,0.2842805680876434,0.3350833333333333
2022-03-23,0.24306175420328055,0.3295
2022-03-24,0.21895641526554427,0.32485416666666667
2022-03-25,0.19717268189680962,0.3204166666666667
2022-03-26,0.1481141584823668,0.31314583333333335
2022-03-27,0.09159179986586395,0.30464583333333334
2022-03-28,0.04729716283613122,0.2964791666666667
2022-03-29,0.019941030361876878,0.2894791666666666
2022-03-30,0.0248043111843037,0.28531249999999997
2022-03-31,0.035557298075039094,0.28175
2022-04-01,-0.021059938751943362,0.2718125
2022-04-02,-0.1066608053604384,0.2583333333333333
2022-04-03,-0.1714130711497302,0.2468541666666667
2022-04-04,-0.22515321617482395,0.2366875
2022-04-05,-0.30032521264730977,0.22385416666666666
2022-04-06,-0.32259723611191093,0.21627083333333336
2022-04-07,-0.3201735677939528,0.21118749999999997
2022-04-08,-0.4018578207202998,0.1975
2022-04-09,-0.41146086666741827,0.1917916666666667
2022-04-10,-0.42485083479340924,0.18620833333333334
2022-04-11,-0.44914042325066955,0.18014583333333334
2022-04-12,-0.45011769687502196,0.17664583333333334
2022-04-13,-0.45368620145691785,0.17306249999999998
2022-04-14,-0.43399706424700646,0.17233333333333334
2022-04-15,-0.41379278428451377,0.17222916666666666
2022-04-16,-0.409618368932975,0.16999999999999998
2022-04-17,-0.44431441902883595,0.16364583333333332
2022-04-18,-0.4914022459671282,0.15654166666666666
2022-04-19,-0.5138052958191087,0.15225
2022-04-20,-0.6299161493847149,0.1371875
2022-04-21,-0.5896692756079837,0.1395
2022-04-22,-0.5294835776851698,0.14477083333333335
2022-04-23,0.6255114856084292,0.2703958333333334
2022-04-24,1.6650034877159496,0.3820416666666667
2022-04-25,1.4681840426398682,0.35816666666666663
2022-04-26,1.347385622052948,0.3437083333333333
2022-04-27,1.2562842154895761,0.33306250000000004
2022-04-28,1.2067105311952055,0.32783333333333337
2022-04-29,1.140751949032602,0.321625
2022-04-30,1.0249242433114667,0.3123125
2022-05-01,0.8699349363420789,0.29947916666666663
2022-05-02,0.7305743145782655,0.28685416666666663
2022-05-03,0.590150816720618,0.27466666666666667
2022-05-04,0.43872300029853406,0.2611875
2022-05-05,0.22616014425828754,0.2396666666666667
2022-05-06,-0.062016961035959814,0.20908333333333334
2022-05-07,-0.3154377020241917,0.1826875
2022-05-08,-0.5418422100057533,0.16002083333333333
2022-05-09,-0.7525759564554546,0.1395
2022-05-10,-0.9269323191817771,0.12339583333333334
2022-05-11,-1.0453887806442732,0.11331250000000001
2022-05-12,-1.1090015723109068,0.109125
2022-05-13,-1.145675374891687,0.10810416666666667
2022-05-14,-1.1762368798866956,0.10739583333333333
2022-05-15,-1.205608241775082,0.1065
2022-05-16,-1.2303031840046235,0.10577083333333334
2022-05-17,-1.2524248475089892,0.10591666666666669
2022-05-18,-1.2898978301821136,0.1043125
2022-05-19,-1.3235265613185572,0.10377083333333334
2022-05-20,-1.37555623638009,0.10247916666666668
2022-05-21,-1.4293023832388325,0.1008125
2022-05-22,-1.4771510348610626,0.10018750000000001
2022-05-23,-1.5334978360698348,0.09816666666666668
2022-05-24,-1.5981807936946009,0.09554166666666666
2022-05-25,-1.6475719235419455,0.09406250000000001
2022-05-26,-1.697778208870832,0.09295833333333334
2022-05-27,-1.7405370838900236,0.09264583333333333
2022-05-28,-1.77611793139948,0.09275
2022-05-29,-1.8207061159041766,0.09070833333333334
2022-05-30,-1.8489580817527929,0.08845833333333333
2022-05-31,-1.85281587828673,0.08725
2022-06-01,-1.8520163139409012,0.08645833333333335
2022-06-02,-1.8412039317687592,0.0859375
2022-06-03,-1.5663804864926338,0.10969202898550726
2022-06-04,-0.9240450705672902,0.17024999999999998
2022-06-05,-1.1707767117317107,0.1414375
2022-06-06,-1.3060555971696104,0.12372916666666667
2022-06-07,-1.4020191543771487,0.110125
2022-06-08,-1.4672826848442349,0.0991875
2022-06-09,-1.4884375970003993,0.09270833333333332
2022-06-10,-1.480136704436925,0.08879166666666666
2022-06-11,-1.4465877831386391,0.08714583333333334
2022-06-12,-1.4160960238131084,0.0851875
2022-06-13,-1.3897221809510296,0.08335416666666667
2022-06-14,-1.3516465649991993,0.083125
2022-06-15,-1.324526851847775,0.08170833333333333
2022-06-16,-1.3034923817909607,0.08041666666666666
2022-06-17,-1.278052187391095,0.07847916666666667
2022-06-18,-1.2544148212966095,0.07627083333333334
2022-06-19,-1.2283837780528604,0.074125
2022-06-20,-1.1964300977239968,0.07254166666666667
2022-06-21,-1.1617211111083368,0.0719375
2022-06-22,-1.129942753180693,0.07085416666666666
2022-06-23,-1.093248816032645,0.0703125
2022-06-24,-1.0807488298943293,0.06924999999999999
2022-06-25,-1.0675961381018617,0.068
2022-06-26,-1.0664928329182202,0.0656875
2022-06-27,-1.0440625771656054,0.06541666666666666
2022-06-28,-1.0072860628112843,0.0663125
2022-06-29,-0.9665461596724213,0.06739583333333334
2022-06-30,-0.9438226761792954,0.0665625
2022-07-01,-0.9304359480362587,0.06516666666666666
2022-07-02,-0.8893988334546322,0.06602083333333333
2022-07-03,-0.847038313033106,0.06712499999999999
2022-07-04,-0.817910211137536,0.06702083333333332
2022-07-05,-0.7953346592875706,0.0668125
2022-07-06,-0.7758033928144856,0.06629166666666667
2022-07-07,-0.7657259807782609,0.06560416666666667
2022-07-08,-0.7530712415564615,0.06495833333333333
2022-07-09,-0.740630515008712,0.06425
2022-07-10,-0.7223250070702341,0.064
2022-07-11,-0.7081738155622276,0.06339583333333332
2022-07-12,-0.6923748838096826,0.06345833333333332
2022-07-13,-0.697127045808856,0.062
2022-07-14,-0.6970885893410189,0.06135416666666667
2022-07-15,-0.6964869064490348,0.060750000000000005
2022-07-16,-0.7010112451105761,0.060145833333333336
2022-07-17,-0.6998467266011542,0.059291666666666666
2022-07-18,-0.6987458757926017,0.058583333333333334
2022-07-19,-0.6998001352453651,0.057770833333333334
2022-07-20,-0.7017206124377949,0.056749999999999995
2022-07-21,-0.6928103892110284,0.05604166666666666
2022-07-22,-0.6733834117781421,0.05579166666666666
2022-07-23,-0.6773589165230247,0.05474999999999999
2022-07-24,-0.6681636470362018,0.05485416666666667
2022-07-25,-0.6575609854349355,0.05449999999999999
2022-07-26,-0.6609115053655558,0.05314583333333333
2022-07-27,-0.653251511527321,0.0526875
2022-07-28,-0.6500963632227842,0.05216666666666667
2022-08-06,-0.6443779569689825,0.0510625
2022-08-07,-0.6582908816636929,0.050666666666666665
2022-08-08,-0.6803195182095255,0.050145833333333334
2022-08-09,-0.7026704819422429,0.05
2022-08-10,-0.7279779223214972,0.049687499999999996
2022-08-11,-0.7377208489781637,0.04972916666666667
2022-08-12,-0.7107975177503673,0.050354166666666665
2022-08-13,-0.7099022092683049,0.0499375
2022-08-14,-0.7225061947586503,0.049104166666666664
2022-08-15,-0.7553950720048397,0.0475625
2022-08-16,-0.610355799347701,0.0513125
2022-08-17,0.6312478245018205,0.08752083333333333
2022-08-18,0.1299208079230249,0.07208333333333333
2022-08-19,-0.16902211202773473,0.06291666666666666
2022-08-20,-0.31872181605799177,0.058583333333333334
2022-08-21,-0.39510360720417353,0.056354166666666664
2022-08-22,-0.4800735974338101,0.053854166666666675
2022-08-23,-0.5569304048879546,0.05122916666666667
2022-08-24,-0.5547408261020014,0.050791666666666666
2022-08-25,-0.5323317692630312,0.05089583333333333
2022-08-26,-0.5518486231287199,0.05008333333333333
2022-08-27,-0.530795999010064,0.050395833333333334
2022-08-28,-0.5296930440318446,0.050125
2022-08-29,-0.5188389222399614,0.0500625
2022-08-30,-0.543153599203399,0.04902083333333334
2022-08-31,-0.5104580495498225,0.0495625
2022-09-01,-0.4856510093401244,0.049895833333333334
2022-09-02,-0.4723132467631164,0.049854166666666665
2022-09-03,-0.471360989901267,0.04933333333333333
2022-09-04,-0.45578604637949377,0.04929166666666667
2022-09-05,-0.4143583362512245,0.050625
2022-09-06,-0.40688412370744365,0.05095833333333333
2022-09-07,-0.41664556815970333,0.05045833333333334
2022-09-08,-0.4411133622568286,0.04927083333333333
2022-09-09,-0.44674503585480585,0.04877083333333333
2022-09-10,-0.4702866039539595,0.047375
2022-09-11,-0.46763957379534,0.04775
2022-09-12,-0.46038454859382427,0.04860416666666667
2022-09-13,-0.45965811092669334,0.04925
2022-09-14,-0.4732911346245015,0.04897916666666667
2022-09-15,-0.49664283058805286,0.0481875
2022-09-16,-0.5201864069084638,0.04733333333333334
2022-09-17,-0.550345231476422,0.04604166666666667
2022-09-18,-0.5777428265124185,0.04472916666666667
2022-09-19,-0.591594904398404,0.04433333333333333
2022-09-20,-0.5982637548371476,0.044
2022-09-21,-0.6058238701258959,0.043958333333333335
2022-09-22,-0.6166053015797256,0.0438125
2022-09-23,-0.629431540388957,0.043583333333333335
2022-09-24,-0.6533243369449847,0.04216666666666666
2022-09-25,-0.6712174687226294,0.04133333333333333
2022-09-26,-0.6828628925159324,0.04089583333333333
2022-09-27,-0.7060855995585066,0.039
2022-09-28,-0.7200247269356725,0.03825
2022-09-29,-0.7372537356287482,0.037125
2022-09-30,-0.7691258390072879,0.034791666666666665
2022-10-01,-0.7856780988597805,0.034583333333333334
2022-11-04,-1.528755432488908,0.043666666666666666
2022-11-06,-1.6642085703759137,0.03914583333333334
2022-11-07,-1.7113612604447161,0.038
2022-11-08,-1.7536759813969953,0.03783333333333333
2022-11-09,-1.7983700667872418,0.03775
2022-11-10,-1.8488006896707747,0.036833333333333336
2022-11-11,-1.8869278351020216,0.035708333333333335
2022-11-12,-1.9306560445664265,0.036520833333333336
2022-11-13,-1.9842151087421094,0.03666666666666667
2022-11-14,-2.0517880886028066,0.036062500000000004
2022-11-15,-2.1216279767660993,0.03635416666666667
2023-01-11,0.19165133132867457,0.34829166666666667
2023-01-12,0.2218304686957224,0.3492291666666667
2023-01-13,-0.07296290575637991,0.3380208333333333
2023-01-14,-0.2753640314708752,0.3307083333333334
2023-01-15,-0.2874186371474985,0.33081250000000006
2023-01-16,1.3381118675941965,0.39235597826086954
2023-01-17,1.992554610584646,0.4165208333333333
2023-01-18,1.2127633880625008,0.3876666666666666
2023-01-19,1.1376225796675425,0.38434963768115943
2023-01-20,0.643815035075762,0.36675
2023-01-21,-0.17097281872382436,0.33929166666666666
2023-01-22,-0.45801418405284955,0.3303125
2023-01-23,-0.6574661968978274,0.324875
2023-01-24,-0.7666855433573948,0.32229166666666664
2023-01-25,-0.8597404475831838,0.32058333333333333
2023-01-26,-0.9474955578395432,0.3191666666666667
2023-01-27,-0.9968095241315057,0.3187291666666667
2023-01-28,-0.7269702164768798,0.3271041666666667
2023-01-29,-0.6701048135944645,0.3288333333333333
2023-01-30,-0.7599822694511478,0.32637499999999997
2023-01-31,-0.891081111320352,0.32218749999999996
2023-02-01,-0.9173880929572374,0.3207083333333334
2023-02-02,-0.9899351414176804,0.31783333333333336
2023-02-03,-1.098803230519988,0.31366666666666665
2023-02-04,-1.178675048796839,0.310375
2023-02-06,-1.2289064851672078,0.307
2023-02-07,-1.3284196123060612,0.3035
2023-02-08,-1.3858470210357363,0.30070833333333336
2023-02-09,-1.4425842088398912,0.29833333333333334
2023-02-10,-1.5145509691549939,0.295375
2023-02-11,-1.563892184977482,0.29318750000000005
2023-02-12,-1.6054985018202248,0.29120833333333335
2023-02-13,-1.6107781128558687,0.29037500000000005
2023-02-14,-1.6412134595876315,0.28879166666666667
2023-02-15,-1.6470012565988568,0.2879375
2023-02-16,-1.6617757133850486,0.2865833333333333
2023-02-17,-1.6897375136234551,0.2845833333333333
2023-02-18,-1.6876012625259975,0.28352083333333333
2023-02-19,-1.702513486434114,0.2813541666666667
2023-02-20,-1.695548649922923,0.27989583333333334
2023-02-21,-1.707608539298848,0.27779166666666666
2023-02-23,-1.7102779362939553,0.2751041666666667
2023-02-24,0.2185524113468534,0.35139583333333335
2023-02-25,-0.17218804590328546,0.33608333333333335
2023-02-26,-0.4731484547628724,0.3237291666666667
2023-02-27,-0.6953421444012609,0.31383333333333335
2023-02-28,-0.8223665773263474,0.30774999999999997
2023-03-01,-0.903452291442791,0.30333333333333334
2023-03-02,-0.9384432280030304,0.3005
2023-03-03,-0.9668323135877938,0.2977916666666667
2023-03-04,-0.9785246913081718,0.29566666666666663
2023-03-05,-0.9951499998372668,0.29320833333333335
2023-03-06,-1.016652133100858,0.2903541666666667
2023-03-07,-1.0327618241647811,0.2876458333333334
2023-03-08,-0.9777185393988249,0.2883125
2023-03-09,-0.4873926740034347,0.31095833333333334
2023-03-10,-0.307651658856799,0.31858333333333333
2023-03-11,0.4398589524187209,0.3569864130434783
2023-03-12,0.6011617003535311,0.3650625
2023-03-13,0.22168797146600122,0.3435416666666667
2023-03-14,0.8551087479376875,0.38012499999999994
2023-03-15,0.6563979935953554,0.3681458333333333
2023-03-16,0.23493822132820175,0.3411875
2023-03-17,0.11208128088396435,0.3318958333333333
2023-03-18,0.06270054691588796,0.32699999999999996
2023-03-19,0.03297915149368557,0.32306250000000003
2023-03-20,0.00023765576093310746,0.3182291666666667
2023-03-21,-0.030065395976608966,0.3136041666666667
2023-03-22,-0.04342088725625257,0.309625
2023-03-23,-0.04653164274410232,0.30629166666666663
2023-03-24,-0.047253658188646554,0.3028958333333333
2023-03-25,-0.05197083717978101,0.29939583333333336
2023-03-26,-0.04517706835125772,0.2964791666666667
2023-03-27,-0.0381827354685298,0.29320833333333335
2023-03-28,-0.03498104286726722,0.28908333333333336
2023-03-29,-0.03827130016616824,0.2841458333333333
2023-03-30,-0.047238786222745424,0.27858333333333335
2023-03-31,-0.07780618975088398,0.27095833333333336
2023-04-01,-0.13035757604685572,0.2612083333333333
2023-04-02,-0.16240326840430563,0.2528333333333333
2023-04-03,-0.15373712074793866,0.248625
2023-04-04,-0.15625336028502332,0.24370833333333333
2023-04-05,-0.16796733116856502,0.2375625
2023-04-06,-0.18115127131037828,0.23114583333333333
2023-04-07,-0.2072429652929571,0.2232291666666667
2023-04-08,-0.25850692263105374,0.2129166666666667
2023-04-09,-0.3296694305384927,0.20068750000000002
2023-04-10,-0.4101757828744181,0.1878125
2023-04-11,-0.5131491866455852,0.17310416666666667
2023-04-12,-0.5861914998268375,0.16160416666666666
2023-04-13,-0.6446124987106204,0.1519375
2023-04-14,-0.662649319621098,0.14704166666666668
2023-04-15,-0.5666102318033948,0.15527083333333333
2023-04-16,-0.4407835034069485,0.16654166666666664
2023-04-17,-0.35384672153867286,0.17366666666666666
2023-04-18,-0.3081184891230601,0.176875
2023-04-19,-0.2932914883000953,0.17672916666666666
2023-04-20,-0.3075545767337679,0.17291666666666666
2023-04-21,-0.35390925522222355,0.1655625
2023-04-22,-0.4027635543389493,0.15877083333333336
2023-04-23,-0.39920172213449584,0.1578125
2023-04-24,-0.36285413480590617,0.1604375
2023-04-25,0.3652235303669702,0.23802083333333335
2023-04-26,1.3802716597760598,0.34729166666666667
2023-04-27,1.392263412727904,0.34791666666666665
2023-04-28,1.251219112020838,0.3327083333333334
2023-04-29,1.1553620900110602,0.3232291666666667
2023-04-30,1.5121031163518244,0.3664166666666666
2023-05-01,1.275904009765483,0.3453541666666667
2023-05-02,1.099269156974515,0.32895833333333335
2023-05-03,0.9393735912214377,0.314875
2023-05-04,0.7787705967358672,0.30066666666666664
2023-05-05,0.6204675492987042,0.2856458333333334
2023-05-06,0.3946905915834567,0.26235416666666667
2023-05-07,0.12549668020424246,0.2340833333333333
2023-05-08,-0.11002122497288194,0.2104166666666667
2023-05-09,-0.3345075488618311,0.18839583333333332
2023-05-10,-0.5276182582228157,0.16997916666666668
2023-05-11,-0.415191637067871,0.18658333333333332
2023-05-12,1.166943041617413,0.3723378623188406
2023-05-13,1.0475894751820825,0.36075
2023-05-14,1.1263060555761735,0.37246557971014493
2023-05-15,1.0765387159022044,0.3689103260869565
2023-05-16,1.032315757558266,0.36487500000000006
2023-05-17,0.8344021135981323,0.34379166666666666
2023-05-18,0.7516460551290542,0.3355208333333333
2023-05-19,0.7008396807069456,0.3305208333333333
2023-05-20,0.6480372728874876,0.3261875
2023-05-21,0.6013498565360136,0.32233333333333336
2023-05-22,0.5526116330237368,0.3191041666666667
2023-05-23,0.589892296005326,0.3249601449275362
2023-05-24,1.059075181483012,0.3764375
2023-05-25,0.7953924099583192,0.3496875
2023-05-26,0.6740069865800108,0.33939583333333334
2023-05-27,0.5884807143872517,0.33229166666666665
2023-05-28,0.7645695707605662,0.35134782608695647
2023-05-29,1.003007947951901,0.37585416666666666
2023-05-30,0.7721166282798136,0.3525833333333333
2023-05-31,0.7180341767967936,0.3457083333333333
2023-06-01,0.9118871367488679,0.362625
2023-06-02,0.9424251349870113,0.36377083333333327
2023-06-03,0.8430356600070658,0.35225
2023-06-04,0.7942374829356116,0.3449375
2023-06-05,0.7604136509672234,0.3388333333333333
2023-06-06,0.7086117936159279,0.3324166666666667
2023-06-07,0.6508747156474128,0.3255416666666667
2023-06-08,0.6038966518638864,0.3183958333333333
2023-06-09,0.5232230501086877,0.3071666666666667
2023-06-10,0.4517779034378132,0.29610416666666667
2023-06-11,0.38468208791265984,0.28539583333333335
2023-06-12,0.2413386111610802,0.26658333333333334
2023-06-13,0.17642210048271656,0.2562083333333333
2023-06-14,0.1855539700721868,0.2535
2023-06-15,0.17174452967095347,0.2482083333333333
2023-06-16,0.11736309305977062,0.23883333333333334
2023-06-17,0.032751602701933766,0.22525
2023-06-18,-0.05101519486154399,0.211625
2023-06-19,-0.08710335661398003,0.20322916666666666
2023-06-20,0.4126651292200303,0.25502355072463767
2023-06-21,1.8333642714051586,0.4126458333333334
2023-06-22,1.8743522011099438,0.41179166666666667
2023-06-23,1.5658984371986708,0.37139583333333337
2023-06-24,1.4478507419545084,0.3531875
2023-06-25,1.3804453950429822,0.3413125
2023-06-26,1.3465858904587384,0.33079166666666665
2023-06-27,1.305184759160375,0.3199375
2023-06-28,1.2364499766431045,0.3065625
2023-06-29,1.1338432207067535,0.2901136363636364
2023-06-30,1.0045721947310169,0.27122916666666663
2023-07-01,0.8439124267733805,0.24962499999999999
2023-07-02,0.6953289958752787,0.22945833333333335
2023-07-03,0.5326232518120088,0.20837500000000003
2023-07-04,0.41509339596432876,0.192375
2023-07-05,0.29349429939719135,0.17662499999999998
2023-07-06,0.19158984544318539,0.16368749999999999
2023-07-07,0.09474906742549068,0.15079166666666666
2023-07-08,-0.05238236674865909,0.1325625
2023-07-09,-0.05604901715912192,0.12895833333333334
2023-07-10,-0.0663310811865911,0.12408333333333332
2023-07-11,-0.06961020013802242,0.12037500000000001
2023-07-12,-0.09850958722293823,0.11506249999999998
2023-07-13,-0.13512106276123648,0.109125
2023-07-14,-0.16977678150737313,0.10345833333333332
2023-07-15,-0.1894694180590756,0.09935416666666666
2023-07-16,-0.22345657043574663,0.09489583333333335
2023-07-17,-0.2487688561532652,0.09083333333333335
2023-07-18,-0.27054471755973175,0.08745833333333333
2023-07-19,-0.29784985689877264,0.08393750000000001
2023-07-20,-0.3316933627241507,0.08008333333333334
2023-07-21,-0.3583328772648475,0.0765
2023-07-22,-0.37775850854090637,0.07329166666666666
2023-07-23,-0.3804402952791875,0.07179166666666667
2023-07-24,-0.3329356843646794,0.0735625
2023-07-25,-0.414377701533163,0.0675625
2023-07-26,-0.4186423373444271,0.0658125
2023-07-27,-0.40586418846730615,0.06539583333333333
2023-07-28,-0.3817026842290048,0.0658125
2023-07-29,-0.385690930823978,0.06514583333333333
2023-07-30,-0.4089554897107437,0.0638125
2023-07-31,-0.4451674280153896,0.061812500000000006
2023-08-01,-0.4628880987446476,0.06054166666666666
2023-08-02,-0.4855208431961119,0.059437500000000004
2023-08-03,-0.5136231457923983,0.057979166666666665
2023-08-04,-0.5458397507489772,0.05625
2023-08-05,-0.558085518588758,0.05497916666666667
2023-08-06,-0.5670231772376251,0.05458333333333333
2023-08-07,-0.58240124415704,0.05391666666666667
2023-08-08,-0.5864168418769896,0.05391666666666667
2023-08-09,-0.5937855260365705,0.05410416666666667
2023-08-10,-0.5907445371235668,0.05454166666666667
2023-08-11,-0.5665995966715944,0.05545833333333333
2023-08-12,-0.5416540274090186,0.0558125
2023-08-13,-0.5259181779183894,0.0556875
2023-08-14,-0.5204148183061732,0.05527083333333333
2023-08-15,-0.503096418311661,0.05514583333333333
2023-08-16,-0.5011886492087076,0.0545625
2023-08-17,-0.48216081617876716,0.05456250000000001
2023-08-18,-0.47506847032325733,0.05425
2023-08-19,-0.45887480778393325,0.05433333333333334
2023-08-20,-0.46335430685893186,0.05416666666666667
2023-08-21,-0.4706541564001192,0.05402083333333333
2023-08-22,-0.4834368386113278,0.05375
2023-08-23,-0.5176634237135938,0.0524375
2023-08-24,-0.5128217063940897,0.05208333333333333
2023-08-25,-0.5356895755517037,0.050791666666666666
2023-08-26,-0.5987043833586193,0.048625
2023-08-27,-0.6450228334830216,0.04685416666666667
2023-08-28,-0.6780315307653733,0.04558333333333334
2023-08-29,-0.7011288010788573,0.044541666666666674
2023-08-30,-0.6951684791592431,0.0445
2023-08-31,-0.670256697584793,0.044708333333333336
2023-09-01,-0.6308447157525637,0.04522916666666667
2023-09-02,-0.6041553391139667,0.04539583333333334
2023-09-03,-0.585903232603324,0.04510416666666667
2023-09-04,-0.5587104546874113,0.045020833333333336
2023-09-05,-0.5231224854211872,0.04560416666666667
2023-09-06,-0.49668807050826214,0.0465
2023-09-07,-0.4875849603623619,0.04672916666666666
2023-09-08,-0.4844903634233924,0.046875
2023-09-22,-0.6390769180585294,0.041291666666666664
2023-09-23,-0.6608460734454622,0.03995833333333333
2023-09-24,-0.6700839498372795,0.0401875
2023-09-25,-0.6755431080975487,0.0408125
2023-09-26,-0.679806090517395,0.04127083333333333
2023-09-27,-0.6814059040051502,0.042083333333333334
2023-09-28,-0.6821209600076955,0.043062500000000004
2023-09-29,-0.6866422193038887,0.04364583333333334
2023-09-30,-0.6989099811145988,0.044000000000000004
2023-10-01,-0.7111326706013122,0.044500000000000005
2023-10-02,-0.7213247915472663,0.044812500000000005
2023-10-03,-0.7355080778194683,0.044666666666666674
2023-10-04,-0.7501675207653453,0.04404166666666667
2023-10-05,-0.7642965916371638,0.043229166666666666
2023-10-06,-0.7808771215007966,0.042708333333333334
2023-10-07,-0.795169200818829,0.04254166666666667
2023-10-08,-0.8148844212438037,0.042104166666666665
2023-10-09,-0.8269873576977755,0.042312499999999996
2023-10-10,-0.8421233821927745,0.042395833333333334
2023-10-11,-0.8657076532715444,0.04214583333333334
2023-10-12,-0.8832321426782316,0.042125
2023-10-13,-0.8988659789781713,0.042125
2023-10-14,-0.9130037371285072,0.04229166666666667
2023-10-15,-0.9367174118783639,0.0410625
2023-10-16,-0.9599315933888619,0.0400625
2023-10-17,-0.9674381284095733,0.04045833333333333
2023-10-18,-0.9825583127507297,0.04083333333333333
2023-10-19,-1.0041015043380868,0.04041666666666667
2023-10-20,-1.0303351927817361,0.03908333333333333
2023-10-21,-1.072915416469626,0.036229166666666666
2023-10-22,-1.0996946495238713,0.035729166666666666
2023-10-23,-1.1273749493101228,0.036583333333333336
2023-10-24,-1.1603612538974604,0.03625
2023-10-25,-1.1891030242073102,0.03666666666666667
2023-10-26,0.08982624296000152,0.21866666666666668
2023-10-27,0.9699656613154232,0.34391666666666665
2023-10-28,0.8415997999915106,0.3292708333333333
2023-10-29,0.7663686448974408,0.3216875
2023-10-30,0.9780156219716191,0.35358333333333336
2023-10-31,1.0271095655221714,0.36216666666666664
2023-11-01,0.8732740914840179,0.3438958333333333
2023-11-02,1.151660229145335,0.38249547101449277
2023-11-03,1.332855655953689,0.40745833333333337
2023-11-04,1.2015727044541824,0.3912291666666667
2023-11-05,1.1724258805070378,0.3884375
2023-11-06,1.0763686211788246,0.3779166666666667
2023-11-07,0.7557281075243487,0.34041666666666665
2023-11-08,0.6750744287185029,0.33295833333333336
2023-11-09,1.0981327457714318,0.38631340579710144
2023-11-10,1.051865740404818,0.3828125
2023-11-11,0.8813528464016352,0.36468750000000005
2023-11-12,0.9579135201323403,0.376375
2023-11-13,0.6903838476891496,0.3471458333333333
2023-11-14,0.6235072173335718,0.3416458333333333
2023-11-15,0.5652514275286363,0.3374583333333333
2023-11-16,0.5137295198243309,0.33366666666666667
2023-11-17,0.4534837559282792,0.33014583333333336
2023-11-18,0.40557577405386824,0.32658333333333334
2023-11-19,0.3584915403127288,0.3230208333333333
2023-11-20,0.3215730447926076,0.32199999999999995
2023-11-21,0.6065957404659787,0.35158333333333336
2023-11-22,0.5884608327455305,0.35175
2023-11-23,0.4398833070868341,0.3397916666666667
2023-11-24,0.35646192326691756,0.33389583333333334
2023-11-25,0.29269574330633286,0.33066666666666666
2023-11-26,0.2045696773031835,0.3250833333333333
2023-11-27,0.41080010692119684,0.34402083333333333
2023-11-28,0.8455420316216027,0.3798125
2023-11-29,0.49217772914556307,0.3537708333333333
2023-11-30,0.9979474375585927,0.3909701086956522
2023-12-01,1.312288933514731,0.41250000000000003
2023-12-02,0.6224134593264439,0.3659583333333334
2023-12-03,0.30549613270503034,0.3450416666666667
2023-12-04,0.47123197881849344,0.3573125
2023-12-05,0.7153078935624592,0.37522916666666667
2023-12-06,0.4068987891423335,0.35575
2023-12-07,0.4227082549820817,0.35837590579710144
2023-12-08,1.0642811764325268,0.4012083333333334
2023-12-09,0.429241288173737,0.36035416666666664
2023-12-10,0.3339872353415243,0.3549791666666667
2023-12-11,0.2771503584622445,0.35222916666666665
2023-12-12,0.20597110057379625,0.3495208333333334
2023-12-13,1.5739683106580613,0.4154583333333334
2023-12-14,0.8261704045865467,0.37920833333333337
2023-12-15,0.23791338554257435,0.35129166666666667
2023-12-16,0.08904763214946065,0.34450000000000003
2023-12-17,-0.026964985634655297,0.33891666666666664
2023-12-18,-0.10883612992426753,0.3346458333333333
2023-12-19,-0.14624166431861782,0.3329791666666666
2023-12-20,0.06360665735259662,0.34295833333333337
2023-12-21,0.3691463876439268,0.3571458333333334
2023-12-22,1.2180872261236744,0.39831249999999996
2023-12-23,0.857632772054169,0.3809166666666667
2023-12-24,0.5211480909117996,0.36339583333333336
2023-12-25,0.37708129613640945,0.3555625
2023-12-26,0.23067309683506068,0.3484791666666667
2023-12-27,0.14010149042583092,0.34395833333333337
2023-12-28,0.0953433965235697,0.3415
2023-12-29,0.08269811023484258,0.34018750000000003
2023-12-30,0.0670964876384812,0.33939583333333334
2023-12-31,0.28983108376193684,0.3486458333333333
2024-01-01,0.6269232527485498,0.3641875
2024-01-02,0.3489391222224823,0.35310416666666666
2024-01-03,0.19946126689380161,0.34720833333333334
2024-01-04,0.11052616085443083,0.34368750000000003
2024-01-05,0.9210363783097361,0.38
2024-01-06,0.6832180089390657,0.36877083333333327
2024-01-07,0.5274775612458934,0.36175
2024-01-08,0.24438011935739634,0.35
2024-01-09,0.0546122104771437,0.3423541666666667
2024-01-10,-0.06046258820764616,0.33789583333333334
2024-01-11,-0.1242455760856102,0.3355625
2024-01-12,-0.15191935019206082,0.3344166666666667
2024-01-13,-0.21221276617432414,0.3325625
2024-01-14,-0.27590271573194286,0.3306875
2024-01-15,0.02644405591091261,0.34279166666666666
2024-01-16,1.407047449442848,0.39493749999999994
2024-01-17,0.8803577682866255,0.3753958333333334
2024-01-18,0.5769577695656037,0.3644375
2024-01-19,0.19521797762544435,0.3506875
2024-01-20,-0.08828141078459348,0.3411875
2024-01-21,-0.2413883217065912,0.336875
2024-01-22,-0.31204030995525167,0.33516666666666667
2024-01-23,-0.3273461061030007,0.3357083333333333
2024-01-24,-0.35076895083509935,0.3355625
2024-01-25,-0.3868804698735602,0.3351666666666666
2024-01-26,-0.4240465694862716,0.3348333333333333
2024-01-27,-0.49869597184544207,0.3335416666666666
2024-01-28,-0.564964708274132,0.3319375
2024-01-29,-0.637922267139866,0.3297916666666666
2024-01-30,-0.6696616865012908,0.32910416666666664
2024-01-31,-0.7134152424502814,0.3276458333333333
2024-02-01,-0.7682122687220058,0.32533333333333336
2024-02-02,-0.782364367872328,0.32430434782608697
2024-02-03,-0.8184706539591204,0.32247916666666665
2024-02-04,-0.8389706074160546,0.321125
2024-02-05,-0.8560234428764963,0.31981249999999994
2024-02-06,-0.870748951020184,0.31862499999999994
2024-02-07,-0.8714555198862183,0.3183333333333333
2024-02-08,-0.8581554312528489,0.31804166666666667
2024-02-09,-0.8631605172416976,0.3176458333333333
2024-02-10,-0.18158906826934837,0.34024999999999994
2024-02-11,1.2670792677541427,0.38895833333333335
2024-02-12,1.0909839270165165,0.38356250000000003
2024-02-13,0.6853569595248384,0.3696666666666667
2024-02-14,0.2507578692649058,0.3547708333333333
2024-02-15,0.08013265246142216,0.3484583333333333
2024-02-16,1.2200945241870715,0.3884791666666667
2024-02-17,0.9274928198957815,0.378625
2024-02-18,0.2967185935684952,0.35577083333333337
2024-02-19,0.15196358935935458,0.3504375
2024-02-20,0.10388436019421096,0.34850000000000003
2024-02-21,0.01366203351980915,0.3443333333333334
2024-02-22,-0.04656852211771084,0.3414583333333333
2024-02-23,0.9020429773741124,0.3784347826086957
2024-02-24,1.4704059505960088,0.4015208333333333
2024-02-25,1.6689089847412475,0.4113958333333333
2024-02-26,1.4205529916284538,0.402875
2024-02-27,1.1791525417982243,0.3932708333333333
2024-02-28,0.45178790651357054,0.36264583333333333
2024-02-29,0.2661494895407887,0.35458333333333336
2024-03-01,0.17558043651854663,0.34983333333333333
2024-03-02,0.22405435610286636,0.3511458333333333
2024-03-03,1.2750275335555266,0.398
2024-03-04,0.6272439653516877,0.3680833333333333
2024-03-05,1.1354803952080574,0.3917291666666667
2024-03-06,1.1029570861235505,0.3904791666666666
2024-03-07,0.5014629037690644,0.3612708333333333
2024-03-08,0.4575873515860131,0.35864583333333333
2024-03-09,0.9051373385642948,0.3816458333333333
2024-03-10,0.527485740681895,0.3616666666666667
2024-03-11,0.9424568076630332,0.38381250000000006
2024-03-12,0.8702584925396551,0.3804166666666667
2024-03-13,0.5265294996481993,0.36075
2024-03-14,0.43673255248310305,0.35475
2024-03-15,0.39071644915842774,0.3510416666666667
2024-03-16,0.36495360073544947,0.34854166666666664
2024-03-17,0.34166241560670757,0.346125
2024-03-18,0.3204126111395857,0.3435
2024-03-19,0.3027022705208845,0.340375
2024-03-20,0.26875274658688336,0.33614583333333337
2024-03-21,0.25853642756962936,0.33308333333333334
2024-03-22,0.2394223398789864,0.3292083333333333
2024-03-23,0.21542041808493803,0.3245625
2024-03-24,0.18309817189942035,0.3192291666666667
2024-03-25,0.1597116320923843,0.31414583333333335
2024-03-26,0.7404644765378333,0.36183333333333334
2024-03-27,0.9593105133794362,0.37845833333333334
2024-03-28,1.1360794207547382,0.39173822463768115
2024-03-29,0.9959363424855244,0.37602083333333336
2024-03-30,1.2578257913333053,0.3981041666666667
2024-03-31,1.1331145218770393,0.38379166666666664
2024-04-01,1.1975861424500458,0.38702083333333337
2024-04-02,0.9924962747188432,0.3634583333333333
2024-04-03,0.953095654724051,0.35675
2024-04-04,0.9126201145819149,0.3494791666666667
2024-04-05,0.8915796802306597,0.34395833333333337
2024-04-06,0.8669654301230827,0.33777083333333335
2024-04-07,0.8543997118591042,0.33260416666666665
2024-04-08,0.8215402442503674,0.32589583333333333
2024-04-09,0.7413393300417522,0.3136875
2024-04-10,0.7098348192844893,0.3076458333333333
2024-04-11,0.6838934836804814,0.302
2024-04-12,0.6604271129909718,0.29633333333333334
2024-04-13,0.6141493946960082,0.28827083333333337
2024-04-14,0.5477931692679548,0.27893750000000006
2024-04-15,0.5116305157886374,0.27222916666666663
2024-04-16,0.4780423138022649,0.2658125
2024-04-17,0.41994618842248493,0.25764583333333335
2024-04-18,0.35398691351528994,0.24858333333333335
2024-04-19,0.26893693540643837,0.23681249999999998
2024-04-20,0.1660442989299048,0.22304166666666667
2024-04-21,0.042076527616011786,0.20791666666666667
2024-04-22,-0.0703984833805669,0.1939375
2024-04-23,-0.1741186787283808,0.18106250000000002
2024-04-24,-0.256733741336076,0.17027083333333332
2024-04-25,-0.31469766822034695,0.16260416666666666
2024-04-26,-0.3563947352079097,0.15689583333333335
2024-04-27,-0.5097229447471298,0.13983333333333334
2024-04-28,-0.5807780392472717,0.1326041666666667
2024-04-30,-0.6569660019379523,0.1269375
2024-05-01,-0.6900227847485979,0.12462500000000001
2024-05-02,-0.7960645591606147,0.11506250000000001
2024-05-03,-0.8288739502203707,0.11402083333333334
2024-05-04,-0.8052565522973649,0.11939583333333334
2024-05-05,-0.7814608491669767,0.12516666666666668
2024-05-06,-0.21695580311544949,0.19416666666666665
2024-05-07,0.03832240403179555,0.22772916666666665
2024-05-08,0.04152245046928952,0.232375
2024-05-09,0.034743091490855305,0.2355833333333333
2024-05-10,-0.013098264822933183,0.2333333333333333
2024-05-11,-0.06508261562173596,0.22985416666666666
2024-05-12,-0.12889175263434954,0.22522916666666667
2024-05-13,-0.20026622965491084,0.21975
2024-05-14,1.0558757859503316,0.36653442028985506
2024-05-15,1.003935235335558,0.361625
2024-05-16,0.8550547188359239,0.3461458333333333
2024-05-17,0.7805271499203553,0.3387916666666667
2024-05-18,0.8405863891918484,0.3461739130434782
2024-05-19,1.3085602054617893,0.3992083333333333
2024-05-20,0.9657328597797267,0.3620833333333333
2024-05-21,0.8440954421061657,0.3505416666666667
2024-05-22,0.8894634799074863,0.3569565217391304
2024-05-23,1.0316807899863358,0.37354166666666666
2024-05-24,0.9248077984485539,0.3632291666666667
2024-05-25,0.8233839390367591,0.35491666666666666
2024-05-26,0.7524817938104106,0.3491666666666667
2024-05-27,0.6850095611304866,0.34325
2024-05-28,0.597409800107885,0.33489583333333334
2024-05-29,0.5002509362390444,0.3251875
2024-05-30,0.4042934881464268,0.31416666666666665
2024-05-31,0.3136946955879636,0.30285416666666665
2024-06-01,0.27574012904685496,0.29722916666666666
2024-06-02,0.17315455612091463,0.2848125
2024-06-03,0.09237490145112288,0.27358333333333335
2024-06-04,0.010969116545695266,0.2622291666666667
2024-06-05,-0.11760899517782189,0.24683333333333335
2024-06-06,-0.24711744819408568,0.23131249999999998
2024-06-07,-0.35433381868307545,0.21697916666666667
2024-06-08,-0.37255143525389944,0.21167028985507247
2024-06-09,1.2392209392673714,0.38060416666666663
2024-06-10,0.9918338789137998,0.351125
2024-06-11,0.8919773595637189,0.33779166666666666
2024-06-12,0.8406696268615709,0.3295208333333333
2024-06-13,0.7562241613752836,0.31675
2024-06-14,0.6266919091867834,0.29883333333333334
2024-06-15,0.4096063811537397,0.27141666666666664
2024-06-16,0.29770328433322885,0.2549166666666667
2024-06-17,0.24867706242211537,0.24533333333333332
2024-06-18,0.2337148609342739,0.23952083333333332
2024-06-19,0.2180976730085913,0.23295833333333332
2024-06-20,1.204307318701263,0.34108695652173915
2024-06-21,1.6503839857579992,0.386375
2024-06-22,1.5960742017662,0.3748125
2024-06-23,1.7654795090691329,0.3888541666666667
2024-06-24,1.6429954702876501,0.37062500000000004
2024-06-25,1.6137786544067256,0.36014583333333333
2024-06-26,1.5890096808610505,0.35068750000000004
2024-06-27,1.5677960116058878,0.34204166666666663
2024-06-28,1.54359731548356,0.3335625
2024-06-29,1.5290863163712838,0.3263260869565217
2024-06-30,1.4164574128622829,0.30914583333333334
2024-07-01,1.3223519636560366,0.294125
2024-07-02,1.2509426211192733,0.2819166666666667
2024-07-03,1.2120272547011,0.27339583333333334
2024-07-04,1.218513475453038,0.2699166666666667
2024-07-05,1.221682581282049,0.26739583333333333
2024-07-06,1.154928400477704,0.25575
2024-07-07,1.0983020751159875,0.24358333333333332
2024-07-08,1.0287900467222955,0.2315
2024-07-09,0.9611046203447603,0.21818750000000003
2024-07-10,0.8608015027743929,0.20339583333333333
2024-07-11,0.8657722952445169,0.19885416666666667
2024-07-12,0.7647841850718662,0.18458333333333335
2024-07-13,0.6607197471093983,0.16977083333333332
2024-07-14,0.6070378181541849,0.16
2024-07-15,0.5787665701151359,0.15327083333333336
2024-07-16,0.5517900856522019,0.1468125
2024-07-17,0.5197428457589416,0.14075
2024-07-18,0.5102110131849419,0.13654166666666667
2024-07-19,0.5058236712259274,0.13289583333333332
2024-07-20,0.4948913258157872,0.1286875
2024-07-21,0.5055968570846435,0.12558333333333332
2024-07-22,0.4783732228906397,0.12108333333333335
2024-07-23,0.5178265950656095,0.12104166666666666
2024-07-24,0.5874443436315546,0.12137499999999998
2024-07-25,0.6369021134581551,0.121
2024-07-26,0.6566846417248885,0.11997916666666666
2024-07-27,0.6504861362066141,0.11829166666666666
2024-07-28,0.6387597676213099,0.11685416666666668
2024-07-29,0.6349919375328996,0.11637499999999998
2024-07-30,0.6303805514172514,0.11572916666666666
2024-07-31,0.6058461343459562,0.11383333333333334
2024-08-01,0.5720919623602363,0.1118125
2024-08-02,0.5245615718010203,0.10904166666666666
2024-08-03,0.4930081334427851,0.10702083333333334
2024-08-04,0.4924836041275042,0.10589583333333333
2024-08-05,0.5456955773595933,0.10522916666666667
2024-08-06,0.6021581617961621,0.10464583333333333
2024-08-07,0.6535135251658886,0.10370833333333335
2024-08-08,0.6934889019040941,0.102625
2024-08-09,0.7662757182242056,0.10254166666666667
2024-08-10,0.8197936765612668,0.10187500000000002
2024-08-11,0.8844450953544903,0.10183333333333335
2024-08-12,0.9052909355173685,0.10041666666666668
2024-08-13,0.9092451218677691,0.09889583333333334
2024-08-14,0.8852393051703092,0.096875
2024-08-15,0.8291110457542815,0.09416666666666668
2024-08-16,0.8895417379846124,0.09516666666666668
2024-08-17,0.9080670641720398,0.09502083333333333
2024-08-18,0.9045585038071183,0.09470833333333334
2024-08-19,0.8192357059041219,0.09333333333333334
2024-08-20,0.7846991655075138,0.09279166666666666
2024-08-21,0.7993033464938077,0.09347916666666665
2024-08-22,0.7883022087923157,0.09262499999999999
2024-08-23,0.8231812055870991,0.09325
2024-08-24,0.8161632362679485,0.09272916666666667
2024-08-25,0.7668063433413138,0.091125
2024-08-26,0.7344341734168711,0.089625
2024-08-27,0.7413908698132541,0.08904166666666667
2024-08-28,0.8184121134687696,0.09056249999999999
2024-08-29,0.8368893202114036,0.0900625
2024-08-30,0.8022226901022522,0.0894375
2024-08-31,0.7763675013072844,0.09045833333333334
2024-09-01,0.4721443587221808,0.08179166666666667
2024-09-02,0.3885522016156536,0.08108333333333334
2024-09-03,0.32794566761396604,0.08181250000000001
2024-09-04,0.22017441782747899,0.07991666666666666
2024-09-05,0.15166285382475042,0.0786875
2024-09-06,0.10608660119954977,0.07793749999999999
2024-09-07,0.3502340155470925,0.09297916666666667
2024-09-08,0.3767091259431696,0.09622916666666667
2024-09-09,0.35321685380704937,0.09675
2024-09-10,0.32335367732249043,0.09797916666666666
2024-09-11,0.2704982542472726,0.09918750000000001
2024-09-12,0.19562815416819887,0.09843750000000001
2024-09-13,0.13072777504993058,0.09735416666666667
2024-09-14,0.08652039414856338,0.0975
2024-09-15,0.05178135353993837,0.09789583333333335
2024-09-16,0.012302632651734114,0.09779166666666667
2024-09-17,-0.019075174544797714,0.098625
2024-09-18,-0.040617035635288935,0.10004166666666667
2024-09-19,-0.056287931091191304,0.10114583333333334
2024-09-20,-0.0815959240831497,0.10108333333333333
2024-09-21,-0.11684397972467772,0.09987499999999999
2024-09-22,-0.15496376525967348,0.09833333333333333
2024-09-23,-0.18140892129352496,0.09789583333333333
2024-09-24,-0.20975826020623703,0.09689583333333332
2024-09-25,-0.23589051139649403,0.09572916666666667
2024-09-26,1.2374404252683129,0.2818125
2024-09-27,1.8475862898997575,0.36424999999999996
2024-09-28,1.7320384873646248,0.3552708333333333
2024-09-29,1.5700789290240384,0.3415625
2024-09-30,1.460081231447852,0.3333333333333333
2024-10-01,1.375663762245444,0.3270416666666667
2024-10-02,1.2972468822584917,0.3214166666666667
2024-10-03,1.2265795571784102,0.31629166666666664
2024-10-04,1.1639755952119097,0.31070833333333336
2024-10-05,1.1055836424445185,0.30570833333333336
2024-10-06,1.065272333454859,0.3032708333333333
2024-10-07,1.0231011744237668,0.30104166666666665
2024-10-08,0.9758885243536015,0.29735416666666664
2024-10-09,0.9418437781582336,0.2954375
2024-10-10,1.138939404548821,0.3266458333333333
2024-10-11,1.2800176438393707,0.3496041666666667
2024-10-12,1.215592537566772,0.34281249999999996
2024-10-13,1.1642970547803457,0.33658333333333335
2024-10-14,1.1138606294331745,0.3308125
2024-10-15,1.065353966087591,0.3254583333333333
2024-10-16,1.0219057381759573,0.32010416666666663
2024-10-17,1.2525342317275259,0.35602083333333334
2024-10-18,1.550475767051019,0.40193750000000006
2024-10-19,1.3201032938016728,0.37164583333333334
2024-10-20,1.2422716799283662,0.3631041666666667
2024-10-21,1.1628238563131958,0.3544166666666666
2024-10-22,1.0917635514003676,0.34800000000000003
2024-10-23,1.0280208973854938,0.34197916666666667
2024-10-24,0.9705363141498043,0.33716666666666667
2024-10-25,0.9169870734394705,0.3333541666666666
2024-10-26,1.2816819686069238,0.3869057971014493
2024-10-27,1.2547939930694187,0.38587499999999997
2024-10-28,1.1026267137009933,0.36735416666666665
2024-10-29,1.0333711358711273,0.36102083333333335
2024-10-30,0.9940796823565518,0.35777083333333326
2024-10-31,0.9397751138083309,0.3526666666666667
2024-11-01,0.8847164820859384,0.34762499999999996
2024-11-02,0.8246275824736964,0.3418125
2024-11-03,0.771148739929796,0.33643749999999994
2024-11-04,0.7345522413323233,0.3335208333333333
2024-11-05,0.7001944442186019,0.33141666666666664
2024-11-06,0.661742132015469,0.3288958333333333
2024-11-07,0.6138670380357951,0.3255208333333333
2024-11-08,0.5649110964954988,0.32214583333333335
2024-11-09,0.5168659646884615,0.31900000000000006
2024-11-10,0.48112583127448333,0.317125
2024-11-11,0.43342734035929115,0.31466666666666665
2024-11-12,0.3748805956321041,0.31052083333333336
2024-11-13,0.3063311512698031,0.30541666666666667
2024-11-14,0.23973244621540893,0.3009791666666667
2024-11-15,0.18152868447895618,0.29685416666666664
2024-11-16,0.11906129015751633,0.29383333333333334
2024-11-17,0.08749982156624708,0.2927916666666667
2024-11-18,0.04512133980612805,0.29060416666666666
2024-11-19,-0.008427966548622481,0.28908333333333336
2024-11-20,0.4061248332931639,0.3321875
2024-11-21,1.1490687663222305,0.404125
2024-11-22,1.0185913356779468,0.3932708333333333
2024-11-23,0.6688524472258266,0.3624791666666667
2024-11-24,0.5332103879401924,0.35191666666666666
2024-11-25,0.8154194332022707,0.37702264492753623
2024-11-26,0.8963441029994249,0.38356250000000003
2024-11-27,0.618833839486283,0.3621458333333333
2024-11-28,0.47944617957238217,0.35283333333333333
2024-11-29,0.38372316338759593,0.3471458333333334
2024-11-30,0.33166413137856277,0.3449375
2024-12-01,0.2931021846358711,0.34329166666666666
2024-12-02,0.436929757484004,0.3540625
2024-12-03,0.9605635265688454,0.39075000000000004
2024-12-04,0.6721521394202773,0.3722916666666667
2024-12-05,0.45452491950338886,0.3589791666666666
2024-12-06,0.5755247661381583,0.36879166666666663
2024-12-07,0.9340735731124029,0.39275
2024-12-08,1.059803531236595,0.3990416666666667
2024-12-09,0.6164880183325396,0.37122916666666667
2024-12-10,0.4909972585444735,0.36364583333333333
2024-12-11,0.35836177501877153,0.3569375
2024-12-12,0.2642410093712129,0.35243749999999996
2024-12-13,0.21035004581266334,0.34987500000000005
2024-12-14,0.17382864198747952,0.3482708333333333
2024-12-15,0.27910051358922017,0.3534583333333333
2024-12-16,0.2818198180288235,0.35354166666666664
2024-12-17,0.23604158718769264,0.35106249999999994
2024-12-18,0.1935413433267478,0.3492291666666667
2024-12-19,0.2797614162242133,0.3533333333333334
2024-12-20,0.6863265149640082,0.3723958333333333
2024-12-21,1.070853564839837,0.3911711956521739
2024-12-22,1.4520712159063833,0.40995833333333337
2024-12-23,0.9126772555080452,0.3824375
2024-12-24,0.6423336405063839,0.3672708333333333
2024-12-25,0.6563471870640636,0.36745833333333333
2024-12-26,0.6052081006815664,0.3648958333333333
2024-12-27,0.5457713405384689,0.36172916666666666
2024-12-28,0.45946147317280484,0.3567083333333334
2024-12-29,0.39442143139789093,0.3536041666666667
2024-12-30,0.35993219151002304,0.35168750000000004
2024-12-31,0.31808869731230055,0.34979166666666667
